ANO_ELEICAO,NM_MUNICIPIO,NR_ZONA,NR_SECAO,QT_APTOS,QT_COMPARECIMENTO,QT_ABSTENCOES,QT_VOTOS_BRANCOS,QT_VOTOS_NULOS,VOTOS_ADORMECIDOS
2020,RIO BRANCO,9,162,269,201,68,3,5,76
2020,PORTO ACRE,1,583,299,228,71,2,7,80
2020,XAPURI,2,23,381,307,74,4,10,88
2020,RIO BRANCO,1,709,381,244,137,9,7,153
2020,RIO BRANCO,1,42,353,245,108,5,12,125
2020,RODRIGUES ALVES,4,274,353,313,40,0,8,48
2020,JORDÃO,5,66,301,257,44,0,7,51
2020,PORTO ACRE,1,578,231,198,33,4,5,42
2020,RIO BRANCO,9,185,394,306,88,6,3,97
2020,RIO BRANCO,1,716,445,327,118,8,6,132
2020,RODRIGUES ALVES,4,357,264,223,41,0,3,44
2020,RIO BRANCO,1,748,335,244,91,5,9,105
2020,TARAUACÁ,5,127,293,222,71,2,5,78
2020,TARAUACÁ,5,98,285,218,67,1,2,70
2020,BUJARI,9,10,298,234,64,5,4,73
2020,RIO BRANCO,1,636,343,223,120,1,5,126
2020,SENA MADUREIRA,3,22,348,271,77,0,7,84
2020,RIO BRANCO,1,28,517,375,142,7,7,156
2020,RIO BRANCO,1,564,384,249,135,3,5,143
2020,TARAUACÁ,5,94,284,225,59,1,8,68
2020,RIO BRANCO,1,698,351,248,103,7,11,121
2020,RIO BRANCO,1,189,436,295,141,4,6,151
2020,RIO BRANCO,1,75,261,186,75,2,11,88
2020,RIO BRANCO,9,397,329,232,97,4,6,107
2020,TARAUACÁ,5,88,275,217,58,1,5,64
2020,RIO BRANCO,9,384,332,217,115,2,6,123
2020,RIO BRANCO,1,713,414,285,129,7,6,142
2020,RIO BRANCO,1,555,332,233,99,7,2,108
2020,RIO BRANCO,9,336,347,264,83,1,5,89
2020,RIO BRANCO,9,273,219,124,95,4,8,107
2020,RIO BRANCO,1,5,392,262,130,4,5,139
2020,SENADOR GUIOMARD,8,225,223,174,49,1,3,53
2020,RIO BRANCO,9,71,257,197,60,3,3,66
2020,RIO BRANCO,9,231,432,310,122,10,3,135
2020,CRUZEIRO DO SUL,4,253,337,259,78,4,7,89
2020,RIO BRANCO,9,245,297,190,107,4,2,113
2020,TARAUACÁ,5,24,305,202,103,1,11,115
2020,CRUZEIRO DO SUL,4,239,320,267,53,4,5,62
2020,CAPIXABA,2,65,274,229,45,1,4,50
2020,FEIJÓ,7,3,387,313,74,3,11,88
2020,RODRIGUES ALVES,4,302,157,120,37,1,7,45
2020,RIO BRANCO,9,356,435,295,140,5,5,150
2020,FEIJÓ,7,71,277,244,33,1,10,44
2020,RIO BRANCO,9,63,335,235,100,5,5,110
2020,RIO BRANCO,9,60,432,283,149,3,6,158
2020,RIO BRANCO,9,224,434,289,145,7,7,159
2020,TARAUACÁ,5,7,288,209,79,5,7,91
2020,BRASILÉIA,6,44,370,300,70,1,11,82
2020,RIO BRANCO,9,43,267,200,67,4,3,74
2020,CRUZEIRO DO SUL,4,332,291,241,50,1,14,65
2020,RIO BRANCO,1,742,548,381,167,13,13,193
2020,RODRIGUES ALVES,4,149,339,263,76,1,8,85
2020,RODRIGUES ALVES,4,84,303,228,75,1,15,91
2020,RIO BRANCO,1,523,190,132,58,3,4,65
2020,RIO BRANCO,1,549,296,162,134,1,4,139
2020,RIO BRANCO,9,381,337,221,116,6,4,126
2020,RIO BRANCO,1,270,346,264,82,7,4,93
2020,RIO BRANCO,9,232,338,224,114,3,5,122
2020,RIO BRANCO,9,228,316,220,96,4,2,102
2020,ACRELÂNDIA,8,125,322,253,69,1,5,75
2020,CRUZEIRO DO SUL,4,417,298,235,63,3,1,67
2020,SENA MADUREIRA,3,23,401,310,91,5,8,104
2020,RIO BRANCO,9,325,443,338,105,2,7,114
2020,CAPIXABA,2,74,253,194,59,4,7,70
2020,TARAUACÁ,5,63,407,307,100,0,21,121
2020,SENA MADUREIRA,3,63,384,303,81,2,4,87
2020,XAPURI,2,33,199,154,45,1,6,52
2020,PORTO WALTER,4,316,266,248,18,0,8,26
2020,CRUZEIRO DO SUL,4,363,269,213,56,1,8,65
2020,RIO BRANCO,1,477,305,212,93,4,7,104
2020,PORTO WALTER,4,145,296,252,44,0,4,48
2020,RIO BRANCO,9,72,256,193,63,4,4,71
2020,RIO BRANCO,9,380,330,253,77,5,5,87
2020,RIO BRANCO,9,387,449,334,115,8,8,131
2020,EPITACIOLÂNDIA,6,42,443,355,88,3,11,102
2020,BRASILÉIA,6,139,241,191,50,3,7,60
2020,CRUZEIRO DO SUL,4,336,367,294,73,4,10,87
2020,RIO BRANCO,9,278,341,218,123,3,6,132
2020,TARAUACÁ,5,40,297,229,68,4,12,84
2020,RIO BRANCO,9,303,459,296,163,2,6,171
2020,CAPIXABA,2,101,99,89,10,0,2,12
2020,XAPURI,2,5,235,195,40,3,12,55
2020,EPITACIOLÂNDIA,6,71,330,288,42,2,4,48
2020,RIO BRANCO,9,130,460,356,104,5,6,115
2020,XAPURI,2,19,204,163,41,0,5,46
2020,RODRIGUES ALVES,4,387,290,228,62,2,8,72
2020,RODRIGUES ALVES,4,281,233,185,48,0,4,52
2020,RIO BRANCO,9,196,339,254,85,4,4,93
2020,CRUZEIRO DO SUL,4,229,345,240,105,2,12,119
2020,CRUZEIRO DO SUL,4,261,322,267,55,2,2,59
2020,RIO BRANCO,9,148,367,280,87,7,6,100
2020,RIO BRANCO,9,57,290,211,79,3,8,90
2020,CRUZEIRO DO SUL,4,60,298,243,55,2,9,66
2020,RIO BRANCO,9,315,344,219,125,8,4,137
2020,PORTO ACRE,1,610,228,188,40,2,10,52
2020,SENADOR GUIOMARD,8,243,219,153,66,7,1,74
2020,SENA MADUREIRA,3,37,243,172,71,0,4,75
2020,RIO BRANCO,9,241,435,311,124,2,3,129
2020,RIO BRANCO,1,707,380,267,113,2,7,122
2020,RIO BRANCO,1,725,281,224,57,4,12,73
2020,BRASILÉIA,6,63,457,381,76,4,9,89
2020,CRUZEIRO DO SUL,4,63,366,261,105,5,3,113
2020,SENA MADUREIRA,3,62,262,221,41,2,7,50
2020,FEIJÓ,7,53,284,228,56,0,5,61
2020,SENA MADUREIRA,3,3,325,236,89,1,5,95
2020,RIO BRANCO,1,754,339,241,98,3,7,108
2020,RIO BRANCO,9,74,298,232,66,0,7,73
2020,RIO BRANCO,1,800,338,218,120,8,5,133
2020,RIO BRANCO,1,638,424,290,134,1,6,141
2020,SENA MADUREIRA,3,25,440,337,103,2,9,114
2020,RIO BRANCO,9,17,427,339,88,6,9,103
2020,RIO BRANCO,9,297,389,258,131,10,3,144
2020,RIO BRANCO,1,643,331,233,98,3,5,106
2020,MÂNCIO LIMA,4,99,349,267,82,1,8,91
2020,EPITACIOLÂNDIA,6,50,365,306,59,7,8,74
2020,RIO BRANCO,1,668,423,292,131,5,13,149
2020,ASSIS BRASIL,6,31,459,374,85,2,12,99
2020,RIO BRANCO,9,26,444,327,117,9,7,133
2020,CRUZEIRO DO SUL,4,383,376,298,78,5,6,89
2020,CRUZEIRO DO SUL,4,204,282,243,39,1,4,44
2020,BRASILÉIA,6,89,377,283,94,4,3,101
2020,RIO BRANCO,1,766,411,264,147,4,9,160
2020,CRUZEIRO DO SUL,4,358,413,329,84,5,6,95
2020,ACRELÂNDIA,8,101,248,195,53,0,3,56
2020,CRUZEIRO DO SUL,4,345,419,329,90,3,8,101
2020,RIO BRANCO,1,673,336,247,89,9,5,103
2020,CRUZEIRO DO SUL,4,268,360,291,69,3,0,72
2020,MARECHAL THAUMATURGO,4,236,389,324,65,0,0,65
2020,RIO BRANCO,1,745,283,210,73,3,8,84
2020,RIO BRANCO,1,448,461,332,129,7,13,149
2020,RIO BRANCO,9,365,449,327,122,8,4,134
2020,XAPURI,2,30,257,213,44,1,8,53
2020,CRUZEIRO DO SUL,4,259,343,289,54,1,5,60
2020,TARAUACÁ,5,109,88,72,16,2,3,21
2020,FEIJÓ,7,24,286,197,89,2,3,94
2020,PORTO WALTER,4,79,402,347,55,2,17,74
2020,RIO BRANCO,1,87,355,233,122,5,4,131
2020,CRUZEIRO DO SUL,4,271,364,311,53,1,10,64
2020,RIO BRANCO,9,53,448,279,169,7,7,183
2020,PORTO ACRE,1,591,231,174,57,2,8,67
2020,MARECHAL THAUMATURGO,4,435,340,258,82,1,3,86
2020,RIO BRANCO,9,126,331,240,91,3,5,99
2020,MARECHAL THAUMATURGO,4,279,347,278,69,1,6,76
2020,XAPURI,2,6,219,177,42,2,3,47
2020,ACRELÂNDIA,8,256,266,173,93,1,2,96
2020,RIO BRANCO,1,442,341,246,95,4,11,110
2020,RIO BRANCO,1,473,332,225,107,2,4,113
2020,MÂNCIO LIMA,4,181,224,201,23,0,6,29
2020,RIO BRANCO,1,753,346,254,92,4,6,102
2020,TARAUACÁ,5,25,292,209,83,3,7,93
2020,CAPIXABA,2,103,251,202,49,3,8,60
2020,RIO BRANCO,1,35,258,172,86,1,4,91
2020,RIO BRANCO,9,33,361,290,71,8,7,86
2020,RIO BRANCO,1,711,412,321,91,5,16,112
2020,SENADOR GUIOMARD,8,98,172,155,17,2,2,21
2020,RIO BRANCO,9,128,382,314,68,5,6,79
2020,CRUZEIRO DO SUL,4,352,246,198,48,3,2,53
2020,CAPIXABA,2,102,247,208,39,1,8,48
2020,RIO BRANCO,1,738,344,240,104,7,3,114
2020,RIO BRANCO,9,173,332,245,87,3,13,103
2020,SENA MADUREIRA,3,104,284,218,66,2,8,76
2020,RIO BRANCO,1,443,315,239,76,7,4,87
2020,FEIJÓ,7,29,228,160,68,0,10,78
2020,RIO BRANCO,1,727,325,219,106,6,7,119
2020,FEIJÓ,7,14,400,297,103,4,13,120
2020,RIO BRANCO,1,686,343,244,99,6,3,108
2020,RIO BRANCO,1,650,345,259,86,4,8,98
2020,RIO BRANCO,1,434,349,231,118,7,5,130
2020,RIO BRANCO,1,158,368,276,92,6,5,103
2020,RIO BRANCO,9,352,342,268,74,8,3,85
2020,XAPURI,2,25,226,185,41,1,13,55
2020,RIO BRANCO,9,323,473,351,122,10,6,138
2020,PORTO ACRE,1,593,224,169,55,2,2,59
2020,RIO BRANCO,9,223,315,221,94,2,9,105
2020,SENADOR GUIOMARD,8,36,274,223,51,2,2,55
2020,RODRIGUES ALVES,4,234,259,227,32,0,4,36
2020,XAPURI,2,60,259,212,47,1,8,56
2020,RIO BRANCO,9,239,337,249,88,8,4,100
2020,CRUZEIRO DO SUL,4,301,266,215,51,0,15,66
2020,RIO BRANCO,1,178,326,226,100,2,10,112
2020,CRUZEIRO DO SUL,4,179,330,264,66,6,7,79
2020,RIO BRANCO,1,791,313,220,93,3,2,98
2020,PORTO WALTER,4,361,291,226,65,2,3,70
2020,SENA MADUREIRA,3,9,272,206,66,3,7,76
2020,RIO BRANCO,9,106,459,357,102,5,7,114
2020,PORTO WALTER,4,442,295,241,54,0,2,56
2020,RIO BRANCO,9,306,299,185,114,8,8,130
2020,RIO BRANCO,1,786,342,209,133,12,5,150
2020,CRUZEIRO DO SUL,4,315,367,294,73,9,13,95
2020,PORTO WALTER,4,320,362,329,33,1,10,44
2020,RIO BRANCO,9,268,383,262,121,3,4,128
2020,RIO BRANCO,1,463,355,235,120,3,5,128
2020,PLÁCIDO DE CASTRO,8,96,293,241,52,8,4,64
2020,SENA MADUREIRA,3,81,324,249,75,2,2,79
2020,RIO BRANCO,9,269,346,255,91,2,12,105
2020,RIO BRANCO,9,92,493,355,138,2,7,147
2020,CRUZEIRO DO SUL,4,88,280,242,38,2,10,50
2020,CRUZEIRO DO SUL,4,280,269,214,55,3,17,75
2020,MANOEL URBANO,3,47,301,226,75,2,4,81
2020,RIO BRANCO,9,301,145,102,43,7,2,52
2020,SENADOR GUIOMARD,8,30,292,217,75,3,3,81
2020,FEIJÓ,7,67,345,139,206,4,7,217
2020,MÂNCIO LIMA,4,172,262,215,47,1,8,56
2020,RIO BRANCO,1,460,343,253,90,4,13,107
2020,PORTO WALTER,4,132,288,250,38,3,13,54
2020,PLÁCIDO DE CASTRO,8,45,203,174,29,2,3,34
2020,RODRIGUES ALVES,4,215,252,209,43,0,4,47
2020,RIO BRANCO,9,199,460,348,112,4,10,126
2020,BRASILÉIA,6,133,370,297,73,4,9,86
2020,RIO BRANCO,1,83,366,267,99,2,6,107
2020,RIO BRANCO,1,775,342,248,94,9,2,105
2020,FEIJÓ,7,43,226,177,49,0,5,54
2020,PORTO WALTER,4,373,287,249,38,1,3,42
2020,SENADOR GUIOMARD,8,104,200,162,38,3,1,42
2020,CRUZEIRO DO SUL,4,409,426,328,98,1,17,116
2020,SENADOR GUIOMARD,8,220,291,226,65,6,9,80
2020,RIO BRANCO,9,322,474,312,162,10,11,183
2020,MÂNCIO LIMA,4,369,130,118,12,0,2,14
2020,SENA MADUREIRA,3,120,278,193,85,1,2,88
2020,CAPIXABA,2,92,257,213,44,1,4,49
2020,EPITACIOLÂNDIA,6,10,289,238,51,3,5,59
2020,XAPURI,2,55,258,213,45,4,10,59
2020,ACRELÂNDIA,8,85,300,225,75,3,4,82
2020,RIO BRANCO,1,731,329,239,90,7,4,101
2020,MÂNCIO LIMA,4,276,238,209,29,2,1,32
2020,CRUZEIRO DO SUL,4,293,270,223,47,1,6,54
2020,CRUZEIRO DO SUL,4,69,431,333,98,5,4,107
2020,RIO BRANCO,9,152,465,364,101,7,11,119
2020,RIO BRANCO,1,695,361,260,101,2,8,111
2020,MÂNCIO LIMA,4,366,317,254,63,3,6,72
2020,BUJARI,9,136,299,218,81,1,7,89
2020,MANOEL URBANO,3,51,291,235,56,3,7,66
2020,RIO BRANCO,1,385,333,227,106,5,3,114
2020,RIO BRANCO,1,147,328,228,100,9,7,116
2020,RIO BRANCO,1,96,326,223,103,4,5,112
2020,RIO BRANCO,9,108,458,338,120,5,12,137
2020,MANOEL URBANO,3,111,366,287,79,2,11,92
2020,RIO BRANCO,9,16,428,337,91,10,7,108
2020,RIO BRANCO,9,195,429,309,120,10,10,140
2020,RIO BRANCO,9,227,323,209,114,5,8,127
2020,PLÁCIDO DE CASTRO,8,2,221,180,41,1,4,46
2020,TARAUACÁ,5,14,295,233,62,3,10,75
2020,RIO BRANCO,1,10,388,264,124,2,6,132
2020,EPITACIOLÂNDIA,6,59,403,319,84,7,7,98
2020,RIO BRANCO,9,19,426,302,124,4,4,132
2020,TARAUACÁ,5,84,279,220,59,2,6,67
2020,MÂNCIO LIMA,4,190,420,368,52,0,4,56
2020,RIO BRANCO,9,274,386,270,116,7,9,132
2020,RIO BRANCO,9,198,341,242,99,3,7,109
2020,PORTO ACRE,1,599,257,206,51,0,3,54
2020,BUJARI,9,186,402,298,104,4,7,115
2020,SENADOR GUIOMARD,8,44,289,241,48,2,0,50
2020,XAPURI,2,42,220,178,42,0,7,49
2020,RIO BRANCO,1,546,338,192,146,4,2,152
2020,ASSIS BRASIL,6,28,232,194,38,1,8,47
2020,RODRIGUES ALVES,4,233,293,241,52,3,8,63
2020,RIO BRANCO,1,518,332,217,115,2,7,124
2020,EPITACIOLÂNDIA,6,60,365,313,52,2,7,61
2020,FEIJÓ,7,28,445,335,110,4,9,123
2020,RIO BRANCO,1,453,297,229,68,6,12,86
2020,RODRIGUES ALVES,4,349,230,188,42,0,4,46
2020,TARAUACÁ,5,91,277,205,72,1,10,83
2020,MÂNCIO LIMA,4,89,272,210,62,2,3,67
2020,PORTO ACRE,1,620,363,269,94,5,13,112
2020,RIO BRANCO,1,454,356,281,75,4,9,88
2020,RIO BRANCO,9,91,373,287,86,6,7,99
2020,RIO BRANCO,1,741,377,268,109,4,11,124
2020,TARAUACÁ,5,12,299,219,80,0,6,86
2020,RIO BRANCO,9,258,430,286,144,8,15,167
2020,SENADOR GUIOMARD,8,50,186,158,28,4,12,44
2020,EPITACIOLÂNDIA,6,116,361,295,66,3,1,70
2020,RIO BRANCO,1,507,333,185,148,3,1,152
2020,RIO BRANCO,1,185,434,331,103,4,9,116
2020,CAPIXABA,2,79,313,245,68,5,13,86
2020,PLÁCIDO DE CASTRO,8,253,208,163,45,2,0,47
2020,JORDÃO,5,46,288,242,46,1,12,59
2020,PORTO WALTER,4,321,122,92,30,0,4,34
2020,XAPURI,2,7,222,189,33,2,12,47
2020,ACRELÂNDIA,8,224,219,159,60,1,4,65
2020,BUJARI,9,4,452,337,115,3,15,133
2020,RIO BRANCO,9,12,330,259,71,4,4,79
2020,RIO BRANCO,1,787,346,248,98,3,7,108
2020,RIO BRANCO,9,147,399,272,127,9,15,151
2020,TARAUACÁ,5,58,360,259,101,1,9,111
2020,PORTO WALTER,4,311,276,242,34,3,15,52
2020,RIO BRANCO,1,186,434,261,173,8,10,191
2020,ACRELÂNDIA,8,142,245,188,57,2,6,65
2020,RIO BRANCO,1,693,293,191,102,4,7,113
2020,ASSIS BRASIL,6,30,356,301,55,1,9,65
2020,RIO BRANCO,1,784,346,224,122,2,6,130
2020,CRUZEIRO DO SUL,4,207,323,266,57,2,10,69
2020,BRASILÉIA,6,57,139,109,30,0,4,34
2020,ACRELÂNDIA,8,124,369,295,74,1,4,79
2020,RIO BRANCO,1,652,352,234,118,3,8,129
2020,BUJARI,9,120,402,318,84,3,8,95
2020,CRUZEIRO DO SUL,4,138,249,207,42,2,5,49
2020,RIO BRANCO,1,23,392,292,100,3,11,114
2020,BUJARI,9,304,402,297,105,7,3,115
2020,RIO BRANCO,1,737,348,251,97,7,5,109
2020,RODRIGUES ALVES,4,209,276,254,22,1,1,24
2020,RIO BRANCO,1,674,334,232,102,6,3,111
2020,CRUZEIRO DO SUL,4,206,376,301,75,3,6,84
2020,SENA MADUREIRA,3,56,395,318,77,1,7,85
2020,RIO BRANCO,9,132,335,254,81,2,6,89
2020,RIO BRANCO,9,197,352,278,74,7,3,84
2020,RIO BRANCO,9,75,296,228,68,5,5,78
2020,CAPIXABA,2,105,262,212,50,2,1,53
2020,RIO BRANCO,9,80,339,235,104,1,6,111
2020,ASSIS BRASIL,6,78,282,257,25,1,6,32
2020,RIO BRANCO,9,100,345,269,76,8,5,89
2020,RIO BRANCO,1,689,430,311,119,9,4,132
2020,EPITACIOLÂNDIA,6,65,388,320,68,4,11,83
2020,MÂNCIO LIMA,4,91,343,275,68,2,4,74
2020,PLÁCIDO DE CASTRO,8,17,264,212,52,2,6,60
2020,RIO BRANCO,9,94,342,257,85,3,8,96
2020,CRUZEIRO DO SUL,4,46,335,260,75,3,5,83
2020,RIO BRANCO,1,568,387,261,126,6,10,142
2020,BRASILÉIA,6,25,279,224,55,1,18,74
2020,PORTO WALTER,4,245,224,204,20,0,6,26
2020,SENA MADUREIRA,3,27,303,213,90,4,5,99
2020,TARAUACÁ,5,41,292,229,63,2,6,71
2020,SENA MADUREIRA,3,103,420,355,65,1,9,75
2020,SENA MADUREIRA,3,57,400,300,100,4,9,113
2020,CRUZEIRO DO SUL,4,343,268,230,38,1,1,40
2020,RIO BRANCO,9,298,309,235,74,9,3,86
2020,CAPIXABA,2,93,335,265,70,0,0,70
2020,RIO BRANCO,9,203,337,239,98,4,6,108
2020,CRUZEIRO DO SUL,4,399,416,349,67,1,3,71
2020,CRUZEIRO DO SUL,4,39,428,345,83,2,7,92
2020,CRUZEIRO DO SUL,4,85,302,254,48,1,9,58
2020,BRASILÉIA,6,21,386,299,87,1,9,97
2020,BUJARI,9,163,205,145,60,1,3,64
2020,RIO BRANCO,1,765,432,262,170,5,6,181
2020,RIO BRANCO,1,6,393,265,128,7,10,145
2020,PLÁCIDO DE CASTRO,8,52,246,197,49,2,3,54
2020,SENADOR GUIOMARD,8,33,273,225,48,6,6,60
2020,PLÁCIDO DE CASTRO,8,128,217,180,37,1,4,42
2020,CAPIXABA,2,67,279,235,44,3,7,54
2020,SENA MADUREIRA,3,32,284,226,58,3,4,65
2020,MANOEL URBANO,3,43,367,284,83,2,20,105
2020,RIO BRANCO,1,752,342,248,94,5,9,108
2020,SENADOR GUIOMARD,8,226,238,176,62,0,3,65
2020,RIO BRANCO,1,426,331,247,84,2,2,88
2020,RIO BRANCO,1,263,371,284,87,10,7,104
2020,EPITACIOLÂNDIA,6,144,401,315,86,4,12,102
2020,RIO BRANCO,1,64,332,256,76,6,4,86
2020,RIO BRANCO,9,113,328,226,102,3,5,110
2020,PORTO WALTER,4,372,389,328,61,2,6,69
2020,RIO BRANCO,9,174,275,218,57,0,5,62
2020,BRASILÉIA,6,11,408,314,94,5,15,114
2020,FEIJÓ,7,41,400,317,83,3,5,91
2020,BRASILÉIA,6,19,307,243,64,3,3,70
2020,EPITACIOLÂNDIA,6,47,442,348,94,3,14,111
2020,XAPURI,2,26,225,178,47,0,6,53
2020,RIO BRANCO,1,299,446,330,116,5,7,128
2020,RIO BRANCO,1,794,287,203,84,7,5,96
2020,CRUZEIRO DO SUL,4,121,428,342,86,6,6,98
2020,XAPURI,2,35,198,180,18,2,4,24
2020,RIO BRANCO,1,465,354,271,83,1,14,98
2020,BRASILÉIA,6,6,370,302,68,5,8,81
2020,TARAUACÁ,5,18,240,174,66,1,3,70
2020,RIO BRANCO,1,726,229,177,52,6,10,68
2020,RIO BRANCO,9,145,333,241,92,3,4,99
2020,RIO BRANCO,1,637,425,283,142,5,8,155
2020,PORTO ACRE,1,577,229,196,33,2,2,37
2020,FEIJÓ,7,37,398,305,93,3,6,102
2020,FEIJÓ,7,63,280,228,52,0,6,58
2020,CRUZEIRO DO SUL,4,355,369,301,68,5,13,86
2020,RIO BRANCO,1,696,370,257,113,3,6,122
2020,RIO BRANCO,1,390,348,246,102,3,6,111
2020,ASSIS BRASIL,6,115,71,62,9,1,1,11
2020,BRASILÉIA,6,35,288,225,63,1,1,65
2020,CRUZEIRO DO SUL,4,412,361,273,88,6,8,102
2020,CRUZEIRO DO SUL,4,421,360,269,91,2,2,95
2020,CRUZEIRO DO SUL,4,87,240,201,39,0,1,40
2020,CRUZEIRO DO SUL,4,258,238,204,34,1,3,38
2020,FEIJÓ,7,51,398,296,102,1,5,108
2020,RIO BRANCO,1,537,388,267,121,8,9,138
2020,SENADOR GUIOMARD,8,134,284,227,57,2,6,65
2020,TARAUACÁ,5,50,287,215,72,4,11,87
2020,RIO BRANCO,1,163,403,296,107,2,9,118
2020,ASSIS BRASIL,6,43,460,384,76,1,15,92
2020,BRASILÉIA,6,119,283,229,54,1,3,58
2020,CRUZEIRO DO SUL,4,397,364,297,67,1,9,77
2020,FEIJÓ,7,20,389,301,88,1,8,97
2020,RIO BRANCO,9,149,342,234,108,4,8,120
2020,RIO BRANCO,9,154,429,313,116,6,14,136
2020,RIO BRANCO,9,215,400,250,150,7,8,165
2020,SANTA ROSA DO PURUS,3,72,258,225,33,2,5,40
2020,RODRIGUES ALVES,4,169,413,341,72,2,4,78
2020,RIO BRANCO,1,677,259,193,66,9,6,81
2020,RIO BRANCO,1,191,432,304,128,5,12,145
2020,RIO BRANCO,1,436,339,246,93,2,4,99
2020,RIO BRANCO,1,481,286,225,61,3,7,71
2020,RIO BRANCO,1,724,378,247,131,10,4,145
2020,RIO BRANCO,1,36,362,251,111,4,5,120
2020,RIO BRANCO,1,169,477,357,120,4,12,136
2020,CAPIXABA,2,81,276,216,60,1,2,63
2020,BUJARI,9,212,346,257,89,5,4,98
2020,XAPURI,2,57,219,177,42,1,10,53
2020,RIO BRANCO,1,65,330,238,92,5,3,100
2020,TARAUACÁ,5,71,295,224,71,0,13,84
2020,ACRELÂNDIA,8,209,241,177,64,1,6,71
2020,SENA MADUREIRA,3,26,379,304,75,2,5,82
2020,TARAUACÁ,5,8,299,214,85,0,6,91
2020,SENA MADUREIRA,3,99,426,347,79,6,2,87
2020,CAPIXABA,2,75,253,196,57,2,4,63
2020,RODRIGUES ALVES,4,231,285,258,27,2,16,45
2020,RIO BRANCO,1,532,262,182,80,3,4,87
2020,SENA MADUREIRA,3,74,351,285,66,1,2,69
2020,SANTA ROSA DO PURUS,3,88,309,267,42,2,20,64
2020,SENA MADUREIRA,3,115,296,240,56,0,6,62
2020,BUJARI,9,201,370,288,82,1,15,98
2020,XAPURI,2,12,261,203,58,1,5,64
2020,JORDÃO,5,65,231,168,63,0,5,68
2020,RIO BRANCO,1,672,336,248,88,3,5,96
2020,JORDÃO,5,126,226,177,49,0,11,60
2020,MANOEL URBANO,3,139,293,227,66,5,17,88
2020,ACRELÂNDIA,8,83,383,291,92,4,4,100
2020,RIO BRANCO,1,705,262,187,75,3,10,88
2020,RIO BRANCO,9,86,434,302,132,10,3,145
2020,RIO BRANCO,1,801,326,216,110,2,7,119
2020,RIO BRANCO,9,372,434,300,134,10,3,147
2020,FEIJÓ,7,38,386,295,91,2,2,95
2020,RIO BRANCO,1,739,345,244,101,6,11,118
2020,EPITACIOLÂNDIA,6,124,317,240,77,1,11,89
2020,RIO BRANCO,1,95,325,226,99,3,3,105
2020,BRASILÉIA,6,83,374,309,65,1,10,76
2020,PLÁCIDO DE CASTRO,8,151,202,182,20,2,8,30
2020,PLÁCIDO DE CASTRO,8,1,270,221,49,1,12,62
2020,RIO BRANCO,1,47,228,148,80,3,7,90
2020,RIO BRANCO,9,296,411,280,131,10,9,150
2020,RIO BRANCO,9,40,394,272,122,8,7,137
2020,MANOEL URBANO,3,50,321,258,63,1,10,74
2020,CAPIXABA,2,71,242,198,44,0,2,46
2020,RIO BRANCO,1,771,337,237,100,9,8,117
2020,SANTA ROSA DO PURUS,3,60,312,244,68,1,9,78
2020,MÂNCIO LIMA,4,264,327,272,55,1,7,63
2020,CAPIXABA,2,73,253,210,43,0,1,44
2020,PLÁCIDO DE CASTRO,8,201,296,234,62,2,7,71
2020,RIO BRANCO,9,355,435,310,125,3,3,131
2020,RIO BRANCO,9,18,427,311,116,6,7,129
2020,MÂNCIO LIMA,4,216,447,380,67,3,6,76
2020,MARECHAL THAUMATURGO,4,337,230,211,19,0,3,22
2020,RIO BRANCO,1,391,483,348,135,3,6,144
2020,ACRELÂNDIA,8,198,110,84,26,1,0,27
2020,MÂNCIO LIMA,4,310,302,268,34,2,6,42
2020,RIO BRANCO,1,330,445,343,102,4,9,115
2020,ACRELÂNDIA,8,94,375,315,60,3,7,70
2020,SENA MADUREIRA,3,8,289,207,82,2,7,91
2020,CRUZEIRO DO SUL,4,263,213,170,43,0,6,49
2020,RIO BRANCO,9,244,343,250,93,3,11,107
2020,RIO BRANCO,1,9,279,175,104,0,6,110
2020,SENA MADUREIRA,3,78,401,305,96,3,7,106
2020,PLÁCIDO DE CASTRO,8,23,315,259,56,2,5,63
2020,MANOEL URBANO,3,49,352,267,85,3,13,101
2020,RIO BRANCO,1,541,290,193,97,7,5,109
2020,RIO BRANCO,9,343,450,328,122,5,3,130
2020,CAPIXABA,2,95,245,186,59,0,1,60
2020,RIO BRANCO,1,789,340,209,131,6,3,140
2020,RIO BRANCO,1,77,238,178,60,4,2,66
2020,CRUZEIRO DO SUL,4,152,243,210,33,3,2,38
2020,RIO BRANCO,9,400,318,238,80,6,7,93
2020,MÂNCIO LIMA,4,426,203,188,15,0,0,15
2020,RIO BRANCO,9,101,353,277,76,3,15,94
2020,RIO BRANCO,1,130,335,261,74,3,4,81
2020,RIO BRANCO,9,97,320,251,69,1,5,75
2020,TARAUACÁ,5,16,237,156,81,1,12,94
2020,SENADOR GUIOMARD,8,204,269,205,64,1,2,67
2020,TARAUACÁ,5,36,291,223,68,3,15,86
2020,SENADOR GUIOMARD,8,82,248,215,33,4,3,40
2020,RIO BRANCO,9,160,335,230,105,2,4,111
2020,RIO BRANCO,1,498,279,188,91,7,7,105
2020,RIO BRANCO,9,129,435,285,150,3,6,159
2020,MÂNCIO LIMA,4,277,307,299,8,0,5,13
2020,SANTA ROSA DO PURUS,3,77,290,251,39,3,4,46
2020,RIO BRANCO,9,47,458,326,132,5,4,141
2020,RIO BRANCO,1,562,297,228,69,4,4,77
2020,RIO BRANCO,1,547,294,199,95,2,2,99
2020,RIO BRANCO,9,248,345,240,105,6,7,118
2020,CRUZEIRO DO SUL,4,296,274,210,64,2,7,73
2020,CRUZEIRO DO SUL,4,394,323,259,64,2,3,69
2020,RIO BRANCO,9,410,371,285,86,10,3,99
2020,SENA MADUREIRA,3,94,381,316,65,2,3,70
2020,RIO BRANCO,1,179,326,250,76,2,10,88
2020,CRUZEIRO DO SUL,4,262,376,312,64,1,3,68
2020,PORTO ACRE,1,579,231,181,50,2,4,56
2020,FEIJÓ,7,16,445,318,127,4,3,134
2020,MARECHAL THAUMATURGO,4,327,380,293,87,0,5,92
2020,SENADOR GUIOMARD,8,25,262,218,44,2,4,50
2020,RIO BRANCO,1,461,371,258,113,6,6,125
2020,TARAUACÁ,5,22,287,210,77,1,12,90
2020,RIO BRANCO,9,272,330,225,105,3,4,112
2020,CRUZEIRO DO SUL,4,130,288,241,47,1,8,56
2020,RODRIGUES ALVES,4,250,297,263,34,0,9,43
2020,RIO BRANCO,9,271,298,203,95,0,2,97
2020,RIO BRANCO,1,467,483,300,183,2,4,189
2020,PORTO ACRE,1,598,257,206,51,1,9,61
2020,RIO BRANCO,1,15,390,268,122,1,14,137
2020,CRUZEIRO DO SUL,4,308,171,140,31,0,7,38
2020,RIO BRANCO,9,88,430,292,138,3,6,147
2020,RIO BRANCO,1,98,357,241,116,4,5,125
2020,RIO BRANCO,1,52,360,260,100,2,8,110
2020,RIO BRANCO,9,415,531,342,189,17,5,211
2020,RIO BRANCO,1,67,330,242,88,4,3,95
2020,RIO BRANCO,9,402,334,257,77,12,6,95
2020,RIO BRANCO,9,346,339,253,86,3,5,94
2020,RIO BRANCO,1,682,330,222,108,2,8,118
2020,SENA MADUREIRA,3,131,287,209,78,1,3,82
2020,RIO BRANCO,9,183,503,350,153,9,4,166
2020,PLÁCIDO DE CASTRO,8,234,203,154,49,2,1,52
2020,MÂNCIO LIMA,4,265,420,362,58,1,6,65
2020,TARAUACÁ,5,68,279,217,62,3,8,73
2020,ASSIS BRASIL,6,95,232,185,47,0,4,51
2020,RODRIGUES ALVES,4,272,164,134,30,0,7,37
2020,PLÁCIDO DE CASTRO,8,43,388,319,69,1,7,77
2020,RIO BRANCO,9,84,393,298,95,4,13,112
2020,RIO BRANCO,1,503,346,243,103,9,8,120
2020,PLÁCIDO DE CASTRO,8,173,372,293,79,3,5,87
2020,RIO BRANCO,9,49,386,255,131,10,5,146
2020,RODRIGUES ALVES,4,388,414,320,94,1,5,100
2020,PLÁCIDO DE CASTRO,8,112,241,193,48,1,1,50
2020,RIO BRANCO,9,266,328,247,81,3,7,91
2020,FEIJÓ,7,70,295,255,40,3,5,48
2020,RIO BRANCO,9,31,497,335,162,5,3,170
2020,RIO BRANCO,9,62,432,282,150,5,8,163
2020,FEIJÓ,7,65,215,164,51,1,5,57
2020,RIO BRANCO,9,255,395,287,108,2,8,118
2020,TARAUACÁ,5,74,205,176,29,1,7,37
2020,PORTO ACRE,1,628,247,192,55,3,2,60
2020,XAPURI,2,1,210,177,33,3,13,49
2020,PORTO ACRE,1,611,224,177,47,3,5,55
2020,MÂNCIO LIMA,4,92,288,245,43,0,3,46
2020,SENA MADUREIRA,3,116,259,195,64,2,3,69
2020,RIO BRANCO,1,452,346,237,109,2,1,112
2020,RIO BRANCO,1,527,326,199,127,6,3,136
2020,EPITACIOLÂNDIA,6,9,294,242,52,2,8,62
2020,CRUZEIRO DO SUL,4,406,278,209,69,2,2,73
2020,RIO BRANCO,1,129,335,253,82,4,4,90
2020,RIO BRANCO,1,665,422,296,126,6,3,135
2020,RIO BRANCO,9,357,435,292,143,6,10,159
2020,JORDÃO,5,67,243,216,27,0,5,32
2020,CAPIXABA,2,89,207,158,49,3,2,54
2020,PORTO WALTER,4,166,258,213,45,0,12,57
2020,BRASILÉIA,6,38,328,280,48,1,10,59
2020,RIO BRANCO,1,736,341,271,70,6,8,84
2020,CRUZEIRO DO SUL,4,403,334,249,85,1,5,91
2020,CRUZEIRO DO SUL,4,59,384,314,70,1,8,79
2020,RIO BRANCO,9,38,455,329,126,6,6,138
2020,CRUZEIRO DO SUL,4,86,302,253,49,1,4,54
2020,PORTO ACRE,1,580,225,157,68,2,6,76
2020,TARAUACÁ,5,5,291,212,79,2,11,92
2020,MARECHAL THAUMATURGO,4,375,222,197,25,0,4,29
2020,BUJARI,9,1,452,354,98,5,10,113
2020,TARAUACÁ,5,64,279,236,43,4,3,50
2020,CRUZEIRO DO SUL,4,111,343,276,67,4,1,72
2020,RIO BRANCO,1,788,338,186,152,8,2,162
2020,RIO BRANCO,9,383,340,218,122,3,10,135
2020,RIO BRANCO,9,134,337,251,86,5,10,101
2020,EPITACIOLÂNDIA,6,103,299,255,44,2,4,50
2020,MÂNCIO LIMA,4,307,235,220,15,0,1,16
2020,RIO BRANCO,9,288,383,277,106,14,8,128
2020,RIO BRANCO,1,767,411,268,143,6,2,151
2020,PORTO ACRE,1,613,240,196,44,1,13,58
2020,ASSIS BRASIL,6,90,457,374,83,4,11,98
2020,TARAUACÁ,5,48,245,179,66,5,6,77
2020,RIO BRANCO,9,329,319,250,69,1,13,83
2020,RIO BRANCO,1,192,363,246,117,5,8,130
2020,BRASILÉIA,6,56,218,174,44,2,7,53
2020,RIO BRANCO,9,164,330,236,94,5,7,106
2020,RIO BRANCO,9,313,435,256,179,13,10,202
2020,RODRIGUES ALVES,4,298,322,271,51,1,6,58
2020,RIO BRANCO,9,37,456,304,152,5,8,165
2020,RIO BRANCO,9,418,411,258,153,5,4,162
2020,PLÁCIDO DE CASTRO,8,46,400,348,52,3,18,73
2020,RIO BRANCO,1,535,247,157,90,4,2,96
2020,PLÁCIDO DE CASTRO,8,202,226,181,45,1,1,47
2020,RIO BRANCO,9,254,351,266,85,2,5,92
2020,RIO BRANCO,9,67,340,243,97,7,9,113
2020,XAPURI,2,9,217,178,39,3,7,49
2020,RODRIGUES ALVES,4,299,278,197,81,0,5,86
2020,RIO BRANCO,9,69,432,319,113,4,4,121
2020,MARECHAL THAUMATURGO,4,162,374,320,54,0,6,60
2020,RIO BRANCO,9,302,347,245,102,4,4,110
2020,RIO BRANCO,1,513,293,200,93,4,6,103
2020,CRUZEIRO DO SUL,4,227,233,191,42,1,5,48
2020,CRUZEIRO DO SUL,4,329,256,193,63,1,6,70
2020,RIO BRANCO,1,480,333,244,89,6,2,97
2020,CRUZEIRO DO SUL,4,210,369,309,60,2,3,65
2020,PORTO ACRE,1,614,373,305,68,4,13,85
2020,FEIJÓ,7,25,360,266,94,2,7,103
2020,PLÁCIDO DE CASTRO,8,81,212,178,34,0,7,41
2020,RIO BRANCO,9,327,442,323,119,9,10,138
2020,CRUZEIRO DO SUL,4,340,316,253,63,2,6,71
2020,RIO BRANCO,9,55,339,228,111,5,10,126
2020,RIO BRANCO,9,182,312,191,121,2,9,132
2020,RIO BRANCO,1,386,370,268,102,8,3,113
2020,RIO BRANCO,1,89,355,267,88,5,13,106
2020,CAPIXABA,2,91,256,214,42,2,5,49
2020,TARAUACÁ,5,10,298,202,96,2,8,106
2020,SENADOR GUIOMARD,8,127,243,191,52,4,0,56
2020,RIO BRANCO,9,82,391,303,88,6,7,101
2020,RIO BRANCO,1,449,348,254,94,6,5,105
2020,RIO BRANCO,9,312,315,212,103,7,3,113
2020,TARAUACÁ,5,2,311,210,101,0,8,109
2020,CRUZEIRO DO SUL,4,275,252,221,31,1,7,39
2020,CRUZEIRO DO SUL,4,185,253,224,29,0,2,31
2020,JORDÃO,5,56,448,377,71,1,3,75
2020,JORDÃO,5,112,282,243,39,2,6,47
2020,RIO BRANCO,9,403,532,278,254,18,7,279
2020,RIO BRANCO,9,110,393,312,81,11,8,100
2020,RIO BRANCO,1,261,328,211,117,2,1,120
2020,BUJARI,9,3,453,337,116,6,8,130
2020,RIO BRANCO,9,194,266,191,75,1,6,82
2020,RIO BRANCO,1,574,344,238,106,6,8,120
2020,RIO BRANCO,1,769,411,298,113,6,9,128
2020,SENA MADUREIRA,3,67,385,304,81,3,9,93
2020,RIO BRANCO,9,204,462,306,156,7,15,178
2020,RIO BRANCO,9,56,338,249,89,9,2,100
2020,ACRELÂNDIA,8,164,142,120,22,0,4,26
2020,XAPURI,2,21,221,167,54,2,5,61
2020,RIO BRANCO,9,46,458,326,132,9,8,149
2020,RIO BRANCO,9,222,271,184,87,3,2,92
2020,RIO BRANCO,1,446,350,235,115,6,4,125
2020,RIO BRANCO,1,63,332,249,83,4,7,94
2020,SENA MADUREIRA,3,35,396,301,95,2,15,112
2020,RIO BRANCO,1,471,342,243,99,7,1,107
2020,FEIJÓ,7,48,429,338,91,0,13,104
2020,SENA MADUREIRA,3,21,340,234,106,0,5,111
2020,RIO BRANCO,9,214,364,266,98,2,8,108
2020,RIO BRANCO,1,416,462,321,141,5,7,153
2020,PLÁCIDO DE CASTRO,8,138,259,222,37,0,3,40
2020,RIO BRANCO,9,318,328,231,97,8,2,107
2020,SENA MADUREIRA,3,70,293,257,36,3,6,45
2020,CRUZEIRO DO SUL,4,42,377,312,65,0,11,76
2020,TARAUACÁ,5,76,315,252,63,3,1,67
2020,SENA MADUREIRA,3,66,347,287,60,3,7,70
2020,RIO BRANCO,1,715,447,301,146,4,10,160
2020,CRUZEIRO DO SUL,4,295,447,377,70,9,6,85
2020,SENA MADUREIRA,3,136,258,209,49,4,6,59
2020,BUJARI,9,2,452,343,109,2,9,120
2020,JORDÃO,5,32,286,219,67,0,3,70
2020,PORTO WALTER,4,146,388,338,50,1,11,62
2020,BRASILÉIA,6,118,421,332,89,6,12,107
2020,SENADOR GUIOMARD,8,41,271,219,52,1,4,57
2020,PORTO ACRE,1,595,229,189,40,5,3,48
2020,ACRELÂNDIA,8,205,340,247,93,7,5,105
2020,RIO BRANCO,1,464,464,299,165,5,8,178
2020,EPITACIOLÂNDIA,6,82,385,278,107,1,11,119
2020,MARECHAL THAUMATURGO,4,331,341,270,71,1,5,77
2020,CRUZEIRO DO SUL,4,139,322,270,52,1,6,59
2020,RIO BRANCO,1,368,320,239,81,4,9,94
2020,RIO BRANCO,9,83,392,307,85,7,6,98
2020,TARAUACÁ,5,35,381,267,114,2,16,132
2020,RIO BRANCO,9,362,361,229,132,3,5,140
2020,RIO BRANCO,1,8,395,269,126,15,8,149
2020,RODRIGUES ALVES,4,212,290,222,68,0,6,74
2020,SENADOR GUIOMARD,8,244,247,181,66,2,5,73
2020,RIO BRANCO,1,62,330,223,107,7,6,120
2020,MÂNCIO LIMA,4,96,251,206,45,1,1,47
2020,RIO BRANCO,9,394,289,215,74,4,4,82
2020,FEIJÓ,7,34,398,306,92,1,6,99
2020,MÂNCIO LIMA,4,127,344,291,53,1,8,62
2020,PORTO ACRE,1,587,293,247,46,5,7,58
2020,MÂNCIO LIMA,4,273,247,207,40,2,4,46
2020,RIO BRANCO,9,141,336,252,84,2,12,98
2020,RIO BRANCO,1,497,390,286,104,6,6,116
2020,RIO BRANCO,1,146,241,178,63,2,10,75
2020,MÂNCIO LIMA,4,218,308,255,53,1,1,55
2020,CRUZEIRO DO SUL,4,65,354,278,76,2,2,80
2020,TARAUACÁ,5,104,267,212,55,1,3,59
2020,ASSIS BRASIL,6,114,116,87,29,0,2,31
2020,CRUZEIRO DO SUL,4,422,377,318,59,2,4,65
2020,FEIJÓ,7,68,366,261,105,0,6,111
2020,SENA MADUREIRA,3,15,406,292,114,3,2,119
2020,CRUZEIRO DO SUL,4,247,317,261,56,5,3,64
2020,XAPURI,2,54,234,176,58,2,3,63
2020,RIO BRANCO,1,676,301,216,85,3,9,97
2020,TARAUACÁ,5,121,359,253,106,1,12,119
2020,FEIJÓ,7,66,268,156,112,2,16,130
2020,RIO BRANCO,1,351,371,257,114,7,6,127
2020,ASSIS BRASIL,6,79,213,171,42,0,5,47
2020,RIO BRANCO,1,526,379,260,119,9,3,131
2020,RIO BRANCO,9,102,333,251,82,2,6,90
2020,CRUZEIRO DO SUL,4,175,304,223,81,2,4,87
2020,BRASILÉIA,6,39,411,336,75,3,15,93
2020,BRASILÉIA,6,117,155,112,43,0,5,48
2020,RIO BRANCO,1,566,388,283,105,9,11,125
2020,RIO BRANCO,1,655,404,273,131,10,6,147
2020,RIO BRANCO,1,732,344,251,93,4,4,101
2020,CRUZEIRO DO SUL,4,235,282,193,89,1,8,98
2020,RODRIGUES ALVES,4,292,264,236,28,0,7,35
2020,RIO BRANCO,9,358,305,198,107,1,4,112
2020,RIO BRANCO,9,77,451,340,111,3,13,127
2020,BUJARI,9,242,386,291,95,2,9,106
2020,RIO BRANCO,9,216,344,284,60,5,16,81
2020,RIO BRANCO,1,710,413,297,116,5,7,128
2020,MÂNCIO LIMA,4,303,210,185,25,0,1,26
2020,RIO BRANCO,9,150,521,386,135,6,4,145
2020,ACRELÂNDIA,8,169,246,185,61,0,2,63
2020,RIO BRANCO,9,262,300,213,87,2,5,94
2020,CRUZEIRO DO SUL,4,191,236,205,31,2,4,37
2020,RIO BRANCO,1,76,260,197,63,2,4,69
2020,RIO BRANCO,1,379,365,310,55,9,10,74
2020,PORTO ACRE,1,601,160,130,30,4,6,40
2020,BRASILÉIA,6,136,410,331,79,2,13,94
2020,BRASILÉIA,6,85,458,360,98,3,16,117
2020,RIO BRANCO,1,37,361,229,132,6,5,143
2020,RIO BRANCO,9,167,452,346,106,7,11,124
2020,SENADOR GUIOMARD,8,131,233,196,37,5,4,46
2020,CRUZEIRO DO SUL,4,188,340,264,76,5,3,84
2020,SENA MADUREIRA,3,83,292,225,67,1,3,71
2020,RIO BRANCO,9,408,426,287,139,5,7,151
2020,CRUZEIRO DO SUL,4,49,369,290,79,8,16,103
2020,FEIJÓ,7,40,428,342,86,2,9,97
2020,PORTO ACRE,1,602,290,231,59,5,15,79
2020,RIO BRANCO,1,171,407,277,130,2,10,142
2020,BUJARI,9,137,402,307,95,1,9,105
2020,SENADOR GUIOMARD,8,32,224,181,43,2,4,49
2020,BRASILÉIA,6,23,387,309,78,4,10,92
2020,BUJARI,9,7,300,229,71,1,10,82
2020,ASSIS BRASIL,6,104,255,209,46,1,8,55
2020,RIO BRANCO,9,294,431,286,145,7,6,158
2020,RIO BRANCO,9,221,340,235,105,5,3,113
2020,MANOEL URBANO,3,89,293,231,62,2,3,67
2020,RIO BRANCO,1,164,242,163,79,2,3,84
2020,EPITACIOLÂNDIA,6,106,444,341,103,7,5,115
2020,XAPURI,2,62,216,164,52,2,3,57
2020,PORTO ACRE,1,594,226,172,54,0,8,62
2020,RIO BRANCO,1,3,397,301,96,3,7,106
2020,RIO BRANCO,1,173,431,315,116,3,10,129
2020,SENADOR GUIOMARD,8,172,220,172,48,0,3,51
2020,RIO BRANCO,9,159,294,224,70,4,10,84
2020,RIO BRANCO,1,160,363,270,93,8,11,112
2020,FEIJÓ,7,8,238,161,77,3,1,81
2020,FEIJÓ,7,35,389,285,104,2,7,113
2020,PORTO WALTER,4,313,119,104,15,0,6,21
2020,PLÁCIDO DE CASTRO,8,80,259,225,34,4,6,44
2020,RODRIGUES ALVES,4,241,256,214,42,0,2,44
2020,TARAUACÁ,5,116,289,221,68,3,8,79
2020,EPITACIOLÂNDIA,6,34,361,300,61,2,14,77
2020,CRUZEIRO DO SUL,4,135,302,250,52,0,5,57
2020,MANOEL URBANO,3,48,297,244,53,0,10,63
2020,XAPURI,2,32,207,195,12,4,12,28
2020,TARAUACÁ,5,107,242,182,60,0,8,68
2020,RIO BRANCO,1,93,441,314,127,3,13,143
2020,RIO BRANCO,9,210,444,319,125,11,12,148
2020,RIO BRANCO,1,472,342,241,101,5,8,114
2020,RIO BRANCO,1,760,308,207,101,3,9,113
2020,RIO BRANCO,1,694,346,222,124,4,8,136
2020,BRASILÉIA,6,17,390,298,92,3,4,99
2020,MÂNCIO LIMA,4,153,333,263,70,1,4,75
2020,ACRELÂNDIA,8,123,247,211,36,2,4,42
2020,TARAUACÁ,5,30,261,186,75,1,19,95
2020,RIO BRANCO,9,217,341,269,72,1,6,79
2020,BRASILÉIA,6,62,374,321,53,1,5,59
2020,RIO BRANCO,1,545,346,229,117,2,10,129
2020,FEIJÓ,7,64,397,307,90,3,5,98
2020,FEIJÓ,7,62,404,312,92,1,4,97
2020,RIO BRANCO,1,649,349,275,74,4,8,86
2020,MARECHAL THAUMATURGO,4,237,336,277,59,1,7,67
2020,CRUZEIRO DO SUL,4,155,339,277,62,5,17,84
2020,SENADOR GUIOMARD,8,63,220,186,34,4,5,43
2020,RIO BRANCO,1,779,348,238,110,5,11,126
2020,SENADOR GUIOMARD,8,116,238,195,43,2,6,51
2020,RIO BRANCO,1,573,340,249,91,3,7,101
2020,RIO BRANCO,9,407,333,223,110,6,6,122
2020,RIO BRANCO,9,396,326,247,79,3,3,85
2020,RIO BRANCO,9,308,531,286,245,9,9,263
2020,RIO BRANCO,9,117,341,260,81,1,18,100
2020,RIO BRANCO,1,642,327,203,124,2,6,132
2020,RIO BRANCO,9,250,295,210,85,5,6,96
2020,BRASILÉIA,6,126,367,305,62,2,5,69
2020,MANOEL URBANO,3,52,303,240,63,2,6,71
2020,PLÁCIDO DE CASTRO,8,10,205,170,35,0,5,40
2020,CRUZEIRO DO SUL,4,278,335,262,73,7,5,85
2020,BRASILÉIA,6,112,238,198,40,2,7,49
2020,CRUZEIRO DO SUL,4,405,448,378,70,3,5,78
2020,FEIJÓ,7,72,405,311,94,0,14,108
2020,CRUZEIRO DO SUL,4,125,356,270,86,5,13,104
2020,CRUZEIRO DO SUL,4,376,407,313,94,2,8,104
2020,MANOEL URBANO,3,102,88,84,4,0,3,7
2020,PLÁCIDO DE CASTRO,8,3,229,180,49,1,2,52
2020,RIO BRANCO,1,366,446,325,121,4,8,133
2020,RODRIGUES ALVES,4,309,307,272,35,2,2,39
2020,BRASILÉIA,6,99,259,202,57,5,4,66
2020,CRUZEIRO DO SUL,4,214,414,329,85,4,5,94
2020,CRUZEIRO DO SUL,4,319,217,183,34,0,6,40
2020,RIO BRANCO,9,133,471,370,101,5,12,118
2020,FEIJÓ,7,45,275,226,49,2,10,61
2020,FEIJÓ,7,30,255,186,69,2,3,74
2020,SENA MADUREIRA,3,4,326,243,83,2,8,93
2020,RIO BRANCO,1,476,464,326,138,9,4,151
2020,RIO BRANCO,1,485,342,196,146,6,7,159
2020,RIO BRANCO,9,289,340,205,135,5,4,144
2020,CRUZEIRO DO SUL,4,322,415,327,88,6,10,104
2020,ACRELÂNDIA,8,95,382,311,71,3,7,81
2020,PORTO WALTER,4,314,101,91,10,0,1,11
2020,RIO BRANCO,1,440,336,220,116,4,2,122
2020,SENADOR GUIOMARD,8,28,296,221,75,1,5,81
2020,RIO BRANCO,1,439,367,247,120,3,5,128
2020,PLÁCIDO DE CASTRO,8,13,225,185,40,1,1,42
2020,FEIJÓ,7,5,388,291,97,0,3,100
2020,TARAUACÁ,5,72,291,233,58,2,4,64
2020,RIO BRANCO,1,729,324,231,93,5,7,105
2020,RIO BRANCO,9,330,308,218,90,2,2,94
2020,RIO BRANCO,1,487,337,251,86,5,13,104
2020,CRUZEIRO DO SUL,4,62,364,297,67,5,11,83
2020,RIO BRANCO,9,22,465,345,120,11,10,141
2020,RIO BRANCO,1,550,346,242,104,3,6,113
2020,RIO BRANCO,1,151,433,265,168,4,11,183
2020,CRUZEIRO DO SUL,4,35,290,236,54,3,6,63
2020,CRUZEIRO DO SUL,4,137,258,194,64,0,4,68
2020,RIO BRANCO,1,719,227,145,82,2,6,90
2020,SENA MADUREIRA,3,28,298,227,71,4,5,80
2020,RIO BRANCO,1,26,385,280,105,1,9,115
2020,RIO BRANCO,9,79,343,277,66,2,10,78
2020,RODRIGUES ALVES,4,290,199,182,17,0,10,27
2020,MARECHAL THAUMATURGO,4,326,227,182,45,0,2,47
2020,RIO BRANCO,9,123,394,297,97,10,14,121
2020,PORTO ACRE,1,627,329,263,66,1,5,72
2020,PLÁCIDO DE CASTRO,8,15,221,187,34,1,8,43
2020,RIO BRANCO,1,670,337,247,90,5,12,107
2020,RIO BRANCO,9,360,380,241,139,0,1,140
2020,BRASILÉIA,6,81,420,340,80,2,6,88
2020,RIO BRANCO,1,494,344,253,91,2,8,101
2020,FEIJÓ,7,73,140,119,21,0,1,22
2020,RIO BRANCO,9,332,412,289,123,6,9,138
2020,RIO BRANCO,9,24,462,358,104,5,20,129
2020,SENADOR GUIOMARD,8,154,241,191,50,1,2,53
2020,SENADOR GUIOMARD,8,69,187,162,25,2,8,35
2020,RIO BRANCO,1,648,338,232,106,7,11,124
2020,BUJARI,9,8,300,243,57,1,7,65
2020,SENA MADUREIRA,3,38,229,163,66,0,8,74
2020,SENADOR GUIOMARD,8,168,201,165,36,1,7,44
2020,RIO BRANCO,1,490,313,219,94,0,4,98
2020,MARECHAL THAUMATURGO,4,74,346,270,76,1,7,84
2020,MARECHAL THAUMATURGO,4,143,295,241,54,0,6,60
2020,RIO BRANCO,1,687,331,195,136,3,3,142
2020,PORTO ACRE,1,596,273,238,35,0,4,39
2020,RIO BRANCO,1,335,258,214,44,2,2,48
2020,RIO BRANCO,1,45,222,150,72,4,4,80
2020,RIO BRANCO,1,337,330,253,77,2,5,84
2020,RIO BRANCO,1,206,383,224,159,4,1,164
2020,SENADOR GUIOMARD,8,31,241,203,38,3,3,44
2020,CRUZEIRO DO SUL,4,395,288,236,52,7,7,66
2020,MARECHAL THAUMATURGO,4,182,216,158,58,2,7,67
2020,MANOEL URBANO,3,42,297,243,54,4,8,66
2020,RIO BRANCO,9,399,324,241,83,4,7,94
2020,PORTO ACRE,1,576,231,172,59,3,6,68
2020,ASSIS BRASIL,6,129,361,294,67,0,5,72
2020,RIO BRANCO,9,35,472,365,107,9,11,127
2020,SENA MADUREIRA,3,91,275,213,62,4,4,70
2020,RIO BRANCO,1,43,394,258,136,3,7,146
2020,RIO BRANCO,1,640,425,265,160,5,7,172
2020,RIO BRANCO,1,85,367,277,90,4,4,98
2020,RIO BRANCO,1,489,266,199,67,1,2,70
2020,TARAUACÁ,5,85,272,208,64,5,15,84
2020,CRUZEIRO DO SUL,4,348,237,190,47,1,2,50
2020,BUJARI,9,6,401,330,71,5,8,84
2020,FEIJÓ,7,2,387,284,103,2,6,111
2020,CRUZEIRO DO SUL,4,184,322,252,70,2,3,75
2020,CRUZEIRO DO SUL,4,413,316,253,63,2,9,74
2020,CAPIXABA,2,90,260,215,45,1,5,51
2020,JORDÃO,5,75,234,209,25,0,5,30
2020,RIO BRANCO,1,651,351,250,101,4,4,109
2020,RIO BRANCO,9,326,442,329,113,6,19,138
2020,RIO BRANCO,9,293,403,298,105,7,9,121
2020,RIO BRANCO,9,65,460,349,111,5,13,129
2020,RIO BRANCO,1,509,333,232,101,5,5,111
2020,CRUZEIRO DO SUL,4,8,323,245,78,3,3,84
2020,RIO BRANCO,1,783,338,215,123,6,8,137
2020,PLÁCIDO DE CASTRO,8,137,210,175,35,3,6,44
2020,RIO BRANCO,1,663,324,230,94,2,3,99
2020,FEIJÓ,7,39,397,304,93,2,14,109
2020,SENADOR GUIOMARD,8,68,220,179,41,5,4,50
2020,SENA MADUREIRA,3,61,381,277,104,3,7,114
2020,FEIJÓ,7,18,269,198,71,2,1,74
2020,PORTO WALTER,4,325,195,163,32,1,8,41
2020,RIO BRANCO,9,121,320,246,74,8,4,86
2020,RIO BRANCO,1,515,432,245,187,3,4,194
2020,SENADOR GUIOMARD,8,39,295,229,66,2,3,71
2020,RIO BRANCO,1,488,292,210,82,1,3,86
2020,EPITACIOLÂNDIA,6,70,184,152,32,2,5,39
2020,FEIJÓ,7,6,449,328,121,0,7,128
2020,RIO BRANCO,1,184,407,284,123,4,10,137
2020,TARAUACÁ,5,114,358,270,88,6,11,105
2020,EPITACIOLÂNDIA,6,26,361,282,79,5,5,89
2020,CRUZEIRO DO SUL,4,328,359,296,63,5,4,72
2020,RIO BRANCO,1,505,348,224,124,4,4,132
2020,RODRIGUES ALVES,4,150,297,237,60,2,5,67
2020,XAPURI,2,17,205,173,32,1,12,45
2020,RIO BRANCO,1,462,333,238,95,8,1,104
2020,CRUZEIRO DO SUL,4,339,335,273,62,1,4,67
2020,SENADOR GUIOMARD,8,249,68,54,14,1,4,19
2020,CRUZEIRO DO SUL,4,342,302,222,80,2,3,85
2020,RIO BRANCO,1,681,349,276,73,5,5,83
2020,RIO BRANCO,9,385,303,197,106,11,2,119
2020,CRUZEIRO DO SUL,4,398,414,344,70,9,11,90
2020,RIO BRANCO,9,39,389,260,129,3,5,137
2020,RIO BRANCO,1,747,341,244,97,6,10,113
2020,SANTA ROSA DO PURUS,3,87,300,256,44,0,6,50
2020,TARAUACÁ,5,90,297,236,61,1,9,71
2020,CRUZEIRO DO SUL,4,242,428,339,89,5,5,99
2020,PLÁCIDO DE CASTRO,8,24,222,185,37,1,5,43
2020,RODRIGUES ALVES,4,197,329,258,71,3,3,77
2020,MÂNCIO LIMA,4,101,447,372,75,2,7,84
2020,SENA MADUREIRA,3,121,277,203,74,1,2,77
2020,SENA MADUREIRA,3,71,383,306,77,4,9,90
2020,RIO BRANCO,9,395,276,199,77,4,5,86
2020,FEIJÓ,7,82,403,339,64,2,11,77
2020,MARECHAL THAUMATURGO,4,223,247,217,30,1,5,36
2020,RIO BRANCO,1,86,367,252,115,5,7,127
2020,CRUZEIRO DO SUL,4,379,336,276,60,7,6,73
2020,RIO BRANCO,1,706,380,279,101,4,8,113
2020,RIO BRANCO,9,317,221,140,81,2,2,85
2020,FEIJÓ,7,83,240,212,28,0,10,38
2020,RIO BRANCO,1,4,362,234,128,3,7,138
2020,CRUZEIRO DO SUL,4,306,137,112,25,0,3,28
2020,RIO BRANCO,1,168,320,234,86,3,9,98
2020,RIO BRANCO,1,751,357,255,102,9,6,117
2020,SENA MADUREIRA,3,92,302,243,59,1,6,66
2020,RIO BRANCO,1,40,430,315,115,10,11,136
2020,RIO BRANCO,1,692,285,206,79,10,6,95
2020,XAPURI,2,16,205,168,37,0,5,42
2020,RIO BRANCO,1,161,364,271,93,5,12,110
2020,RIO BRANCO,1,730,329,233,96,12,8,116
2020,RIO BRANCO,9,207,521,390,131,8,11,150
2020,RIO BRANCO,9,116,336,223,113,3,8,124
2020,RIO BRANCO,1,499,363,264,99,5,9,113
2020,RIO BRANCO,9,52,446,314,132,10,8,150
2020,RIO BRANCO,9,25,444,318,126,7,5,138
2020,TARAUACÁ,5,83,275,203,72,2,1,75
2020,MARECHAL THAUMATURGO,4,318,279,249,30,1,6,37
2020,ACRELÂNDIA,8,115,249,199,50,1,3,54
2020,MÂNCIO LIMA,4,103,316,257,59,0,5,64
2020,RIO BRANCO,1,656,406,260,146,1,6,153
2020,PORTO ACRE,1,630,428,325,103,6,12,121
2020,PORTO ACRE,1,625,259,203,56,0,6,62
2020,RIO BRANCO,1,691,350,258,92,4,10,106
2020,RIO BRANCO,1,474,339,232,107,6,8,121
2020,TARAUACÁ,5,80,276,212,64,2,10,76
2020,RIO BRANCO,9,259,390,231,159,3,4,166
2020,RIO BRANCO,1,435,336,239,97,0,7,104
2020,RIO BRANCO,9,105,434,344,90,10,5,105
2020,RIO BRANCO,9,345,348,250,98,3,7,108
2020,PLÁCIDO DE CASTRO,8,263,230,166,64,2,2,68
2020,MÂNCIO LIMA,4,217,201,176,25,1,2,28
2020,SENA MADUREIRA,3,54,371,285,86,7,10,103
2020,RODRIGUES ALVES,4,304,206,164,42,0,1,43
2020,RIO BRANCO,1,744,280,188,92,4,1,97
2020,CRUZEIRO DO SUL,4,312,366,259,107,5,4,116
2020,CRUZEIRO DO SUL,4,390,359,286,73,9,7,89
2020,RIO BRANCO,9,366,449,303,146,7,8,161
2020,SENA MADUREIRA,3,7,291,213,78,0,3,81
2020,SENADOR GUIOMARD,8,241,249,193,56,2,4,62
2020,CRUZEIRO DO SUL,4,400,408,329,79,10,4,93
2020,CRUZEIRO DO SUL,4,291,305,231,74,0,8,82
2020,RIO BRANCO,9,209,336,233,103,8,5,116
2020,RIO BRANCO,9,337,340,235,105,7,1,113
2020,RIO BRANCO,9,191,390,285,105,4,6,115
2020,ACRELÂNDIA,8,8,382,277,105,5,5,115
2020,RIO BRANCO,9,193,451,357,94,14,8,116
2020,BRASILÉIA,6,76,374,293,81,4,4,89
2020,RIO BRANCO,9,287,301,163,138,4,3,145
2020,SENA MADUREIRA,3,112,277,220,57,1,2,60
2020,XAPURI,2,53,228,182,46,0,6,52
2020,XAPURI,2,11,232,186,46,1,4,51
2020,TARAUACÁ,5,13,319,220,99,1,15,115
2020,RIO BRANCO,9,175,432,306,126,6,9,141
2020,EPITACIOLÂNDIA,6,101,187,162,25,0,7,32
2020,CRUZEIRO DO SUL,4,173,414,353,61,7,14,82
2020,RIO BRANCO,9,158,285,211,74,8,6,88
2020,SENA MADUREIRA,3,109,213,174,39,0,6,45
2020,RIO BRANCO,1,303,271,186,85,5,4,94
2020,RIO BRANCO,9,370,398,281,117,11,6,134
2020,RIO BRANCO,1,782,346,257,89,4,6,99
2020,JORDÃO,5,52,248,216,32,0,10,42
2020,RIO BRANCO,9,180,460,351,109,5,11,125
2020,BRASILÉIA,6,55,337,280,57,2,8,67
2020,CRUZEIRO DO SUL,4,47,335,256,79,3,8,90
2020,FEIJÓ,7,81,400,311,89,1,5,95
2020,RIO BRANCO,9,386,449,326,123,7,2,132
2020,MANOEL URBANO,3,135,441,357,84,1,2,87
2020,MARECHAL THAUMATURGO,4,203,342,301,41,4,7,52
2020,RIO BRANCO,9,398,324,232,92,4,2,98
2020,RODRIGUES ALVES,4,225,249,222,27,0,4,31
2020,RIO BRANCO,1,746,338,250,88,5,7,100
2020,RIO BRANCO,9,219,338,243,95,4,8,107
2020,MARECHAL THAUMATURGO,4,251,341,282,59,0,12,71
2020,RIO BRANCO,9,368,398,307,91,3,8,102
2020,RIO BRANCO,9,226,462,320,142,7,2,151
2020,RIO BRANCO,9,276,340,246,94,2,12,108
2020,JORDÃO,5,118,253,202,51,0,6,57
2020,SANTA ROSA DO PURUS,3,58,322,272,50,4,10,64
2020,RIO BRANCO,1,501,325,207,118,3,1,122
2020,MANOEL URBANO,3,126,294,219,75,1,5,81
2020,RIO BRANCO,9,172,497,386,111,7,9,127
2020,RIO BRANCO,1,671,342,238,104,5,10,119
2020,BRASILÉIA,6,7,371,292,79,5,14,98
2020,CRUZEIRO DO SUL,4,362,448,358,90,4,3,97
2020,PORTO WALTER,4,115,297,251,46,0,9,55
2020,RIO BRANCO,1,646,345,247,98,8,10,116
2020,CRUZEIRO DO SUL,4,56,363,296,67,5,7,79
2020,RIO BRANCO,1,447,362,259,103,3,1,107
2020,RIO BRANCO,9,13,220,139,81,0,4,85
2020,RIO BRANCO,9,112,307,180,127,7,3,137
2020,RIO BRANCO,9,376,447,354,93,7,14,114
2020,BUJARI,9,252,385,305,80,4,3,87
2020,RIO BRANCO,9,93,341,254,87,0,4,91
2020,TARAUACÁ,5,9,299,213,86,2,13,101
2020,SENA MADUREIRA,3,123,296,240,56,0,3,59
2020,SENADOR GUIOMARD,8,187,317,225,92,4,5,101
2020,RIO BRANCO,9,165,430,277,153,0,2,155
2020,TARAUACÁ,5,117,289,204,85,0,9,94
2020,RIO BRANCO,1,570,343,251,92,5,10,107
2020,RIO BRANCO,1,700,354,222,132,5,6,143
2020,RIO BRANCO,1,504,354,213,141,2,4,147
2020,TARAUACÁ,5,108,278,211,67,1,5,73
2020,RIO BRANCO,1,645,342,238,104,7,9,120
2020,EPITACIOLÂNDIA,6,97,200,176,24,2,8,34
2020,SENA MADUREIRA,3,119,363,285,78,2,5,85
2020,SENADOR GUIOMARD,8,91,243,198,45,1,0,46
2020,EPITACIOLÂNDIA,6,51,361,289,72,3,3,78
2020,RIO BRANCO,1,468,345,232,113,4,6,123
2020,RIO BRANCO,1,38,363,218,145,3,10,158
2020,SENA MADUREIRA,3,29,370,254,116,2,5,123
2020,PORTO ACRE,1,588,296,229,67,2,0,69
2020,TARAUACÁ,5,106,282,206,76,3,2,81
2020,SENADOR GUIOMARD,8,118,220,184,36,1,4,41
2020,MÂNCIO LIMA,4,95,334,273,61,1,5,67
2020,RIO BRANCO,9,382,337,252,85,5,12,102
2020,ACRELÂNDIA,8,162,254,205,49,4,4,57
2020,ASSIS BRASIL,6,66,365,324,41,0,10,51
2020,RIO BRANCO,1,500,311,223,88,5,4,97
2020,SENA MADUREIRA,3,142,220,175,45,0,16,61
2020,PLÁCIDO DE CASTRO,8,86,265,218,47,1,6,54
2020,RIO BRANCO,1,778,357,253,104,3,5,112
2020,PORTO ACRE,1,612,246,209,37,1,7,45
2020,SENA MADUREIRA,3,108,354,296,58,1,9,68
2020,SENADOR GUIOMARD,8,92,337,276,61,2,4,67
2020,SENADOR GUIOMARD,8,67,246,205,41,4,5,50
2020,PORTO ACRE,1,618,286,213,73,4,8,85
2020,RIO BRANCO,1,288,483,348,135,2,11,148
2020,TARAUACÁ,5,78,237,189,48,2,11,61
2020,RIO BRANCO,9,369,398,291,107,5,12,124
2020,XAPURI,2,31,222,177,45,1,11,57
2020,RIO BRANCO,1,502,412,311,101,3,9,113
2020,CAPIXABA,2,69,240,208,32,3,3,38
2020,MARECHAL THAUMATURGO,4,434,347,256,91,1,7,99
2020,RIO BRANCO,1,722,379,272,107,6,9,122
2020,BUJARI,9,202,509,393,116,7,13,136
2020,RIO BRANCO,1,25,392,243,149,3,10,162
2020,CRUZEIRO DO SUL,4,411,367,286,81,4,5,90
2020,MÂNCIO LIMA,4,93,333,280,53,2,7,62
2020,PLÁCIDO DE CASTRO,8,76,218,189,29,0,1,30
2020,RIO BRANCO,9,405,532,321,211,13,5,229
2020,FEIJÓ,7,13,400,288,112,1,18,131
2020,PORTO ACRE,1,592,226,171,55,2,5,62
2020,PORTO ACRE,1,589,227,158,69,1,7,77
2020,SENA MADUREIRA,3,6,319,242,77,5,5,87
2020,RIO BRANCO,9,107,459,328,131,9,11,151
2020,RIO BRANCO,9,177,460,334,126,5,18,149
2020,RIO BRANCO,1,749,359,253,106,6,11,123
2020,RIO BRANCO,9,401,328,250,78,4,9,91
2020,JORDÃO,5,27,398,310,88,2,11,101
2020,RIO BRANCO,1,350,361,279,82,9,6,97
2020,RIO BRANCO,9,249,288,198,90,1,5,96
2020,RIO BRANCO,9,438,532,311,221,9,10,240
2020,RIO BRANCO,9,307,327,214,113,5,2,120
2020,CRUZEIRO DO SUL,4,57,409,320,89,3,16,108
2020,BRASILÉIA,6,94,419,345,74,5,7,86
2020,RODRIGUES ALVES,4,170,379,291,88,1,4,93
2020,RIO BRANCO,9,265,300,232,68,5,3,76
2020,BRASILÉIA,6,113,194,180,14,0,8,22
2020,TARAUACÁ,5,47,301,228,73,2,10,85
2020,MARECHAL THAUMATURGO,4,163,285,245,40,0,2,42
2020,XAPURI,2,4,209,157,52,0,6,58
2020,RIO BRANCO,9,73,268,214,54,3,7,64
2020,XAPURI,2,45,262,221,41,0,9,50
2020,PORTO ACRE,1,606,378,296,82,4,3,89
2020,PLÁCIDO DE CASTRO,8,183,269,221,48,2,5,55
2020,CRUZEIRO DO SUL,4,404,366,296,70,3,8,81
2020,SENA MADUREIRA,3,16,408,290,118,2,14,134
2020,TARAUACÁ,5,105,121,96,25,0,3,28
2020,RIO BRANCO,1,661,334,257,77,6,1,84
2020,RIO BRANCO,1,557,183,120,63,2,4,69
2020,XAPURI,2,37,209,154,55,0,11,66
2020,BUJARI,9,192,509,393,116,2,5,123
2020,RIO BRANCO,1,660,341,205,136,7,1,144
2020,MARECHAL THAUMATURGO,4,294,241,209,32,1,0,33
2020,RIO BRANCO,9,59,284,211,73,3,9,85
2020,BUJARI,9,436,443,370,73,2,13,88
2020,RIO BRANCO,1,466,433,314,119,2,8,129
2020,TARAUACÁ,5,69,290,212,78,1,9,88
2020,EPITACIOLÂNDIA,6,72,378,325,53,10,10,73
2020,RIO BRANCO,1,639,425,288,137,7,10,154
2020,TARAUACÁ,5,53,326,253,73,3,14,90
2020,RIO BRANCO,1,658,334,238,96,3,7,106
2020,BRASILÉIA,6,5,230,187,43,3,7,53
2020,CRUZEIRO DO SUL,4,107,378,280,98,4,11,113
2020,FEIJÓ,7,46,373,275,98,4,19,121
2020,BRASILÉIA,6,102,220,188,32,1,8,41
2020,MARECHAL THAUMATURGO,4,140,299,242,57,0,7,64
2020,EPITACIOLÂNDIA,6,48,443,346,97,2,17,116
2020,XAPURI,2,27,225,174,51,3,10,64
2020,TARAUACÁ,5,21,290,216,74,1,14,89
2020,EPITACIOLÂNDIA,6,125,270,212,58,4,2,64
2020,RIO BRANCO,1,675,337,231,106,2,6,114
2020,SENA MADUREIRA,3,85,347,312,35,1,2,38
2020,RIO BRANCO,1,478,341,226,115,6,3,124
2020,SANTA ROSA DO PURUS,3,95,327,264,63,0,8,71
2020,TARAUACÁ,5,120,293,235,58,5,7,70
2020,CRUZEIRO DO SUL,4,382,375,284,91,1,25,117
2020,SENA MADUREIRA,3,98,360,275,85,1,8,94
2020,BRASILÉIA,6,88,317,254,63,4,10,77
2020,CRUZEIRO DO SUL,4,228,270,223,47,1,8,56
2020,RIO BRANCO,9,300,484,319,165,6,8,179
2020,PORTO ACRE,1,617,293,233,60,2,2,64
2020,TARAUACÁ,5,77,265,209,56,3,1,60
2020,RIO BRANCO,1,756,362,273,89,3,12,104
2020,BRASILÉIA,6,53,225,183,42,2,4,48
2020,CRUZEIRO DO SUL,4,120,414,332,82,8,5,95
2020,SANTA ROSA DO PURUS,3,76,292,245,47,1,8,56
2020,TARAUACÁ,5,119,282,212,70,1,10,81
2020,PORTO WALTER,4,430,389,325,64,1,13,78
2020,RIO BRANCO,1,750,358,243,115,5,11,131
2020,RIO BRANCO,1,441,306,223,83,7,3,93
2020,FEIJÓ,7,11,399,294,105,4,4,113
2020,CAPIXABA,2,78,233,164,69,0,2,71
2020,CRUZEIRO DO SUL,4,365,339,261,78,2,7,87
2020,RIO BRANCO,9,66,460,327,133,4,11,148
2020,RIO BRANCO,9,213,332,210,122,8,3,133
2020,RODRIGUES ALVES,4,171,294,216,78,3,9,90
2020,RIO BRANCO,1,654,404,282,122,4,12,138
2020,MÂNCIO LIMA,4,97,317,255,62,1,8,71
2020,RIO BRANCO,9,124,340,242,98,4,5,107
2020,RIO BRANCO,1,647,340,237,103,3,10,116
2020,RIO BRANCO,9,127,369,255,114,4,9,127
2020,RIO BRANCO,1,768,411,254,157,3,6,166
2020,RIO BRANCO,1,512,390,244,146,6,4,156
2020,XAPURI,2,8,219,167,52,2,4,58
2020,RIO BRANCO,9,189,458,325,133,9,8,150
2020,BUJARI,9,200,400,320,80,3,18,101
2020,TARAUACÁ,5,34,283,207,76,6,6,88
2020,BRASILÉIA,6,132,150,122,28,0,5,33
2020,CRUZEIRO DO SUL,4,167,220,174,46,0,6,52
2020,RIO BRANCO,9,179,340,217,123,6,3,132
2020,SENA MADUREIRA,3,12,377,274,103,2,11,116
2020,CRUZEIRO DO SUL,4,415,249,206,43,0,9,52
2020,SENADOR GUIOMARD,8,174,267,199,68,7,8,83
2020,BRASILÉIA,6,122,265,209,56,3,5,64
2020,CRUZEIRO DO SUL,4,378,427,342,85,7,8,100
2020,PORTO ACRE,1,584,300,244,56,4,14,74
2020,RIO BRANCO,9,404,371,269,102,7,4,113
2020,XAPURI,2,46,216,173,43,2,7,52
2020,CRUZEIRO DO SUL,4,353,298,245,53,4,10,67
2020,PLÁCIDO DE CASTRO,8,51,294,227,67,2,5,74
2020,CRUZEIRO DO SUL,4,19,407,313,94,1,10,105
2020,RIO BRANCO,1,510,295,198,97,5,10,112
2020,CRUZEIRO DO SUL,4,36,408,311,97,4,10,111
2020,XAPURI,2,41,230,174,56,0,2,58
2020,BRASILÉIA,6,3,443,323,120,2,12,134
2020,RIO BRANCO,9,253,462,296,166,11,13,190
2020,XAPURI,2,52,207,167,40,1,5,46
2020,CRUZEIRO DO SUL,4,410,406,297,109,2,1,112
2020,CRUZEIRO DO SUL,4,118,410,314,96,3,4,103
2020,RIO BRANCO,9,140,436,291,145,4,10,159
2020,JORDÃO,5,100,409,334,75,0,6,81
2020,RIO BRANCO,1,685,337,246,91,6,6,103
2020,RIO BRANCO,9,98,352,246,106,6,6,118
2020,CRUZEIRO DO SUL,4,244,271,225,46,1,8,55
2020,CRUZEIRO DO SUL,4,402,354,266,88,2,8,98
2020,CAPIXABA,2,70,241,204,37,0,1,38
2020,SENADOR GUIOMARD,8,188,223,183,40,4,3,47
2020,RIO BRANCO,9,421,294,188,106,6,1,113
2020,SENADOR GUIOMARD,8,219,293,223,70,5,2,77
2020,RIO BRANCO,9,176,435,319,116,3,6,125
2020,CRUZEIRO DO SUL,4,354,343,268,75,2,3,80
2020,RIO BRANCO,9,350,395,295,100,6,1,107
2020,CRUZEIRO DO SUL,4,323,407,326,81,4,3,88
2020,PORTO ACRE,1,600,255,199,56,4,8,68
2020,CRUZEIRO DO SUL,4,374,318,267,51,5,6,62
2020,CRUZEIRO DO SUL,4,282,276,243,33,4,6,43
2020,RIO BRANCO,9,119,461,327,134,3,9,146
2020,RIO BRANCO,9,309,131,61,70,1,0,71
2020,RIO BRANCO,1,308,231,180,51,2,6,59
2020,RIO BRANCO,9,284,338,216,122,8,3,133
2020,MÂNCIO LIMA,4,367,398,342,56,0,9,65
2020,RIO BRANCO,9,135,341,241,100,6,11,117
2020,RIO BRANCO,9,64,460,340,120,2,9,131
2020,ACRELÂNDIA,8,199,243,192,51,1,0,52
2020,TARAUACÁ,5,61,238,188,50,2,15,67
2020,RODRIGUES ALVES,4,438,301,250,51,1,4,56
2020,RIO BRANCO,1,511,141,86,55,1,0,56
2020,RIO BRANCO,1,182,408,290,118,2,6,126
2020,SENA MADUREIRA,3,1,382,275,107,1,10,118
2020,XAPURI,2,15,247,208,39,3,7,49
2020,RIO BRANCO,1,662,338,244,94,8,8,110
2020,RIO BRANCO,9,151,460,384,76,7,10,93
2020,SENA MADUREIRA,3,36,399,297,102,1,3,106
2020,SENA MADUREIRA,3,18,263,195,68,0,8,76
2020,FEIJÓ,7,78,399,310,89,1,20,110
2020,RIO BRANCO,9,181,329,236,93,5,9,107
2020,RIO BRANCO,1,734,342,233,109,6,10,125
2020,TARAUACÁ,5,3,303,213,90,4,10,104
2020,CAPIXABA,2,88,204,170,34,0,3,37
2020,RIO BRANCO,9,95,345,257,88,3,3,94
2020,ACRELÂNDIA,8,185,255,197,58,4,3,65
2020,RIO BRANCO,1,495,344,237,107,5,12,124
2020,RIO BRANCO,9,338,341,218,123,4,1,128
2020,TARAUACÁ,5,95,291,210,81,2,2,85
2020,SENA MADUREIRA,3,19,341,263,78,2,6,86
2020,ACRELÂNDIA,8,77,427,338,89,3,10,102
2020,MARECHAL THAUMATURGO,4,324,201,164,37,0,5,42
2020,RIO BRANCO,9,30,498,363,135,7,3,145
2020,SANTA ROSA DO PURUS,3,122,227,181,46,0,7,53
2020,RIO BRANCO,9,104,435,332,103,1,11,115
2020,MANOEL URBANO,3,46,367,286,81,2,10,93
2020,RIO BRANCO,1,567,388,300,88,6,7,101
2020,MÂNCIO LIMA,4,425,447,378,69,7,13,89
2020,SENADOR GUIOMARD,8,40,218,184,34,4,8,46
2020,RIO BRANCO,9,58,288,215,73,5,6,84
2020,RIO BRANCO,9,363,451,341,110,9,3,122
2020,MÂNCIO LIMA,4,151,237,185,52,0,5,57
2020,TARAUACÁ,5,20,248,165,83,0,6,89
2020,RIO BRANCO,1,733,346,271,75,5,5,85
2020,CAPIXABA,2,77,229,190,39,1,3,43
2020,RIO BRANCO,9,420,519,294,225,6,4,235
2020,PLÁCIDO DE CASTRO,8,4,230,185,45,1,2,48
2020,RIO BRANCO,1,572,335,257,78,7,3,88
2020,BRASILÉIA,6,120,421,322,99,3,7,109
2020,TARAUACÁ,5,49,301,232,69,4,18,91
2020,RIO BRANCO,1,444,483,340,143,5,9,157
2020,TARAUACÁ,5,1,305,214,91,1,10,102
2020,ACRELÂNDIA,8,182,257,206,51,3,6,60
2020,ASSIS BRASIL,6,29,315,257,58,0,11,69
2020,SENADOR GUIOMARD,8,53,316,259,57,2,3,62
2020,MÂNCIO LIMA,4,122,343,264,79,0,3,82
2020,PORTO ACRE,1,605,394,316,78,2,7,87
2020,SENA MADUREIRA,3,11,379,284,95,0,4,99
2020,XAPURI,2,34,146,117,29,2,6,37
2020,SENA MADUREIRA,3,55,393,300,93,4,6,103
2020,XAPURI,2,36,128,104,24,1,4,29
2020,RIO BRANCO,9,299,371,236,135,2,4,141
2020,RIO BRANCO,1,542,251,170,81,5,5,91
2020,BRASILÉIA,6,8,371,283,88,3,3,94
2020,RIO BRANCO,9,256,357,241,116,2,4,122
2020,PLÁCIDO DE CASTRO,8,155,200,176,24,1,3,28
2020,MARECHAL THAUMATURGO,4,201,289,257,32,0,7,39
2020,MANOEL URBANO,3,100,262,225,37,3,29,69
2020,RIO BRANCO,9,230,244,173,71,1,6,78
2020,CRUZEIRO DO SUL,4,16,324,260,64,1,3,68
2020,RIO BRANCO,1,530,267,173,94,7,1,102
2020,RIO BRANCO,1,7,384,261,123,3,5,131
2020,RIO BRANCO,9,344,449,311,138,9,13,160
2020,RIO BRANCO,1,666,422,298,124,7,9,140
2020,RIO BRANCO,1,757,290,201,89,6,6,101
2020,RIO BRANCO,1,437,341,258,83,1,8,92
2020,TARAUACÁ,5,115,447,330,117,0,14,131
2020,MANOEL URBANO,3,41,305,246,59,1,9,69
2020,RIO BRANCO,9,377,447,343,104,6,8,118
2020,SENADOR GUIOMARD,8,247,216,143,73,5,3,81
2020,RIO BRANCO,9,316,322,226,96,7,0,103
2020,ACRELÂNDIA,8,117,235,182,53,1,5,59
2020,RIO BRANCO,1,776,343,231,112,3,5,120
2020,SENA MADUREIRA,3,10,379,291,88,1,5,94
2020,CRUZEIRO DO SUL,4,192,329,280,49,1,5,55
2020,RIO BRANCO,1,774,339,270,69,4,7,80
2020,RIO BRANCO,1,795,231,144,87,3,0,90
2020,RODRIGUES ALVES,4,232,321,279,42,3,3,48
2020,RIO BRANCO,1,633,348,216,132,3,7,142
2020,SENA MADUREIRA,3,75,385,318,67,2,7,76
2020,BRASILÉIA,6,14,411,334,77,0,13,90
2020,RIO BRANCO,9,311,520,312,208,10,3,221
2020,SENADOR GUIOMARD,8,242,320,212,108,3,3,114
2020,RIO BRANCO,1,174,371,250,121,7,1,129
2020,SENA MADUREIRA,3,129,269,216,53,2,6,61
2020,CAPIXABA,2,94,241,195,46,2,2,50
2020,CAPIXABA,2,82,263,182,81,1,2,84
2020,SENADOR GUIOMARD,8,227,245,192,53,3,7,63
2020,RIO BRANCO,1,429,386,254,132,7,3,142
2020,CRUZEIRO DO SUL,4,391,303,207,96,4,10,110
2020,RIO BRANCO,9,435,184,139,45,3,3,51
2020,CRUZEIRO DO SUL,4,131,213,177,36,1,5,42
2020,EPITACIOLÂNDIA,6,69,262,199,63,0,6,69
2020,BUJARI,9,5,401,310,91,6,1,98
2020,CRUZEIRO DO SUL,4,178,335,283,52,0,20,72
2020,ACRELÂNDIA,8,64,430,350,80,2,14,96
2020,XAPURI,2,18,218,184,34,1,4,39
2020,EPITACIOLÂNDIA,6,46,400,317,83,1,6,90
2020,CRUZEIRO DO SUL,4,3,358,289,69,3,1,73
2020,SENA MADUREIRA,3,105,284,222,62,3,4,69
2020,RIO BRANCO,1,486,290,178,112,3,1,116
2020,XAPURI,2,10,229,190,39,2,8,49
2020,MÂNCIO LIMA,4,104,420,353,67,0,6,73
2020,SENA MADUREIRA,3,128,358,289,69,4,2,75
2020,RIO BRANCO,1,657,338,229,109,7,3,119
2020,ACRELÂNDIA,8,132,302,252,50,4,1,55
2020,TARAUACÁ,5,6,290,199,91,1,3,95
2020,RIO BRANCO,1,469,338,244,94,2,5,101
2020,TARAUACÁ,5,33,333,242,91,6,9,106
2020,RIO BRANCO,9,432,213,127,86,2,2,90
2020,RIO BRANCO,1,554,407,303,104,14,9,127
2020,RIO BRANCO,1,183,408,304,104,6,7,117
2020,PORTO ACRE,1,607,398,343,55,5,2,62
2020,MÂNCIO LIMA,4,177,160,120,40,1,6,47
2020,RIO BRANCO,1,496,231,170,61,3,3,67
2020,FEIJÓ,7,80,396,298,98,2,9,109
2020,RIO BRANCO,9,114,347,218,129,7,5,141
2020,CRUZEIRO DO SUL,4,344,339,273,66,2,5,73
2020,BRASILÉIA,6,128,226,197,29,0,13,42
2020,PLÁCIDO DE CASTRO,8,54,269,231,38,7,6,51
2020,CAPIXABA,2,80,310,268,42,2,11,55
2020,TARAUACÁ,5,124,287,198,89,2,4,95
2020,MARECHAL THAUMATURGO,4,359,347,276,71,0,9,80
2020,CRUZEIRO DO SUL,4,360,428,326,102,6,4,112
2020,RIO BRANCO,9,142,397,280,117,4,8,129
2020,XAPURI,2,58,259,210,49,0,5,54
2020,RIO BRANCO,9,238,380,278,102,7,8,117
2020,BRASILÉIA,6,45,244,207,37,4,5,46
2020,RIO BRANCO,9,144,502,348,154,6,9,169
2020,MARECHAL THAUMATURGO,4,114,340,281,59,1,11,71
2020,RIO BRANCO,1,13,342,246,96,3,8,107
2020,SENADOR GUIOMARD,8,35,217,188,29,3,4,36
2020,RIO BRANCO,9,374,317,238,79,3,4,86
2020,CAPIXABA,2,72,244,198,46,2,5,53
2020,SENADOR GUIOMARD,8,34,270,226,44,2,1,47
2020,SENADOR GUIOMARD,8,119,216,183,33,3,2,38
2020,CAPIXABA,2,66,274,229,45,1,10,56
2020,XAPURI,2,20,208,175,33,1,4,38
2020,TARAUACÁ,5,31,337,244,93,2,6,101
2020,TARAUACÁ,5,17,290,195,95,2,11,108
2020,CRUZEIRO DO SUL,4,48,336,247,89,4,5,98
2020,CRUZEIRO DO SUL,4,136,279,240,39,1,2,42
2020,SENADOR GUIOMARD,8,149,243,212,31,1,1,33
2020,CRUZEIRO DO SUL,4,393,367,290,77,7,13,97
2020,RIO BRANCO,1,99,356,263,93,2,5,100
2020,RIO BRANCO,9,61,431,287,144,6,12,162
2020,TARAUACÁ,5,29,340,248,92,4,16,112
2020,RIO BRANCO,1,459,335,239,96,3,4,103
2020,SENADOR GUIOMARD,8,223,189,143,46,1,2,49
2020,RIO BRANCO,1,697,356,245,111,4,5,120
2020,RIO BRANCO,1,187,435,277,158,6,7,171
2020,RIO BRANCO,1,450,336,255,81,1,5,87
2020,SENADOR GUIOMARD,8,27,276,241,35,2,0,37
2020,CRUZEIRO DO SUL,4,123,428,338,90,7,13,110
2020,RIO BRANCO,1,321,336,218,118,2,3,123
2020,TARAUACÁ,5,26,285,221,64,2,7,73
2020,RIO BRANCO,9,184,337,227,110,3,4,117
2020,CRUZEIRO DO SUL,4,208,303,261,42,1,3,46
2020,FEIJÓ,7,4,389,288,101,1,11,113
2020,RIO BRANCO,1,24,390,287,103,9,10,122
2020,RIO BRANCO,9,334,410,288,122,8,12,142
2020,SENA MADUREIRA,3,101,292,253,39,0,9,48
2020,RIO BRANCO,9,41,455,304,151,4,14,169
2020,RIO BRANCO,9,388,449,325,124,6,10,140
2020,RIO BRANCO,9,285,342,211,131,7,10,148
2020,CRUZEIRO DO SUL,4,287,429,338,91,8,6,105
2020,RIO BRANCO,1,699,344,238,106,9,2,117
2020,RIO BRANCO,9,277,339,243,96,13,4,113
2020,RIO BRANCO,9,15,518,392,126,5,13,144
2020,CRUZEIRO DO SUL,4,333,323,239,84,0,4,88
2020,RIO BRANCO,9,260,278,181,97,5,5,107
2020,EPITACIOLÂNDIA,6,98,194,174,20,2,3,25
2020,RIO BRANCO,9,90,368,277,91,5,8,104
2020,FEIJÓ,7,79,144,118,26,0,5,31
2020,FEIJÓ,7,42,290,233,57,0,0,57
2020,CRUZEIRO DO SUL,4,70,336,279,57,6,14,77
2020,RIO BRANCO,9,354,435,305,130,10,5,145
2020,RIO BRANCO,1,644,337,239,98,4,7,109
2020,JORDÃO,5,122,227,188,39,1,11,51
2020,CRUZEIRO DO SUL,4,419,376,305,71,1,8,80
2020,PORTO ACRE,1,581,233,171,62,1,3,66
2020,JORDÃO,5,28,269,206,63,1,11,75
2020,CRUZEIRO DO SUL,4,12,252,205,47,2,6,55
2020,MARECHAL THAUMATURGO,4,196,268,239,29,0,4,33
2020,CRUZEIRO DO SUL,4,154,331,272,59,4,9,72
2020,RIO BRANCO,1,88,357,252,105,4,7,116
2020,CRUZEIRO DO SUL,4,198,353,285,68,2,14,84
2020,CRUZEIRO DO SUL,4,186,274,211,63,2,1,66
2020,RIO BRANCO,1,785,347,247,100,10,3,113
2020,RIO BRANCO,1,438,461,319,142,5,5,152
2020,RIO BRANCO,9,349,396,266,130,3,4,137
2020,RIO BRANCO,9,153,329,227,102,5,5,112
2020,CRUZEIRO DO SUL,4,285,235,179,56,0,1,57
2020,XAPURI,2,51,360,303,57,3,16,76
2020,SANTA ROSA DO PURUS,3,65,304,234,70,0,8,78
2020,RIO BRANCO,9,291,521,339,182,15,14,211
2020,CRUZEIRO DO SUL,4,219,421,345,76,2,4,82
2020,RIO BRANCO,1,653,350,214,136,3,2,141
2020,RODRIGUES ALVES,4,83,379,285,94,3,10,107
2020,SENA MADUREIRA,3,69,378,299,79,3,5,87
2020,PLÁCIDO DE CASTRO,8,7,397,327,70,3,6,79
2020,RIO BRANCO,9,247,297,206,91,3,7,101
2020,RIO BRANCO,9,155,404,286,118,9,10,137
2020,RIO BRANCO,9,109,392,291,101,3,5,109
2020,RIO BRANCO,1,703,391,276,115,1,10,126
2020,RIO BRANCO,9,122,502,370,132,3,10,145
2020,RIO BRANCO,1,159,367,293,74,9,4,87
2020,RIO BRANCO,9,390,457,337,120,12,11,143
2020,RIO BRANCO,1,310,332,240,92,11,6,109
2020,RIO BRANCO,1,524,306,210,96,5,6,107
2020,RIO BRANCO,1,803,349,204,145,3,6,154
2020,RIO BRANCO,1,781,349,239,110,5,6,121
2020,JORDÃO,5,123,292,250,42,0,5,47
2020,RIO BRANCO,1,632,355,248,107,7,5,119
2020,RIO BRANCO,1,316,297,212,85,3,3,91
2020,RIO BRANCO,1,792,345,234,111,7,7,125
2020,PLÁCIDO DE CASTRO,8,211,124,99,25,0,3,28
2020,RIO BRANCO,1,635,343,221,122,8,5,135
2020,ASSIS BRASIL,6,73,311,267,44,1,3,48
2020,SENA MADUREIRA,3,118,285,219,66,4,2,72
2020,MANOEL URBANO,3,44,366,284,82,4,13,99
2020,BRASILÉIA,6,100,328,259,69,1,8,78
2020,PORTO WALTER,4,77,297,252,45,1,3,49
2020,RIO BRANCO,9,233,447,305,142,6,1,149
2020,SENA MADUREIRA,3,53,349,270,79,1,7,87
2020,RIO BRANCO,1,528,216,159,57,1,5,63
2020,RIO BRANCO,1,204,375,265,110,6,6,122
2020,RIO BRANCO,9,409,434,260,174,9,8,191
2020,RIO BRANCO,1,327,228,180,48,1,4,53
2020,RIO BRANCO,1,780,346,250,96,5,8,109
2020,RIO BRANCO,9,279,423,223,200,3,3,206
2020,SENADOR GUIOMARD,8,152,254,229,25,0,5,30
2020,RIO BRANCO,1,27,393,267,126,7,6,139
2020,SENA MADUREIRA,3,33,281,212,69,1,1,71
2020,ACRELÂNDIA,8,186,341,256,85,4,2,91
2020,PLÁCIDO DE CASTRO,8,165,299,249,50,8,13,71
2020,MÂNCIO LIMA,4,98,251,197,54,1,7,62
2020,FEIJÓ,7,47,214,154,60,0,2,62
2020,TARAUACÁ,5,39,283,225,58,2,7,67
2020,CRUZEIRO DO SUL,4,211,212,178,34,0,2,36
2020,SENADOR GUIOMARD,8,130,143,121,22,3,3,28
2020,RIO BRANCO,1,400,328,270,58,3,4,65
2020,PORTO ACRE,1,590,221,184,37,2,5,44
2020,ASSIS BRASIL,6,93,338,273,65,0,4,69
2020,SENA MADUREIRA,3,117,289,244,45,3,2,50
2020,PORTO ACRE,1,622,193,148,45,4,5,54
2020,EPITACIOLÂNDIA,6,107,406,319,87,0,13,100
2020,PLÁCIDO DE CASTRO,8,18,220,180,40,2,9,51
2020,PLÁCIDO DE CASTRO,8,55,216,179,37,1,0,38
2020,RIO BRANCO,1,755,338,222,116,6,7,129
2020,FEIJÓ,7,7,342,261,81,0,10,91
2020,RIO BRANCO,9,138,341,257,84,5,12,101
2020,MARECHAL THAUMATURGO,4,160,297,232,65,1,7,73
2020,CRUZEIRO DO SUL,4,386,205,166,39,2,0,41
2020,SENADOR GUIOMARD,8,153,262,207,55,2,4,61
2020,RIO BRANCO,1,569,339,240,99,1,11,111
2020,RIO BRANCO,9,168,342,238,104,3,4,111
2020,FEIJÓ,7,54,400,316,84,1,9,94
2020,CRUZEIRO DO SUL,4,256,356,281,75,1,4,80
2020,PORTO WALTER,4,144,400,352,48,0,12,60
2020,RIO BRANCO,1,728,332,220,112,6,5,123
2020,RIO BRANCO,9,320,323,240,83,7,9,99
2020,RIO BRANCO,1,280,272,199,73,0,2,75
2020,RIO BRANCO,1,735,343,228,115,8,5,128
2020,RIO BRANCO,9,118,493,383,110,4,4,118
2020,SENA MADUREIRA,3,127,354,290,64,3,6,73
2020,RIO BRANCO,1,571,346,246,100,5,9,114
2020,RIO BRANCO,1,176,362,270,92,4,12,108
2020,PORTO ACRE,1,616,295,249,46,5,4,55
2020,ACRELÂNDIA,8,215,260,192,68,0,2,70
2020,RIO BRANCO,1,701,392,280,112,2,8,122
2020,XAPURI,2,13,296,251,45,2,13,60
2020,CRUZEIRO DO SUL,4,305,244,204,40,0,5,45
2020,RIO BRANCO,9,27,444,314,130,10,12,152
2020,TARAUACÁ,5,43,249,190,59,2,10,71
2020,SENADOR GUIOMARD,8,126,259,211,48,0,6,54
2020,RIO BRANCO,9,111,283,186,97,2,4,103
2020,CRUZEIRO DO SUL,4,40,429,344,85,7,3,95
2020,PLÁCIDO DE CASTRO,8,113,216,186,30,1,1,32
2020,RIO BRANCO,9,335,342,251,91,2,5,98
2020,TARAUACÁ,5,54,241,171,70,2,16,88
2020,TARAUACÁ,5,15,246,169,77,1,4,82
2020,RIO BRANCO,1,422,357,281,76,4,6,86
2020,RIO BRANCO,9,319,360,256,104,9,12,125
2020,BRASILÉIA,6,74,421,339,82,2,17,101
2020,RIO BRANCO,1,664,332,242,90,8,6,104
2020,SENADOR GUIOMARD,8,78,204,158,46,1,5,52
2020,RIO BRANCO,9,282,427,289,138,8,2,148
2020,SENA MADUREIRA,3,82,284,214,70,0,2,72
2020,RIO BRANCO,1,50,337,234,103,3,8,114
2020,TARAUACÁ,5,111,374,295,79,4,7,90
2020,RIO BRANCO,9,341,449,347,102,13,6,121
2020,PLÁCIDO DE CASTRO,8,11,244,195,49,1,8,58
2020,RIO BRANCO,1,84,367,243,124,3,4,131
2020,RIO BRANCO,9,157,517,376,141,4,11,156
2020,RIO BRANCO,9,229,345,231,114,1,6,121
2020,RIO BRANCO,1,690,430,303,127,5,5,137
2020,RIO BRANCO,9,275,72,50,22,1,2,25
2020,EPITACIOLÂNDIA,6,22,407,334,73,3,6,82
2020,TARAUACÁ,5,82,286,226,60,2,5,67
2020,SENA MADUREIRA,3,2,326,237,89,2,5,96
2020,EPITACIOLÂNDIA,6,61,366,294,72,2,6,80
2020,ASSIS BRASIL,6,149,415,325,90,0,2,92
2020,TARAUACÁ,5,55,284,223,61,1,14,76
2020,RIO BRANCO,9,393,457,329,128,10,14,152
2020,RIO BRANCO,9,81,393,296,97,7,3,107
2020,RIO BRANCO,9,378,335,243,92,3,9,104
2020,SENA MADUREIRA,3,13,267,198,69,1,6,76
2020,BRASILÉIA,6,146,238,208,30,1,4,35
2020,RIO BRANCO,9,414,234,138,96,9,3,108
2020,RIO BRANCO,9,220,299,231,68,6,7,81
2020,RIO BRANCO,9,131,315,203,112,3,6,121
2020,RODRIGUES ALVES,4,226,290,223,67,1,3,71
2020,RIO BRANCO,1,277,363,281,82,4,8,94
2020,SENADOR GUIOMARD,8,62,289,228,61,7,6,74
2020,RIO BRANCO,9,406,258,181,77,2,4,83
2020,BRASILÉIA,6,20,420,337,83,2,9,94
2020,RIO BRANCO,9,206,335,232,103,3,4,110
2020,PORTO ACRE,1,585,293,240,53,2,3,58
2020,RIO BRANCO,1,519,375,266,109,7,2,118
2020,EPITACIOLÂNDIA,6,49,364,297,67,3,4,74
2020,RIO BRANCO,9,54,334,248,86,3,3,92
2020,CRUZEIRO DO SUL,4,269,198,166,32,1,3,36
2020,SANTA ROSA DO PURUS,3,125,290,249,41,3,24,68
2020,CRUZEIRO DO SUL,4,370,243,199,44,1,6,51
2020,CRUZEIRO DO SUL,4,15,305,246,59,4,8,71
2020,PLÁCIDO DE CASTRO,8,5,310,263,47,0,8,55
2020,PLÁCIDO DE CASTRO,8,16,266,218,48,2,6,56
2020,PLÁCIDO DE CASTRO,8,114,266,225,41,3,2,46
2020,RIO BRANCO,9,391,459,332,127,4,12,143
2020,FEIJÓ,7,17,267,203,64,1,5,70
2020,SENADOR GUIOMARD,8,57,218,180,38,2,1,41
2020,TARAUACÁ,5,23,309,221,88,1,8,97
2020,SENADOR GUIOMARD,8,161,189,164,25,4,5,34
2020,SENADOR GUIOMARD,8,70,298,254,44,6,0,50
2020,RIO BRANCO,1,456,305,253,52,6,8,66
2020,CAPIXABA,2,68,274,233,41,0,5,46
2020,RODRIGUES ALVES,4,351,414,307,107,1,4,112
2020,RIO BRANCO,1,458,313,200,113,4,4,121
2020,CRUZEIRO DO SUL,4,401,270,197,73,2,5,80
2020,ASSIS BRASIL,6,108,139,123,16,0,7,23
2020,CRUZEIRO DO SUL,4,64,338,241,97,7,13,117
2020,SENADOR GUIOMARD,8,100,368,302,66,1,5,72
2020,RIO BRANCO,1,680,348,253,95,6,13,114
2020,RIO BRANCO,9,251,431,289,142,6,2,150
2020,SENA MADUREIRA,3,17,263,182,81,3,6,90
2020,SENADOR GUIOMARD,8,208,207,170,37,2,1,40
2020,CRUZEIRO DO SUL,4,20,338,255,83,7,5,95
2020,RIO BRANCO,9,339,336,233,103,8,8,119
2020,PORTO ACRE,1,623,298,212,86,7,6,99
2020,SENADOR GUIOMARD,8,29,342,284,58,4,5,67
2020,XAPURI,2,50,212,168,44,0,4,48
2020,TARAUACÁ,5,11,288,215,73,3,7,83
2020,XAPURI,2,29,231,181,50,3,6,59
2020,ACRELÂNDIA,8,233,193,121,72,3,1,76
2020,MÂNCIO LIMA,4,283,260,207,53,1,7,61
2020,MANOEL URBANO,3,145,295,241,54,1,16,71
2020,PLÁCIDO DE CASTRO,8,156,368,279,89,2,10,101
2020,RIO BRANCO,1,66,358,261,97,6,6,109
2020,CRUZEIRO DO SUL,4,408,375,282,93,3,14,110
2020,RIO BRANCO,9,115,341,242,99,8,9,116
2020,RIO BRANCO,1,492,347,237,110,6,7,123
2020,RIO BRANCO,1,419,212,171,41,3,5,49
2020,RIO BRANCO,1,723,379,273,106,14,8,128
2020,RIO BRANCO,1,516,435,246,189,6,1,196
2020,JORDÃO,5,45,287,245,42,1,8,51
2020,RIO BRANCO,1,457,332,219,113,5,3,121
2020,MARECHAL THAUMATURGO,4,141,347,274,73,0,10,83
2020,RODRIGUES ALVES,4,440,244,222,22,2,7,31
2020,XAPURI,2,3,213,165,48,2,6,56
2020,RIO BRANCO,9,328,319,235,84,3,9,96
2020,RIO BRANCO,1,634,339,211,128,3,5,136
2020,FEIJÓ,7,31,263,184,79,1,4,84
2020,PORTO WALTER,4,164,225,208,17,0,4,21
2020,RIO BRANCO,9,235,431,268,163,6,6,175
2020,RODRIGUES ALVES,4,317,289,261,28,0,4,32
2020,RIO BRANCO,9,379,332,251,81,4,2,87
2020,RIO BRANCO,1,553,389,241,148,8,11,167
2020,TARAUACÁ,5,44,232,181,51,2,4,57
2020,TARAUACÁ,5,38,289,234,55,5,8,68
2020,MÂNCIO LIMA,4,346,447,354,93,1,7,101
2020,TARAUACÁ,5,87,295,234,61,1,12,74
2020,SENA MADUREIRA,3,40,382,270,112,5,4,121
2020,BUJARI,9,237,344,257,87,4,1,92
2020,RIO BRANCO,1,194,382,256,126,4,8,138
2020,MÂNCIO LIMA,4,364,334,271,63,0,12,75
2020,RIO BRANCO,9,347,379,295,84,3,12,99
2020,RIO BRANCO,9,359,360,240,120,1,6,127
2020,ASSIS BRASIL,6,27,233,193,40,0,4,44
2020,FEIJÓ,7,9,341,237,104,0,14,118
2020,FEIJÓ,7,49,399,300,99,4,14,117
2020,RIO BRANCO,9,32,436,327,109,6,10,125
2020,TARAUACÁ,5,4,300,200,100,4,10,114
2020,ASSIS BRASIL,6,36,303,264,39,0,5,44
2020,SENADOR GUIOMARD,8,90,243,213,30,3,4,37
2020,XAPURI,2,61,223,170,53,1,7,61
2020,SENA MADUREIRA,3,5,312,250,62,1,4,67
2020,FEIJÓ,7,12,400,278,122,3,6,131
2020,RIO BRANCO,9,373,307,239,68,9,5,82
2020,ACRELÂNDIA,8,181,253,204,49,0,3,52
2020,MANOEL URBANO,3,107,295,240,55,0,5,60
2020,SENA MADUREIRA,3,39,383,280,103,2,8,113
2020,BRASILÉIA,6,1,364,290,74,2,4,80
2020,RIO BRANCO,9,281,495,338,157,3,9,169
2020,FEIJÓ,7,52,135,103,32,1,15,48
2020,XAPURI,2,2,207,168,39,2,11,52
2020,RIO BRANCO,9,143,343,255,88,2,4,94
2020,ACRELÂNDIA,8,178,298,233,65,1,7,73
2020,PORTO ACRE,1,582,235,180,55,2,0,57
2020,TARAUACÁ,5,102,291,200,91,0,2,93
2020,FEIJÓ,7,1,400,285,115,2,12,129
2020,PLÁCIDO DE CASTRO,8,14,221,181,40,1,10,51
2020,TARAUACÁ,5,42,287,228,59,2,19,80
2020,RIO BRANCO,1,667,422,305,117,8,6,131
2020,RIO BRANCO,9,257,413,258,155,4,4,163
2020,SENA MADUREIRA,3,34,398,294,104,3,4,111
2020,XAPURI,2,39,200,166,34,1,8,43
2020,CRUZEIRO DO SUL,4,157,304,222,82,4,11,97
2020,RIO BRANCO,1,46,394,269,125,5,7,137
2020,RIO BRANCO,9,218,394,271,123,7,9,139
2020,SENADOR GUIOMARD,8,97,293,232,61,1,3,65
2020,RIO BRANCO,9,96,365,294,71,6,18,95
2020,RIO BRANCO,1,268,319,242,77,1,6,84
2020,SENADOR GUIOMARD,8,73,248,220,28,2,4,34
2020,ACRELÂNDIA,8,93,355,260,95,1,7,103
2020,RIO BRANCO,9,161,368,249,119,4,12,135
2020,EPITACIOLÂNDIA,6,40,359,290,69,5,6,80
2020,RIO BRANCO,1,445,346,261,85,4,14,103
2020,RIO BRANCO,9,99,350,250,100,5,14,119
2020,RIO BRANCO,1,51,337,240,97,2,8,107
2020,FEIJÓ,7,15,401,284,117,0,9,126
2020,CRUZEIRO DO SUL,4,222,330,268,62,3,2,67
2020,RIO BRANCO,1,758,308,231,77,9,2,88
2020,MANOEL URBANO,3,45,366,286,80,0,7,87
2020,RIO BRANCO,9,351,332,216,116,6,3,125
2020,SENADOR GUIOMARD,8,200,242,185,57,3,4,64
2020,TARAUACÁ,5,70,300,224,76,0,5,81
2020,PORTO ACRE,1,619,179,139,40,2,3,45
2020,RIO BRANCO,9,125,472,351,121,10,8,139
2020,RIO BRANCO,1,759,310,202,108,2,6,116
2020,CRUZEIRO DO SUL,4,165,232,190,42,0,10,52
2020,SENA MADUREIRA,3,68,379,305,74,3,1,78
2020,PLÁCIDO DE CASTRO,8,75,235,191,44,0,4,48
2020,RODRIGUES ALVES,4,174,244,176,68,2,3,73
2020,RIO BRANCO,9,171,338,255,83,9,2,94
2020,SENADOR GUIOMARD,8,167,295,244,51,4,10,65
2020,PORTO WALTER,4,338,403,353,50,0,21,71
2020,RIO BRANCO,1,688,337,198,139,6,2,147
2020,RIO BRANCO,9,42,435,283,152,5,9,166
2020,RIO BRANCO,1,708,382,258,124,3,8,135
2020,RIO BRANCO,9,85,391,282,109,7,4,120
2020,EPITACIOLÂNDIA,6,135,297,218,79,4,5,88
2020,RIO BRANCO,9,340,339,190,149,3,1,153
2020,CRUZEIRO DO SUL,4,416,414,334,80,9,7,96
2020,SENA MADUREIRA,3,86,425,357,68,1,6,75
2020,CRUZEIRO DO SUL,4,356,428,320,108,3,12,123
2020,RIO BRANCO,9,361,360,262,98,3,3,104
2020,PORTO ACRE,1,624,265,227,38,3,2,43
2020,RIO BRANCO,9,190,433,309,124,8,10,142
2020,TARAUACÁ,5,103,174,132,42,1,12,55
2020,SENADOR GUIOMARD,8,49,199,155,44,5,3,52
2020,FEIJÓ,7,57,292,227,65,2,10,77
2020,RIO BRANCO,9,246,340,248,92,4,8,104
2020,CAPIXABA,2,87,225,182,43,0,2,45
2020,RIO BRANCO,1,97,357,263,94,6,4,104
2020,RIO BRANCO,1,659,343,226,117,2,4,123
2020,MARECHAL THAUMATURGO,4,284,291,252,39,2,4,45
2020,RIO BRANCO,1,451,343,253,90,5,8,103
2020,RIO BRANCO,1,798,340,244,96,3,2,101
2020,SENA MADUREIRA,3,30,371,270,101,4,7,112
2020,RIO BRANCO,1,517,268,193,75,5,3,83
2020,RIO BRANCO,1,534,321,235,86,10,3,99
2020,SENADOR GUIOMARD,8,222,244,185,59,5,1,65
2020,RIO BRANCO,1,712,413,310,103,10,7,120
2020,MÂNCIO LIMA,4,180,447,371,76,3,14,93
2020,SENA MADUREIRA,3,110,282,216,66,0,3,69
2020,RIO BRANCO,9,263,494,332,162,6,7,175
2020,MARECHAL THAUMATURGO,4,230,218,175,43,1,10,54
2020,TARAUACÁ,5,19,327,232,95,1,11,107
2020,RIO BRANCO,1,814,290,186,104,4,3,111
2020,RIO BRANCO,9,44,269,199,70,4,8,82
2020,PORTO ACRE,1,586,296,257,39,1,5,45
2020,FEIJÓ,7,44,400,310,90,3,8,101
2020,RIO BRANCO,1,790,334,220,114,9,4,127
2020,RIO BRANCO,1,544,181,148,33,2,5,40
2020,MARECHAL THAUMATURGO,4,142,420,337,83,0,10,93
2020,SENA MADUREIRA,3,31,326,256,70,2,2,74
2020,EPITACIOLÂNDIA,6,77,406,308,98,8,6,112
2020,RIO BRANCO,9,333,410,269,141,10,5,156
2020,RIO BRANCO,1,398,342,241,101,3,6,110
2020,RIO BRANCO,1,777,345,244,101,2,3,106
2020,RIO BRANCO,1,531,384,259,125,9,4,138
2020,RIO BRANCO,9,261,290,177,113,2,4,119
2020,FEIJÓ,7,21,387,293,94,2,7,103
2020,MANOEL URBANO,3,130,282,215,67,1,3,71
2020,CRUZEIRO DO SUL,4,126,429,347,82,3,8,93
2020,CRUZEIRO DO SUL,4,266,375,317,58,2,19,79
2020,MARECHAL THAUMATURGO,4,76,421,333,88,0,10,98
2020,FEIJÓ,7,26,361,267,94,3,7,104
2020,BRASILÉIA,6,4,370,286,84,5,15,104
2020,MÂNCIO LIMA,4,248,252,213,39,0,2,41
2020,SANTA ROSA DO PURUS,3,96,335,304,31,5,8,44
2020,RIO BRANCO,1,508,346,228,118,2,6,126
2020,XAPURI,2,48,265,214,51,1,6,58
2020,RODRIGUES ALVES,4,82,414,323,91,2,6,99
2020,SENA MADUREIRA,3,20,341,261,80,0,3,83
2020,CRUZEIRO DO SUL,4,392,336,267,69,3,7,79
2020,RIO BRANCO,1,347,337,243,94,5,4,103
2020,TARAUACÁ,5,93,224,170,54,2,7,63
2020,MÂNCIO LIMA,4,414,420,338,82,1,5,88
2020,RIO BRANCO,1,491,465,324,141,6,12,159
2020,CRUZEIRO DO SUL,4,418,419,334,85,4,8,97
2020,JORDÃO,5,37,287,249,38,3,10,51
2020,TARAUACÁ,5,51,282,211,71,4,14,89
2020,RIO BRANCO,1,484,344,229,115,1,4,120
2020,MARECHAL THAUMATURGO,4,161,288,248,40,0,12,52
2020,PORTO ACRE,1,626,255,196,59,3,6,68
2020,SENADOR GUIOMARD,8,221,269,229,40,2,4,46
2020,BUJARI,9,9,300,213,87,3,4,94
2020,RIO BRANCO,9,348,379,270,109,3,7,119
2020,MARECHAL THAUMATURGO,4,424,340,268,72,0,7,79
2020,MANOEL URBANO,3,59,367,291,76,3,12,91
2022,RIO BRANCO,9,24,339,266,73,4,12,89
2022,RIO BRANCO,1,670,332,255,77,7,4,88
2022,RIO BRANCO,1,728,336,238,98,8,7,113
2022,RIO BRANCO,9,264,353,273,80,7,2,89
2022,RIO BRANCO,9,167,339,276,63,6,17,86
2022,RIO BRANCO,1,695,340,283,57,8,9,74
2022,SENADOR GUIOMARD,8,188,233,195,38,8,4,50
2022,RIO BRANCO,1,174,334,251,83,1,12,96
2022,RIO BRANCO,1,67,278,217,61,4,11,76
2022,RIO BRANCO,9,308,352,266,86,12,4,102
2022,SENADOR GUIOMARD,8,67,248,217,31,6,1,38
2022,RIO BRANCO,1,498,313,223,90,15,16,121
2022,RIO BRANCO,1,249,269,228,41,3,12,56
2022,RIO BRANCO,9,429,283,220,63,13,5,81
2022,RIO BRANCO,1,350,249,221,28,5,3,36
2022,BRASILÉIA,6,14,273,216,57,4,10,71
2022,BRASILÉIA,6,39,296,227,69,6,11,86
2022,PORTO ACRE,1,612,229,191,38,4,13,55
2022,PORTO ACRE,1,622,245,179,66,7,6,79
2022,PORTO ACRE,1,596,289,246,43,4,15,62
2022,BRASILÉIA,6,122,294,229,65,7,4,76
2022,EPITACIOLÂNDIA,6,134,296,212,84,5,19,108
2022,BRASILÉIA,6,126,288,245,43,5,12,60
2022,BRASILÉIA,6,76,275,229,46,3,10,59
2022,JORDÃO,5,100,209,150,59,0,5,64
2022,BRASILÉIA,6,146,142,119,23,5,2,30
2022,PORTO ACRE,1,588,293,240,53,9,13,75
2022,PORTO ACRE,1,580,245,184,61,6,14,81
2022,TARAUACÁ,5,30,279,194,85,3,7,95
2022,PLÁCIDO DE CASTRO,8,165,296,239,57,5,18,80
2022,BUJARI,9,310,145,113,32,1,1,34
2022,CAPIXABA,2,105,245,195,50,0,2,52
2022,BRASILÉIA,6,57,213,173,40,7,17,64
2022,XAPURI,2,4,216,163,53,1,13,67
2022,CRUZEIRO DO SUL,4,64,189,139,50,5,8,63
2022,PLÁCIDO DE CASTRO,8,11,251,196,55,8,7,70
2022,XAPURI,2,64,209,167,42,4,1,47
2022,RIO BRANCO,9,131,307,210,97,9,24,130
2022,SENADOR GUIOMARD,8,153,182,151,31,3,6,40
2022,CRUZEIRO DO SUL,4,173,262,230,32,4,3,39
2022,ACRELÂNDIA,8,83,197,161,36,3,0,39
2022,PLÁCIDO DE CASTRO,8,23,336,273,63,6,18,87
2022,RIO BRANCO,9,56,335,274,61,18,17,96
2022,RIO BRANCO,9,57,308,249,59,9,15,83
2022,RIO BRANCO,9,383,340,259,81,7,5,93
2022,RIO BRANCO,1,23,247,209,38,10,11,59
2022,RIO BRANCO,1,722,294,240,54,14,5,73
2022,RIO BRANCO,1,308,214,180,34,0,10,44
2022,RIO BRANCO,9,370,334,270,64,3,3,70
2022,RIO BRANCO,9,19,336,269,67,7,1,75
2022,RIO BRANCO,1,422,282,235,47,4,14,65
2022,RIO BRANCO,9,84,269,237,32,4,6,42
2022,RIO BRANCO,9,52,334,252,82,9,24,115
2022,RIO BRANCO,9,147,278,232,46,12,3,61
2022,RIO BRANCO,9,259,275,193,82,5,3,90
2022,CRUZEIRO DO SUL,4,376,291,229,62,8,6,76
2022,ACRELÂNDIA,8,142,278,216,62,2,12,76
2022,XAPURI,2,1,218,175,43,6,2,51
2022,CAPIXABA,2,101,113,97,16,1,12,29
2022,ACRELÂNDIA,8,178,309,231,78,8,5,91
2022,ACRELÂNDIA,8,159,313,230,83,7,4,94
2022,RIO BRANCO,9,111,304,247,57,9,26,92
2022,CRUZEIRO DO SUL,4,60,241,204,37,5,2,44
2022,XAPURI,2,61,241,178,63,4,9,76
2022,RIO BRANCO,9,112,304,214,90,6,29,125
2022,ACRELÂNDIA,8,209,223,151,72,2,5,79
2022,CAPIXABA,2,80,308,250,58,8,17,83
2022,RIO BRANCO,9,168,329,259,70,7,2,79
2022,RIO BRANCO,1,90,270,207,63,4,10,77
2022,CRUZEIRO DO SUL,4,121,291,230,61,6,3,70
2022,BRASILÉIA,6,5,218,180,38,3,3,44
2022,ACRELÂNDIA,8,8,201,159,42,4,1,47
2022,CRUZEIRO DO SUL,4,312,299,239,60,11,13,84
2022,RIO BRANCO,1,456,291,246,45,11,10,66
2022,CRUZEIRO DO SUL,4,238,239,192,47,5,1,53
2022,ACRELÂNDIA,8,224,229,148,81,6,3,90
2022,PLÁCIDO DE CASTRO,8,156,190,164,26,1,7,34
2022,CRUZEIRO DO SUL,4,365,280,219,61,1,8,70
2022,SENADOR GUIOMARD,8,265,60,48,12,0,0,12
2022,TARAUACÁ,5,72,288,206,82,6,2,90
2022,CRUZEIRO DO SUL,4,17,272,220,52,5,6,63
2022,RIO BRANCO,1,574,337,266,71,11,6,88
2022,RIO BRANCO,1,796,293,205,88,2,9,99
2022,RIO BRANCO,1,659,324,238,86,15,4,105
2022,RIO BRANCO,1,509,255,174,81,8,15,104
2022,RIO BRANCO,1,507,328,215,113,2,19,134
2022,RIO BRANCO,9,297,296,211,85,22,17,124
2022,RIO BRANCO,1,702,197,167,30,0,7,37
2022,RIO BRANCO,1,565,223,174,49,5,2,56
2022,RIO BRANCO,9,456,280,249,31,3,3,37
2022,RIO BRANCO,9,165,326,254,72,5,14,91
2022,BRASILÉIA,6,23,267,208,59,3,10,72
2022,TARAUACÁ,5,83,273,192,81,6,0,87
2022,TARAUACÁ,5,90,279,209,70,9,4,83
2022,FEIJÓ,7,39,315,228,87,3,1,91
2022,FEIJÓ,7,45,309,230,79,5,9,93
2022,FEIJÓ,7,21,268,198,70,7,1,78
2022,FEIJÓ,7,5,283,194,89,5,8,102
2022,BUJARI,9,200,261,196,65,4,2,71
2022,SENA MADUREIRA,3,148,143,94,49,2,6,57
2022,SENA MADUREIRA,3,91,287,204,83,5,10,98
2022,BRASILÉIA,6,11,279,220,59,4,5,68
2022,FEIJÓ,7,56,203,119,84,1,12,97
2022,RIO BRANCO,9,23,341,271,70,6,11,87
2022,RIO BRANCO,1,731,333,257,76,9,3,88
2022,JORDÃO,5,46,302,234,68,1,5,74
2022,PORTO ACRE,1,584,294,233,61,9,5,75
2022,PLÁCIDO DE CASTRO,8,55,226,185,41,3,2,46
2022,FEIJÓ,7,69,196,59,137,4,5,146
2022,FEIJÓ,7,73,140,111,29,1,2,32
2022,CRUZEIRO DO SUL,4,204,296,252,44,5,4,53
2022,FEIJÓ,7,23,281,209,72,4,7,83
2022,FEIJÓ,7,6,226,151,75,1,5,81
2022,RIO BRANCO,9,75,302,266,36,11,7,54
2022,RIO BRANCO,9,315,338,260,78,10,4,92
2022,RIO BRANCO,9,225,224,160,64,5,3,72
2022,SENADOR GUIOMARD,8,32,229,185,44,12,4,60
2022,SENADOR GUIOMARD,8,30,270,205,65,6,3,74
2022,RIO BRANCO,1,531,295,214,81,6,6,93
2022,RIO BRANCO,1,99,254,193,61,5,5,71
2022,ACRELÂNDIA,8,205,202,148,54,9,3,66
2022,CAPIXABA,2,81,278,202,76,4,12,92
2022,XAPURI,2,33,207,159,48,2,5,55
2022,ACRELÂNDIA,8,101,278,216,62,2,10,74
2022,CRUZEIRO DO SUL,4,262,285,229,56,3,8,67
2022,PLÁCIDO DE CASTRO,8,114,283,229,54,2,12,68
2022,CRUZEIRO DO SUL,4,198,287,235,52,2,12,66
2022,EPITACIOLÂNDIA,6,77,266,203,63,5,17,85
2022,TARAUACÁ,5,105,131,93,38,1,3,42
2022,BRASILÉIA,6,53,242,191,51,1,3,55
2022,CRUZEIRO DO SUL,4,396,289,225,64,14,15,93
2022,TARAUACÁ,5,2,329,220,109,4,20,133
2022,BRASILÉIA,6,25,275,221,54,1,8,63
2022,JORDÃO,5,37,312,234,78,2,18,98
2022,BRASILÉIA,6,83,276,226,50,5,5,60
2022,TARAUACÁ,5,24,304,179,125,8,14,147
2022,PORTO ACRE,1,613,231,197,34,4,4,42
2022,RIO BRANCO,1,390,331,263,68,9,14,91
2022,RIO BRANCO,9,332,318,257,61,7,6,74
2022,RIO BRANCO,9,91,351,301,50,3,1,54
2022,RIO BRANCO,9,454,109,103,6,1,3,10
2022,RIO BRANCO,9,463,72,60,12,1,3,16
2022,TARAUACÁ,5,91,280,176,104,2,18,124
2022,RIO BRANCO,9,256,333,250,83,4,8,95
2022,RIO BRANCO,9,403,350,260,90,22,3,115
2022,RIO BRANCO,1,784,335,248,87,6,6,99
2022,CRUZEIRO DO SUL,4,59,177,153,24,4,7,35
2022,XAPURI,2,10,229,191,38,4,2,44
2022,PLÁCIDO DE CASTRO,8,96,320,239,81,9,10,100
2022,ACRELÂNDIA,8,185,233,171,62,2,5,69
2022,XAPURI,2,9,242,205,37,1,8,46
2022,PLÁCIDO DE CASTRO,8,203,189,137,52,2,11,65
2022,CRUZEIRO DO SUL,4,240,281,231,50,7,5,62
2022,CRUZEIRO DO SUL,4,63,188,127,61,4,1,66
2022,SENADOR GUIOMARD,8,207,61,46,15,4,1,20
2022,CRUZEIRO DO SUL,4,135,263,215,48,1,0,49
2022,TARAUACÁ,5,63,216,140,76,0,6,82
2022,TARAUACÁ,5,22,309,220,89,6,6,101
2022,PORTO ACRE,1,606,223,186,37,1,9,47
2022,FEIJÓ,7,67,185,70,115,0,1,116
2022,ASSIS BRASIL,6,79,221,177,44,1,16,61
2022,ASSIS BRASIL,6,78,310,252,58,3,2,63
2022,PORTO ACRE,1,617,292,236,56,7,6,69
2022,TARAUACÁ,5,48,282,200,82,5,6,93
2022,EPITACIOLÂNDIA,6,10,286,236,50,4,2,56
2022,ACRELÂNDIA,8,123,280,238,42,1,11,54
2022,PLÁCIDO DE CASTRO,8,76,223,178,45,2,4,51
2022,XAPURI,2,41,249,191,58,3,4,65
2022,RIO BRANCO,1,474,325,239,86,10,5,101
2022,RIO BRANCO,1,478,327,238,89,23,17,129
2022,RIO BRANCO,1,747,333,273,60,6,4,70
2022,RIO BRANCO,1,685,322,256,66,15,18,99
2022,RIO BRANCO,1,98,249,182,67,5,3,75
2022,SENADOR GUIOMARD,8,226,237,168,69,3,10,82
2022,RIO BRANCO,1,534,315,230,85,10,2,97
2022,RIO BRANCO,1,185,225,180,45,6,17,68
2022,RIO BRANCO,1,697,333,262,71,14,7,92
2022,RIO BRANCO,9,133,348,295,53,7,7,67
2022,RIO BRANCO,1,3,185,155,30,5,5,40
2022,RIO BRANCO,9,295,335,263,72,8,2,82
2022,SENADOR GUIOMARD,8,78,281,225,56,2,2,60
2022,RIO BRANCO,1,450,317,245,72,2,11,85
2022,RIO BRANCO,1,299,326,244,82,4,14,100
2022,RIO BRANCO,1,448,310,237,73,7,4,84
2022,RIO BRANCO,9,250,310,255,55,7,1,63
2022,RIO BRANCO,9,346,328,280,48,10,18,76
2022,RIO BRANCO,9,22,333,284,49,14,6,69
2022,CRUZEIRO DO SUL,4,446,119,104,15,1,0,16
2022,CRUZEIRO DO SUL,4,165,254,195,59,0,0,59
2022,PLÁCIDO DE CASTRO,8,54,254,220,34,14,16,64
2022,CRUZEIRO DO SUL,4,188,276,216,60,3,4,67
2022,PORTO WALTER,4,325,221,179,42,0,0,42
2022,CRUZEIRO DO SUL,4,7,237,169,68,8,14,90
2022,CRUZEIRO DO SUL,4,406,297,214,83,3,2,88
2022,MÂNCIO LIMA,4,180,292,238,54,3,2,59
2022,RODRIGUES ALVES,4,215,232,180,52,0,1,53
2022,MÂNCIO LIMA,4,153,308,239,69,1,2,72
2022,EPITACIOLÂNDIA,6,125,254,198,56,6,14,76
2022,FEIJÓ,7,25,247,156,91,3,13,107
2022,FEIJÓ,7,4,285,206,79,4,17,100
2022,TARAUACÁ,5,98,288,206,82,2,0,84
2022,JORDÃO,5,32,327,228,99,4,9,112
2022,JORDÃO,5,28,278,177,101,0,19,120
2022,SENA MADUREIRA,3,110,282,202,80,1,2,83
2022,SENA MADUREIRA,3,14,272,182,90,6,11,107
2022,BUJARI,9,436,270,199,71,0,2,73
2022,SENA MADUREIRA,3,94,253,205,48,4,13,65
2022,SENA MADUREIRA,3,86,317,238,79,5,10,94
2022,SENA MADUREIRA,3,5,328,251,77,2,0,79
2022,BUJARI,9,412,315,221,94,10,16,120
2022,SENA MADUREIRA,3,36,322,228,94,3,2,99
2022,SENA MADUREIRA,3,141,172,128,44,8,8,60
2022,RIO BRANCO,1,524,324,233,91,3,15,109
2022,RIO BRANCO,9,100,328,258,70,10,14,94
2022,RIO BRANCO,1,668,342,278,64,10,6,80
2022,RIO BRANCO,1,459,332,255,77,11,11,99
2022,RIO BRANCO,9,448,332,290,42,8,20,70
2022,RIO BRANCO,9,187,327,262,65,7,4,76
2022,TARAUACÁ,5,51,300,216,84,1,20,105
2022,RIO BRANCO,9,449,349,297,52,13,2,67
2022,RIO BRANCO,9,142,340,282,58,8,5,71
2022,TARAUACÁ,5,7,297,196,101,6,4,111
2022,RIO BRANCO,1,549,319,227,92,16,13,121
2022,RIO BRANCO,1,469,330,245,85,6,4,95
2022,RIO BRANCO,9,26,334,268,66,9,6,81
2022,RIO BRANCO,1,555,270,192,78,19,9,106
2022,RIO BRANCO,1,426,313,243,70,6,19,95
2022,RIO BRANCO,9,364,325,255,70,7,11,88
2022,SENADOR GUIOMARD,8,82,252,208,44,8,12,64
2022,RIO BRANCO,1,191,237,182,55,8,1,64
2022,RIO BRANCO,1,51,252,197,55,6,8,69
2022,RIO BRANCO,1,505,323,234,89,13,22,124
2022,RIO BRANCO,9,66,341,264,77,2,14,93
2022,RIO BRANCO,9,340,324,221,103,14,6,123
2022,RIO BRANCO,9,433,330,284,46,19,13,78
2022,RIO BRANCO,1,547,269,209,60,9,8,77
2022,RIO BRANCO,9,30,354,277,77,3,5,85
2022,RIO BRANCO,9,382,335,246,89,7,3,99
2022,RIO BRANCO,9,269,337,278,59,11,5,75
2022,CRUZEIRO DO SUL,4,266,320,236,84,1,4,89
2022,MÂNCIO LIMA,4,91,261,178,83,5,2,90
2022,CRUZEIRO DO SUL,4,25,282,223,59,4,3,66
2022,CRUZEIRO DO SUL,4,322,265,215,50,3,3,56
2022,MÂNCIO LIMA,4,99,176,117,59,1,3,63
2022,CRUZEIRO DO SUL,4,46,285,227,58,4,6,68
2022,CRUZEIRO DO SUL,4,138,253,202,51,2,7,60
2022,CRUZEIRO DO SUL,4,185,255,211,44,3,14,61
2022,CRUZEIRO DO SUL,4,107,151,130,21,2,8,31
2022,MÂNCIO LIMA,4,90,183,131,52,0,0,52
2022,CRUZEIRO DO SUL,4,263,271,199,72,3,2,77
2022,CRUZEIRO DO SUL,4,48,279,208,71,5,4,80
2022,MARECHAL THAUMATURGO,4,223,268,203,65,0,6,71
2022,PORTO WALTER,4,145,312,231,81,1,3,85
2022,MARECHAL THAUMATURGO,4,337,280,231,49,0,0,49
2022,TARAUACÁ,5,111,248,188,60,2,4,66
2022,CRUZEIRO DO SUL,4,393,292,222,70,3,18,91
2022,JORDÃO,5,52,249,198,51,0,5,56
2022,SANTA ROSA DO PURUS,3,152,149,113,36,2,13,51
2022,BRASILÉIA,6,55,329,246,83,5,13,101
2022,BRASILÉIA,6,81,286,244,42,7,3,52
2022,FEIJÓ,7,40,299,218,81,4,3,88
2022,FEIJÓ,7,19,271,196,75,4,10,89
2022,FEIJÓ,7,50,219,161,58,3,1,62
2022,FEIJÓ,7,82,324,261,63,3,10,76
2022,TARAUACÁ,5,120,270,213,57,11,11,79
2022,EPITACIOLÂNDIA,6,70,205,164,41,6,9,56
2022,RIO BRANCO,9,380,325,255,70,6,2,78
2022,RIO BRANCO,1,442,335,252,83,6,14,103
2022,TARAUACÁ,5,20,247,154,93,3,12,108
2022,TARAUACÁ,5,107,237,162,75,4,4,83
2022,EPITACIOLÂNDIA,6,103,298,236,62,4,1,67
2022,TARAUACÁ,5,16,236,157,79,2,22,103
2022,PORTO ACRE,1,583,297,237,60,6,10,76
2022,TARAUACÁ,5,119,309,222,87,10,21,118
2022,CRUZEIRO DO SUL,4,390,255,188,67,0,10,77
2022,TARAUACÁ,5,64,269,219,50,5,8,63
2022,CRUZEIRO DO SUL,4,358,265,212,53,4,7,64
2022,BRASILÉIA,6,113,215,192,23,5,15,43
2022,MÂNCIO LIMA,4,433,241,175,66,3,2,71
2022,RIO BRANCO,9,161,336,255,81,6,5,92
2022,RIO BRANCO,1,781,329,264,65,12,10,87
2022,RIO BRANCO,1,484,335,258,77,9,1,87
2022,RIO BRANCO,9,126,331,274,57,3,11,71
2022,RIO BRANCO,1,553,290,215,75,6,5,86
2022,RIO BRANCO,1,349,244,205,39,5,5,49
2022,RIO BRANCO,1,391,344,280,64,3,7,74
2022,RIO BRANCO,1,773,240,202,38,1,4,43
2022,RIO BRANCO,9,239,332,263,69,10,4,83
2022,RIO BRANCO,9,319,301,256,45,3,15,63
2022,RIO BRANCO,1,786,341,251,90,14,8,112
2022,RIO BRANCO,9,99,334,239,95,11,25,131
2022,RIO BRANCO,1,688,320,232,88,10,6,104
2022,RIO BRANCO,1,676,275,215,60,2,11,73
2022,FEIJÓ,7,53,302,213,89,0,1,90
2022,FEIJÓ,7,57,310,218,92,2,9,103
2022,ACRELÂNDIA,8,64,225,179,46,4,7,57
2022,BUJARI,9,442,133,119,14,2,6,22
2022,MANOEL URBANO,3,135,287,220,67,4,13,84
2022,SENADOR GUIOMARD,8,161,192,165,27,4,1,32
2022,SENA MADUREIRA,3,105,307,227,80,3,4,87
2022,SENA MADUREIRA,3,2,277,197,80,4,2,86
2022,BUJARI,9,3,330,257,73,5,2,80
2022,BUJARI,9,136,270,186,84,4,4,92
2022,SANTA ROSA DO PURUS,3,125,285,170,115,2,4,121
2022,BUJARI,9,237,331,241,90,3,12,105
2022,CRUZEIRO DO SUL,4,222,250,205,45,8,6,59
2022,TARAUACÁ,5,77,268,205,63,7,13,83
2022,CRUZEIRO DO SUL,4,137,231,161,70,2,2,74
2022,MÂNCIO LIMA,4,100,167,122,45,1,5,51
2022,EPITACIOLÂNDIA,6,61,280,223,57,5,3,65
2022,BRASILÉIA,6,8,270,215,55,3,9,67
2022,CRUZEIRO DO SUL,4,111,275,215,60,4,3,67
2022,JORDÃO,5,57,210,158,52,0,0,52
2022,CRUZEIRO DO SUL,4,319,222,176,46,2,10,58
2022,CRUZEIRO DO SUL,4,10,214,169,45,5,4,54
2022,BRASILÉIA,6,119,278,212,66,6,8,80
2022,CRUZEIRO DO SUL,4,55,220,177,43,3,3,49
2022,MARECHAL THAUMATURGO,4,196,299,249,50,0,0,50
2022,SENADOR GUIOMARD,8,31,239,202,37,12,10,59
2022,SENADOR GUIOMARD,8,49,298,226,72,1,5,78
2022,RIO BRANCO,9,51,331,263,68,7,6,81
2022,RIO BRANCO,9,86,334,265,69,6,8,83
2022,RIO BRANCO,9,198,331,257,74,6,3,83
2022,RIO BRANCO,1,640,332,266,66,5,4,75
2022,RIO BRANCO,9,369,336,264,72,5,17,94
2022,RIO BRANCO,9,377,304,257,47,5,7,59
2022,RIO BRANCO,9,400,325,249,76,13,17,106
2022,RIO BRANCO,9,21,331,280,51,7,7,65
2022,RIO BRANCO,1,545,335,262,73,2,20,95
2022,RIO BRANCO,1,765,301,241,60,14,7,81
2022,RIO BRANCO,1,776,338,273,65,11,8,84
2022,MARECHAL THAUMATURGO,4,230,227,169,58,1,2,61
2022,SENA MADUREIRA,3,112,262,201,61,2,2,65
2022,RODRIGUES ALVES,4,292,282,236,46,1,5,52
2022,BUJARI,9,9,322,233,89,6,3,98
2022,SENA MADUREIRA,3,23,324,240,84,5,19,108
2022,SENA MADUREIRA,3,35,335,238,97,3,12,112
2022,SENA MADUREIRA,3,144,185,159,26,3,5,34
2022,SANTA ROSA DO PURUS,3,87,311,230,81,0,4,85
2022,SENA MADUREIRA,3,90,285,234,51,2,3,56
2022,BUJARI,9,8,275,209,66,0,20,86
2022,BUJARI,9,437,239,194,45,5,14,64
2022,SENA MADUREIRA,3,83,301,224,77,3,4,84
2022,PORTO ACRE,1,586,294,248,46,2,3,51
2022,RIO BRANCO,1,15,248,205,43,3,7,53
2022,RIO BRANCO,9,172,363,298,65,2,10,77
2022,RIO BRANCO,9,384,338,262,76,13,5,94
2022,RIO BRANCO,1,546,333,231,102,7,4,113
2022,RIO BRANCO,1,712,341,277,64,4,5,73
2022,RIO BRANCO,1,14,244,180,64,1,8,73
2022,RIO BRANCO,9,18,336,271,65,14,12,91
2022,RIO BRANCO,9,343,337,279,58,9,5,72
2022,RIO BRANCO,1,809,185,143,42,9,7,58
2022,RIO BRANCO,9,446,351,305,46,20,4,70
2022,RIO BRANCO,9,12,247,208,39,5,7,51
2022,RIO BRANCO,9,55,333,257,76,3,10,89
2022,SENADOR GUIOMARD,8,116,240,189,51,4,8,63
2022,SANTA ROSA DO PURUS,3,88,306,199,107,3,13,123
2022,SENA MADUREIRA,3,27,296,203,93,5,19,117
2022,SENA MADUREIRA,3,64,255,193,62,3,2,67
2022,SENA MADUREIRA,3,147,268,178,90,3,4,97
2022,SENA MADUREIRA,3,20,256,185,71,4,15,90
2022,MANOEL URBANO,3,100,316,244,72,0,26,98
2022,SENA MADUREIRA,3,97,259,196,63,6,13,82
2022,SENA MADUREIRA,3,109,231,184,47,0,14,61
2022,CRUZEIRO DO SUL,4,306,136,112,24,1,8,33
2022,CRUZEIRO DO SUL,4,67,190,146,44,9,3,56
2022,MÂNCIO LIMA,4,177,172,112,60,0,1,61
2022,CRUZEIRO DO SUL,4,123,281,227,54,13,7,74
2022,PLÁCIDO DE CASTRO,8,138,279,219,60,2,2,64
2022,EPITACIOLÂNDIA,6,34,289,238,51,7,14,72
2022,TARAUACÁ,5,53,335,243,92,4,12,108
2022,EPITACIOLÂNDIA,6,106,282,215,67,4,6,77
2022,JORDÃO,5,62,310,215,95,0,11,106
2022,CRUZEIRO DO SUL,4,45,264,218,46,2,4,52
2022,CRUZEIRO DO SUL,4,88,297,235,62,4,4,70
2022,MARECHAL THAUMATURGO,4,435,296,226,70,0,1,71
2022,CRUZEIRO DO SUL,4,87,262,220,42,4,12,58
2022,MÂNCIO LIMA,4,102,296,201,95,4,4,103
2022,CRUZEIRO DO SUL,4,113,183,130,53,4,2,59
2022,CRUZEIRO DO SUL,4,214,279,226,53,14,12,79
2022,CRUZEIRO DO SUL,4,354,282,218,64,11,8,83
2022,CRUZEIRO DO SUL,4,420,259,194,65,4,1,70
2022,CAPIXABA,2,102,242,185,57,1,1,59
2022,TARAUACÁ,5,49,313,216,97,3,10,110
2022,TARAUACÁ,5,117,306,197,109,2,1,112
2022,TARAUACÁ,5,68,298,213,85,2,8,95
2022,PORTO ACRE,1,593,235,182,53,9,7,69
2022,BRASILÉIA,6,18,194,146,48,4,3,55
2022,EPITACIOLÂNDIA,6,98,241,197,44,0,2,46
2022,BRASILÉIA,6,132,162,129,33,1,6,40
2022,BRASILÉIA,6,87,277,215,62,3,13,78
2022,TARAUACÁ,5,31,333,237,96,4,11,111
2022,BRASILÉIA,6,136,286,229,57,1,1,59
2022,TARAUACÁ,5,41,302,216,86,4,7,97
2022,TARAUACÁ,5,58,217,130,87,2,1,90
2022,EPITACIOLÂNDIA,6,151,291,232,59,10,1,70
2022,TARAUACÁ,5,87,269,204,65,9,13,87
2022,RIO BRANCO,1,527,263,186,77,4,2,83
2022,BRASILÉIA,6,120,278,207,71,6,4,81
2022,PORTO ACRE,1,618,290,212,78,7,6,91
2022,CRUZEIRO DO SUL,4,65,192,156,36,1,1,38
2022,PLÁCIDO DE CASTRO,8,17,282,221,61,7,2,70
2022,ACRELÂNDIA,8,95,176,141,35,3,1,39
2022,TARAUACÁ,5,121,227,158,69,3,0,72
2022,TARAUACÁ,5,5,321,200,121,4,14,139
2022,FEIJÓ,7,24,296,184,112,4,6,122
2022,ACRELÂNDIA,8,162,285,220,65,13,12,90
2022,RIO BRANCO,9,416,187,129,58,1,0,59
2022,CRUZEIRO DO SUL,4,301,325,230,95,1,4,100
2022,MÂNCIO LIMA,4,216,295,232,63,6,3,72
2022,ASSIS BRASIL,6,30,296,232,64,2,11,77
2022,MARECHAL THAUMATURGO,4,284,310,230,80,3,2,85
2022,CRUZEIRO DO SUL,4,345,256,199,57,3,6,66
2022,CRUZEIRO DO SUL,4,61,233,180,53,4,8,65
2022,CRUZEIRO DO SUL,4,126,246,199,47,5,10,62
2022,MARECHAL THAUMATURGO,4,143,325,236,89,1,11,101
2022,CRUZEIRO DO SUL,4,9,211,173,38,0,8,46
2022,EPITACIOLÂNDIA,6,9,289,216,73,7,17,97
2022,SENADOR GUIOMARD,8,239,213,167,46,8,10,64
2022,FEIJÓ,7,59,270,201,69,3,1,73
2022,FEIJÓ,7,87,311,216,95,1,1,97
2022,BRASILÉIA,6,140,127,89,38,1,1,40
2022,RIO BRANCO,1,471,333,237,96,5,5,106
2022,RIO BRANCO,1,758,227,191,36,8,7,51
2022,RIO BRANCO,9,29,277,229,48,9,6,63
2022,RIO BRANCO,9,141,329,253,76,4,4,84
2022,JORDÃO,5,65,221,142,79,0,11,90
2022,RIO BRANCO,1,820,347,306,41,12,5,58
2022,RIO BRANCO,9,389,333,260,73,6,0,79
2022,RIO BRANCO,1,287,222,188,34,7,4,45
2022,RIO BRANCO,9,447,171,153,18,9,8,35
2022,RIO BRANCO,9,121,302,254,48,14,15,77
2022,RIO BRANCO,1,779,327,266,61,18,17,96
2022,RIO BRANCO,1,537,199,147,52,14,7,73
2022,RIO BRANCO,9,387,332,278,54,14,7,75
2022,RIO BRANCO,1,806,339,248,91,7,6,104
2022,RIO BRANCO,9,303,293,228,65,4,11,80
2022,RIO BRANCO,9,261,298,225,73,9,7,89
2022,RIO BRANCO,1,461,314,248,66,2,9,77
2022,RIO BRANCO,9,173,320,252,68,12,7,87
2022,RIO BRANCO,1,386,328,268,60,1,5,66
2022,RIO BRANCO,9,68,340,284,56,2,9,67
2022,RIO BRANCO,9,307,318,257,61,7,6,74
2022,RIO BRANCO,1,713,330,260,70,16,13,99
2022,PORTO ACRE,1,595,239,198,41,8,1,50
2022,EPITACIOLÂNDIA,6,64,270,231,39,8,11,58
2022,PORTO ACRE,1,579,250,210,40,3,2,45
2022,CAPIXABA,2,95,260,197,63,7,2,72
2022,PLÁCIDO DE CASTRO,8,3,227,173,54,4,9,67
2022,RIO BRANCO,1,457,323,244,79,14,6,99
2022,SENADOR GUIOMARD,8,104,199,163,36,4,0,40
2022,RIO BRANCO,1,669,341,269,72,5,7,84
2022,RIO BRANCO,9,102,326,284,42,14,13,69
2022,RIO BRANCO,9,73,251,215,36,8,13,57
2022,RIO BRANCO,1,734,313,249,64,15,12,91
2022,RIO BRANCO,1,380,293,250,43,2,8,53
2022,RIO BRANCO,1,807,215,148,67,10,1,78
2022,RIO BRANCO,1,542,325,261,64,3,2,69
2022,CAPIXABA,2,69,245,212,33,1,13,47
2022,TARAUACÁ,5,84,273,204,69,2,2,73
2022,PORTO ACRE,1,609,225,184,41,3,9,53
2022,EPITACIOLÂNDIA,6,51,283,215,68,11,15,94
2022,PORTO ACRE,1,625,249,192,57,7,4,68
2022,SENA MADUREIRA,3,21,251,174,77,4,4,85
2022,BRASILÉIA,6,62,278,230,48,2,10,60
2022,EPITACIOLÂNDIA,6,145,115,92,23,3,0,26
2022,BRASILÉIA,6,84,176,134,42,9,4,55
2022,PORTO ACRE,1,616,294,249,45,0,10,55
2022,MÂNCIO LIMA,4,89,269,185,84,3,1,88
2022,EPITACIOLÂNDIA,6,148,277,234,43,5,5,53
2022,MANOEL URBANO,3,45,341,249,92,6,17,115
2022,SENA MADUREIRA,3,6,330,238,92,3,1,96
2022,FEIJÓ,7,43,229,171,58,6,7,71
2022,FEIJÓ,7,20,281,204,77,3,4,84
2022,RIO BRANCO,1,75,257,206,51,8,14,73
2022,RIO BRANCO,9,379,331,258,73,1,15,89
2022,SENADOR GUIOMARD,8,91,247,200,47,9,8,64
2022,RIO BRANCO,1,444,327,269,58,2,14,74
2022,RIO BRANCO,9,38,337,280,57,9,19,85
2022,RIO BRANCO,1,491,313,228,85,5,5,95
2022,SENADOR GUIOMARD,8,29,323,262,61,12,27,100
2022,RIO BRANCO,9,190,328,270,58,10,11,79
2022,RIO BRANCO,1,794,314,220,94,9,5,108
2022,RIO BRANCO,1,462,329,254,75,14,9,98
2022,RIO BRANCO,1,657,320,252,68,8,8,84
2022,CRUZEIRO DO SUL,4,336,284,228,56,14,17,87
2022,CRUZEIRO DO SUL,4,154,251,204,47,9,1,57
2022,RODRIGUES ALVES,4,148,303,211,92,4,8,104
2022,FEIJÓ,7,37,314,232,82,4,14,100
2022,FEIJÓ,7,14,271,193,78,4,7,89
2022,FEIJÓ,7,63,318,234,84,3,3,90
2022,RIO BRANCO,9,421,310,216,94,9,7,110
2022,TARAUACÁ,5,93,260,172,88,2,3,93
2022,PORTO ACRE,1,619,191,155,36,6,12,54
2022,BRASILÉIA,6,117,187,127,60,2,21,83
2022,CRUZEIRO DO SUL,4,243,176,154,22,3,10,35
2022,CRUZEIRO DO SUL,4,413,254,188,66,2,1,69
2022,EPITACIOLÂNDIA,6,101,209,182,27,2,1,30
2022,EPITACIOLÂNDIA,6,40,290,221,69,6,4,79
2022,EPITACIOLÂNDIA,6,72,205,166,39,10,2,51
2022,RIO BRANCO,9,230,280,206,74,5,4,83
2022,BRASILÉIA,6,44,264,207,57,10,8,75
2022,PLÁCIDO DE CASTRO,8,202,246,189,57,4,1,62
2022,XAPURI,2,26,245,200,45,3,1,49
2022,SENADOR GUIOMARD,8,152,242,216,26,0,13,39
2022,RIO BRANCO,1,204,194,145,49,7,2,58
2022,RIO BRANCO,9,104,334,278,56,3,21,80
2022,RIO BRANCO,1,164,243,185,58,5,5,68
2022,RIO BRANCO,1,435,319,248,71,11,11,93
2022,RIO BRANCO,9,236,179,132,47,3,1,51
2022,RIO BRANCO,9,139,335,283,52,16,14,82
2022,RIO BRANCO,9,284,330,246,84,17,4,105
2022,RIO BRANCO,9,288,284,214,70,16,16,102
2022,RIO BRANCO,1,780,331,263,68,6,7,81
2022,RIO BRANCO,1,632,331,265,66,7,10,83
2022,RIO BRANCO,1,187,277,239,38,2,4,44
2022,CRUZEIRO DO SUL,4,191,258,228,30,1,9,40
2022,RIO BRANCO,1,497,289,234,55,6,9,70
2022,RIO BRANCO,1,835,182,164,18,9,4,31
2022,RIO BRANCO,1,281,195,161,34,3,6,43
2022,RIO BRANCO,1,710,329,263,66,4,8,78
2022,RIO BRANCO,9,289,331,237,94,15,1,110
2022,RIO BRANCO,1,501,306,236,70,13,3,86
2022,RIO BRANCO,9,11,253,208,45,4,12,61
2022,RIO BRANCO,9,328,331,259,72,9,6,87
2022,RIO BRANCO,1,496,236,189,47,11,6,64
2022,RIO BRANCO,9,223,298,238,60,6,7,73
2022,RIO BRANCO,1,648,321,248,73,5,8,86
2022,RIO BRANCO,1,634,332,255,77,6,8,91
2022,RIO BRANCO,9,135,336,273,63,5,7,75
2022,FEIJÓ,7,22,279,189,90,2,8,100
2022,FEIJÓ,7,35,273,188,85,1,4,90
2022,FEIJÓ,7,70,308,252,56,4,4,64
2022,FEIJÓ,7,76,196,126,70,0,6,76
2022,PORTO WALTER,4,361,287,209,78,1,1,80
2022,RIO BRANCO,1,639,331,255,76,10,6,92
2022,RIO BRANCO,9,430,312,243,69,14,8,91
2022,MÂNCIO LIMA,4,307,259,230,29,0,1,30
2022,RIO BRANCO,9,122,351,286,65,9,8,82
2022,RIO BRANCO,1,43,251,176,75,8,7,90
2022,SENADOR GUIOMARD,8,200,242,182,60,12,10,82
2022,RIO BRANCO,1,176,249,225,24,13,9,46
2022,RIO BRANCO,1,97,252,195,57,8,11,76
2022,RIO BRANCO,9,39,224,175,49,5,5,59
2022,RIO BRANCO,1,303,177,148,29,3,4,36
2022,RIO BRANCO,1,194,197,158,39,2,3,44
2022,RIO BRANCO,9,83,282,239,43,4,18,65
2022,RIO BRANCO,9,299,330,252,78,6,3,87
2022,RIO BRANCO,9,59,301,243,58,7,10,75
2022,XAPURI,2,54,252,194,58,2,0,60
2022,FEIJÓ,7,41,327,236,91,6,8,105
2022,RIO BRANCO,9,20,376,305,71,6,14,91
2022,FEIJÓ,7,46,203,135,68,1,5,74
2022,XAPURI,2,29,245,198,47,3,16,66
2022,SENA MADUREIRA,3,57,313,234,79,4,2,85
2022,MANOEL URBANO,3,52,299,227,72,0,3,75
2022,SENA MADUREIRA,3,33,299,225,74,7,13,94
2022,SENA MADUREIRA,3,149,92,77,15,0,4,19
2022,SENA MADUREIRA,3,128,330,249,81,1,2,84
2022,MANOEL URBANO,3,145,291,211,80,0,1,81
2022,SENA MADUREIRA,3,3,266,185,81,5,1,87
2022,SENA MADUREIRA,3,32,304,225,79,4,23,106
2022,SENA MADUREIRA,3,81,259,198,61,5,3,69
2022,MANOEL URBANO,3,153,112,89,23,2,3,28
2022,SENA MADUREIRA,3,31,285,214,71,3,16,90
2022,SENA MADUREIRA,3,118,270,194,76,9,8,93
2022,CRUZEIRO DO SUL,4,269,257,211,46,2,0,48
2022,MARECHAL THAUMATURGO,4,114,321,240,81,2,10,93
2022,CRUZEIRO DO SUL,4,382,317,203,114,1,19,134
2022,CRUZEIRO DO SUL,4,362,281,221,60,6,2,68
2022,CRUZEIRO DO SUL,4,205,175,143,32,0,0,32
2022,PORTO WALTER,4,373,293,227,66,1,3,70
2022,CRUZEIRO DO SUL,4,308,213,160,53,2,1,56
2022,CRUZEIRO DO SUL,4,179,255,214,41,6,5,52
2022,BUJARI,9,137,317,244,73,5,4,82
2022,TARAUACÁ,5,104,344,264,80,1,6,87
2022,EPITACIOLÂNDIA,6,141,115,94,21,3,3,27
2022,TARAUACÁ,5,88,289,225,64,10,7,81
2022,MARECHAL THAUMATURGO,4,359,282,209,73,1,3,77
2022,PORTO WALTER,4,321,126,94,32,0,3,35
2022,RODRIGUES ALVES,4,241,262,206,56,1,1,58
2022,PORTO ACRE,1,600,274,214,60,0,18,78
2022,PORTO WALTER,4,442,296,208,88,1,5,94
2022,CRUZEIRO DO SUL,4,247,251,207,44,5,4,53
2022,CRUZEIRO DO SUL,4,255,257,216,41,10,9,60
2022,CRUZEIRO DO SUL,4,178,290,222,68,3,10,81
2022,CRUZEIRO DO SUL,4,293,297,240,57,1,3,61
2022,RIO BRANCO,1,445,295,220,75,3,17,95
2022,RIO BRANCO,9,263,339,256,83,9,7,99
2022,RIO BRANCO,1,479,196,161,35,6,3,44
2022,EPITACIOLÂNDIA,6,96,203,166,37,2,1,40
2022,SENADOR GUIOMARD,8,154,242,188,54,9,18,81
2022,RIO BRANCO,1,677,299,241,58,4,6,68
2022,CRUZEIRO DO SUL,4,42,193,157,36,3,12,51
2022,MÂNCIO LIMA,4,97,264,207,57,4,2,63
2022,CRUZEIRO DO SUL,4,343,287,229,58,2,0,60
2022,MARECHAL THAUMATURGO,4,384,185,131,54,0,1,55
2022,CRUZEIRO DO SUL,4,246,270,215,55,9,3,67
2022,MARECHAL THAUMATURGO,4,163,277,213,64,1,1,66
2022,XAPURI,2,50,203,176,27,3,5,35
2022,CRUZEIRO DO SUL,4,348,242,188,54,2,2,58
2022,CRUZEIRO DO SUL,4,244,284,213,71,2,2,75
2022,MÂNCIO LIMA,4,303,225,188,37,4,11,52
2022,CRUZEIRO DO SUL,4,227,239,187,52,1,4,57
2022,RIO BRANCO,1,726,281,222,59,6,11,76
2022,PLÁCIDO DE CASTRO,8,234,198,138,60,1,3,64
2022,PLÁCIDO DE CASTRO,8,173,177,125,52,1,9,62
2022,XAPURI,2,24,238,182,56,3,6,65
2022,ACRELÂNDIA,8,169,231,172,59,2,2,63
2022,RIO BRANCO,1,511,185,145,40,7,7,54
2022,SENADOR GUIOMARD,8,126,235,189,46,3,0,49
2022,RIO BRANCO,9,196,328,262,66,3,7,76
2022,PLÁCIDO DE CASTRO,8,42,269,210,59,3,3,65
2022,CRUZEIRO DO SUL,4,175,288,221,67,10,6,83
2022,CRUZEIRO DO SUL,4,27,246,189,57,9,2,68
2022,CRUZEIRO DO SUL,4,66,182,152,30,2,5,37
2022,MARECHAL THAUMATURGO,4,237,254,182,72,1,2,75
2022,TARAUACÁ,5,9,308,199,109,4,16,129
2022,RIO BRANCO,1,804,261,196,65,8,0,73
2022,MÂNCIO LIMA,4,248,251,190,61,4,9,74
2022,CRUZEIRO DO SUL,4,288,280,220,60,4,3,67
2022,PORTO WALTER,4,144,298,248,50,2,12,64
2022,RODRIGUES ALVES,4,226,221,183,38,2,0,40
2022,CRUZEIRO DO SUL,4,15,330,273,57,5,5,67
2022,MÂNCIO LIMA,4,181,242,184,58,1,2,61
2022,CRUZEIRO DO SUL,4,422,317,222,95,2,2,99
2022,CRUZEIRO DO SUL,4,254,279,224,55,8,9,72
2022,SENA MADUREIRA,3,123,288,218,70,3,3,76
2022,BUJARI,9,10,277,207,70,1,18,89
2022,BUJARI,9,201,262,179,83,3,6,92
2022,MANOEL URBANO,3,46,331,245,86,4,3,93
2022,MARECHAL THAUMATURGO,4,331,297,204,93,7,6,106
2022,CRUZEIRO DO SUL,4,183,263,217,46,6,6,58
2022,MÂNCIO LIMA,4,190,300,253,47,1,12,60
2022,RODRIGUES ALVES,4,349,261,193,68,0,3,71
2022,CRUZEIRO DO SUL,4,5,285,219,66,1,3,70
2022,RIO BRANCO,1,463,342,262,80,3,5,88
2022,FEIJÓ,7,17,282,207,75,2,17,94
2022,FEIJÓ,7,88,322,237,85,2,12,99
2022,FEIJÓ,7,79,167,111,56,0,4,60
2022,RIO BRANCO,9,290,334,243,91,11,10,112
2022,ACRELÂNDIA,8,186,226,177,49,6,3,58
2022,RIO BRANCO,9,390,336,286,50,7,9,66
2022,RIO BRANCO,1,5,341,263,78,9,6,93
2022,FEIJÓ,7,85,308,218,90,7,4,101
2022,FEIJÓ,7,12,275,180,95,3,11,109
2022,FEIJÓ,7,72,330,240,90,4,17,111
2022,FEIJÓ,7,11,271,180,91,3,12,106
2022,FEIJÓ,7,60,223,163,60,4,5,69
2022,PLÁCIDO DE CASTRO,8,2,227,173,54,4,1,59
2022,CAPIXABA,2,79,299,224,75,5,7,87
2022,CRUZEIRO DO SUL,4,285,257,202,55,0,1,56
2022,SENA MADUREIRA,3,115,293,234,59,2,1,62
2022,SENA MADUREIRA,3,39,307,203,104,7,18,129
2022,MÂNCIO LIMA,4,116,258,206,52,1,3,56
2022,RODRIGUES ALVES,4,176,220,173,47,3,2,52
2022,RIO BRANCO,1,637,337,257,80,16,6,102
2022,CRUZEIRO DO SUL,4,402,294,231,63,7,7,77
2022,RIO BRANCO,1,743,254,193,61,8,7,76
2022,RIO BRANCO,9,246,335,266,69,12,2,83
2022,RIO BRANCO,9,37,335,265,70,4,12,86
2022,RIO BRANCO,1,452,330,261,69,8,26,103
2022,SENADOR GUIOMARD,8,225,216,155,61,4,10,75
2022,RIO BRANCO,9,317,300,242,58,7,9,74
2022,RIO BRANCO,9,462,73,61,12,1,1,14
2022,RIO BRANCO,1,85,294,233,61,7,11,79
2022,RIO BRANCO,1,34,178,143,35,6,4,45
2022,RIO BRANCO,9,209,329,254,75,6,7,88
2022,CAPIXABA,2,67,294,230,64,3,1,68
2022,PLÁCIDO DE CASTRO,8,61,244,206,38,4,8,50
2022,PLÁCIDO DE CASTRO,8,121,162,128,34,2,1,37
2022,RIO BRANCO,9,35,333,266,67,10,19,96
2022,XAPURI,2,34,149,114,35,1,2,38
2022,CAPIXABA,2,78,228,164,64,3,3,70
2022,CRUZEIRO DO SUL,4,13,188,143,45,5,9,59
2022,XAPURI,2,55,286,220,66,3,4,73
2022,ACRELÂNDIA,8,198,114,80,34,2,1,37
2022,CRUZEIRO DO SUL,4,278,238,188,50,10,3,63
2022,CRUZEIRO DO SUL,4,300,157,97,60,6,9,75
2022,TARAUACÁ,5,19,313,210,103,2,2,107
2022,XAPURI,2,19,196,167,29,4,19,52
2022,SENADOR GUIOMARD,8,39,272,203,69,9,10,88
2022,RIO BRANCO,1,443,299,245,54,9,20,83
2022,RIO BRANCO,1,6,342,264,78,4,5,87
2022,RIO BRANCO,9,222,293,242,51,11,5,67
2022,RIO BRANCO,9,87,344,269,75,5,0,80
2022,RIO BRANCO,1,723,296,239,57,8,0,65
2022,RIO BRANCO,9,373,330,251,79,11,3,93
2022,RIO BRANCO,1,803,337,212,125,6,7,138
2022,RIO BRANCO,1,638,337,267,70,2,9,81
2022,FEIJÓ,7,44,323,215,108,3,18,129
2022,RIO BRANCO,1,698,334,270,64,4,6,74
2022,RIO BRANCO,9,79,344,282,62,11,23,96
2022,RIO BRANCO,9,348,322,260,62,5,9,76
2022,RIO BRANCO,9,424,274,215,59,5,4,68
2022,RIO BRANCO,1,451,330,251,79,9,13,101
2022,RIO BRANCO,1,651,335,278,57,8,5,70
2022,RIO BRANCO,1,168,319,285,34,8,3,45
2022,RIO BRANCO,1,381,234,216,18,9,8,35
2022,RIO BRANCO,9,94,340,273,67,7,3,77
2022,RIO BRANCO,9,337,333,259,74,16,13,103
2022,RIO BRANCO,9,235,322,240,82,7,8,97
2022,RIO BRANCO,9,134,329,271,58,11,9,78
2022,RIO BRANCO,9,118,330,281,49,3,8,60
2022,RIO BRANCO,1,186,250,182,68,11,12,91
2022,RIO BRANCO,9,60,332,253,79,5,9,93
2022,RIO BRANCO,1,814,339,245,94,17,10,121
2022,MÂNCIO LIMA,4,283,269,170,99,0,0,99
2022,CRUZEIRO DO SUL,4,419,295,224,71,5,8,84
2022,XAPURI,2,46,229,174,55,4,5,64
2022,CAPIXABA,2,90,264,214,50,2,2,54
2022,PLÁCIDO DE CASTRO,8,7,136,113,23,1,1,25
2022,XAPURI,2,13,281,237,44,7,17,68
2022,PLÁCIDO DE CASTRO,8,24,244,188,56,6,2,64
2022,MÂNCIO LIMA,4,335,284,225,59,3,1,63
2022,PLÁCIDO DE CASTRO,8,113,223,180,43,5,9,57
2022,CRUZEIRO DO SUL,4,108,287,219,68,13,11,92
2022,CRUZEIRO DO SUL,4,392,297,226,71,7,9,87
2022,FEIJÓ,7,34,324,220,104,0,7,111
2022,FEIJÓ,7,42,271,204,67,5,7,79
2022,FEIJÓ,7,1,271,176,95,0,9,104
2022,RIO BRANCO,9,404,328,258,70,6,10,86
2022,RIO BRANCO,9,54,281,229,52,6,4,62
2022,RIO BRANCO,1,824,332,280,52,5,0,57
2022,RIO BRANCO,1,663,324,264,60,3,6,69
2022,RIO BRANCO,1,39,195,160,35,5,3,43
2022,RIO BRANCO,1,63,274,214,60,5,4,69
2022,RIO BRANCO,1,789,342,248,94,10,2,106
2022,RIO BRANCO,1,679,241,189,52,3,5,60
2022,RIO BRANCO,9,105,354,291,63,2,10,75
2022,RIO BRANCO,9,50,233,195,38,8,3,49
2022,RIO BRANCO,1,744,269,222,47,3,4,54
2022,RIO BRANCO,9,27,337,275,62,6,7,75
2022,RIO BRANCO,1,742,253,206,47,9,11,67
2022,RIO BRANCO,1,9,283,222,61,5,10,76
2022,RIO BRANCO,1,489,253,218,35,9,9,53
2022,SENADOR GUIOMARD,8,63,224,182,42,8,4,54
2022,RIO BRANCO,1,513,314,222,92,11,13,116
2022,RIO BRANCO,9,351,329,248,81,12,17,110
2022,RIO BRANCO,1,506,325,236,89,4,8,101
2022,RIO BRANCO,9,325,329,274,55,13,5,73
2022,RIO BRANCO,1,761,234,188,46,1,5,52
2022,RIO BRANCO,1,182,331,263,68,6,3,77
2022,RIO BRANCO,1,40,200,155,45,9,4,58
2022,RIO BRANCO,9,194,285,226,59,10,9,78
2022,RIO BRANCO,1,661,332,278,54,3,9,66
2022,RIO BRANCO,1,785,338,259,79,9,7,95
2022,CRUZEIRO DO SUL,4,340,255,193,62,2,2,66
2022,RIO BRANCO,9,265,360,274,86,5,23,114
2022,RIO BRANCO,1,464,317,234,83,6,14,103
2022,RIO BRANCO,9,362,296,228,68,9,3,80
2022,RIO BRANCO,9,359,301,226,75,11,13,99
2022,CRUZEIRO DO SUL,4,41,201,182,19,4,4,27
2022,RIO BRANCO,9,333,322,252,70,9,7,86
2022,RIO BRANCO,1,673,336,261,75,10,3,88
2022,RIO BRANCO,9,231,331,244,87,20,9,116
2022,RIO BRANCO,1,159,340,291,49,5,4,58
2022,RIO BRANCO,9,132,336,283,53,4,3,60
2022,RIO BRANCO,1,36,340,260,80,4,19,103
2022,SENA MADUREIRA,3,30,304,217,87,9,17,113
2022,BUJARI,9,4,333,264,69,2,17,88
2022,MANOEL URBANO,3,59,314,239,75,1,2,78
2022,SENA MADUREIRA,3,85,267,228,39,0,2,41
2022,SENA MADUREIRA,3,78,317,248,69,5,2,76
2022,BUJARI,9,305,321,223,98,8,7,113
2022,SENA MADUREIRA,3,121,269,188,81,3,7,91
2022,MANOEL URBANO,3,126,270,199,71,2,8,81
2022,MANOEL URBANO,3,43,345,235,110,5,26,141
2022,MANOEL URBANO,3,130,257,172,85,5,12,102
2022,SENA MADUREIRA,3,113,280,214,66,1,1,68
2022,SENA MADUREIRA,3,155,105,85,20,1,0,21
2022,XAPURI,2,42,246,185,61,2,3,66
2022,CAPIXABA,2,107,97,78,19,1,2,22
2022,RIO BRANCO,9,213,327,219,108,10,10,128
2022,BRASILÉIA,6,121,233,173,60,2,7,69
2022,BRASILÉIA,6,35,267,209,58,10,7,75
2022,PORTO ACRE,1,587,295,255,40,3,1,44
2022,BRASILÉIA,6,102,241,195,46,1,2,49
2022,BUJARI,9,5,311,232,79,2,5,86
2022,FEIJÓ,7,30,261,192,69,2,11,82
2022,FEIJÓ,7,83,262,206,56,0,3,59
2022,FEIJÓ,7,32,276,174,102,5,4,111
2022,RIO BRANCO,1,83,298,233,65,5,3,73
2022,RIO BRANCO,9,345,344,271,73,10,10,93
2022,RIO BRANCO,1,646,325,251,74,3,12,89
2022,CRUZEIRO DO SUL,4,315,288,232,56,3,5,64
2022,CRUZEIRO DO SUL,4,189,241,203,38,8,6,52
2022,MÂNCIO LIMA,4,369,197,173,24,2,2,28
2022,RODRIGUES ALVES,4,428,134,105,29,0,2,31
2022,PLÁCIDO DE CASTRO,8,151,201,173,28,1,5,34
2022,RIO BRANCO,1,447,343,250,93,8,3,104
2022,MÂNCIO LIMA,4,276,233,191,42,3,11,56
2022,RIO BRANCO,9,313,340,246,94,16,6,116
2022,RIO BRANCO,9,130,328,287,41,8,6,55
2022,RIO BRANCO,1,130,341,276,65,9,2,76
2022,RIO BRANCO,1,766,316,256,60,4,3,67
2022,RIO BRANCO,9,453,344,278,66,8,12,86
2022,TARAUACÁ,5,26,278,217,61,6,19,86
2022,TARAUACÁ,5,25,293,210,83,8,16,107
2022,EPITACIOLÂNDIA,6,86,299,233,66,6,10,82
2022,BUJARI,9,212,332,259,73,6,4,83
2022,CRUZEIRO DO SUL,4,239,284,227,57,8,16,81
2022,XAPURI,2,32,253,219,34,0,15,49
2022,BRASILÉIA,6,100,238,176,62,0,3,65
2022,EPITACIOLÂNDIA,6,46,296,226,70,6,5,81
2022,JORDÃO,5,122,233,176,57,0,6,63
2022,PORTO ACRE,1,614,185,156,29,4,0,33
2022,ASSIS BRASIL,6,104,299,217,82,0,6,88
2022,ASSIS BRASIL,6,129,365,282,83,8,15,106
2022,TARAUACÁ,5,129,210,137,73,1,0,74
2022,CRUZEIRO DO SUL,4,378,293,225,68,8,4,80
2022,SENADOR GUIOMARD,8,100,195,173,22,9,16,47
2022,ACRELÂNDIA,8,256,241,152,89,9,9,107
2022,CAPIXABA,2,70,242,197,45,4,12,61
2022,RIO BRANCO,1,816,178,144,34,4,1,39
2022,ACRELÂNDIA,8,232,235,176,59,7,10,76
2022,BUJARI,9,7,320,230,90,7,24,121
2022,PLÁCIDO DE CASTRO,8,5,263,196,67,4,2,73
2022,XAPURI,2,45,294,218,76,1,4,81
2022,CRUZEIRO DO SUL,4,415,268,196,72,5,11,88
2022,CRUZEIRO DO SUL,4,125,187,141,46,6,7,59
2022,RODRIGUES ALVES,4,274,275,208,67,0,1,68
2022,CRUZEIRO DO SUL,4,8,247,187,60,4,0,64
2022,CRUZEIRO DO SUL,4,405,284,217,67,5,2,74
2022,MARECHAL THAUMATURGO,4,318,320,261,59,2,8,69
2022,MÂNCIO LIMA,4,414,282,207,75,4,4,83
2022,EPITACIOLÂNDIA,6,71,252,222,30,3,1,34
2022,PORTO ACRE,1,598,278,213,65,7,20,92
2022,TARAUACÁ,5,54,245,150,95,5,20,120
2022,RIO BRANCO,9,182,301,191,110,11,12,133
2022,TARAUACÁ,5,116,299,208,91,4,11,106
2022,TARAUACÁ,5,47,307,214,93,3,19,115
2022,TARAUACÁ,5,103,177,102,75,1,5,81
2022,PORTO ACRE,1,594,237,182,55,7,1,63
2022,TARAUACÁ,5,29,332,221,111,9,15,135
2022,MARECHAL THAUMATURGO,4,162,272,210,62,0,1,63
2022,RODRIGUES ALVES,4,234,267,215,52,1,17,70
2022,RODRIGUES ALVES,4,250,325,278,47,1,8,56
2022,RODRIGUES ALVES,4,431,191,147,44,5,6,55
2022,RIO BRANCO,1,500,190,149,41,5,1,47
2022,RIO BRANCO,1,827,180,152,28,8,2,38
2022,RIO BRANCO,9,420,331,243,88,10,5,103
2022,RIO BRANCO,1,727,335,255,80,6,2,88
2022,RIO BRANCO,9,226,337,267,70,9,2,81
2022,RIO BRANCO,9,253,332,260,72,10,11,93
2022,RIO BRANCO,9,321,324,255,69,12,13,94
2022,RIO BRANCO,9,381,331,255,76,3,7,86
2022,RIO BRANCO,9,138,336,271,65,14,16,95
2022,FEIJÓ,7,81,342,238,104,5,3,112
2022,CRUZEIRO DO SUL,4,275,314,256,58,3,1,62
2022,MARECHAL THAUMATURGO,4,424,291,196,95,1,2,98
2022,MARECHAL THAUMATURGO,4,75,349,231,118,4,5,127
2022,CRUZEIRO DO SUL,4,252,248,205,43,4,8,55
2022,SENA MADUREIRA,3,61,288,200,88,10,22,120
2022,MANOEL URBANO,3,41,332,259,73,7,14,94
2022,MANOEL URBANO,3,51,301,216,85,3,4,92
2022,SENA MADUREIRA,3,8,298,194,104,3,19,126
2022,SENA MADUREIRA,3,63,293,237,56,1,2,59
2022,SANTA ROSA DO PURUS,3,58,321,219,102,1,17,120
2022,MARECHAL THAUMATURGO,4,444,185,133,52,0,2,54
2022,CRUZEIRO DO SUL,4,235,201,132,69,0,2,71
2022,SENA MADUREIRA,3,127,278,214,64,3,3,70
2022,SENA MADUREIRA,3,29,316,218,98,3,1,102
2022,BUJARI,9,1,334,263,71,0,17,88
2022,RIO BRANCO,9,210,334,272,62,10,6,78
2022,RIO BRANCO,1,30,246,177,69,3,7,79
2022,BRASILÉIA,6,2,288,223,65,6,4,75
2022,SENA MADUREIRA,3,28,285,202,83,7,9,99
2022,BUJARI,9,304,310,230,80,3,10,93
2022,SENA MADUREIRA,3,68,324,251,73,3,7,83
2022,BUJARI,9,441,308,253,55,4,3,62
2022,BUJARI,9,419,331,240,91,4,2,97
2022,MANOEL URBANO,3,89,303,224,79,2,1,82
2022,SENA MADUREIRA,3,24,315,229,86,4,3,93
2022,SENADOR GUIOMARD,8,36,218,184,34,9,14,57
2022,RIO BRANCO,1,66,244,201,43,8,8,59
2022,RIO BRANCO,1,163,200,156,44,1,3,48
2022,RIO BRANCO,1,473,276,217,59,15,19,93
2022,RIO BRANCO,9,188,326,275,51,11,7,69
2022,RIO BRANCO,1,46,254,196,58,12,6,76
2022,SENADOR GUIOMARD,8,40,224,185,39,9,11,59
2022,RIO BRANCO,1,681,239,200,39,9,10,58
2022,RIO BRANCO,1,64,271,219,52,6,3,61
2022,RIO BRANCO,9,89,354,278,76,8,11,95
2022,RODRIGUES ALVES,4,351,260,174,86,4,4,94
2022,RIO BRANCO,1,449,322,240,82,8,8,98
2022,RIO BRANCO,1,536,186,153,33,5,3,41
2022,RIO BRANCO,9,171,334,276,58,11,5,74
2022,MÂNCIO LIMA,4,436,272,202,70,3,8,81
2022,CAPIXABA,2,66,294,238,56,3,4,63
2022,RIO BRANCO,1,711,338,274,64,7,4,75
2022,RIO BRANCO,9,62,324,252,72,5,10,87
2022,RIO BRANCO,9,282,337,254,83,6,3,92
2022,RIO BRANCO,1,826,334,272,62,3,9,74
2022,RIO BRANCO,9,150,370,314,56,9,8,73
2022,RIO BRANCO,9,281,336,239,97,7,4,108
2022,RODRIGUES ALVES,4,174,235,172,63,1,3,67
2022,MARECHAL THAUMATURGO,4,294,265,206,59,1,12,72
2022,RODRIGUES ALVES,4,197,216,152,64,3,3,70
2022,MARECHAL THAUMATURGO,4,375,270,202,68,0,1,69
2022,CRUZEIRO DO SUL,4,19,287,214,73,2,12,87
2022,BRASILÉIA,6,128,244,204,40,4,25,69
2022,TARAUACÁ,5,74,233,170,63,1,2,66
2022,CRUZEIRO DO SUL,4,86,257,205,52,3,9,64
2022,PLÁCIDO DE CASTRO,8,259,162,125,37,5,2,44
2022,BRASILÉIA,6,58,263,208,55,3,3,61
2022,CAPIXABA,2,75,264,193,71,3,4,78
2022,TARAUACÁ,5,70,280,212,68,4,1,73
2022,XAPURI,2,17,216,174,42,3,17,62
2022,TARAUACÁ,5,15,265,192,73,4,12,89
2022,XAPURI,2,25,247,198,49,7,12,68
2022,TARAUACÁ,5,1,323,204,119,4,22,145
2022,BRASILÉIA,6,32,270,227,43,3,4,50
2022,CRUZEIRO DO SUL,4,260,280,226,54,7,19,80
2022,RIO BRANCO,9,228,296,232,64,4,32,100
2022,BRASILÉIA,6,74,282,229,53,5,11,69
2022,FEIJÓ,7,51,315,216,99,3,1,103
2022,CAPIXABA,2,77,230,190,40,5,2,47
2022,XAPURI,2,18,240,194,46,1,3,50
2022,MARECHAL THAUMATURGO,4,326,250,135,115,0,3,118
2022,RIO BRANCO,1,748,331,272,59,7,8,74
2022,CRUZEIRO DO SUL,4,256,287,233,54,2,4,60
2022,FEIJÓ,7,90,81,67,14,1,0,15
2022,FEIJÓ,7,15,275,176,99,2,13,114
2022,PORTO ACRE,1,626,245,197,48,6,3,57
2022,RIO BRANCO,1,787,340,275,65,15,10,90
2022,RIO BRANCO,1,800,328,248,80,7,6,93
2022,CRUZEIRO DO SUL,4,23,276,222,54,7,6,67
2022,SENA MADUREIRA,3,25,254,199,55,4,11,70
2022,TARAUACÁ,5,78,262,195,67,5,3,75
2022,RIO BRANCO,9,90,348,298,50,4,9,63
2022,CRUZEIRO DO SUL,4,341,289,223,66,13,19,98
2022,CRUZEIRO DO SUL,4,342,287,227,60,8,9,77
2022,RIO BRANCO,9,349,328,261,67,17,9,93
2022,RODRIGUES ALVES,4,380,205,168,37,6,6,49
2022,MARECHAL THAUMATURGO,4,251,302,235,67,6,18,91
2022,RIO BRANCO,9,169,334,274,60,5,7,72
2022,CRUZEIRO DO SUL,4,334,299,249,50,8,16,74
2022,CRUZEIRO DO SUL,4,410,289,228,61,4,2,67
2022,RIO BRANCO,1,171,199,161,38,3,11,52
2022,RIO BRANCO,1,653,334,266,68,16,9,93
2022,MARECHAL THAUMATURGO,4,279,307,233,74,2,3,79
2022,CRUZEIRO DO SUL,4,323,284,232,52,3,3,58
2022,CRUZEIRO DO SUL,4,296,310,228,82,3,22,107
2022,RIO BRANCO,9,316,306,223,83,15,10,108
2022,MARECHAL THAUMATURGO,4,74,336,224,112,3,12,127
2022,CRUZEIRO DO SUL,4,159,236,202,34,1,3,38
2022,MÂNCIO LIMA,4,96,307,226,81,3,4,88
2022,CRUZEIRO DO SUL,4,421,245,167,78,5,8,91
2022,CRUZEIRO DO SUL,4,395,200,164,36,10,4,50
2022,BRASILÉIA,6,13,274,214,60,6,2,68
2022,TARAUACÁ,5,108,296,204,92,4,6,102
2022,PORTO ACRE,1,605,228,187,41,2,3,46
2022,BRASILÉIA,6,67,277,224,53,4,4,61
2022,JORDÃO,5,27,333,241,92,0,4,96
2022,CAPIXABA,2,71,239,192,47,1,1,49
2022,XAPURI,2,5,233,186,47,2,12,61
2022,PLÁCIDO DE CASTRO,8,128,222,180,42,6,4,52
2022,MÂNCIO LIMA,4,104,298,244,54,4,23,81
2022,CRUZEIRO DO SUL,4,350,289,228,61,5,8,74
2022,MARECHAL THAUMATURGO,4,160,302,209,93,1,1,95
2022,CRUZEIRO DO SUL,4,139,260,221,39,6,6,51
2022,CRUZEIRO DO SUL,4,416,269,216,53,9,10,72
2022,FEIJÓ,7,86,306,224,82,4,5,91
2022,SENA MADUREIRA,3,67,289,223,66,8,8,82
2022,ACRELÂNDIA,8,146,193,141,52,3,4,59
2022,MÂNCIO LIMA,4,264,168,133,35,2,0,37
2022,CAPIXABA,2,93,336,258,78,1,1,80
2022,CRUZEIRO DO SUL,4,328,239,196,43,4,2,49
2022,MARECHAL THAUMATURGO,4,142,260,185,75,2,14,91
2022,FEIJÓ,7,18,281,187,94,3,13,110
2022,RIO BRANCO,9,113,318,223,95,5,7,107
2022,PLÁCIDO DE CASTRO,8,16,288,228,60,2,2,64
2022,RIO BRANCO,1,664,333,263,70,2,7,79
2022,RIO BRANCO,1,834,305,257,48,9,4,61
2022,FEIJÓ,7,7,229,164,65,2,2,69
2022,RIO BRANCO,9,77,339,288,51,6,11,68
2022,RODRIGUES ALVES,4,427,95,75,20,1,0,21
2022,CRUZEIRO DO SUL,4,207,255,205,50,9,7,66
2022,CRUZEIRO DO SUL,4,51,283,237,46,2,8,56
2022,CRUZEIRO DO SUL,4,136,291,237,54,5,1,60
2022,MÂNCIO LIMA,4,122,266,192,74,5,2,81
2022,MARECHAL THAUMATURGO,4,141,315,212,103,0,5,108
2022,PORTO WALTER,4,429,164,142,22,0,1,23
2022,RIO BRANCO,1,805,293,222,71,6,3,80
2022,RIO BRANCO,9,153,248,208,40,8,5,53
2022,SENADOR GUIOMARD,8,127,236,181,55,4,3,62
2022,RIO BRANCO,1,271,330,251,79,11,6,96
2022,FEIJÓ,7,3,273,200,73,3,18,94
2022,SENADOR GUIOMARD,8,242,296,199,97,5,5,107
2022,RIO BRANCO,9,164,250,212,38,1,4,43
2022,RIO BRANCO,9,406,338,267,71,4,7,82
2022,RIO BRANCO,1,467,330,254,76,1,9,86
2022,RIO BRANCO,1,250,245,210,35,2,2,39
2022,RIO BRANCO,1,539,139,111,28,9,5,42
2022,SENADOR GUIOMARD,8,73,250,217,33,7,14,54
2022,RIO BRANCO,1,658,318,259,59,6,5,70
2022,RIO BRANCO,1,739,332,269,63,5,17,85
2022,RIO BRANCO,1,682,306,240,66,4,11,81
2022,RIO BRANCO,1,801,326,239,87,9,1,97
2022,RIO BRANCO,9,98,322,269,53,18,20,91
2022,RIO BRANCO,9,108,336,277,59,9,14,82
2022,BRASILÉIA,6,20,289,222,67,6,20,93
2022,RIO BRANCO,9,144,355,296,59,9,9,77
2022,RIO BRANCO,1,756,342,283,59,4,7,70
2022,RIO BRANCO,1,321,329,249,80,3,12,95
2022,RIO BRANCO,1,745,271,222,49,6,14,69
2022,RIO BRANCO,9,140,344,263,81,6,2,89
2022,RIO BRANCO,9,452,151,127,24,4,3,31
2022,RIO BRANCO,9,296,312,233,79,12,10,101
2022,RIO BRANCO,9,352,336,270,66,16,16,98
2022,RIO BRANCO,1,400,326,278,48,6,13,67
2022,TARAUACÁ,5,38,295,212,83,5,24,112
2022,RIO BRANCO,1,772,241,200,41,5,2,48
2022,RIO BRANCO,9,154,334,278,56,14,18,88
2022,RIO BRANCO,1,680,242,199,43,3,4,50
2022,RIO BRANCO,1,644,341,262,79,7,4,90
2022,RIO BRANCO,9,61,331,276,55,10,7,72
2022,RIO BRANCO,1,189,241,190,51,3,11,65
2022,RIO BRANCO,9,232,343,273,70,10,21,101
2022,RIO BRANCO,1,441,284,226,58,4,14,76
2022,RIO BRANCO,9,47,337,262,75,5,13,93
2022,RIO BRANCO,9,338,337,265,72,9,10,91
2022,RIO BRANCO,1,440,326,257,69,9,4,82
2022,RIO BRANCO,9,422,246,196,50,14,3,67
2022,RIO BRANCO,9,42,278,202,76,6,7,89
2022,RIO BRANCO,9,49,228,181,47,6,6,59
2022,RIO BRANCO,1,87,271,213,58,6,6,70
2022,RIO BRANCO,1,822,308,247,61,7,5,73
2022,RIO BRANCO,9,152,332,278,54,12,9,75
2022,RIO BRANCO,9,365,333,262,71,6,1,78
2022,RIO BRANCO,9,374,344,277,67,9,1,77
2022,RIO BRANCO,9,322,331,254,77,9,8,94
2022,RIO BRANCO,1,434,332,235,97,9,8,114
2022,RIO BRANCO,1,84,290,217,73,13,9,95
2022,RIO BRANCO,1,752,309,250,59,8,9,76
2022,RIO BRANCO,1,792,335,271,64,6,2,72
2022,RIO BRANCO,1,767,324,257,67,10,21,98
2022,ASSIS BRASIL,6,130,311,227,84,1,3,88
2022,RIO BRANCO,1,645,318,243,75,6,3,84
2022,RIO BRANCO,1,477,284,213,71,4,6,81
2022,RIO BRANCO,1,529,300,220,80,16,9,105
2022,RIO BRANCO,1,777,337,280,57,12,4,73
2022,TARAUACÁ,5,33,341,249,92,9,13,114
2022,BRASILÉIA,6,38,142,118,24,2,5,31
2022,TARAUACÁ,5,6,303,188,115,5,13,133
2022,RIO BRANCO,1,86,288,202,86,10,14,110
2022,RIO BRANCO,9,148,345,294,51,9,11,71
2022,RIO BRANCO,9,72,238,197,41,4,4,49
2022,RIO BRANCO,1,754,318,252,66,2,3,71
2022,RIO BRANCO,1,173,193,160,33,5,8,46
2022,RIO BRANCO,1,475,317,234,83,18,5,106
2022,RIO BRANCO,9,34,228,198,30,2,7,39
2022,RIO BRANCO,1,746,333,271,62,5,9,76
2022,RIO BRANCO,9,395,342,273,69,10,10,89
2022,RIO BRANCO,1,50,255,196,59,5,5,69
2022,RIO BRANCO,1,24,246,189,57,4,5,66
2022,SENADOR GUIOMARD,8,33,279,233,46,8,1,55
2022,RIO BRANCO,9,415,346,246,100,6,8,114
2022,RIO BRANCO,1,436,318,269,49,7,10,66
2022,RIO BRANCO,9,183,355,279,76,13,9,98
2022,RIO BRANCO,9,67,334,272,62,10,20,92
2022,RIO BRANCO,1,550,186,134,52,2,7,61
2022,RIO BRANCO,9,330,339,259,80,3,9,92
2022,RIO BRANCO,1,100,208,171,37,8,4,49
2022,RIO BRANCO,9,368,335,272,63,8,7,78
2022,XAPURI,2,3,218,173,45,3,3,51
2022,ACRELÂNDIA,8,182,261,204,57,12,15,84
2022,CAPIXABA,2,89,196,153,43,1,3,47
2022,PLÁCIDO DE CASTRO,8,46,180,138,42,0,9,51
2022,CRUZEIRO DO SUL,4,168,251,205,46,5,3,54
2022,TARAUACÁ,5,17,312,202,110,7,5,122
2022,SANTA ROSA DO PURUS,3,96,328,246,82,2,15,99
2022,SENA MADUREIRA,3,7,293,201,92,3,9,104
2022,SENA MADUREIRA,3,22,288,223,65,1,3,69
2022,SENA MADUREIRA,3,117,287,236,51,10,13,74
2022,MANOEL URBANO,3,150,290,221,69,2,11,82
2022,SANTA ROSA DO PURUS,3,95,339,225,114,1,1,116
2022,SENA MADUREIRA,3,106,255,197,58,5,8,71
2022,RIO BRANCO,1,521,191,151,40,15,13,68
2022,RIO BRANCO,9,25,336,266,70,8,10,88
2022,RIO BRANCO,1,729,334,250,84,9,2,95
2022,RIO BRANCO,9,266,323,270,53,7,4,64
2022,RIO BRANCO,1,466,280,224,56,2,9,67
2022,RIO BRANCO,1,437,329,260,69,2,15,86
2022,RIO BRANCO,9,203,338,273,65,9,8,82
2022,SENADOR GUIOMARD,8,222,239,160,79,9,11,99
2022,RIO BRANCO,1,572,333,298,35,11,5,51
2022,RIO BRANCO,1,667,335,278,57,8,4,69
2022,TARAUACÁ,5,42,309,215,94,6,3,103
2022,RIO BRANCO,1,689,331,261,70,12,22,104
2022,RIO BRANCO,1,671,341,255,86,7,18,111
2022,CRUZEIRO DO SUL,4,257,280,218,62,18,12,92
2022,BRASILÉIA,6,45,287,233,54,7,2,63
2022,RODRIGUES ALVES,4,302,156,120,36,2,3,41
2022,MÂNCIO LIMA,4,267,294,232,62,2,12,76
2022,CRUZEIRO DO SUL,4,355,282,233,49,2,12,63
2022,MÂNCIO LIMA,4,101,320,241,79,6,23,108
2022,CRUZEIRO DO SUL,4,386,255,191,64,4,6,74
2022,CRUZEIRO DO SUL,4,39,271,215,56,17,11,84
2022,CRUZEIRO DO SUL,4,85,262,218,44,5,11,60
2022,TARAUACÁ,5,124,282,184,98,3,4,105
2022,BRASILÉIA,6,80,283,226,57,5,4,66
2022,CRUZEIRO DO SUL,4,379,236,183,53,1,2,56
2022,SENADOR GUIOMARD,8,92,323,268,55,13,18,86
2022,RIO BRANCO,1,516,239,143,96,5,5,106
2022,SENADOR GUIOMARD,8,35,220,187,33,2,12,47
2022,RIO BRANCO,9,276,332,254,78,14,13,105
2022,RIO BRANCO,1,560,190,151,39,7,4,50
2022,RIO BRANCO,9,443,324,285,39,8,5,52
2022,RIO BRANCO,1,696,345,281,64,18,25,107
2022,RIO BRANCO,9,64,338,276,62,3,12,77
2022,RIO BRANCO,1,12,241,162,79,3,5,87
2022,RIO BRANCO,1,666,333,273,60,9,6,75
2022,RIO BRANCO,9,335,334,272,62,11,10,83
2022,RIO BRANCO,1,416,330,248,82,4,13,99
2022,RIO BRANCO,1,709,245,194,51,4,2,57
2022,SENA MADUREIRA,3,38,252,165,87,3,17,107
2022,ACRELÂNDIA,8,115,276,219,57,5,5,67
2022,XAPURI,2,53,247,200,47,2,2,51
2022,PLÁCIDO DE CASTRO,8,137,205,165,40,2,4,46
2022,CAPIXABA,2,68,291,230,61,4,13,78
2022,RIO BRANCO,9,243,154,116,38,5,5,48
2022,RIO BRANCO,9,85,277,211,66,3,6,75
2022,PLÁCIDO DE CASTRO,8,263,247,167,80,4,10,94
2022,RIO BRANCO,1,665,343,279,64,7,5,76
2022,RIO BRANCO,9,221,329,256,73,5,3,81
2022,RIO BRANCO,1,707,253,200,53,0,11,64
2022,RIO BRANCO,1,705,317,251,66,15,8,89
2022,CRUZEIRO DO SUL,4,287,284,227,57,3,3,63
2022,CRUZEIRO DO SUL,4,224,199,158,41,3,1,45
2022,CRUZEIRO DO SUL,4,229,159,113,46,2,0,48
2022,RIO BRANCO,9,423,109,87,22,2,2,26
2022,RIO BRANCO,1,438,314,236,78,3,11,92
2022,RIO BRANCO,1,347,258,214,44,5,8,57
2022,RIO BRANCO,1,351,319,258,61,11,4,76
2022,MARECHAL THAUMATURGO,4,347,259,189,70,0,5,75
2022,MARECHAL THAUMATURGO,4,182,225,150,75,1,2,78
2022,CRUZEIRO DO SUL,4,194,256,221,35,4,2,41
2022,RODRIGUES ALVES,4,171,293,211,82,3,14,99
2022,RIO BRANCO,9,13,234,180,54,3,12,69
2022,RIO BRANCO,1,821,337,294,43,4,5,52
2022,RIO BRANCO,1,571,338,290,48,4,16,68
2022,RIO BRANCO,9,402,343,268,75,12,3,90
2022,SENADOR GUIOMARD,8,28,262,202,60,3,12,75
2022,RIO BRANCO,1,32,171,142,29,4,2,35
2022,RIO BRANCO,9,331,328,278,50,15,12,77
2022,RIO BRANCO,1,755,330,260,70,5,8,83
2022,RIO BRANCO,1,737,339,285,54,7,10,71
2022,RIO BRANCO,1,703,194,161,33,7,6,46
2022,RIO BRANCO,1,453,281,229,52,14,14,80
2022,RIO BRANCO,9,69,335,277,58,5,7,70
2022,RIO BRANCO,1,802,300,243,57,9,9,75
2022,RIO BRANCO,9,357,326,261,65,14,18,97
2022,RIO BRANCO,1,769,314,256,58,2,16,76
2022,RIO BRANCO,1,738,337,286,51,9,9,69
2022,RIO BRANCO,1,288,355,284,71,6,19,96
2022,RIO BRANCO,1,502,255,201,54,6,4,64
2022,RIO BRANCO,1,406,332,279,53,8,8,69
2022,RIO BRANCO,1,573,328,262,66,10,4,80
2022,RIO BRANCO,1,162,200,157,43,5,6,54
2022,RIO BRANCO,9,353,326,269,57,18,10,85
2022,RIO BRANCO,1,519,193,141,52,8,2,62
2022,RIO BRANCO,9,92,329,288,41,11,9,61
2022,RIO BRANCO,1,771,340,262,78,7,16,101
2022,RIO BRANCO,1,562,336,253,83,20,10,113
2022,RIO BRANCO,1,492,336,254,82,14,7,103
2022,RIO BRANCO,1,27,336,268,68,12,9,89
2022,RIO BRANCO,9,291,355,269,86,22,15,123
2022,RIO BRANCO,9,185,325,253,72,11,4,87
2022,RIO BRANCO,9,366,329,263,66,11,14,91
2022,RIO BRANCO,9,214,338,263,75,3,6,84
2022,TARAUACÁ,5,79,221,166,55,3,2,60
2022,CRUZEIRO DO SUL,4,118,283,223,60,6,10,76
2022,RIO BRANCO,9,219,337,292,45,2,7,54
2022,RIO BRANCO,1,89,271,218,53,3,12,68
2022,RIO BRANCO,9,455,162,152,10,3,2,15
2022,RIO BRANCO,9,146,328,281,47,3,10,60
2022,RIO BRANCO,9,434,330,255,75,20,5,100
2022,RIO BRANCO,9,48,231,189,42,13,10,65
2022,RIO BRANCO,9,149,340,274,66,14,21,101
2022,CRUZEIRO DO SUL,4,157,283,232,51,18,12,81
2022,RIO BRANCO,9,391,340,289,51,8,8,67
2022,RIO BRANCO,9,181,330,268,62,14,16,92
2022,RIO BRANCO,9,432,340,248,92,5,5,102
2022,RIO BRANCO,1,759,231,175,56,9,10,75
2022,RIO BRANCO,9,157,341,269,72,11,1,84
2022,RIO BRANCO,9,280,328,227,101,10,1,112
2022,RIO BRANCO,9,298,322,251,71,9,9,89
2022,RIO BRANCO,9,193,335,268,67,5,13,85
2022,RIO BRANCO,9,41,339,278,61,6,14,81
2022,RIO BRANCO,1,7,357,275,82,3,5,90
2022,RIO BRANCO,1,569,337,280,57,6,17,80
2022,SENADOR GUIOMARD,8,241,252,187,65,4,5,74
2022,RIO BRANCO,1,686,321,255,66,11,6,83
2022,RIO BRANCO,9,272,317,229,88,13,14,115
2022,RIO BRANCO,1,520,183,136,47,5,2,54
2022,RIO BRANCO,1,192,176,138,38,4,8,50
2022,RIO BRANCO,1,273,245,190,55,9,9,73
2022,RIO BRANCO,9,248,337,267,70,5,9,84
2022,RIO BRANCO,1,518,320,234,86,8,12,106
2022,RIO BRANCO,1,486,309,206,103,10,19,132
2022,SENADOR GUIOMARD,8,34,276,229,47,5,13,65
2022,SENADOR GUIOMARD,8,119,220,187,33,14,6,53
2022,RIO BRANCO,9,129,345,281,64,10,1,75
2022,RIO BRANCO,9,211,335,271,64,17,4,85
2022,RIO BRANCO,1,675,331,262,69,9,18,96
2022,RIO BRANCO,1,169,252,213,39,6,8,53
2022,RIO BRANCO,1,310,328,253,75,10,8,93
2022,RIO BRANCO,1,694,340,255,85,5,11,101
2022,RIO BRANCO,9,292,353,270,83,8,6,97
2022,RIO BRANCO,1,570,343,283,60,8,5,73
2022,RIO BRANCO,9,28,234,189,45,2,10,57
2022,CRUZEIRO DO SUL,4,417,239,195,44,8,5,57
2022,RIO BRANCO,1,184,328,278,50,16,14,80
2022,SENADOR GUIOMARD,8,210,157,117,40,0,7,47
2022,RIO BRANCO,1,714,185,158,27,8,5,40
2022,RIO BRANCO,1,31,235,158,77,6,9,92
2022,RIO BRANCO,1,458,292,219,73,9,1,83
2022,RIO BRANCO,1,751,326,270,56,9,7,72
2022,SENADOR GUIOMARD,8,227,227,172,55,6,9,70
2022,RIO BRANCO,9,81,264,224,40,3,16,59
2022,RIO BRANCO,1,495,342,244,98,1,12,111
2022,RIO BRANCO,9,103,336,273,63,3,15,81
2022,EPITACIOLÂNDIA,6,105,284,231,53,11,3,67
2022,TARAUACÁ,5,3,316,215,101,9,5,115
2022,RIO BRANCO,9,314,337,264,73,8,3,84
2022,RIO BRANCO,9,367,334,274,60,15,5,80
2022,RIO BRANCO,9,195,328,266,62,9,1,72
2022,RIO BRANCO,9,301,135,110,25,3,3,31
2022,RIO BRANCO,9,245,311,254,57,11,22,90
2022,RIO BRANCO,9,218,369,299,70,7,7,84
2022,RIO BRANCO,9,407,339,248,91,15,11,117
2022,SENA MADUREIRA,3,92,319,242,77,1,11,89
2022,BUJARI,9,192,330,260,70,2,12,84
2022,SENA MADUREIRA,3,66,282,226,56,4,7,67
2022,SENA MADUREIRA,3,151,101,90,11,1,2,14
2022,SENA MADUREIRA,3,137,230,180,50,4,2,56
2022,SENA MADUREIRA,3,17,261,181,80,9,18,107
2022,BUJARI,9,411,172,124,48,6,0,54
2022,SENA MADUREIRA,3,70,307,247,60,3,1,64
2022,ASSIS BRASIL,6,36,293,242,51,3,8,62
2022,ASSIS BRASIL,6,149,190,158,32,0,20,52
2022,TARAUACÁ,5,102,295,165,130,0,7,137
2022,JORDÃO,5,75,242,196,46,0,9,55
2022,RODRIGUES ALVES,4,438,260,188,72,2,0,74
2022,CRUZEIRO DO SUL,4,259,269,217,52,7,2,61
2022,CRUZEIRO DO SUL,4,411,293,219,74,7,4,85
2022,PORTO WALTER,4,338,302,242,60,4,16,80
2022,RODRIGUES ALVES,4,299,257,186,71,0,15,86
2022,BRASILÉIA,6,139,284,228,56,7,17,80
2022,FEIJÓ,7,28,227,161,66,3,11,80
2022,FEIJÓ,7,9,218,138,80,0,9,89
2022,FEIJÓ,7,80,318,227,91,6,19,116
2022,FEIJÓ,7,89,302,208,94,3,4,101
2022,FEIJÓ,7,71,308,276,32,1,2,35
2022,FEIJÓ,7,38,269,193,76,2,14,92
2022,CRUZEIRO DO SUL,4,261,266,219,47,7,2,56
2022,RIO BRANCO,9,178,223,174,49,3,10,62
2022,RIO BRANCO,9,393,339,273,66,16,15,97
2022,RIO BRANCO,9,217,330,273,57,8,10,75
2022,FEIJÓ,7,33,256,183,73,2,5,80
2022,FEIJÓ,7,66,145,70,75,0,9,84
2022,RIO BRANCO,1,401,246,202,44,2,2,48
2022,RIO BRANCO,1,369,193,162,31,8,6,45
2022,FEIJÓ,7,36,217,167,50,0,3,53
2022,FEIJÓ,7,31,257,178,79,4,7,90
2022,FEIJÓ,7,2,290,197,93,3,5,101
2022,RIO BRANCO,9,128,375,317,58,4,2,64
2022,FEIJÓ,7,64,319,230,89,2,4,95
2022,RIO BRANCO,1,730,338,259,79,20,21,120
2022,RIO BRANCO,9,334,316,237,79,20,11,110
2022,RIO BRANCO,9,336,338,276,62,4,9,75
2022,FEIJÓ,7,10,230,176,54,5,4,63
2022,RIO BRANCO,1,650,339,291,48,3,5,56
2022,SENADOR GUIOMARD,8,243,220,154,66,5,1,72
2022,RIO BRANCO,9,238,354,276,78,7,12,97
2022,RIO BRANCO,1,530,278,213,65,11,11,87
2022,RIO BRANCO,1,8,334,253,81,10,4,95
2022,RIO BRANCO,1,775,329,269,60,4,4,68
2022,RIO BRANCO,1,791,327,238,89,10,1,100
2022,RIO BRANCO,9,145,331,281,50,12,9,71
2022,RIO BRANCO,1,724,299,223,76,9,7,92
2022,RIO BRANCO,9,405,354,266,88,10,4,102
2022,RIO BRANCO,9,16,339,276,63,14,7,84
2022,SENADOR GUIOMARD,8,220,323,264,59,5,1,65
2022,RIO BRANCO,1,750,326,260,66,4,4,74
2022,RIO BRANCO,1,660,330,250,80,10,6,96
2022,RIO BRANCO,1,47,238,173,65,7,2,74
2022,RIO BRANCO,1,732,327,261,66,8,6,80
2022,RIO BRANCO,1,379,346,307,39,10,3,52
2022,SENADOR GUIOMARD,8,172,214,159,55,7,3,65
2022,RIO BRANCO,1,25,343,260,83,6,8,97
2022,RIO BRANCO,1,160,297,241,56,15,6,77
2022,RIO BRANCO,1,278,281,242,39,5,18,62
2022,RIO BRANCO,9,14,341,285,56,7,13,76
2022,RIO BRANCO,1,532,183,140,43,11,2,56
2022,RIO BRANCO,1,701,221,182,39,4,10,53
2022,RIO BRANCO,9,278,326,247,79,3,1,83
2022,RIO BRANCO,9,151,338,300,38,8,2,48
2022,RIO BRANCO,9,260,296,225,71,3,11,85
2022,RIO BRANCO,1,782,340,296,44,3,5,52
2022,RIO BRANCO,1,42,177,136,41,5,8,54
2022,RIO BRANCO,9,114,336,253,83,6,11,100
2022,RIO BRANCO,1,28,267,190,77,5,4,86
2022,RIO BRANCO,9,197,343,285,58,10,18,86
2022,RIO BRANCO,1,277,294,247,47,6,9,62
2022,RIO BRANCO,9,229,335,257,78,4,3,85
2022,RIO BRANCO,9,241,340,267,73,7,9,89
2022,CAPIXABA,2,73,269,214,55,2,1,58
2022,XAPURI,2,16,196,157,39,3,8,50
2022,TARAUACÁ,5,80,280,207,73,5,11,89
2022,ASSIS BRASIL,6,29,310,252,58,1,22,81
2022,TARAUACÁ,5,115,227,149,78,1,1,80
2022,XAPURI,2,52,194,161,33,5,10,48
2022,ACRELÂNDIA,8,85,309,257,52,5,2,59
2022,PLÁCIDO DE CASTRO,8,75,244,181,63,2,5,70
2022,PLÁCIDO DE CASTRO,8,66,210,183,27,7,16,50
2022,RIO BRANCO,1,725,280,222,58,3,13,74
2022,PLÁCIDO DE CASTRO,8,155,198,173,25,2,9,36
2022,PLÁCIDO DE CASTRO,8,52,253,207,46,6,15,67
2022,RIO BRANCO,1,557,286,236,50,2,5,57
2022,RIO BRANCO,1,568,307,242,65,2,19,86
2022,RIO BRANCO,9,106,332,275,57,15,14,86
2022,RIO BRANCO,1,385,310,236,74,9,5,88
2022,RIO BRANCO,1,151,243,161,82,5,12,99
2022,RIO BRANCO,9,339,329,246,83,12,10,105
2022,SENADOR GUIOMARD,8,97,303,241,62,7,3,72
2022,RIO BRANCO,9,36,333,263,70,16,16,102
2022,SENADOR GUIOMARD,8,204,272,199,73,3,4,80
2022,RIO BRANCO,9,431,305,236,69,6,6,81
2022,PORTO ACRE,1,591,239,186,53,5,10,68
2022,EPITACIOLÂNDIA,6,124,291,215,76,9,2,87
2022,TARAUACÁ,5,110,340,240,100,6,5,111
2022,PORTO ACRE,1,599,278,213,65,4,3,72
2022,RIO BRANCO,9,435,331,257,74,6,7,87
2022,RIO BRANCO,1,649,335,268,67,11,21,99
2022,RIO BRANCO,1,558,195,148,47,12,0,59
2022,SENADOR GUIOMARD,8,134,282,224,58,11,17,86
2022,XAPURI,2,37,212,158,54,3,14,71
2022,RIO BRANCO,1,316,279,230,49,6,21,76
2022,TARAUACÁ,5,114,269,205,64,5,1,70
2022,ASSIS BRASIL,6,31,294,228,66,2,1,69
2022,PORTO ACRE,1,581,249,185,64,7,2,73
2022,TARAUACÁ,5,43,267,193,74,3,16,93
2022,RIO BRANCO,9,78,334,289,45,5,9,59
2022,RIO BRANCO,9,125,340,280,60,9,5,74
2022,RIO BRANCO,1,757,212,170,42,1,3,46
2022,CRUZEIRO DO SUL,4,57,283,226,57,10,16,83
2022,XAPURI,2,8,243,182,61,4,5,70
2022,RIO BRANCO,9,275,97,71,26,1,2,29
2022,PORTO WALTER,4,313,122,87,35,0,0,35
2022,CRUZEIRO DO SUL,4,120,278,224,54,5,9,68
2022,CRUZEIRO DO SUL,4,403,290,211,79,6,13,98
2022,RODRIGUES ALVES,4,298,220,179,41,0,0,41
2022,RIO BRANCO,1,741,290,231,59,10,12,81
2022,PORTO WALTER,4,78,314,243,71,3,6,80
2022,FEIJÓ,7,54,320,232,88,4,10,102
2022,RIO BRANCO,9,318,307,231,76,9,3,88
2022,CRUZEIRO DO SUL,4,363,284,217,67,2,2,71
2022,CRUZEIRO DO SUL,4,268,240,197,43,2,0,45
2022,RIO BRANCO,9,204,336,268,68,5,5,78
2022,RIO BRANCO,1,488,285,217,68,9,13,90
2022,RIO BRANCO,1,535,330,228,102,1,9,112
2022,RIO BRANCO,1,95,336,249,87,11,6,104
2022,RIO BRANCO,1,158,336,282,54,11,10,75
2022,RIO BRANCO,9,347,324,271,53,12,3,68
2022,RIO BRANCO,1,13,331,286,45,8,4,57
2022,RIO BRANCO,1,374,252,214,38,9,12,59
2022,RIO BRANCO,1,749,331,267,64,18,13,95
2022,SENADOR GUIOMARD,8,131,233,187,46,8,3,57
2022,RIO BRANCO,1,700,337,257,80,8,10,98
2022,RIO BRANCO,9,300,342,273,69,12,9,90
2022,RIO BRANCO,9,71,239,205,34,2,4,40
2022,CRUZEIRO DO SUL,4,404,305,250,55,12,15,82
2022,BUJARI,9,242,270,210,60,1,1,62
2022,EPITACIOLÂNDIA,6,49,286,241,45,9,8,62
2022,TARAUACÁ,5,134,109,94,15,1,5,21
2022,PORTO ACRE,1,585,289,247,42,5,6,53
2022,ASSIS BRASIL,6,150,311,266,45,7,1,53
2022,MÂNCIO LIMA,4,364,281,219,62,0,9,71
2022,CRUZEIRO DO SUL,4,330,286,227,59,4,3,66
2022,RODRIGUES ALVES,4,309,313,257,56,1,3,60
2022,BRASILÉIA,6,19,321,258,63,3,8,74
2022,SENADOR GUIOMARD,8,223,204,163,41,5,2,48
2022,XAPURI,2,23,136,116,20,0,2,22
2022,RIO BRANCO,1,272,335,254,81,16,6,103
2022,RIO BRANCO,9,326,325,246,79,7,6,92
2022,RIO BRANCO,1,172,282,227,55,5,3,63
2022,RIO BRANCO,9,143,331,268,63,17,20,100
2022,RIO BRANCO,1,735,323,233,90,16,13,119
2022,RIO BRANCO,9,32,233,203,30,8,4,42
2022,RIO BRANCO,1,662,334,266,68,4,10,82
2022,RIO BRANCO,1,41,173,145,28,6,6,40
2022,RIO BRANCO,9,179,337,260,77,7,2,86
2022,RIO BRANCO,9,445,337,280,57,7,7,71
2022,RIO BRANCO,9,58,308,240,68,5,2,75
2022,RIO BRANCO,1,193,181,142,39,1,5,45
2022,RIO BRANCO,9,361,303,239,64,14,15,93
2022,RIO BRANCO,1,718,294,178,116,6,3,125
2022,RIO BRANCO,9,170,210,146,64,5,1,70
2022,MÂNCIO LIMA,4,425,275,218,57,8,19,84
2022,RODRIGUES ALVES,4,440,273,217,56,2,1,59
2022,CRUZEIRO DO SUL,4,208,258,223,35,3,16,54
2022,MÂNCIO LIMA,4,218,326,259,67,2,1,70
2022,CRUZEIRO DO SUL,4,210,270,223,47,8,1,56
2022,RIO BRANCO,1,652,334,265,69,5,6,80
2022,RIO BRANCO,1,148,233,190,43,0,7,50
2022,CRUZEIRO DO SUL,4,228,279,224,55,3,5,63
2022,RIO BRANCO,1,778,326,281,45,3,8,56
2022,RIO BRANCO,1,635,338,262,76,13,10,99
2022,RIO BRANCO,1,77,195,153,42,7,4,53
2022,RIO BRANCO,9,82,277,239,38,6,5,49
2022,RIO BRANCO,9,283,335,243,92,18,5,115
2022,RIO BRANCO,1,480,324,246,78,7,15,100
2022,RIO BRANCO,9,45,337,263,74,3,4,81
2022,RIO BRANCO,9,388,335,265,70,10,6,86
2022,RIO BRANCO,1,654,330,248,82,3,3,88
2022,RIO BRANCO,1,790,337,260,77,15,10,102
2022,RIO BRANCO,1,280,177,158,19,6,10,35
2022,RIO BRANCO,9,350,327,262,65,1,10,76
2022,SENADOR GUIOMARD,8,62,298,226,72,13,0,85
2022,RIO BRANCO,1,499,333,261,72,4,3,79
2022,MÂNCIO LIMA,4,217,219,167,52,0,3,55
2022,RIO BRANCO,9,262,332,254,78,5,4,87
2022,MANOEL URBANO,3,50,316,242,74,1,4,79
2022,RIO BRANCO,9,97,305,261,44,4,8,56
2022,FEIJÓ,7,27,231,172,59,2,4,65
2022,RIO BRANCO,1,327,229,206,23,5,7,35
2022,PLÁCIDO DE CASTRO,8,86,287,225,62,3,5,70
2022,ACRELÂNDIA,8,235,252,178,74,4,2,80
2022,ASSIS BRASIL,6,73,302,239,63,3,2,68
2022,EPITACIOLÂNDIA,6,26,269,210,59,10,10,79
2022,PORTO ACRE,1,608,226,197,29,3,12,44
2022,TARAUACÁ,5,10,297,201,96,3,5,104
2022,RIO BRANCO,9,258,332,242,90,13,34,137
2022,RIO BRANCO,9,215,277,218,59,10,9,78
2022,RIO BRANCO,9,386,337,284,53,10,4,67
2022,RIO BRANCO,1,439,287,228,59,4,8,71
2022,RIO BRANCO,9,324,324,277,47,13,4,64
2022,BRASILÉIA,6,54,211,181,30,2,0,32
2022,JORDÃO,5,112,291,221,70,0,5,75
2022,BRASILÉIA,6,63,234,182,52,4,6,62
2022,PORTO ACRE,1,592,236,196,40,2,1,43
2022,EPITACIOLÂNDIA,6,50,285,233,52,6,4,62
2022,TARAUACÁ,5,101,170,128,42,1,4,47
2022,SENADOR GUIOMARD,8,167,309,264,45,0,13,58
2022,XAPURI,2,35,211,175,36,3,2,41
2022,SENADOR GUIOMARD,8,168,204,167,37,8,16,61
2022,XAPURI,2,21,217,180,37,5,2,44
2022,PORTO ACRE,1,604,239,191,48,4,7,59
2022,XAPURI,2,62,238,194,44,1,2,47
2022,CAPIXABA,2,82,261,189,72,3,1,76
2022,SENADOR GUIOMARD,8,57,224,177,47,12,7,66
2022,RIO BRANCO,9,294,329,235,94,12,5,111
2022,PLÁCIDO DE CASTRO,8,10,205,165,40,4,1,45
2022,XAPURI,2,12,276,218,58,1,4,63
2022,ACRELÂNDIA,8,93,215,173,42,2,8,52
2022,CRUZEIRO DO SUL,4,184,268,217,51,4,4,59
2022,MÂNCIO LIMA,4,367,280,213,67,2,14,83
2022,CRUZEIRO DO SUL,4,360,268,205,63,18,7,88
2022,BRASILÉIA,6,131,312,270,42,4,4,50
2022,TARAUACÁ,5,95,300,206,94,6,3,103
2022,CRUZEIRO DO SUL,4,356,287,205,82,6,10,98
2022,BRASILÉIA,6,91,285,223,62,10,11,83
2022,CRUZEIRO DO SUL,4,423,300,222,78,4,4,86
2022,RIO BRANCO,1,818,142,130,12,5,0,17
2022,RIO BRANCO,1,552,293,223,70,7,3,80
2022,SENADOR GUIOMARD,8,25,288,236,52,6,3,61
2022,RIO BRANCO,1,687,312,225,87,7,10,104
2022,RIO BRANCO,1,774,335,283,52,5,5,62
2022,RIO BRANCO,1,330,333,273,60,2,12,74
2022,RIO BRANCO,1,692,335,273,62,16,5,83
2022,RIO BRANCO,1,487,316,255,61,10,17,88
2022,MÂNCIO LIMA,4,437,281,219,62,2,10,74
2022,PLÁCIDO DE CASTRO,8,43,203,166,37,0,1,38
2022,MÂNCIO LIMA,4,94,170,137,33,2,7,42
2022,JORDÃO,5,123,279,208,71,2,12,85
2022,CRUZEIRO DO SUL,4,56,228,189,39,6,2,47
2022,ACRELÂNDIA,8,102,180,143,37,1,3,41
2022,RIO BRANCO,9,309,168,113,55,5,0,60
2022,JORDÃO,5,56,167,114,53,0,2,55
2022,EPITACIOLÂNDIA,6,59,297,229,68,5,3,76
2022,TARAUACÁ,5,13,325,205,120,4,7,131
2022,PLÁCIDO DE CASTRO,8,14,244,194,50,5,6,61
2022,CRUZEIRO DO SUL,4,399,263,210,53,7,17,77
2022,PLÁCIDO DE CASTRO,8,13,247,200,47,3,3,53
2022,SENA MADUREIRA,3,55,267,210,57,4,4,65
2022,SENA MADUREIRA,3,18,260,181,79,1,2,82
2022,BUJARI,9,163,194,147,47,0,8,55
2022,MANOEL URBANO,3,139,286,186,100,5,9,114
2022,MANOEL URBANO,3,42,314,238,76,4,4,84
2022,TARAUACÁ,5,109,89,68,21,0,2,23
2022,EPITACIOLÂNDIA,6,42,291,237,54,15,12,81
2022,EPITACIOLÂNDIA,6,147,294,245,49,11,4,64
2022,CRUZEIRO DO SUL,4,58,278,220,58,5,6,69
2022,RIO BRANCO,9,249,307,251,56,12,3,71
2022,ACRELÂNDIA,8,125,220,175,45,5,7,57
2022,ASSIS BRASIL,6,95,234,181,53,2,1,56
2022,EPITACIOLÂNDIA,6,65,292,239,53,5,1,59
2022,XAPURI,2,15,258,223,35,4,2,41
2022,BRASILÉIA,6,7,270,201,69,5,2,76
2022,ASSIS BRASIL,6,52,289,237,52,3,1,56
2022,BRASILÉIA,6,75,233,202,31,9,16,56
2022,ASSIS BRASIL,6,37,291,230,61,0,14,75
2022,SENADOR GUIOMARD,8,53,317,253,64,6,5,75
2022,FEIJÓ,7,8,244,167,77,1,4,82
2022,EPITACIOLÂNDIA,6,123,296,236,60,15,10,85
2022,BRASILÉIA,6,1,185,150,35,2,8,45
2022,PORTO WALTER,4,77,312,245,67,1,1,69
2022,SENA MADUREIRA,3,16,271,190,81,2,16,99
2022,MÂNCIO LIMA,4,426,215,167,48,3,8,59
2022,SENA MADUREIRA,3,129,307,234,73,1,27,101
2022,SENA MADUREIRA,3,9,274,191,83,1,2,86
2022,BUJARI,9,413,112,85,27,2,1,30
2022,MANOEL URBANO,3,132,279,205,74,3,2,79
2022,SENA MADUREIRA,3,15,272,190,82,7,12,101
2022,SANTA ROSA DO PURUS,3,76,296,216,80,1,19,100
2022,SENA MADUREIRA,3,116,289,210,79,6,6,91
2022,MANOEL URBANO,3,111,309,231,78,2,1,81
2022,SANTA ROSA DO PURUS,3,77,300,226,74,1,4,79
2022,SENA MADUREIRA,3,99,312,238,74,4,1,79
2022,SENA MADUREIRA,3,71,279,206,73,4,8,85
2022,SANTA ROSA DO PURUS,3,60,333,216,117,2,8,127
2022,SENA MADUREIRA,3,19,247,182,65,1,13,79
2022,BUJARI,9,120,316,257,59,10,15,84
2022,SENA MADUREIRA,3,12,336,237,99,2,10,111
2022,BUJARI,9,186,315,238,77,2,6,85
2022,BUJARI,9,2,338,264,74,6,5,85
2022,SENA MADUREIRA,3,136,294,223,71,5,9,85
2022,SENA MADUREIRA,3,138,291,221,70,5,1,76
2022,ACRELÂNDIA,8,94,195,156,39,3,6,48
2022,CRUZEIRO DO SUL,4,11,243,193,50,5,3,58
2022,PLÁCIDO DE CASTRO,8,18,226,173,53,3,14,70
2022,CAPIXABA,2,92,269,222,47,2,11,60
2022,SENADOR GUIOMARD,8,98,303,247,56,7,14,77
2022,XAPURI,2,36,133,111,22,1,9,32
2022,PLÁCIDO DE CASTRO,8,81,222,168,54,8,11,73
2022,MÂNCIO LIMA,4,265,303,247,56,4,5,65
2022,CAPIXABA,2,88,196,159,37,6,10,53
2022,XAPURI,2,6,242,193,49,0,12,61
2022,EPITACIOLÂNDIA,6,142,241,183,58,12,8,78
2022,CRUZEIRO DO SUL,4,370,260,204,56,1,1,58
2022,BRASILÉIA,6,4,279,218,61,10,7,78
2022,RIO BRANCO,9,257,312,256,56,4,4,64
2022,RIO BRANCO,9,273,227,172,55,5,10,70
2022,RIO BRANCO,9,251,325,229,96,3,13,112
2022,RIO BRANCO,9,177,339,285,54,9,8,71
2022,RIO BRANCO,1,690,332,262,70,12,13,95
2022,RIO BRANCO,9,306,323,254,69,17,12,98
2022,PLÁCIDO DE CASTRO,8,201,178,138,40,1,0,41
2022,ASSIS BRASIL,6,28,237,187,50,1,15,66
2022,PORTO ACRE,1,578,250,214,36,11,9,56
2022,TARAUACÁ,5,12,309,210,99,8,0,107
2022,TARAUACÁ,5,23,319,202,117,1,11,129
2022,JORDÃO,5,131,282,218,64,2,11,77
2022,PORTO ACRE,1,607,227,197,30,8,22,60
2022,CRUZEIRO DO SUL,4,452,120,108,12,1,14,27
2022,CRUZEIRO DO SUL,4,70,291,220,71,5,21,97
2022,CRUZEIRO DO SUL,4,333,256,186,70,5,2,77
2022,SENA MADUREIRA,3,108,297,229,68,7,1,76
2022,SANTA ROSA DO PURUS,3,65,323,220,103,5,9,117
2022,SENA MADUREIRA,3,62,258,216,42,1,3,46
2022,SENA MADUREIRA,3,37,265,177,88,9,6,103
2022,MANOEL URBANO,3,107,312,235,77,2,3,82
2022,SENA MADUREIRA,3,26,224,166,58,4,3,65
2022,SENA MADUREIRA,3,104,305,232,73,3,14,90
2022,SENA MADUREIRA,3,84,278,214,64,4,1,69
2022,SENA MADUREIRA,3,98,265,206,59,1,2,62
2022,SENADOR GUIOMARD,8,149,224,193,31,0,2,33
2022,PLÁCIDO DE CASTRO,8,211,132,95,37,4,4,45
2022,CRUZEIRO DO SUL,4,155,282,234,48,10,4,62
2022,SENADOR GUIOMARD,8,70,293,242,51,2,1,54
2022,ACRELÂNDIA,8,117,223,169,54,5,5,64
2022,RIO BRANCO,1,206,195,140,55,3,1,59
2022,CAPIXABA,2,65,291,232,59,4,7,70
2022,ACRELÂNDIA,8,143,203,163,40,7,9,56
2022,PLÁCIDO DE CASTRO,8,144,285,227,58,7,15,80
2022,ACRELÂNDIA,8,84,223,166,57,5,11,73
2022,SENA MADUREIRA,3,34,337,221,116,0,3,119
2022,ACRELÂNDIA,8,215,265,194,71,2,2,75
2022,RIO BRANCO,1,366,324,256,68,6,7,81
2022,RIO BRANCO,9,302,325,249,76,14,6,96
2022,RIO BRANCO,9,394,333,271,62,9,6,77
2022,RIO BRANCO,9,392,339,285,54,12,6,72
2022,RIO BRANCO,9,438,351,275,76,14,6,96
2022,RIO BRANCO,9,408,334,257,77,16,5,98
2022,RIO BRANCO,1,647,319,259,60,8,8,76
2022,RIO BRANCO,9,80,339,267,72,10,3,85
2022,RIO BRANCO,9,397,339,258,81,6,4,91
2022,RIO BRANCO,1,261,323,252,71,6,27,104
2022,RIO BRANCO,9,40,233,194,39,3,8,50
2022,RIO BRANCO,9,180,339,280,59,6,6,71
2022,RIO BRANCO,1,490,333,261,72,8,7,87
2022,RIO BRANCO,9,65,357,301,56,5,8,69
2022,RIO BRANCO,9,124,332,260,72,6,1,79
2022,RIO BRANCO,9,293,265,206,59,8,8,75
2022,RIO BRANCO,1,691,335,277,58,15,7,80
2022,RIO BRANCO,1,512,296,227,69,21,11,101
2022,RIO BRANCO,9,117,338,285,53,8,14,75
2022,SENADOR GUIOMARD,8,247,223,151,72,2,9,83
2022,RIO BRANCO,1,37,327,265,62,4,10,76
2022,RIO BRANCO,9,458,160,138,22,1,2,25
2022,RIO BRANCO,9,378,343,272,71,7,12,90
2022,RIO BRANCO,1,783,327,248,79,12,4,95
2022,RIO BRANCO,9,410,331,271,60,6,3,69
2022,RIO BRANCO,9,358,323,222,101,8,3,112
2022,RIO BRANCO,1,494,334,236,98,4,9,111
2022,RIO BRANCO,1,715,302,243,59,4,6,69
2022,RIO BRANCO,9,375,306,255,51,3,2,56
2022,CRUZEIRO DO SUL,4,332,267,207,60,0,10,70
2022,RIO BRANCO,1,515,242,162,80,8,7,95
2022,RIO BRANCO,9,110,367,302,65,6,3,74
2022,RIO BRANCO,1,129,337,274,63,4,3,70
2022,RODRIGUES ALVES,4,388,254,176,78,5,8,91
2022,RODRIGUES ALVES,4,150,296,232,64,2,2,68
2022,CRUZEIRO DO SUL,4,167,234,178,56,1,2,59
2022,CRUZEIRO DO SUL,4,187,278,224,54,4,3,61
2022,RIO BRANCO,1,704,193,152,41,3,7,51
2022,TARAUACÁ,5,35,206,137,69,4,12,85
2022,CRUZEIRO DO SUL,4,253,277,218,59,7,8,74
2022,CRUZEIRO DO SUL,4,271,294,244,50,4,15,69
2022,MÂNCIO LIMA,4,432,285,200,85,1,10,96
2022,CRUZEIRO DO SUL,4,374,170,144,26,0,3,29
2022,PORTO ACRE,1,590,232,187,45,11,13,69
2022,PORTO ACRE,1,623,282,207,75,2,12,89
2022,PORTO ACRE,1,628,229,184,45,6,2,53
2022,PORTO ACRE,1,621,234,178,56,5,0,61
2022,CRUZEIRO DO SUL,4,219,255,208,47,1,11,59
2022,RIO BRANCO,9,329,336,266,70,4,8,82
2022,MARECHAL THAUMATURGO,4,389,109,70,39,0,3,42
2022,EPITACIOLÂNDIA,6,69,254,205,49,7,8,64
2022,TARAUACÁ,5,50,290,200,90,4,21,115
2022,PORTO ACRE,1,615,182,138,44,1,3,48
2022,TARAUACÁ,5,82,308,208,100,5,12,117
2022,TARAUACÁ,5,4,310,210,100,4,5,109
2022,BRASILÉIA,6,94,277,232,45,7,10,62
2022,BRASILÉIA,6,56,203,173,30,2,1,33
2022,BRASILÉIA,6,17,190,160,30,7,3,40
2022,CRUZEIRO DO SUL,4,44,251,204,47,1,2,50
2022,XAPURI,2,48,277,222,55,3,4,62
2022,CRUZEIRO DO SUL,4,391,293,229,64,10,16,90
2022,RIO BRANCO,1,633,334,265,69,3,8,80
2022,SENADOR GUIOMARD,8,27,261,227,34,4,12,50
2022,RIO BRANCO,9,17,340,278,62,15,22,99
2022,RIO BRANCO,9,247,310,248,62,9,10,81
2022,RIO BRANCO,9,409,341,262,79,5,4,88
2022,RIO BRANCO,1,808,258,194,64,9,4,77
2022,RIO BRANCO,1,526,282,204,78,6,1,85
2022,RIO BRANCO,1,517,183,140,43,9,6,58
2022,RIO BRANCO,1,699,334,258,76,16,5,97
2022,RIO BRANCO,9,401,335,267,68,12,3,83
2022,RIO BRANCO,1,564,292,228,64,10,11,85
2022,RIO BRANCO,9,396,334,260,74,6,11,91
2022,RIO BRANCO,1,533,296,239,57,11,5,73
2022,CRUZEIRO DO SUL,4,401,202,153,49,0,2,51
2022,MARECHAL THAUMATURGO,4,73,357,231,126,3,18,147
2022,BRASILÉIA,6,89,284,224,60,5,6,71
2022,CRUZEIRO DO SUL,4,280,306,234,72,2,5,79
2022,CRUZEIRO DO SUL,4,305,285,231,54,4,1,59
2022,RODRIGUES ALVES,4,233,315,234,81,2,10,93
2022,CRUZEIRO DO SUL,4,206,287,233,54,1,0,55
2022,RIO BRANCO,1,656,334,260,74,11,4,89
2022,RIO BRANCO,1,556,208,164,44,6,3,53
2022,RIO BRANCO,1,419,199,166,33,4,2,39
2022,CRUZEIRO DO SUL,4,352,255,186,69,5,2,76
2022,RODRIGUES ALVES,4,290,212,184,28,0,1,29
2022,SENADOR GUIOMARD,8,219,297,222,75,17,4,96
2022,RIO BRANCO,1,179,201,165,36,0,10,46
2022,RIO BRANCO,1,96,338,266,72,2,4,78
2022,RIO BRANCO,1,567,300,239,61,12,15,88
2022,RIO BRANCO,9,450,232,199,33,13,10,56
2022,RIO BRANCO,1,337,320,248,72,7,3,82
2022,RIO BRANCO,9,174,294,246,48,14,17,79
2022,SENADOR GUIOMARD,8,68,228,191,37,9,8,54
2022,RIO BRANCO,1,146,243,200,43,2,7,52
2022,RIO BRANCO,1,503,340,261,79,6,1,86
2022,RIO BRANCO,9,312,327,240,87,23,13,123
2022,RIO BRANCO,9,371,311,258,53,5,8,66
2022,RIO BRANCO,1,736,337,274,63,12,7,82
2022,RIO BRANCO,9,176,329,263,66,7,10,83
2022,CRUZEIRO DO SUL,4,213,273,235,38,3,3,44
2022,RIO BRANCO,9,96,301,257,44,3,15,62
2022,RIO BRANCO,1,561,237,148,89,8,11,108
2022,RIO BRANCO,9,101,346,284,62,9,27,98
2022,CRUZEIRO DO SUL,4,400,286,213,73,8,9,90
2022,MÂNCIO LIMA,4,366,238,167,71,3,10,84
2022,RIO BRANCO,1,760,232,186,46,7,14,67
2022,RIO BRANCO,1,753,316,261,55,2,10,67
2022,RIO BRANCO,1,485,328,228,100,7,11,118
2022,RIO BRANCO,1,465,330,252,78,11,24,113
2022,CRUZEIRO DO SUL,4,408,294,209,85,6,23,114
2022,RIO BRANCO,1,541,312,244,68,12,2,82
2022,RIO BRANCO,9,254,339,274,65,0,12,77
2022,ACRELÂNDIA,8,199,241,170,71,2,0,73
2022,CAPIXABA,2,74,268,204,64,1,6,71
2022,SENA MADUREIRA,3,69,262,209,53,3,10,66
2022,CRUZEIRO DO SUL,4,40,263,216,47,5,1,53
2022,RODRIGUES ALVES,4,82,294,218,76,5,10,91
2022,FEIJÓ,7,26,251,164,87,2,4,93
2022,FEIJÓ,7,58,263,194,69,4,0,73
2022,FEIJÓ,7,16,230,148,82,1,2,85
2022,FEIJÓ,7,65,226,129,97,2,8,107
2022,BRASILÉIA,6,3,258,202,56,6,8,70
2022,FEIJÓ,7,29,233,163,70,1,5,76
2022,FEIJÓ,7,84,300,203,97,4,14,115
2022,FEIJÓ,7,13,283,189,94,4,20,118
2022,RIO BRANCO,1,29,246,187,59,2,0,61
2022,RIO BRANCO,1,368,319,258,61,0,8,69
2022,RIO BRANCO,9,285,330,241,89,6,10,105
2022,RIO BRANCO,1,263,312,256,56,6,10,72
2022,RIO BRANCO,9,360,295,222,73,6,1,80
2022,RIO BRANCO,9,311,339,254,85,9,12,106
2022,RIO BRANCO,1,482,229,168,61,3,11,75
2022,RIO BRANCO,9,341,338,271,67,14,12,93
2022,PORTO WALTER,4,316,301,256,45,1,7,53
2022,RIO BRANCO,1,693,332,251,81,11,5,97
2022,RIO BRANCO,1,454,258,212,46,4,2,52
2022,RIO BRANCO,1,161,292,231,61,9,9,79
2022,RIO BRANCO,9,189,336,272,64,6,11,81
2022,RIO BRANCO,9,355,318,261,57,12,14,83
2022,RIO BRANCO,1,468,339,261,78,5,14,97
2022,PORTO WALTER,4,320,228,197,31,0,12,43
2022,EPITACIOLÂNDIA,6,116,287,228,59,9,2,70
2022,RIO BRANCO,1,795,277,225,52,8,11,71
2022,RIO BRANCO,1,264,187,157,30,3,4,37
2022,RIO BRANCO,1,178,196,156,40,5,4,49
2022,ASSIS BRASIL,6,27,245,186,59,1,5,65
2022,RIO BRANCO,1,183,336,270,66,12,5,83
2022,TARAUACÁ,5,36,294,207,87,2,6,95
2022,RIO BRANCO,9,15,340,285,55,14,20,89
2022,TARAUACÁ,5,71,320,213,107,3,16,126
2022,TARAUACÁ,5,60,194,142,52,2,0,54
2022,RIO BRANCO,9,459,101,94,7,5,1,13
2022,RIO BRANCO,1,10,250,205,45,10,9,64
2022,JORDÃO,5,45,305,237,68,0,9,77
2022,RIO BRANCO,9,428,96,83,13,1,4,18
2022,RIO BRANCO,9,244,334,253,81,3,10,94
2022,PORTO ACRE,1,610,223,191,32,3,5,40
2022,TARAUACÁ,5,55,270,208,62,3,19,84
2022,ASSIS BRASIL,6,43,296,231,65,4,5,74
2022,JORDÃO,5,66,321,260,61,0,3,64
2022,MARECHAL THAUMATURGO,4,441,134,93,41,2,2,45
2022,CRUZEIRO DO SUL,4,353,242,194,48,3,1,52
2022,CRUZEIRO DO SUL,4,152,265,224,41,1,9,51
2022,CRUZEIRO DO SUL,4,211,255,211,44,0,6,50
2022,RODRIGUES ALVES,4,84,298,212,86,1,17,104
2022,CAPIXABA,2,94,265,214,51,2,1,54
2022,RIO BRANCO,9,191,277,214,63,7,1,71
2022,XAPURI,2,20,215,170,45,2,0,47
2022,PLÁCIDO DE CASTRO,8,253,208,149,59,6,7,72
2022,CAPIXABA,2,103,308,243,65,3,12,80
2022,RIO BRANCO,1,510,366,283,83,4,2,89
2022,CRUZEIRO DO SUL,4,249,302,219,83,1,4,88
2022,RIO BRANCO,1,398,334,267,67,8,7,82
2022,RIO BRANCO,1,26,197,161,36,2,5,43
2022,RIO BRANCO,9,220,320,263,57,8,1,66
2022,EPITACIOLÂNDIA,6,47,292,223,69,8,17,94
2022,CRUZEIRO DO SUL,4,130,192,167,25,2,5,32
2022,SENADOR GUIOMARD,8,90,249,215,34,7,5,46
2022,TARAUACÁ,5,69,307,215,92,0,2,94
2022,CRUZEIRO DO SUL,4,297,317,223,94,0,5,99
2022,RIO BRANCO,1,655,335,270,65,12,9,86
2022,MARECHAL THAUMATURGO,4,324,209,165,44,1,2,47
2022,PORTO WALTER,4,372,287,221,66,1,7,74
2022,MÂNCIO LIMA,4,172,277,194,83,0,4,87
2022,RIO BRANCO,9,320,297,235,62,6,4,72
2022,PORTO WALTER,4,311,318,242,76,0,2,78
2022,RIO BRANCO,1,429,195,167,28,5,3,36
2022,RIO BRANCO,1,52,177,154,23,3,8,34
2022,PORTO WALTER,4,164,260,228,32,0,2,34
2022,RIO BRANCO,9,123,324,259,65,7,9,81
2022,RIO BRANCO,1,275,182,150,32,2,4,38
2022,RIO BRANCO,1,88,271,222,49,4,8,61
2022,RIO BRANCO,9,109,374,288,86,5,2,93
2022,RIO BRANCO,9,33,338,285,53,7,2,62
2022,SENADOR GUIOMARD,8,187,325,250,75,3,9,87
2022,RIO BRANCO,1,672,332,258,74,6,2,82
2022,RIO BRANCO,9,457,66,58,8,3,3,14
2022,RIO BRANCO,9,76,337,275,62,13,23,98
2022,RIO BRANCO,1,811,341,255,86,13,5,104
2022,RIO BRANCO,1,268,300,244,56,2,5,63
2022,RIO BRANCO,9,175,337,277,60,10,4,74
2022,RIO BRANCO,9,53,333,251,82,6,11,99
2022,TARAUACÁ,5,21,297,202,95,4,17,116
2022,RIO BRANCO,1,93,207,165,42,1,13,56
2022,RIO BRANCO,9,162,253,197,56,5,5,66
2022,RIO BRANCO,9,444,89,79,10,1,6,17
2022,RIO BRANCO,1,559,178,144,34,11,3,48
2022,TARAUACÁ,5,106,291,205,86,6,6,98
2022,RIO BRANCO,9,268,285,211,74,7,3,84
2022,RIO BRANCO,9,159,313,256,57,8,6,71
2022,RIO BRANCO,9,327,328,261,67,10,5,82
2022,RIO BRANCO,9,158,301,248,53,10,13,76
2022,RIO BRANCO,9,199,334,264,70,7,22,99
2022,RIO BRANCO,9,46,334,270,64,3,7,74
2022,PORTO ACRE,1,601,313,245,68,6,19,93
2022,CRUZEIRO DO SUL,4,38,259,207,52,3,4,59
2022,EPITACIOLÂNDIA,6,68,282,224,58,12,16,86
2022,ASSIS BRASIL,6,114,141,66,75,0,5,80
2022,PORTO ACRE,1,624,251,213,38,1,18,57
2022,JORDÃO,5,118,256,193,63,0,13,76
2022,BRASILÉIA,6,99,269,203,66,6,15,87
2022,EPITACIOLÂNDIA,6,22,276,223,53,8,4,65
2022,TARAUACÁ,5,8,304,204,100,3,12,115
2022,PORTO ACRE,1,631,195,151,44,2,3,49
2022,CRUZEIRO DO SUL,4,291,291,221,70,1,15,86
2022,CRUZEIRO DO SUL,4,43,198,165,33,4,1,38
2022,PORTO WALTER,4,166,259,181,78,1,1,80
2022,CRUZEIRO DO SUL,4,412,230,169,61,9,8,78
2022,RIO BRANCO,1,674,333,252,81,7,3,91
2022,RIO BRANCO,9,116,335,281,54,8,5,67
2022,RIO BRANCO,9,205,332,263,69,11,7,87
2022,RIO BRANCO,9,425,328,277,51,11,0,62
2022,RIO BRANCO,1,708,254,202,52,5,3,60
2022,RIO BRANCO,1,793,215,163,52,4,4,60
2022,RIO BRANCO,9,399,333,273,60,14,27,101
2022,RIO BRANCO,9,287,301,227,74,9,3,86
2022,RODRIGUES ALVES,4,170,235,179,56,3,1,60
2022,MANOEL URBANO,3,48,309,221,88,3,13,104
2022,MÂNCIO LIMA,4,95,301,234,67,1,14,82
2022,MÂNCIO LIMA,4,439,195,170,25,2,1,28
2022,SANTA ROSA DO PURUS,3,72,254,183,71,2,13,86
2022,SENA MADUREIRA,3,4,284,201,83,3,30,116
2022,MANOEL URBANO,3,49,342,239,103,3,26,132
2022,SENA MADUREIRA,3,120,264,173,91,2,0,93
2022,SENA MADUREIRA,3,82,282,208,74,1,2,77
2022,MANOEL URBANO,3,154,174,153,21,0,2,23
2022,MANOEL URBANO,3,47,315,228,87,4,12,103
2022,SANTA ROSA DO PURUS,3,122,222,146,76,2,1,79
2022,SENA MADUREIRA,3,13,278,209,69,5,7,81
2022,SENA MADUREIRA,3,93,265,214,51,3,0,54
2022,SENA MADUREIRA,3,74,276,219,57,3,5,65
2022,SENA MADUREIRA,3,131,281,182,99,5,4,108
2022,RIO BRANCO,9,107,340,270,70,7,22,99
2022,RIO BRANCO,9,74,304,261,43,5,3,51
2022,RIO BRANCO,1,62,275,212,63,3,15,81
2022,RIO BRANCO,9,274,355,276,79,9,4,92
2022,RIO BRANCO,9,277,332,248,84,7,1,92
2022,RIO BRANCO,1,543,195,140,55,7,6,68
2022,SENADOR GUIOMARD,8,118,225,186,39,6,11,56
2022,RIO BRANCO,9,323,326,277,49,6,2,57
2022,TARAUACÁ,5,94,309,211,98,4,12,114
2022,TARAUACÁ,5,44,223,170,53,3,7,63
2022,MÂNCIO LIMA,4,310,293,251,42,5,13,60
2022,MARECHAL THAUMATURGO,4,203,265,216,49,0,2,51
2022,RODRIGUES ALVES,4,193,280,219,61,7,13,81
2022,ASSIS BRASIL,6,108,161,134,27,0,3,30
2022,ASSIS BRASIL,6,93,338,257,81,2,1,84
2022,PORTO ACRE,1,577,251,212,39,11,11,61
2022,ACRELÂNDIA,8,124,192,149,43,3,1,47
2022,ACRELÂNDIA,8,99,195,168,27,3,10,40
2022,XAPURI,2,39,214,171,43,2,6,51
2022,PORTO WALTER,4,146,308,248,60,3,22,85
2022,CAPIXABA,2,87,236,180,56,1,15,72
2022,SENA MADUREIRA,3,11,338,247,91,5,4,100
2022,RIO BRANCO,9,271,178,128,50,2,1,53
2022,XAPURI,2,58,292,241,51,5,19,75
2022,BRASILÉIA,6,138,285,220,65,7,5,77
2022,RIO BRANCO,9,427,337,256,81,12,3,96
2022,TARAUACÁ,5,133,130,102,28,3,1,32
2022,CRUZEIRO DO SUL,4,394,268,208,60,5,4,69
2022,RODRIGUES ALVES,4,387,202,159,43,3,4,50
2022,TARAUACÁ,5,92,217,162,55,1,1,57
2022,TARAUACÁ,5,40,300,209,91,5,15,111
2022,CRUZEIRO DO SUL,4,339,288,220,68,2,4,74
2022,BRASILÉIA,6,24,258,202,56,2,8,66
2022,CRUZEIRO DO SUL,4,418,257,192,65,3,1,69
2022,CRUZEIRO DO SUL,4,295,275,227,48,3,3,54
2022,CRUZEIRO DO SUL,4,47,290,229,61,2,3,66
2022,BRASILÉIA,6,85,230,177,53,5,13,71
2022,RIO BRANCO,1,455,192,152,40,3,4,47
2022,CRUZEIRO DO SUL,4,156,284,223,61,6,4,71
2022,PLÁCIDO DE CASTRO,8,80,263,222,41,7,4,52
2022,RODRIGUES ALVES,4,225,273,230,43,0,13,56
2022,RODRIGUES ALVES,4,281,229,164,65,1,7,73
2022,RODRIGUES ALVES,4,304,199,148,51,0,6,57
2022,CRUZEIRO DO SUL,4,68,262,211,51,4,7,62
2022,CRUZEIRO DO SUL,4,199,237,187,50,4,3,57
2022,RODRIGUES ALVES,4,231,309,270,39,1,22,62
2022,RODRIGUES ALVES,4,149,223,151,72,1,5,78
2022,CRUZEIRO DO SUL,4,131,232,160,72,2,1,75
2022,MARECHAL THAUMATURGO,4,327,245,180,65,0,3,68
2022,CRUZEIRO DO SUL,4,110,221,174,47,9,10,66
2022,TARAUACÁ,5,128,211,165,46,4,4,54
2022,MÂNCIO LIMA,4,151,253,192,61,2,1,64
2022,MARECHAL THAUMATURGO,4,443,227,152,75,1,2,78
2022,CRUZEIRO DO SUL,4,200,245,200,45,5,2,52
2022,RODRIGUES ALVES,4,83,242,174,68,3,3,74
2022,RIO BRANCO,1,643,333,259,74,5,12,91
2022,EPITACIOLÂNDIA,6,135,288,220,68,5,8,81
2022,BRASILÉIA,6,16,190,162,28,4,7,39
2022,EPITACIOLÂNDIA,6,82,246,190,56,5,3,64
2022,EPITACIOLÂNDIA,6,97,212,168,44,4,11,59
2022,FEIJÓ,7,62,331,254,77,0,4,81
2022,RODRIGUES ALVES,4,232,225,181,44,1,11,56
2022,ASSIS BRASIL,6,90,295,229,66,2,21,89
2022,PLÁCIDO DE CASTRO,8,4,219,167,52,2,11,65
2022,CAPIXABA,2,72,242,195,47,2,9,58
2022,PLÁCIDO DE CASTRO,8,1,245,202,43,6,13,62
2022,PLÁCIDO DE CASTRO,8,45,203,159,44,4,8,56
2022,CRUZEIRO DO SUL,4,62,220,171,49,4,1,54
2022,XAPURI,2,30,269,214,55,0,11,66
2022,BUJARI,9,252,276,205,71,8,15,94
2022,SENA MADUREIRA,3,119,280,205,75,7,0,82
2022,RODRIGUES ALVES,4,272,168,119,49,1,3,53
2022,PORTO WALTER,4,314,129,102,27,2,2,31
2022,CRUZEIRO DO SUL,4,385,260,193,67,0,5,72
2022,SENADOR GUIOMARD,8,221,315,260,55,4,15,74
2022,CRUZEIRO DO SUL,4,16,247,201,46,6,3,55
2022,PORTO ACRE,1,620,229,166,63,1,12,76
2022,FEIJÓ,7,68,198,121,77,0,7,84
2022,FEIJÓ,7,78,323,235,88,2,21,111
2022,FEIJÓ,7,47,224,129,95,0,6,101
2022,FEIJÓ,7,52,292,157,135,0,21,156
2022,TARAUACÁ,5,14,295,202,93,3,7,103
2022,JORDÃO,5,126,226,159,67,1,4,72
2022,BRASILÉIA,6,21,270,214,56,5,3,64
2022,RIO BRANCO,9,279,289,205,84,2,29,115
2022,RIO BRANCO,1,642,336,247,89,15,25,129
2022,RIO BRANCO,1,813,342,255,87,9,7,103
2022,SENADOR GUIOMARD,8,268,246,190,56,5,1,62
2022,BRASILÉIA,6,152,291,251,40,2,3,45
2022,PORTO ACRE,1,582,250,182,68,8,8,84
2022,RODRIGUES ALVES,4,169,290,219,71,1,1,73
2022,RODRIGUES ALVES,4,212,218,168,50,5,12,67
2022,MÂNCIO LIMA,4,127,256,195,61,3,0,64
2022,PORTO ACRE,1,576,248,194,54,3,5,62
2022,TARAUACÁ,5,39,287,200,87,2,1,90
2022,BRASILÉIA,6,118,284,230,54,4,14,72
2022,BRASILÉIA,6,6,267,218,49,4,2,55
2022,TARAUACÁ,5,130,219,174,45,5,5,55
2022,PORTO ACRE,1,589,236,172,64,6,5,75
2022,PORTO ACRE,1,611,219,177,42,8,5,55
2022,MÂNCIO LIMA,4,103,272,196,76,0,1,77
2022,RODRIGUES ALVES,4,377,191,127,64,1,0,65
2022,PORTO WALTER,4,132,317,242,75,2,24,101
2022,MARECHAL THAUMATURGO,4,140,316,236,80,2,19,101
2022,MARECHAL THAUMATURGO,4,76,267,187,80,2,23,105
2022,CRUZEIRO DO SUL,4,49,276,224,52,7,9,68
2022,CRUZEIRO DO SUL,4,329,283,205,78,3,0,81
2022,PORTO WALTER,4,430,292,216,76,7,9,92
2022,MARECHAL THAUMATURGO,4,434,294,200,94,0,6,100
2022,EPITACIOLÂNDIA,6,107,275,216,59,10,5,74
2022,SENA MADUREIRA,3,75,296,221,75,9,8,92
2022,SENA MADUREIRA,3,10,326,243,83,3,5,91
2022,BUJARI,9,202,333,245,88,6,4,98
2022,SENA MADUREIRA,3,114,229,160,69,2,4,75
2022,SENA MADUREIRA,3,146,136,91,45,2,3,50
2022,SENA MADUREIRA,3,56,274,214,60,3,2,65
2022,MANOEL URBANO,3,44,326,242,84,2,12,98
2022,SENA MADUREIRA,3,40,304,191,113,4,9,126
2022,EPITACIOLÂNDIA,6,144,303,223,80,18,18,116
2022,BRASILÉIA,6,112,337,265,72,3,1,76
2022,BRASILÉIA,6,41,263,211,52,5,7,64
2022,TARAUACÁ,5,34,294,217,77,4,2,83
2022,MÂNCIO LIMA,4,273,240,188,52,2,8,62
2022,CRUZEIRO DO SUL,4,69,246,185,61,3,4,68
2022,RODRIGUES ALVES,4,209,278,236,42,0,3,45
2022,MÂNCIO LIMA,4,277,302,274,28,1,4,33
2022,CRUZEIRO DO SUL,4,14,188,144,44,11,7,62
2022,PORTO WALTER,4,447,294,219,75,2,1,78
2022,MÂNCIO LIMA,4,346,269,196,73,7,9,89
2022,TARAUACÁ,5,85,272,197,75,10,19,104
2022,TARAUACÁ,5,18,236,160,76,1,11,88
2022,BUJARI,9,208,327,247,80,11,16,107
2022,SENA MADUREIRA,3,53,292,211,81,1,7,89
2022,SENA MADUREIRA,3,73,320,256,64,8,11,83
2022,SENA MADUREIRA,3,54,288,218,70,4,7,81
2022,SENA MADUREIRA,3,79,248,190,58,5,11,74
2022,SENA MADUREIRA,3,80,279,199,80,3,5,88
2022,MANOEL URBANO,3,102,103,90,13,0,3,16
2022,SENA MADUREIRA,3,103,241,195,46,0,0,46
2022,SENA MADUREIRA,3,101,323,258,65,2,4,71
2022,SENA MADUREIRA,3,142,257,170,87,4,22,113
2022,BUJARI,9,6,317,258,59,3,5,67
2022,RIO BRANCO,9,88,327,248,79,0,12,91
2022,TARAUACÁ,5,61,234,176,58,2,4,64
2022,XAPURI,2,2,216,172,44,4,6,54
2022,ASSIS BRASIL,6,66,360,308,52,3,20,75
2022,PORTO ACRE,1,602,156,131,25,2,11,38
2022,ACRELÂNDIA,8,164,156,133,23,1,14,38
2022,XAPURI,2,60,329,244,85,3,2,90
2022,ACRELÂNDIA,8,77,225,177,48,2,9,59
2022,CRUZEIRO DO SUL,4,383,295,225,70,5,3,78
2022,PLÁCIDO DE CASTRO,8,111,250,200,50,2,11,63
2022,RIO BRANCO,1,205,188,147,41,9,11,61
2022,ACRELÂNDIA,8,72,223,169,54,2,3,59
2022,ACRELÂNDIA,8,132,172,154,18,4,9,31
2022,SENA MADUREIRA,3,1,297,205,92,4,4,100
2022,SENADOR GUIOMARD,8,50,195,165,30,3,3,36
2022,BRASILÉIA,6,133,287,238,49,7,9,65
2022,CRUZEIRO DO SUL,4,1,312,230,82,6,6,94
2022,PORTO WALTER,4,115,306,247,59,2,0,61
2022,TARAUACÁ,5,11,289,208,81,2,4,87
2022,MÂNCIO LIMA,4,93,311,228,83,2,10,95
2022,BRASILÉIA,6,88,312,252,60,11,21,92
2022,JORDÃO,5,67,239,187,52,1,14,67
2022,RIO BRANCO,1,566,272,215,57,7,5,69
2022,RIO BRANCO,9,372,311,258,53,7,9,69
2022,RIO BRANCO,9,233,336,247,89,10,6,105
2022,RIO BRANCO,1,35,331,260,71,5,11,87
2022,RIO BRANCO,1,190,236,179,57,3,6,66
2022,RIO BRANCO,9,216,336,279,57,6,12,75
2022,SENADOR GUIOMARD,8,69,198,174,24,8,7,39
2022,ACRELÂNDIA,8,9,199,152,47,4,1,52
2022,EPITACIOLÂNDIA,6,60,284,246,38,8,3,49
2022,PORTO ACRE,1,630,227,190,37,6,13,56
2022,CRUZEIRO DO SUL,4,112,161,141,20,9,4,33
2022,CRUZEIRO DO SUL,4,192,176,143,33,5,15,53
2022,MÂNCIO LIMA,4,92,280,211,69,0,12,81
2022,RODRIGUES ALVES,4,455,200,172,28,2,0,30
2022,CRUZEIRO DO SUL,4,397,300,242,58,2,14,74
2022,MARECHAL THAUMATURGO,4,236,250,186,64,1,9,74
2022,CRUZEIRO DO SUL,4,282,286,235,51,1,3,55
2022,CRUZEIRO DO SUL,4,270,164,103,61,0,2,63
2022,MARECHAL THAUMATURGO,4,161,284,210,74,0,2,76
2022,RIO BRANCO,1,770,313,229,84,10,11,105
2022,RIO BRANCO,9,44,302,252,50,5,7,62
2022,RIO BRANCO,9,119,340,283,57,13,8,78
2022,RIO BRANCO,9,70,286,228,58,6,4,68
2022,RIO BRANCO,1,641,338,254,84,9,14,107
2022,RIO BRANCO,1,812,339,236,103,18,10,131
2022,RIO BRANCO,9,286,345,247,98,7,5,110
2022,RIO BRANCO,9,184,327,252,75,7,12,94
2022,RIO BRANCO,9,95,340,272,68,9,7,84
2022,RIO BRANCO,1,38,333,249,84,8,3,95
2022,RIO BRANCO,9,344,337,270,67,15,7,89
2022,RIO BRANCO,1,45,242,192,50,7,10,67
2022,RIO BRANCO,9,31,356,273,83,7,20,110
2022,RODRIGUES ALVES,4,317,306,247,59,4,11,74
2022,PORTO WALTER,4,245,263,227,36,0,6,42
2022,RIO BRANCO,1,798,334,240,94,12,12,118
2022,RIO BRANCO,1,823,314,258,56,7,3,66
2022,RIO BRANCO,9,255,361,292,69,8,5,82
2022,RIO BRANCO,1,523,218,154,64,4,3,71
2022,RIO BRANCO,9,451,136,117,19,2,2,23
2022,RIO BRANCO,1,740,299,236,63,8,5,76
2022,RIO BRANCO,1,551,227,170,57,5,3,65
2022,RIO BRANCO,1,762,159,133,26,3,3,32
2022,RIO BRANCO,1,768,321,249,72,6,9,87
2022,RIO BRANCO,1,716,304,255,49,10,17,76
2022,XAPURI,2,11,242,194,48,1,2,51
2022,PLÁCIDO DE CASTRO,8,15,245,199,46,4,5,55
2022,CRUZEIRO DO SUL,4,407,287,213,74,2,3,79
2022,PLÁCIDO DE CASTRO,8,112,251,192,59,4,2,65
2022,CRUZEIRO DO SUL,4,158,275,216,59,3,3,65
2022,XAPURI,2,31,238,189,49,4,10,63
2022,ACRELÂNDIA,8,233,197,135,62,5,1,68
2022,RIO BRANCO,1,636,333,246,87,8,3,98
2022,RIO BRANCO,1,504,246,173,73,7,11,91
2022,RIO BRANCO,1,94,201,162,39,4,7,50
2022,RIO BRANCO,1,65,267,205,62,4,9,75
2022,RIO BRANCO,9,376,310,272,38,10,9,57
2022,SENADOR GUIOMARD,8,41,279,226,53,7,2,62
2022,RIO BRANCO,1,270,282,225,57,10,21,88
2022,RIO BRANCO,9,354,324,266,58,8,9,75
2022,RIO BRANCO,1,476,322,259,63,4,3,70
2022,RIO BRANCO,9,115,335,252,83,14,13,110
2022,RIO BRANCO,9,363,331,254,77,5,3,85
2022,RIO BRANCO,1,829,343,270,73,10,3,86
2022,RIO BRANCO,1,815,150,125,25,4,0,29
2022,XAPURI,2,57,232,198,34,6,12,52
2022,XAPURI,2,27,240,192,48,2,11,61
2022,ACRELÂNDIA,8,181,230,182,48,6,4,58
2022,XAPURI,2,7,245,200,45,4,11,60
2022,RIO BRANCO,1,481,287,236,51,4,3,58
2022,RIO BRANCO,9,398,335,275,60,6,14,80
2022,CAPIXABA,2,91,266,215,51,3,15,69
2022,XAPURI,2,51,203,170,33,6,8,47
2022,CRUZEIRO DO SUL,4,242,288,240,48,5,5,58
2022,RIO BRANCO,9,166,268,202,66,11,20,97
2022,PORTO ACRE,1,627,341,271,70,5,17,92
2022,TARAUACÁ,5,127,284,203,81,1,16,98
2022,CRUZEIRO DO SUL,4,117,245,189,56,12,2,70
2022,RIO BRANCO,9,267,198,159,39,4,7,50
2022,RIO BRANCO,9,417,209,176,33,3,10,46
2022,RIO BRANCO,9,155,273,215,58,4,10,72
2022,RIO BRANCO,1,76,255,210,45,7,11,63
2022,SENADOR GUIOMARD,8,244,244,171,73,13,11,97
2022,RIO BRANCO,1,147,237,177,60,5,2,67
2022,RIO BRANCO,9,270,338,267,71,9,3,83
2022,RIO BRANCO,9,63,336,286,50,4,15,69
2022,RIO BRANCO,9,206,333,263,70,4,10,84
2022,RIO BRANCO,1,472,333,251,82,17,18,117
2022,RIO BRANCO,1,706,268,225,43,6,7,56
2022,RIO BRANCO,9,93,337,263,74,4,10,88
2022,RIO BRANCO,9,240,214,168,46,7,7,60
2022,EPITACIOLÂNDIA,6,48,292,215,77,5,4,86
2022,CRUZEIRO DO SUL,4,258,252,216,36,6,11,53
2022,RIO BRANCO,1,554,335,250,85,12,9,106
2022,SENADOR GUIOMARD,8,44,263,211,52,11,7,70
2022,SENADOR GUIOMARD,8,208,207,167,40,4,4,48
2022,RIO BRANCO,1,470,279,220,59,12,10,81
2022,RIO BRANCO,9,127,343,281,62,7,8,77
2022,RIO BRANCO,1,544,251,205,46,3,8,57
2022,RIO BRANCO,1,508,231,169,62,4,2,68
2022,RIO BRANCO,9,418,321,233,88,9,4,101
2022,RIO BRANCO,9,342,332,282,50,8,3,61
2022,RIO BRANCO,1,248,238,212,26,4,12,42
2022,RIO BRANCO,1,460,325,260,65,6,5,76
2022,RIO BRANCO,9,385,333,252,81,9,5,95
2022,RIO BRANCO,9,224,327,264,63,4,9,76
2022,RIO BRANCO,1,335,254,214,40,1,10,51
2022,RIO BRANCO,9,356,325,260,65,3,6,74
2022,RIO BRANCO,1,810,236,175,61,12,6,79
2022,RIO BRANCO,1,446,329,249,80,2,8,90
2022,RIO BRANCO,9,43,340,281,59,6,5,70
2022,RIO BRANCO,1,733,327,280,47,13,6,66
2022,RIO BRANCO,9,207,375,309,66,6,8,80
2022,RIO BRANCO,9,160,340,271,69,3,17,89
2022,RIO BRANCO,1,788,338,247,91,5,3,99
2022,RIO BRANCO,1,4,339,260,79,13,12,104
2022,RIO BRANCO,9,414,346,224,122,19,15,156
2022,FEIJÓ,7,48,318,216,102,3,11,116
2022,FEIJÓ,7,49,320,223,97,8,7,112
2022,CRUZEIRO DO SUL,4,409,296,215,81,5,2,88
2022,PORTO WALTER,4,79,305,231,74,3,20,97
2022,PORTO WALTER,4,80,320,243,77,1,3,81
2022,CRUZEIRO DO SUL,4,398,268,228,40,5,5,50
2022,CRUZEIRO DO SUL,4,195,253,212,41,4,12,57
2022,RODRIGUES ALVES,4,357,296,241,55,1,9,65
2022,MARECHAL THAUMATURGO,4,201,275,220,55,0,7,62
2024,RIO BRANCO,9,148,341,276,65,7,2,74
2024,RIO BRANCO,1,727,318,221,97,2,3,102
2024,EPITACIOLÂNDIA,6,34,288,229,59,1,1,61
2024,BRASILÉIA,6,11,277,222,55,0,7,62
2024,PLÁCIDO DE CASTRO,8,46,396,328,68,3,8,79
2024,RIO BRANCO,9,332,301,213,88,3,3,94
2024,ACRELÂNDIA,8,93,355,298,57,1,5,63
2024,PORTO ACRE,1,580,273,215,58,1,1,60
2024,RIO BRANCO,9,116,334,269,65,2,5,72
2024,RIO BRANCO,1,454,234,182,52,3,2,57
2024,RIO BRANCO,1,503,325,237,88,2,1,91
2024,RIO BRANCO,9,170,224,134,90,4,0,94
2024,RIO BRANCO,9,45,333,257,76,5,3,84
2024,RIO BRANCO,1,42,348,269,79,4,2,85
2024,RIO BRANCO,1,264,338,275,63,2,7,72
2024,SENADOR GUIOMARD,8,226,237,198,39,2,5,46
2024,BRASILÉIA,6,146,378,301,77,2,1,80
2024,BRASILÉIA,6,117,222,163,59,0,5,64
2024,RIO BRANCO,9,376,303,246,57,3,7,67
2024,RIO BRANCO,1,734,297,228,69,7,3,79
2024,RIO BRANCO,1,739,340,276,64,11,7,82
2024,ACRELÂNDIA,8,162,275,215,60,2,4,66
2024,RIO BRANCO,1,731,333,243,90,1,3,94
2024,RIO BRANCO,9,40,256,193,63,2,3,68
2024,PORTO ACRE,1,608,268,232,36,3,5,44
2024,RIO BRANCO,1,757,242,188,54,0,2,56
2024,CRUZEIRO DO SUL,4,247,271,223,48,1,1,50
2024,TARAUACÁ,5,61,248,214,34,0,10,44
2024,TARAUACÁ,5,130,282,236,46,2,3,51
2024,RODRIGUES ALVES,4,209,296,274,22,1,2,25
2024,SENA MADUREIRA,3,29,290,233,57,1,0,58
2024,JORDÃO,5,27,263,224,39,2,8,49
2024,CRUZEIRO DO SUL,4,15,299,243,56,2,4,62
2024,CRUZEIRO DO SUL,4,393,305,240,65,1,20,86
2024,CRUZEIRO DO SUL,4,199,250,215,35,4,4,43
2024,CRUZEIRO DO SUL,4,376,269,222,47,2,2,51
2024,MANOEL URBANO,3,130,288,222,66,1,2,69
2024,CRUZEIRO DO SUL,4,13,219,181,38,1,6,45
2024,SANTA ROSA DO PURUS,3,88,255,206,49,0,10,59
2024,TARAUACÁ,5,11,275,222,53,1,2,56
2024,MANOEL URBANO,3,49,285,252,33,3,9,45
2024,RODRIGUES ALVES,4,427,167,153,14,0,1,15
2024,FEIJÓ,7,11,256,197,59,0,8,67
2024,RODRIGUES ALVES,4,148,262,222,40,5,9,54
2024,FEIJÓ,7,62,322,247,75,3,7,85
2024,CRUZEIRO DO SUL,4,275,355,316,39,1,8,48
2024,RODRIGUES ALVES,4,150,243,213,30,0,2,32
2024,TARAUACÁ,5,84,286,232,54,6,1,61
2024,MÂNCIO LIMA,4,97,276,234,42,2,2,46
2024,SENA MADUREIRA,3,64,265,222,43,1,3,47
2024,SENA MADUREIRA,3,36,287,239,48,1,6,55
2024,PORTO WALTER,4,313,125,116,9,0,1,10
2024,RIO BRANCO,9,459,243,221,22,5,1,28
2024,RIO BRANCO,1,814,325,229,96,5,11,112
2024,RIO BRANCO,1,4,338,253,85,4,5,94
2024,RIO BRANCO,1,12,241,147,94,1,3,98
2024,RIO BRANCO,9,190,342,255,87,5,4,96
2024,RIO BRANCO,1,450,302,233,69,5,5,79
2024,RIO BRANCO,9,224,330,255,75,2,3,80
2024,RIO BRANCO,1,62,266,202,64,3,4,71
2024,ACRELÂNDIA,8,164,172,146,26,1,4,31
2024,CAPIXABA,2,82,251,180,71,0,1,72
2024,RIO BRANCO,1,782,342,282,60,2,4,66
2024,CAPIXABA,2,75,239,200,39,2,4,45
2024,ACRELÂNDIA,8,160,339,278,61,1,1,63
2024,RIO BRANCO,1,745,258,199,59,1,3,63
2024,RIO BRANCO,1,775,339,263,76,5,5,86
2024,RIO BRANCO,9,23,338,271,67,2,5,74
2024,PLÁCIDO DE CASTRO,8,201,201,162,39,4,3,46
2024,RIO BRANCO,9,385,330,241,89,2,3,94
2024,RIO BRANCO,9,196,324,263,61,5,7,73
2024,RIO BRANCO,1,486,304,200,104,3,4,111
2024,CAPIXABA,2,67,293,245,48,1,2,51
2024,RIO BRANCO,9,244,339,252,87,0,11,98
2024,SENADOR GUIOMARD,8,62,386,306,80,4,7,91
2024,XAPURI,2,30,282,234,48,1,7,56
2024,RIO BRANCO,1,489,298,248,50,3,0,53
2024,FEIJÓ,7,30,258,215,43,1,3,47
2024,CRUZEIRO DO SUL,4,406,283,213,70,3,6,79
2024,FEIJÓ,7,47,241,179,62,0,3,65
2024,CRUZEIRO DO SUL,4,342,260,187,73,2,3,78
2024,FEIJÓ,7,25,450,348,102,1,9,112
2024,CRUZEIRO DO SUL,4,227,234,196,38,1,3,42
2024,CRUZEIRO DO SUL,4,322,277,241,36,2,2,40
2024,MARECHAL THAUMATURGO,4,236,219,187,32,3,23,58
2024,MÂNCIO LIMA,4,335,264,215,49,0,2,51
2024,FEIJÓ,7,51,324,262,62,1,7,70
2024,CRUZEIRO DO SUL,4,57,267,212,55,4,7,66
2024,RODRIGUES ALVES,4,479,247,239,8,2,0,10
2024,CRUZEIRO DO SUL,4,183,282,224,58,3,0,61
2024,PORTO WALTER,4,144,265,242,23,1,3,27
2024,SANTA ROSA DO PURUS,3,58,267,227,40,0,5,45
2024,TARAUACÁ,5,38,320,261,59,0,6,65
2024,TARAUACÁ,5,103,182,117,65,0,5,70
2024,MÂNCIO LIMA,4,307,267,247,20,1,2,23
2024,SANTA ROSA DO PURUS,3,96,312,260,52,0,6,58
2024,TARAUACÁ,5,50,274,231,43,0,11,54
2024,TARAUACÁ,5,43,277,234,43,4,8,55
2024,PORTO WALTER,4,115,292,260,32,1,5,38
2024,FEIJÓ,7,81,342,274,68,2,7,77
2024,TARAUACÁ,5,36,290,239,51,2,6,59
2024,JORDÃO,5,122,292,256,36,1,11,48
2024,SENA MADUREIRA,3,8,283,226,57,1,6,64
2024,BRASILÉIA,6,53,263,223,40,1,3,44
2024,RIO BRANCO,1,391,332,262,70,7,3,80
2024,RIO BRANCO,1,638,338,255,83,7,7,97
2024,RIO BRANCO,1,148,246,183,63,2,5,70
2024,RIO BRANCO,9,124,320,249,71,1,4,76
2024,RIO BRANCO,1,484,337,240,97,3,7,107
2024,SENADOR GUIOMARD,8,31,245,212,33,2,1,36
2024,BRASILÉIA,6,7,283,215,68,3,3,74
2024,RIO BRANCO,1,7,343,258,85,5,7,97
2024,RIO BRANCO,9,458,256,200,56,2,3,61
2024,RIO BRANCO,1,40,376,285,91,4,8,103
2024,RIO BRANCO,1,380,295,242,53,6,3,62
2024,ACRELÂNDIA,8,123,267,221,46,0,2,48
2024,RIO BRANCO,9,399,320,248,72,5,5,82
2024,RIO BRANCO,9,346,341,269,72,3,3,78
2024,RIO BRANCO,1,83,285,225,60,3,6,69
2024,RIO BRANCO,9,179,337,244,93,9,3,105
2024,RIO BRANCO,1,642,337,240,97,1,4,102
2024,RIO BRANCO,9,79,340,276,64,1,13,78
2024,RIO BRANCO,9,364,327,258,69,9,3,81
2024,EPITACIOLÂNDIA,6,135,285,212,73,3,5,81
2024,RIO BRANCO,1,850,347,311,36,2,6,44
2024,RIO BRANCO,9,421,307,201,106,6,5,117
2024,SENADOR GUIOMARD,8,28,271,215,56,4,3,63
2024,ACRELÂNDIA,8,95,357,289,68,3,1,72
2024,RIO BRANCO,9,13,238,177,61,3,8,72
2024,FEIJÓ,7,14,256,206,50,0,5,55
2024,CRUZEIRO DO SUL,4,356,285,201,84,7,6,97
2024,MARECHAL THAUMATURGO,4,324,238,210,28,0,2,30
2024,TARAUACÁ,5,54,251,202,49,1,10,60
2024,SENA MADUREIRA,3,16,258,207,51,3,8,62
2024,CRUZEIRO DO SUL,4,450,117,108,9,1,3,13
2024,SENA MADUREIRA,3,94,253,220,33,2,1,36
2024,TARAUACÁ,5,63,247,201,46,0,8,54
2024,FEIJÓ,7,63,272,222,50,0,2,52
2024,CRUZEIRO DO SUL,4,339,267,210,57,2,1,60
2024,MÂNCIO LIMA,4,276,232,214,18,0,3,21
2024,CRUZEIRO DO SUL,4,470,125,110,15,0,1,16
2024,SENA MADUREIRA,3,138,429,352,77,1,7,85
2024,CRUZEIRO DO SUL,4,365,293,240,53,2,6,61
2024,CRUZEIRO DO SUL,4,383,268,212,56,2,2,60
2024,MARECHAL THAUMATURGO,4,201,256,230,26,0,6,32
2024,MARECHAL THAUMATURGO,4,444,254,225,29,0,3,32
2024,CRUZEIRO DO SUL,4,288,279,211,68,9,5,82
2024,TARAUACÁ,5,7,318,242,76,3,5,84
2024,TARAUACÁ,5,136,208,170,38,2,1,41
2024,CRUZEIRO DO SUL,4,67,407,304,103,3,3,109
2024,CRUZEIRO DO SUL,4,329,283,221,62,1,1,64
2024,TARAUACÁ,5,71,333,269,64,3,6,73
2024,MÂNCIO LIMA,4,265,269,244,25,0,1,26
2024,TARAUACÁ,5,48,388,302,86,3,3,92
2024,CRUZEIRO DO SUL,4,360,293,233,60,4,4,68
2024,PORTO ACRE,1,599,288,234,54,2,6,62
2024,RIO BRANCO,9,386,343,275,68,1,4,73
2024,RIO BRANCO,1,327,214,185,29,1,5,35
2024,RIO BRANCO,9,177,319,252,67,2,6,75
2024,SENADOR GUIOMARD,8,35,242,200,42,4,2,48
2024,ACRELÂNDIA,8,94,429,351,78,0,6,84
2024,RIO BRANCO,9,238,324,245,79,4,5,88
2024,RIO BRANCO,1,552,321,250,71,6,4,81
2024,RIO BRANCO,1,270,254,205,49,5,9,63
2024,RIO BRANCO,9,110,351,281,70,2,3,75
2024,RIO BRANCO,9,379,315,240,75,4,2,81
2024,RIO BRANCO,9,63,341,281,60,2,8,70
2024,SENADOR GUIOMARD,8,92,372,312,60,3,2,65
2024,ACRELÂNDIA,8,132,361,305,56,0,4,60
2024,SENADOR GUIOMARD,8,248,244,216,28,3,3,34
2024,RIO BRANCO,1,419,219,175,44,0,5,49
2024,RIO BRANCO,1,798,335,226,109,4,2,115
2024,RIO BRANCO,1,674,325,250,75,4,7,86
2024,RIO BRANCO,1,443,271,214,57,3,2,62
2024,RIO BRANCO,1,668,339,265,74,3,5,82
2024,XAPURI,2,2,332,266,66,2,6,74
2024,RIO BRANCO,1,277,291,231,60,3,4,67
2024,RIO BRANCO,1,281,380,296,84,2,8,94
2024,ASSIS BRASIL,6,43,294,247,47,1,4,52
2024,RIO BRANCO,9,393,338,251,87,2,3,92
2024,BRASILÉIA,6,119,260,209,51,0,7,58
2024,PLÁCIDO DE CASTRO,8,4,238,180,58,0,3,61
2024,SENA MADUREIRA,3,7,279,232,47,1,5,53
2024,FEIJÓ,7,4,287,244,43,2,8,53
2024,RODRIGUES ALVES,4,298,221,197,24,0,2,26
2024,SENA MADUREIRA,3,10,289,234,55,1,7,63
2024,SENA MADUREIRA,3,15,256,210,46,3,3,52
2024,FEIJÓ,7,13,260,206,54,0,9,63
2024,RODRIGUES ALVES,4,193,265,223,42,3,0,45
2024,MANOEL URBANO,3,100,274,236,38,2,10,50
2024,CRUZEIRO DO SUL,4,70,269,217,52,2,9,63
2024,MANOEL URBANO,3,52,255,230,25,1,14,40
2024,CRUZEIRO DO SUL,4,355,292,232,60,6,6,72
2024,MÂNCIO LIMA,4,216,291,254,37,1,4,42
2024,SENA MADUREIRA,3,128,265,211,54,2,4,60
2024,FEIJÓ,7,67,185,88,97,0,5,102
2024,CRUZEIRO DO SUL,4,158,295,249,46,0,2,48
2024,TARAUACÁ,5,104,395,330,65,0,9,74
2024,TARAUACÁ,5,116,302,241,61,2,2,65
2024,RODRIGUES ALVES,4,455,282,242,40,1,8,49
2024,SENA MADUREIRA,3,164,268,219,49,3,3,55
2024,MÂNCIO LIMA,4,248,252,205,47,1,5,53
2024,CRUZEIRO DO SUL,4,154,260,226,34,2,0,36
2024,MARECHAL THAUMATURGO,4,279,289,250,39,1,3,43
2024,MÂNCIO LIMA,4,432,282,220,62,0,1,63
2024,RODRIGUES ALVES,4,82,269,231,38,3,3,44
2024,CRUZEIRO DO SUL,4,301,350,254,96,1,3,100
2024,CRUZEIRO DO SUL,4,334,277,246,31,2,0,33
2024,RIO BRANCO,1,278,195,153,42,0,5,47
2024,RIO BRANCO,9,351,327,246,81,4,0,85
2024,BRASILÉIA,6,25,260,201,59,3,2,64
2024,RIO BRANCO,1,537,174,118,56,2,4,62
2024,RIO BRANCO,1,527,293,219,74,1,7,82
2024,RIO BRANCO,1,189,236,164,72,0,5,77
2024,XAPURI,2,57,268,234,34,0,1,35
2024,RIO BRANCO,9,433,339,237,102,8,2,112
2024,RIO BRANCO,1,516,235,135,100,4,4,108
2024,RIO BRANCO,1,760,224,157,67,1,3,71
2024,RIO BRANCO,1,725,296,235,61,1,2,64
2024,PLÁCIDO DE CASTRO,8,263,254,184,70,1,3,74
2024,RIO BRANCO,9,262,307,229,78,8,3,89
2024,RIO BRANCO,1,485,326,221,105,5,6,116
2024,RIO BRANCO,1,14,240,169,71,3,1,75
2024,RIO BRANCO,9,214,332,239,93,7,3,103
2024,BUJARI,9,2,337,278,59,0,6,65
2024,RIO BRANCO,1,812,338,233,105,6,4,115
2024,BUJARI,9,436,294,234,60,0,5,65
2024,RIO BRANCO,9,260,350,271,79,5,2,86
2024,BUJARI,9,200,230,186,44,1,1,46
2024,RIO BRANCO,9,147,270,208,62,4,2,68
2024,BRASILÉIA,6,131,260,214,46,4,6,56
2024,RIO BRANCO,1,495,332,226,106,4,2,112
2024,BRASILÉIA,6,63,241,189,52,5,2,59
2024,RIO BRANCO,9,457,194,167,27,3,3,33
2024,FEIJÓ,7,52,301,206,95,1,10,106
2024,CRUZEIRO DO SUL,4,138,244,203,41,1,5,47
2024,SENA MADUREIRA,3,137,276,231,45,0,4,49
2024,RODRIGUES ALVES,4,304,193,167,26,0,0,26
2024,TARAUACÁ,5,33,324,272,52,10,5,67
2024,CRUZEIRO DO SUL,4,415,303,254,49,0,2,51
2024,CRUZEIRO DO SUL,4,192,391,314,77,1,2,80
2024,FEIJÓ,7,16,422,346,76,1,6,83
2024,CRUZEIRO DO SUL,4,187,282,222,60,5,8,73
2024,CRUZEIRO DO SUL,4,255,275,241,34,4,4,42
2024,SANTA ROSA DO PURUS,3,157,264,230,34,1,3,38
2024,RODRIGUES ALVES,4,241,256,226,30,0,0,30
2024,SENA MADUREIRA,3,73,292,261,31,1,4,36
2024,PORTO WALTER,4,166,212,187,25,0,1,26
2024,JORDÃO,5,28,262,226,36,1,1,38
2024,RODRIGUES ALVES,4,169,269,226,43,2,4,49
2024,CRUZEIRO DO SUL,4,343,384,327,57,4,5,66
2024,SENA MADUREIRA,3,75,282,231,51,2,5,58
2024,TARAUACÁ,5,77,272,218,54,4,2,60
2024,SENA MADUREIRA,3,30,293,251,42,1,7,50
2024,CRUZEIRO DO SUL,4,68,284,233,51,3,1,55
2024,CRUZEIRO DO SUL,4,23,309,236,73,3,1,77
2024,SANTA ROSA DO PURUS,3,95,300,248,52,1,33,86
2024,TARAUACÁ,5,5,295,218,77,1,9,87
2024,PORTO WALTER,4,477,271,241,30,1,3,34
2024,RODRIGUES ALVES,4,232,223,203,20,0,3,23
2024,RIO BRANCO,9,100,336,260,76,8,2,86
2024,EPITACIOLÂNDIA,6,164,236,216,20,5,1,26
2024,RIO BRANCO,1,77,325,251,74,4,8,86
2024,BRASILÉIA,6,20,298,238,60,3,5,68
2024,PORTO ACRE,1,601,320,261,59,6,13,78
2024,SENADOR GUIOMARD,8,275,266,229,37,2,3,42
2024,RIO BRANCO,1,772,250,198,52,6,3,61
2024,BRASILÉIA,6,39,257,202,55,3,6,64
2024,RIO BRANCO,1,546,326,223,103,4,1,108
2024,CAPIXABA,2,93,280,220,60,0,0,60
2024,SENADOR GUIOMARD,8,104,425,347,78,5,13,96
2024,SENADOR GUIOMARD,8,116,242,194,48,2,1,51
2024,PORTO ACRE,1,619,278,229,49,3,13,65
2024,ASSIS BRASIL,6,30,299,247,52,3,2,57
2024,RIO BRANCO,1,816,308,234,74,1,4,79
2024,RIO BRANCO,9,327,324,250,74,3,6,83
2024,RIO BRANCO,1,774,340,275,65,5,6,76
2024,RIO BRANCO,9,401,325,253,72,7,3,82
2024,PLÁCIDO DE CASTRO,8,3,243,190,53,4,4,61
2024,ASSIS BRASIL,6,31,294,243,51,2,3,56
2024,RIO BRANCO,1,644,341,257,84,4,2,90
2024,RIO BRANCO,1,490,338,254,84,6,3,93
2024,RIO BRANCO,9,447,335,272,63,7,4,74
2024,RIO BRANCO,9,422,277,198,79,4,2,85
2024,RIO BRANCO,9,34,232,194,38,1,4,43
2024,MÂNCIO LIMA,4,95,274,228,46,0,5,51
2024,FEIJÓ,7,24,284,228,56,1,11,68
2024,RODRIGUES ALVES,4,234,256,230,26,0,0,26
2024,CRUZEIRO DO SUL,4,178,268,217,51,0,3,54
2024,JORDÃO,5,75,262,220,42,0,2,44
2024,RODRIGUES ALVES,4,212,441,382,59,1,7,67
2024,SENA MADUREIRA,3,31,247,213,34,0,2,36
2024,CRUZEIRO DO SUL,4,385,272,217,55,4,1,60
2024,SENA MADUREIRA,3,129,364,274,90,0,7,97
2024,CRUZEIRO DO SUL,4,214,282,225,57,2,4,63
2024,CRUZEIRO DO SUL,4,88,286,241,45,1,8,54
2024,MÂNCIO LIMA,4,103,273,244,29,0,2,31
2024,FEIJÓ,7,45,262,219,43,1,6,50
2024,CRUZEIRO DO SUL,4,382,220,142,78,1,8,87
2024,FEIJÓ,7,32,251,194,57,0,5,62
2024,MANOEL URBANO,3,139,282,224,58,1,7,66
2024,CRUZEIRO DO SUL,4,396,286,225,61,1,2,64
2024,CRUZEIRO DO SUL,4,16,289,235,54,4,2,60
2024,CRUZEIRO DO SUL,4,206,275,237,38,5,2,45
2024,MARECHAL THAUMATURGO,4,441,225,204,21,0,0,21
2024,MÂNCIO LIMA,4,346,379,326,53,2,4,59
2024,TARAUACÁ,5,49,303,243,60,3,12,75
2024,CRUZEIRO DO SUL,4,282,276,236,40,0,1,41
2024,FEIJÓ,7,41,340,266,74,1,6,81
2024,TARAUACÁ,5,99,289,213,76,4,6,86
2024,FEIJÓ,7,57,339,272,67,2,4,73
2024,RIO BRANCO,9,420,366,256,110,6,1,117
2024,RIO BRANCO,1,545,328,243,85,4,7,96
2024,RIO BRANCO,9,59,292,226,66,4,6,76
2024,RIO BRANCO,1,801,281,190,91,5,0,96
2024,PORTO ACRE,1,611,243,195,48,2,2,52
2024,RIO BRANCO,1,65,267,194,73,5,4,82
2024,RIO BRANCO,1,3,323,236,87,4,4,95
2024,RIO BRANCO,9,462,326,251,75,12,5,92
2024,RIO BRANCO,9,65,339,271,68,5,10,83
2024,RIO BRANCO,9,121,278,227,51,5,4,60
2024,RIO BRANCO,9,235,324,226,98,4,3,105
2024,BUJARI,9,208,325,257,68,3,5,76
2024,RIO BRANCO,9,338,324,251,73,4,9,86
2024,RIO BRANCO,1,366,309,235,74,2,7,83
2024,RIO BRANCO,1,567,289,221,68,3,10,81
2024,RIO BRANCO,9,329,337,262,75,5,1,81
2024,EPITACIOLÂNDIA,6,105,285,229,56,0,2,58
2024,RIO BRANCO,1,474,319,239,80,5,5,90
2024,RIO BRANCO,9,268,282,218,64,2,10,76
2024,RIO BRANCO,1,463,340,261,79,3,3,85
2024,RIO BRANCO,9,174,344,282,62,2,17,81
2024,SENADOR GUIOMARD,8,40,225,179,46,4,2,52
2024,RIO BRANCO,1,569,335,261,74,8,8,90
2024,RIO BRANCO,1,130,338,275,63,3,3,69
2024,BUJARI,9,212,334,254,80,5,1,86
2024,ASSIS BRASIL,6,29,309,262,47,0,1,48
2024,CAPIXABA,2,89,219,166,53,0,0,53
2024,XAPURI,2,39,234,199,35,2,3,40
2024,BRASILÉIA,6,13,271,204,67,2,2,71
2024,RIO BRANCO,1,185,225,169,56,2,5,63
2024,XAPURI,2,18,261,212,49,2,4,55
2024,RIO BRANCO,1,804,314,220,94,3,5,102
2024,RIO BRANCO,9,406,316,254,62,2,4,68
2024,BUJARI,9,419,331,254,77,1,3,81
2024,RIO BRANCO,9,109,350,271,79,4,4,87
2024,BRASILÉIA,6,126,289,250,39,1,2,42
2024,ACRELÂNDIA,8,256,246,156,90,0,3,93
2024,RIO BRANCO,1,308,195,156,39,1,5,45
2024,CAPIXABA,2,109,258,228,30,1,6,37
2024,BRASILÉIA,6,1,351,269,82,3,4,89
2024,RIO BRANCO,1,533,330,233,97,2,7,106
2024,RIO BRANCO,1,518,326,226,100,4,5,109
2024,ASSIS BRASIL,6,104,395,320,75,1,8,84
2024,RIO BRANCO,9,151,328,281,47,6,7,60
2024,PORTO ACRE,1,626,235,184,51,3,5,59
2024,PORTO ACRE,1,585,284,231,53,2,1,56
2024,ACRELÂNDIA,8,102,357,287,70,2,3,75
2024,RIO BRANCO,1,97,231,179,52,3,8,63
2024,RIO BRANCO,1,35,368,281,87,3,6,96
2024,RIO BRANCO,1,93,198,154,44,2,6,52
2024,RIO BRANCO,1,711,336,275,61,4,4,69
2024,RIO BRANCO,1,23,240,189,51,9,4,64
2024,RIO BRANCO,1,50,247,191,56,6,2,64
2024,TARAUACÁ,5,85,280,215,65,3,6,74
2024,SENA MADUREIRA,3,14,251,215,36,3,3,42
2024,SENA MADUREIRA,3,11,288,237,51,3,3,57
2024,SENA MADUREIRA,3,24,271,222,49,2,7,58
2024,TARAUACÁ,5,88,295,252,43,5,1,49
2024,CRUZEIRO DO SUL,4,352,238,190,48,1,4,53
2024,TARAUACÁ,5,109,92,83,9,0,0,9
2024,SENA MADUREIRA,3,4,245,211,34,0,4,38
2024,FEIJÓ,7,6,425,323,102,1,12,115
2024,MÂNCIO LIMA,4,436,284,225,59,1,5,65
2024,JORDÃO,5,52,292,263,29,0,11,40
2024,MARECHAL THAUMATURGO,4,74,291,252,39,1,7,47
2024,CRUZEIRO DO SUL,4,410,266,211,55,3,5,63
2024,CRUZEIRO DO SUL,4,379,260,197,63,2,2,67
2024,CRUZEIRO DO SUL,4,460,183,156,27,1,1,29
2024,FEIJÓ,7,59,279,223,56,1,3,60
2024,RODRIGUES ALVES,4,428,205,174,31,0,1,32
2024,SENA MADUREIRA,3,33,247,206,41,0,4,45
2024,SANTA ROSA DO PURUS,3,77,262,231,31,0,5,36
2024,SENA MADUREIRA,3,13,280,231,49,1,4,54
2024,SENA MADUREIRA,3,97,314,251,63,1,6,70
2024,JORDÃO,5,118,271,220,51,0,1,52
2024,FEIJÓ,7,1,248,197,51,1,3,55
2024,CRUZEIRO DO SUL,4,198,275,218,57,3,2,62
2024,FEIJÓ,7,71,351,321,30,1,2,33
2024,RIO BRANCO,9,356,333,251,82,4,6,92
2024,BUJARI,9,9,442,347,95,0,2,97
2024,ACRELÂNDIA,8,8,434,349,85,5,8,98
2024,RIO BRANCO,1,477,257,190,67,4,6,77
2024,PORTO ACRE,1,577,275,229,46,2,1,49
2024,RIO BRANCO,1,468,339,250,89,7,2,98
2024,RIO BRANCO,9,373,329,252,77,9,3,89
2024,RIO BRANCO,9,285,342,238,104,5,11,120
2024,RIO BRANCO,9,349,327,257,70,2,5,77
2024,RIO BRANCO,9,250,327,258,69,2,2,73
2024,SENADOR GUIOMARD,8,27,242,194,48,2,6,56
2024,RIO BRANCO,9,69,334,260,74,5,7,86
2024,SENADOR GUIOMARD,8,34,285,238,47,3,6,56
2024,EPITACIOLÂNDIA,6,96,228,197,31,3,2,36
2024,CAPIXABA,2,66,291,247,44,1,6,51
2024,CAPIXABA,2,102,208,182,26,0,2,28
2024,PORTO ACRE,1,628,206,165,41,2,1,44
2024,BUJARI,9,252,252,181,71,2,5,78
2024,BRASILÉIA,6,62,280,232,48,4,5,57
2024,RIO BRANCO,9,39,408,297,111,5,7,123
2024,RIO BRANCO,9,367,336,265,71,6,6,83
2024,RIO BRANCO,9,463,323,246,77,7,2,86
2024,RIO BRANCO,1,76,245,192,53,2,8,63
2024,EPITACIOLÂNDIA,6,147,282,231,51,3,3,57
2024,PLÁCIDO DE CASTRO,8,45,413,330,83,0,2,85
2024,ASSIS BRASIL,6,52,287,247,40,0,6,46
2024,ACRELÂNDIA,8,224,243,177,66,3,4,73
2024,CAPIXABA,2,71,264,219,45,0,1,46
2024,RIO BRANCO,9,166,253,185,68,5,2,75
2024,RIO BRANCO,1,710,336,257,79,2,2,83
2024,XAPURI,2,42,265,196,69,1,1,71
2024,RIO BRANCO,9,291,337,238,99,4,6,109
2024,SENADOR GUIOMARD,8,207,88,80,8,0,0,8
2024,RIO BRANCO,9,344,341,256,85,6,1,92
2024,RIO BRANCO,1,501,288,203,85,0,6,91
2024,EPITACIOLÂNDIA,6,46,295,229,66,2,1,69
2024,RIO BRANCO,9,342,333,268,65,2,9,76
2024,PORTO ACRE,1,587,289,239,50,2,5,57
2024,RIO BRANCO,9,417,276,228,48,7,2,57
2024,RIO BRANCO,9,218,336,248,88,2,6,96
2024,RIO BRANCO,1,440,325,252,73,5,5,83
2024,RIO BRANCO,9,266,342,258,84,4,3,91
2024,RIO BRANCO,9,395,337,259,78,4,7,89
2024,RIO BRANCO,1,670,334,242,92,5,4,101
2024,RIO BRANCO,1,63,267,200,67,1,5,73
2024,SENADOR GUIOMARD,8,73,258,227,31,6,10,47
2024,RIO BRANCO,1,555,274,186,88,6,1,95
2024,EPITACIOLÂNDIA,6,59,293,229,64,2,1,67
2024,RIO BRANCO,9,233,335,241,94,8,2,104
2024,RIO BRANCO,1,665,337,262,75,8,5,88
2024,RIO BRANCO,1,794,335,238,97,5,1,103
2024,RIO BRANCO,9,155,284,215,69,1,6,76
2024,SENA MADUREIRA,3,146,286,242,44,1,5,50
2024,JORDÃO,5,112,263,215,48,0,2,50
2024,FEIJÓ,7,56,221,188,33,2,8,43
2024,MANOEL URBANO,3,171,167,144,23,1,3,27
2024,CRUZEIRO DO SUL,4,240,273,211,62,1,3,66
2024,RIO BRANCO,9,432,333,233,100,4,5,109
2024,CRUZEIRO DO SUL,4,468,299,247,52,2,3,57
2024,TARAUACÁ,5,60,213,175,38,1,4,43
2024,CRUZEIRO DO SUL,4,263,217,170,47,0,5,52
2024,MÂNCIO LIMA,4,101,294,269,25,1,4,30
2024,SENA MADUREIRA,3,26,230,191,39,0,3,42
2024,MARECHAL THAUMATURGO,4,294,268,242,26,0,3,29
2024,RODRIGUES ALVES,4,299,275,237,38,2,4,44
2024,RODRIGUES ALVES,4,281,186,153,33,0,0,33
2024,MANOEL URBANO,3,50,277,244,33,1,4,38
2024,SENA MADUREIRA,3,120,269,197,72,1,3,76
2024,PORTO WALTER,4,79,263,229,34,1,4,39
2024,MÂNCIO LIMA,4,473,265,241,24,0,2,26
2024,SENA MADUREIRA,3,109,295,257,38,0,3,41
2024,CRUZEIRO DO SUL,4,312,255,192,63,5,3,71
2024,SENA MADUREIRA,3,27,269,218,51,2,4,57
2024,CRUZEIRO DO SUL,4,249,278,223,55,4,4,63
2024,FEIJÓ,7,17,286,231,55,2,3,60
2024,TARAUACÁ,5,93,276,199,77,0,3,80
2024,CRUZEIRO DO SUL,4,131,219,166,53,0,2,55
2024,CRUZEIRO DO SUL,4,260,421,357,64,4,7,75
2024,RIO BRANCO,1,828,254,199,55,4,3,62
2024,RIO BRANCO,9,47,334,236,98,3,6,107
2024,BRASILÉIA,6,6,282,224,58,4,2,64
2024,RIO BRANCO,9,56,331,270,61,10,4,75
2024,RIO BRANCO,9,265,418,307,111,5,5,121
2024,EPITACIOLÂNDIA,6,26,240,181,59,1,3,63
2024,RIO BRANCO,1,845,241,167,74,4,3,81
2024,RIO BRANCO,9,122,329,257,72,0,6,78
2024,RIO BRANCO,1,640,336,262,74,2,12,88
2024,RIO BRANCO,1,542,335,265,70,1,11,82
2024,RIO BRANCO,9,330,333,240,93,5,5,103
2024,RIO BRANCO,9,123,329,260,69,3,7,79
2024,RIO BRANCO,1,24,237,176,61,5,8,74
2024,RIO BRANCO,9,229,331,245,86,5,4,95
2024,RIO BRANCO,9,359,299,226,73,2,4,79
2024,RIO BRANCO,1,13,324,268,56,3,9,68
2024,EPITACIOLÂNDIA,6,68,281,232,49,3,3,55
2024,RIO BRANCO,9,146,315,248,67,2,7,76
2024,XAPURI,2,64,249,210,39,4,7,50
2024,RIO BRANCO,1,573,338,265,73,7,1,81
2024,XAPURI,2,49,240,213,27,0,1,28
2024,RIO BRANCO,9,313,324,211,113,6,10,129
2024,RIO BRANCO,9,29,273,200,73,2,12,87
2024,RIO BRANCO,9,152,328,258,70,3,6,79
2024,RIO BRANCO,9,405,349,264,85,8,3,96
2024,EPITACIOLÂNDIA,6,142,289,194,95,4,0,99
2024,BUJARI,9,476,297,266,31,3,7,41
2024,RIO BRANCO,1,819,306,235,71,5,3,79
2024,RIO BRANCO,9,246,336,252,84,6,6,96
2024,RIO BRANCO,1,768,320,226,94,4,1,99
2024,BUJARI,9,3,334,266,68,4,6,78
2024,RIO BRANCO,9,215,267,184,83,6,3,92
2024,PLÁCIDO DE CASTRO,8,138,279,230,49,2,5,56
2024,PORTO ACRE,1,600,288,239,49,3,5,57
2024,RIO BRANCO,1,669,342,259,83,5,3,91
2024,RIO BRANCO,1,697,342,257,85,5,4,94
2024,RIO BRANCO,1,462,311,232,79,8,5,92
2024,BRASILÉIA,6,44,283,231,52,2,4,58
2024,RIO BRANCO,9,115,333,239,94,2,7,103
2024,CAPIXABA,2,70,262,230,32,0,2,34
2024,RIO BRANCO,9,101,330,273,57,5,8,70
2024,SENADOR GUIOMARD,8,79,248,218,30,2,5,37
2024,RIO BRANCO,9,455,297,221,76,3,3,82
2024,RIO BRANCO,1,98,236,171,65,3,5,73
2024,RIO BRANCO,9,465,172,146,26,1,1,28
2024,RIO BRANCO,9,168,325,242,83,6,3,92
2024,PLÁCIDO DE CASTRO,8,51,279,225,54,1,4,59
2024,CAPIXABA,2,68,291,234,57,2,5,64
2024,SENADOR GUIOMARD,8,90,259,223,36,4,7,47
2024,PLÁCIDO DE CASTRO,8,75,261,214,47,0,2,49
2024,SENADOR GUIOMARD,8,39,272,206,66,4,3,73
2024,CAPIXABA,2,69,265,220,45,1,1,47
2024,RODRIGUES ALVES,4,380,220,184,36,0,2,38
2024,CRUZEIRO DO SUL,4,417,277,218,59,4,5,68
2024,MÂNCIO LIMA,4,181,272,228,44,1,5,50
2024,CRUZEIRO DO SUL,4,394,274,231,43,4,1,48
2024,CRUZEIRO DO SUL,4,254,263,195,68,3,6,77
2024,CRUZEIRO DO SUL,4,60,272,225,47,3,0,50
2024,RODRIGUES ALVES,4,309,329,294,35,0,3,38
2024,TARAUACÁ,5,16,422,331,91,4,11,106
2024,FEIJÓ,7,65,243,192,51,3,4,58
2024,CRUZEIRO DO SUL,4,409,288,223,65,4,6,75
2024,CRUZEIRO DO SUL,4,268,250,215,35,0,1,36
2024,TARAUACÁ,5,53,322,246,76,2,6,84
2024,CRUZEIRO DO SUL,4,280,276,228,48,1,22,71
2024,TARAUACÁ,5,25,277,224,53,3,3,59
2024,SENA MADUREIRA,3,81,250,184,66,0,1,67
2024,RODRIGUES ALVES,4,274,241,218,23,0,0,23
2024,MÂNCIO LIMA,4,190,264,253,11,1,4,16
2024,SENA MADUREIRA,3,105,272,219,53,2,3,58
2024,SENA MADUREIRA,3,68,298,255,43,1,2,46
2024,SENA MADUREIRA,3,78,285,245,40,0,5,45
2024,MÂNCIO LIMA,4,116,250,209,41,0,1,42
2024,TARAUACÁ,5,35,354,270,84,1,5,90
2024,CRUZEIRO DO SUL,4,258,273,239,34,1,0,35
2024,CRUZEIRO DO SUL,4,403,256,197,59,0,4,63
2024,CRUZEIRO DO SUL,4,256,270,214,56,2,5,63
2024,MARECHAL THAUMATURGO,4,435,289,221,68,0,0,68
2024,RIO BRANCO,1,796,286,198,88,6,2,96
2024,PORTO ACRE,1,598,287,243,44,2,2,48
2024,RIO BRANCO,9,118,325,248,77,3,0,80
2024,EPITACIOLÂNDIA,6,125,288,214,74,1,1,76
2024,RIO BRANCO,1,169,257,209,48,0,7,55
2024,RIO BRANCO,1,163,200,146,54,3,1,58
2024,RIO BRANCO,9,102,326,267,59,3,4,66
2024,RIO BRANCO,9,317,337,265,72,4,5,81
2024,RIO BRANCO,1,496,249,176,73,2,2,77
2024,XAPURI,2,46,260,201,59,1,3,63
2024,RIO BRANCO,1,494,333,234,99,4,3,106
2024,RIO BRANCO,1,637,331,235,96,8,1,105
2024,RIO BRANCO,1,374,245,199,46,4,3,53
2024,PORTO ACRE,1,604,264,219,45,2,3,50
2024,RIO BRANCO,9,113,303,202,101,1,7,109
2024,RIO BRANCO,1,10,239,186,53,2,6,61
2024,RIO BRANCO,1,146,237,188,49,8,3,60
2024,RIO BRANCO,9,358,282,193,89,10,6,105
2024,CAPIXABA,2,77,249,206,43,1,1,45
2024,SENADOR GUIOMARD,8,131,235,191,44,4,1,49
2024,PLÁCIDO DE CASTRO,8,13,254,196,58,1,1,60
2024,RIO BRANCO,9,25,340,267,73,1,7,81
2024,RIO BRANCO,9,288,274,197,77,5,4,86
2024,RIO BRANCO,1,551,233,180,53,2,3,58
2024,RIO BRANCO,9,398,308,241,67,4,1,72
2024,BRASILÉIA,6,80,283,213,70,2,3,75
2024,RIO BRANCO,9,95,337,265,72,3,2,77
2024,RIO BRANCO,1,827,310,248,62,9,2,73
2024,RIO BRANCO,9,27,341,281,60,2,11,73
2024,RIO BRANCO,1,824,340,261,79,7,9,95
2024,RIO BRANCO,1,810,275,192,83,9,4,96
2024,PORTO ACRE,1,615,242,187,55,1,8,64
2024,RIO BRANCO,1,748,324,259,65,4,4,73
2024,RIO BRANCO,9,217,299,235,64,3,1,68
2024,EPITACIOLÂNDIA,6,103,317,269,48,1,1,50
2024,RIO BRANCO,1,510,339,256,83,7,6,96
2024,RIO BRANCO,1,441,255,207,48,3,0,51
2024,PORTO ACRE,1,610,244,203,41,2,3,46
2024,BUJARI,9,120,337,276,61,3,7,71
2024,RIO BRANCO,1,800,315,235,80,4,5,89
2024,RIO BRANCO,1,350,244,202,42,5,0,47
2024,RIO BRANCO,9,97,279,223,56,1,7,64
2024,ASSIS BRASIL,6,27,263,210,53,4,2,59
2024,RIO BRANCO,9,111,330,271,59,3,15,77
2024,SENADOR GUIOMARD,8,227,240,194,46,2,4,52
2024,ACRELÂNDIA,8,99,422,340,82,2,7,91
2024,RIO BRANCO,9,68,336,268,68,3,4,75
2024,RIO BRANCO,1,735,304,197,107,2,3,112
2024,RIO BRANCO,1,9,279,197,82,3,4,89
2024,RIO BRANCO,9,130,305,250,55,2,6,63
2024,RIO BRANCO,9,74,301,253,48,3,4,55
2024,SENA MADUREIRA,3,79,228,180,48,0,5,53
2024,SENA MADUREIRA,3,28,258,218,40,2,5,47
2024,MARECHAL THAUMATURGO,4,76,237,197,40,1,4,45
2024,CRUZEIRO DO SUL,4,27,285,228,57,3,7,67
2024,SENA MADUREIRA,3,67,280,242,38,1,5,44
2024,CRUZEIRO DO SUL,4,185,246,211,35,1,5,41
2024,FEIJÓ,7,33,256,210,46,0,4,50
2024,PORTO WALTER,4,311,313,259,54,2,5,61
2024,MANOEL URBANO,3,135,290,239,51,1,2,54
2024,SENA MADUREIRA,3,162,279,226,53,1,4,58
2024,CRUZEIRO DO SUL,4,87,258,216,42,0,3,45
2024,CRUZEIRO DO SUL,4,41,425,339,86,5,5,96
2024,CRUZEIRO DO SUL,4,157,262,202,60,4,4,68
2024,CRUZEIRO DO SUL,4,278,261,221,40,4,8,52
2024,PORTO WALTER,4,146,285,260,25,0,5,30
2024,CRUZEIRO DO SUL,4,332,312,269,43,3,7,53
2024,SENA MADUREIRA,3,62,254,223,31,1,6,38
2024,FEIJÓ,7,86,336,267,69,1,2,72
2024,MÂNCIO LIMA,4,94,380,334,46,3,4,53
2024,FEIJÓ,7,66,150,86,64,0,2,66
2024,CRUZEIRO DO SUL,4,295,297,247,50,5,8,63
2024,SENA MADUREIRA,3,99,256,219,37,3,5,45
2024,CRUZEIRO DO SUL,4,398,282,242,40,4,1,45
2024,CRUZEIRO DO SUL,4,423,266,195,71,3,7,81
2024,MÂNCIO LIMA,4,151,273,235,38,0,4,42
2024,JORDÃO,5,46,261,230,31,1,13,45
2024,RIO BRANCO,9,82,263,217,46,5,3,54
2024,RIO BRANCO,1,386,310,245,65,1,3,69
2024,BRASILÉIA,6,38,318,262,56,3,2,61
2024,RIO BRANCO,1,716,286,228,58,7,5,70
2024,EPITACIOLÂNDIA,6,123,289,241,48,4,1,53
2024,RIO BRANCO,1,438,303,223,80,5,2,87
2024,RIO BRANCO,1,544,295,237,58,1,4,63
2024,RIO BRANCO,9,355,334,255,79,1,5,85
2024,BRASILÉIA,6,3,282,215,67,4,3,74
2024,CAPIXABA,2,72,256,211,45,2,8,55
2024,ACRELÂNDIA,8,9,425,310,115,3,9,127
2024,RIO BRANCO,9,164,237,189,48,1,2,51
2024,EPITACIOLÂNDIA,6,156,290,234,56,0,2,58
2024,RIO BRANCO,1,787,338,254,84,5,7,96
2024,RIO BRANCO,1,471,335,249,86,7,7,100
2024,PORTO ACRE,1,613,212,186,26,1,4,31
2024,RIO BRANCO,9,15,340,259,81,2,4,87
2024,PLÁCIDO DE CASTRO,8,23,388,319,69,2,1,72
2024,SENADOR GUIOMARD,8,63,225,186,39,1,4,44
2024,RIO BRANCO,9,301,147,106,41,3,1,45
2024,XAPURI,2,34,175,157,18,1,3,22
2024,EPITACIOLÂNDIA,6,77,278,215,63,5,11,79
2024,RIO BRANCO,1,833,142,120,22,4,2,28
2024,RIO BRANCO,9,12,238,181,57,4,6,67
2024,RIO BRANCO,1,789,341,232,109,7,7,123
2024,RIO BRANCO,9,167,332,265,67,4,3,74
2024,FEIJÓ,7,21,291,238,53,1,4,58
2024,MÂNCIO LIMA,4,100,370,333,37,1,9,47
2024,MARECHAL THAUMATURGO,4,73,293,250,43,1,3,47
2024,CRUZEIRO DO SUL,4,358,277,223,54,4,1,59
2024,MÂNCIO LIMA,4,177,183,157,26,0,2,28
2024,CRUZEIRO DO SUL,4,330,272,225,47,2,0,49
2024,SANTA ROSA DO PURUS,3,60,262,219,43,0,3,46
2024,RODRIGUES ALVES,4,357,239,202,37,1,2,40
2024,SENA MADUREIRA,3,5,282,248,34,1,2,37
2024,SENA MADUREIRA,3,127,264,217,47,3,5,55
2024,CRUZEIRO DO SUL,4,378,292,224,68,3,2,73
2024,MÂNCIO LIMA,4,283,280,223,57,0,2,59
2024,TARAUACÁ,5,13,288,229,59,7,8,74
2024,MARECHAL THAUMATURGO,4,284,275,230,45,0,1,46
2024,MANOEL URBANO,3,89,284,245,39,2,5,46
2024,FEIJÓ,7,46,222,170,52,1,9,62
2024,JORDÃO,5,137,260,232,28,0,6,34
2024,SENA MADUREIRA,3,163,240,207,33,2,3,38
2024,RODRIGUES ALVES,4,349,293,251,42,0,1,43
2024,TARAUACÁ,5,98,317,263,54,2,2,58
2024,PORTO WALTER,4,373,273,227,46,0,3,49
2024,PORTO WALTER,4,321,110,100,10,0,0,10
2024,JORDÃO,5,66,205,181,24,0,6,30
2024,CRUZEIRO DO SUL,4,404,271,220,51,2,5,58
2024,CRUZEIRO DO SUL,4,266,222,169,53,1,15,69
2024,CRUZEIRO DO SUL,4,8,288,229,59,1,1,61
2024,RIO BRANCO,1,416,306,231,75,4,3,82
2024,BRASILÉIA,6,23,335,256,79,1,4,84
2024,RIO BRANCO,9,429,328,247,81,8,2,91
2024,RIO BRANCO,1,568,285,225,60,5,13,78
2024,PLÁCIDO DE CASTRO,8,15,254,211,43,3,6,52
2024,RIO BRANCO,1,511,244,192,52,5,2,59
2024,RIO BRANCO,9,311,311,211,100,4,3,107
2024,RIO BRANCO,1,437,334,255,79,4,0,83
2024,RIO BRANCO,9,67,338,266,72,8,7,87
2024,RIO BRANCO,9,114,337,233,104,4,6,114
2024,BRASILÉIA,6,2,288,228,60,2,7,69
2024,RIO BRANCO,1,160,294,222,72,4,4,80
2024,RIO BRANCO,9,58,316,244,72,3,5,80
2024,RIO BRANCO,1,699,337,241,96,3,4,103
2024,RIO BRANCO,1,170,259,196,63,4,5,72
2024,RIO BRANCO,9,144,333,264,69,3,7,79
2024,XAPURI,2,12,326,265,61,2,5,68
2024,RIO BRANCO,9,133,340,264,76,2,6,84
2024,SENADOR GUIOMARD,8,78,394,291,103,3,2,108
2024,RIO BRANCO,1,451,307,219,88,7,10,105
2024,RIO BRANCO,1,500,213,165,48,2,5,55
2024,RIO BRANCO,1,84,288,224,64,4,4,72
2024,RIO BRANCO,1,657,335,242,93,4,2,99
2024,RIO BRANCO,1,75,242,190,52,3,5,60
2024,PORTO ACRE,1,631,225,188,37,3,1,41
2024,RIO BRANCO,9,324,328,270,58,4,3,65
2024,MARECHAL THAUMATURGO,4,196,302,281,21,0,5,26
2024,FEIJÓ,7,37,329,271,58,2,5,65
2024,SENA MADUREIRA,3,63,281,237,44,2,5,51
2024,MÂNCIO LIMA,4,364,276,219,57,0,3,60
2024,CRUZEIRO DO SUL,4,271,381,327,54,0,2,56
2024,CRUZEIRO DO SUL,4,297,213,170,43,1,6,50
2024,CRUZEIRO DO SUL,4,62,231,183,48,0,6,54
2024,SENA MADUREIRA,3,110,279,210,69,0,2,71
2024,CRUZEIRO DO SUL,4,390,253,199,54,1,1,56
2024,CRUZEIRO DO SUL,4,167,228,196,32,1,3,36
2024,FEIJÓ,7,5,283,224,59,3,2,64
2024,MÂNCIO LIMA,4,92,246,216,30,0,2,32
2024,CRUZEIRO DO SUL,4,48,377,301,76,5,4,85
2024,MANOEL URBANO,3,42,291,247,44,2,4,50
2024,MARECHAL THAUMATURGO,4,461,278,237,41,2,1,44
2024,RODRIGUES ALVES,4,174,237,187,50,0,4,54
2024,PORTO WALTER,4,447,353,291,62,0,2,64
2024,SENA MADUREIRA,3,118,263,205,58,0,2,60
2024,CRUZEIRO DO SUL,4,392,284,230,54,5,4,63
2024,JORDÃO,5,67,330,296,34,1,0,35
2024,SENA MADUREIRA,3,141,382,314,68,2,6,76
2024,CRUZEIRO DO SUL,4,38,281,230,51,3,7,61
2024,SENA MADUREIRA,3,98,244,201,43,0,8,51
2024,CRUZEIRO DO SUL,4,208,270,234,36,2,2,40
2024,MARECHAL THAUMATURGO,4,230,249,181,68,3,14,85
2024,RIO BRANCO,9,85,266,206,60,4,2,66
2024,BRASILÉIA,6,24,280,205,75,2,4,81
2024,EPITACIOLÂNDIA,6,82,278,197,81,3,4,88
2024,RIO BRANCO,9,451,310,242,68,3,5,76
2024,BRASILÉIA,6,102,273,237,36,0,0,36
2024,RIO BRANCO,9,31,328,245,83,7,3,93
2024,XAPURI,2,27,358,292,66,1,4,71
2024,RIO BRANCO,9,28,241,184,57,2,6,65
2024,RIO BRANCO,9,469,208,183,25,3,1,29
2024,RIO BRANCO,1,168,321,269,52,0,5,57
2024,RIO BRANCO,9,435,330,235,95,5,4,104
2024,RIO BRANCO,9,251,324,218,106,3,3,112
2024,BRASILÉIA,6,121,245,193,52,4,4,60
2024,RIO BRANCO,9,297,407,281,126,7,4,137
2024,RIO BRANCO,1,756,323,256,67,2,2,71
2024,RIO BRANCO,9,61,318,243,75,6,5,86
2024,BRASILÉIA,6,136,244,187,57,1,3,61
2024,RIO BRANCO,9,70,276,210,66,2,7,75
2024,SENADOR GUIOMARD,8,44,273,209,64,1,4,69
2024,RIO BRANCO,9,438,351,254,97,7,5,109
2024,BRASILÉIA,6,57,265,200,65,2,6,73
2024,RIO BRANCO,1,147,250,183,67,1,4,72
2024,RIO BRANCO,9,464,334,273,61,9,5,75
2024,RIO BRANCO,9,444,256,216,40,1,3,44
2024,RIO BRANCO,9,36,342,247,95,6,7,108
2024,RIO BRANCO,9,276,334,247,87,2,4,93
2024,CRUZEIRO DO SUL,4,118,284,228,56,3,1,60
2024,FEIJÓ,7,28,219,178,41,1,6,48
2024,MARECHAL THAUMATURGO,4,443,233,182,51,1,0,52
2024,RIO BRANCO,9,369,338,264,74,8,3,85
2024,TARAUACÁ,5,22,280,221,59,4,6,69
2024,RODRIGUES ALVES,4,438,278,226,52,2,4,58
2024,FEIJÓ,7,85,340,261,79,2,1,82
2024,FEIJÓ,7,72,329,252,77,2,1,80
2024,MARECHAL THAUMATURGO,4,182,246,196,50,2,5,57
2024,RODRIGUES ALVES,4,388,269,209,60,1,5,66
2024,FEIJÓ,7,40,334,266,68,1,6,75
2024,SENA MADUREIRA,3,123,287,230,57,3,7,67
2024,SENA MADUREIRA,3,61,257,199,58,0,5,63
2024,SENA MADUREIRA,3,57,266,232,34,3,5,42
2024,TARAUACÁ,5,124,260,180,80,0,1,81
2024,CRUZEIRO DO SUL,4,10,214,158,56,0,1,57
2024,RIO BRANCO,9,292,346,232,114,10,2,126
2024,CRUZEIRO DO SUL,4,108,284,224,60,3,2,65
2024,MÂNCIO LIMA,4,127,246,204,42,1,3,46
2024,CRUZEIRO DO SUL,4,1,297,232,65,1,5,71
2024,FEIJÓ,7,15,260,197,63,2,6,71
2024,MANOEL URBANO,3,59,287,243,44,0,6,50
2024,MÂNCIO LIMA,4,218,295,256,39,0,2,41
2024,JORDÃO,5,57,228,207,21,0,6,27
2024,MÂNCIO LIMA,4,172,277,225,52,0,2,54
2024,MÂNCIO LIMA,4,439,275,243,32,2,1,35
2024,SENADOR GUIOMARD,8,91,255,217,38,2,2,42
2024,RIO BRANCO,1,192,346,247,99,4,9,112
2024,RIO BRANCO,9,142,338,268,70,8,1,79
2024,RIO BRANCO,9,415,349,234,115,6,4,125
2024,RIO BRANCO,1,506,301,223,78,6,4,88
2024,RIO BRANCO,1,335,245,205,40,0,2,42
2024,RIO BRANCO,9,261,310,219,91,4,2,97
2024,RIO BRANCO,9,216,336,275,61,5,13,79
2024,RIO BRANCO,9,41,342,252,90,3,4,97
2024,RIO BRANCO,1,769,315,228,87,1,7,95
2024,SENADOR GUIOMARD,8,36,235,202,33,4,6,43
2024,ASSIS BRASIL,6,79,246,200,46,0,8,54
2024,PORTO ACRE,1,623,293,217,76,0,3,79
2024,ACRELÂNDIA,8,182,271,204,67,1,3,71
2024,EPITACIOLÂNDIA,6,148,288,225,63,3,4,70
2024,SENADOR GUIOMARD,8,41,285,230,55,2,3,60
2024,SENADOR GUIOMARD,8,97,386,309,77,3,5,85
2024,PLÁCIDO DE CASTRO,8,113,236,191,45,0,1,46
2024,RIO BRANCO,9,392,334,271,63,10,2,75
2024,ASSIS BRASIL,6,129,374,301,73,1,4,78
2024,ACRELÂNDIA,8,181,246,187,59,0,6,65
2024,CAPIXABA,2,111,175,147,28,0,3,31
2024,RIO BRANCO,9,283,344,222,122,9,5,136
2024,RIO BRANCO,9,264,357,260,97,9,5,111
2024,RIO BRANCO,9,314,335,254,81,4,9,94
2024,RIO BRANCO,9,273,230,155,75,3,3,81
2024,CRUZEIRO DO SUL,4,306,134,114,20,0,0,20
2024,RODRIGUES ALVES,4,440,245,206,39,0,1,40
2024,CRUZEIRO DO SUL,4,243,348,286,62,4,12,78
2024,CRUZEIRO DO SUL,4,328,251,213,38,3,1,42
2024,MÂNCIO LIMA,4,433,280,229,51,2,1,54
2024,SENA MADUREIRA,3,40,253,196,57,2,6,65
2024,CRUZEIRO DO SUL,4,45,278,250,28,3,4,35
2024,SENA MADUREIRA,3,169,186,165,21,1,7,29
2024,FEIJÓ,7,3,284,229,55,1,4,60
2024,MANOEL URBANO,3,102,110,103,7,0,0,7
2024,SENA MADUREIRA,3,147,279,221,58,2,4,64
2024,TARAUACÁ,5,23,274,206,68,4,6,78
2024,MÂNCIO LIMA,4,414,273,228,45,1,5,51
2024,CRUZEIRO DO SUL,4,211,247,202,45,3,4,52
2024,TARAUACÁ,5,26,281,235,46,3,3,52
2024,RIO BRANCO,9,472,231,205,26,2,2,30
2024,CRUZEIRO DO SUL,4,188,286,227,59,4,2,65
2024,TARAUACÁ,5,78,271,214,57,1,5,63
2024,CRUZEIRO DO SUL,4,175,260,180,80,4,1,85
2024,MANOEL URBANO,3,132,287,225,62,2,2,66
2024,SENA MADUREIRA,3,37,233,198,35,1,6,42
2024,SENA MADUREIRA,3,144,230,195,35,2,3,40
2024,PORTO WALTER,4,78,272,244,28,0,4,32
2024,MÂNCIO LIMA,4,180,290,264,26,4,8,38
2024,SENA MADUREIRA,3,21,226,170,56,0,5,61
2024,JORDÃO,5,32,254,220,34,0,10,44
2024,RIO BRANCO,9,453,343,268,75,4,0,79
2024,RIO BRANCO,9,14,340,274,66,2,7,75
2024,RIO BRANCO,9,226,338,243,95,4,3,102
2024,RIO BRANCO,9,335,333,267,66,5,5,76
2024,RIO BRANCO,1,793,252,199,53,3,7,63
2024,RIO BRANCO,1,507,319,210,109,4,3,116
2024,PLÁCIDO DE CASTRO,8,18,235,189,46,2,4,52
2024,RIO BRANCO,9,258,336,234,102,2,8,112
2024,RIO BRANCO,1,398,341,266,75,7,9,91
2024,RIO BRANCO,1,299,312,242,70,2,4,76
2024,PORTO ACRE,1,625,241,191,50,1,8,59
2024,RIO BRANCO,9,408,333,238,95,3,1,99
2024,PORTO ACRE,1,607,269,231,38,0,3,41
2024,RIO BRANCO,1,664,338,258,80,3,3,86
2024,RIO BRANCO,9,375,308,245,63,4,5,72
2024,RIO BRANCO,9,377,302,236,66,6,5,77
2024,RIO BRANCO,1,539,195,135,60,1,1,62
2024,RIO BRANCO,9,182,301,197,104,1,8,113
2024,RIO BRANCO,1,129,333,256,77,3,5,85
2024,CAPIXABA,2,81,253,183,70,0,2,72
2024,RIO BRANCO,1,456,305,258,47,5,3,55
2024,RIO BRANCO,1,680,229,176,53,3,3,59
2024,RIO BRANCO,9,383,328,233,95,5,5,105
2024,RIO BRANCO,1,515,230,145,85,0,4,89
2024,RIO BRANCO,1,666,334,252,82,5,5,92
2024,RIO BRANCO,1,706,256,201,55,1,5,61
2024,TARAUACÁ,5,117,333,260,73,1,6,80
2024,MARECHAL THAUMATURGO,4,359,285,220,65,3,3,71
2024,MÂNCIO LIMA,4,96,425,373,52,2,7,61
2024,RODRIGUES ALVES,4,226,437,355,82,1,4,87
2024,MÂNCIO LIMA,4,277,260,253,7,0,1,8
2024,CRUZEIRO DO SUL,4,189,264,212,52,5,4,61
2024,FEIJÓ,7,79,185,160,25,1,7,33
2024,SENA MADUREIRA,3,103,283,225,58,0,3,61
2024,TARAUACÁ,5,34,285,234,51,4,2,57
2024,SENA MADUREIRA,3,142,295,225,70,5,7,82
2024,CRUZEIRO DO SUL,4,287,291,224,67,6,2,75
2024,CRUZEIRO DO SUL,4,252,256,215,41,0,2,43
2024,FEIJÓ,7,83,314,248,66,1,11,78
2024,MÂNCIO LIMA,4,425,289,243,46,1,4,51
2024,TARAUACÁ,5,129,245,170,75,3,3,81
2024,SENA MADUREIRA,3,22,266,225,41,1,3,45
2024,MARECHAL THAUMATURGO,4,318,352,316,36,1,2,39
2024,FEIJÓ,7,43,442,352,90,3,3,96
2024,TARAUACÁ,5,68,303,240,63,0,3,66
2024,TARAUACÁ,5,105,149,105,44,1,8,53
2024,MANOEL URBANO,3,48,288,255,33,2,4,39
2024,CRUZEIRO DO SUL,4,348,236,193,43,0,1,44
2024,CRUZEIRO DO SUL,4,184,284,224,60,4,2,66
2024,MÂNCIO LIMA,4,104,269,245,24,0,5,29
2024,SENA MADUREIRA,3,39,259,205,54,0,7,61
2024,PORTO WALTER,4,430,274,225,49,2,2,53
2024,EPITACIOLÂNDIA,6,22,289,223,66,4,6,76
2024,PLÁCIDO DE CASTRO,8,202,252,208,44,1,2,47
2024,RIO BRANCO,9,52,334,246,88,5,12,105
2024,BRASILÉIA,6,74,286,230,56,2,2,60
2024,RIO BRANCO,1,647,317,245,72,1,6,79
2024,RIO BRANCO,1,694,344,231,113,6,3,122
2024,RIO BRANCO,1,517,235,179,56,2,3,61
2024,SENADOR GUIOMARD,8,30,270,214,56,2,1,59
2024,RIO BRANCO,9,336,337,261,76,2,2,80
2024,SENADOR GUIOMARD,8,26,291,253,38,2,4,44
2024,RIO BRANCO,9,112,314,219,95,5,24,124
2024,XAPURI,2,26,262,218,44,1,2,47
2024,RIO BRANCO,1,159,316,256,60,0,6,66
2024,RIO BRANCO,9,165,326,252,74,3,3,80
2024,BRASILÉIA,6,118,282,225,57,2,3,62
2024,RIO BRANCO,9,88,340,243,97,2,4,103
2024,SENADOR GUIOMARD,8,29,323,259,64,6,14,84
2024,RIO BRANCO,9,363,333,253,80,1,6,87
2024,RIO BRANCO,1,87,263,204,59,2,2,63
2024,RIO BRANCO,9,434,326,217,109,9,6,124
2024,RIO BRANCO,9,312,322,228,94,6,4,104
2024,RIO BRANCO,9,471,189,159,30,1,3,34
2024,RIO BRANCO,9,183,337,255,82,1,10,93
2024,RIO BRANCO,9,80,338,260,78,2,1,81
2024,RIO BRANCO,9,278,286,213,73,3,1,77
2024,RIO BRANCO,9,84,253,223,30,3,5,38
2024,FEIJÓ,7,54,333,268,65,2,3,70
2024,RIO BRANCO,9,397,313,238,75,6,5,86
2024,MARECHAL THAUMATURGO,4,384,220,179,41,0,24,65
2024,SENA MADUREIRA,3,1,260,216,44,1,4,49
2024,SENA MADUREIRA,3,117,338,292,46,1,3,50
2024,FEIJÓ,7,69,184,83,101,0,2,103
2024,FEIJÓ,7,22,278,219,59,2,2,63
2024,FEIJÓ,7,19,252,215,37,0,6,43
2024,MÂNCIO LIMA,4,273,230,211,19,1,3,23
2024,TARAUACÁ,5,41,284,226,58,2,7,67
2024,FEIJÓ,7,39,324,263,61,4,5,70
2024,TARAUACÁ,5,24,315,237,78,1,12,91
2024,MANOEL URBANO,3,46,291,256,35,0,4,39
2024,PORTO WALTER,4,80,285,251,34,0,6,40
2024,CRUZEIRO DO SUL,4,308,225,185,40,0,6,46
2024,CRUZEIRO DO SUL,4,117,282,220,62,5,4,71
2024,RODRIGUES ALVES,4,149,420,350,70,2,5,77
2024,CRUZEIRO DO SUL,4,85,273,230,43,1,2,46
2024,CRUZEIRO DO SUL,4,235,193,126,67,0,1,68
2024,TARAUACÁ,5,87,277,216,61,1,3,65
2024,FEIJÓ,7,12,259,193,66,1,8,75
2024,CRUZEIRO DO SUL,4,126,287,229,58,1,4,63
2024,MARECHAL THAUMATURGO,4,143,302,266,36,0,3,39
2024,SENA MADUREIRA,3,23,263,230,33,0,7,40
2024,SENA MADUREIRA,3,55,269,240,29,1,6,36
2024,TARAUACÁ,5,21,289,227,62,1,7,70
2024,TARAUACÁ,5,55,286,235,51,3,2,56
2024,SENA MADUREIRA,3,91,278,221,57,0,5,62
2024,MARECHAL THAUMATURGO,4,251,279,240,39,0,3,42
2024,RODRIGUES ALVES,4,225,293,264,29,0,2,31
2024,SENA MADUREIRA,3,115,283,237,46,2,3,51
2024,CRUZEIRO DO SUL,4,363,289,226,63,1,3,67
2024,MARECHAL THAUMATURGO,4,463,289,257,32,0,1,33
2024,SENA MADUREIRA,3,70,279,246,33,1,4,38
2024,CRUZEIRO DO SUL,4,333,275,213,62,4,2,68
2024,FEIJÓ,7,58,272,225,47,4,2,53
2024,CRUZEIRO DO SUL,4,121,285,213,72,4,6,82
2024,PORTO WALTER,4,361,289,231,58,1,0,59
2024,SENA MADUREIRA,3,12,296,241,55,0,6,61
2024,FEIJÓ,7,8,419,334,85,1,1,87
2024,CRUZEIRO DO SUL,4,222,258,210,48,5,1,54
2024,MANOEL URBANO,3,154,296,242,54,0,2,56
2024,RODRIGUES ALVES,4,233,307,276,31,5,4,40
2024,CRUZEIRO DO SUL,4,452,128,109,19,0,1,20
2024,CRUZEIRO DO SUL,4,39,289,234,55,8,5,68
2024,PORTO WALTER,4,465,296,251,45,3,1,49
2024,SANTA ROSA DO PURUS,3,72,429,381,48,2,12,62
2024,PORTO WALTER,4,145,294,260,34,6,6,46
2024,RODRIGUES ALVES,4,351,264,197,67,0,1,68
2024,MÂNCIO LIMA,4,426,233,194,39,1,3,43
2024,CRUZEIRO DO SUL,4,350,271,219,52,2,2,56
2024,TARAUACÁ,5,95,272,200,72,1,5,78
2024,RIO BRANCO,9,388,339,270,69,5,6,80
2024,PORTO ACRE,1,590,261,217,44,2,5,51
2024,RIO BRANCO,1,776,340,259,81,3,1,85
2024,BRASILÉIA,6,55,281,220,61,3,12,76
2024,BUJARI,9,411,260,199,61,3,7,71
2024,RIO BRANCO,1,426,300,240,60,1,1,62
2024,CAPIXABA,2,90,280,230,50,0,4,54
2024,ACRELÂNDIA,8,84,245,185,60,1,4,65
2024,EPITACIOLÂNDIA,6,51,286,222,64,1,4,69
2024,RIO BRANCO,9,117,341,263,78,5,9,92
2024,SENADOR GUIOMARD,8,239,239,198,41,2,3,46
2024,RIO BRANCO,1,843,258,204,54,2,7,63
2024,RIO BRANCO,9,241,330,254,76,5,5,86
2024,SENADOR GUIOMARD,8,223,236,186,50,3,5,58
2024,RIO BRANCO,1,445,254,184,70,5,6,81
2024,RIO BRANCO,1,553,287,208,79,9,0,88
2024,PLÁCIDO DE CASTRO,8,86,289,236,53,1,5,59
2024,PORTO ACRE,1,589,261,214,47,3,0,50
2024,RIO BRANCO,1,488,268,204,64,3,5,72
2024,BRASILÉIA,6,19,370,289,81,3,5,89
2024,RIO BRANCO,9,129,320,237,83,3,2,88
2024,RIO BRANCO,1,571,336,270,66,9,6,81
2024,BRASILÉIA,6,67,284,214,70,3,3,76
2024,EPITACIOLÂNDIA,6,48,288,236,52,2,5,59
2024,RIO BRANCO,9,126,327,261,66,4,3,73
2024,RIO BRANCO,9,18,333,260,73,3,2,78
2024,CRUZEIRO DO SUL,4,210,279,226,53,5,0,58
2024,PORTO WALTER,4,442,272,220,52,0,1,53
2024,CRUZEIRO DO SUL,4,168,257,213,44,3,1,48
2024,TARAUACÁ,5,17,283,214,69,5,4,78
2024,SENA MADUREIRA,3,108,264,225,39,2,4,45
2024,MÂNCIO LIMA,4,91,249,210,39,2,2,43
2024,CRUZEIRO DO SUL,4,397,272,220,52,2,4,58
2024,FEIJÓ,7,76,206,161,45,1,3,49
2024,CRUZEIRO DO SUL,4,421,253,183,70,3,2,75
2024,MÂNCIO LIMA,4,310,272,254,18,3,4,25
2024,FEIJÓ,7,80,325,262,63,4,4,71
2024,FEIJÓ,7,90,138,116,22,1,2,25
2024,SENA MADUREIRA,3,2,245,193,52,1,5,58
2024,FEIJÓ,7,64,333,279,54,0,2,56
2024,SENA MADUREIRA,3,119,264,206,58,0,3,61
2024,FEIJÓ,7,18,282,220,62,1,3,66
2024,CRUZEIRO DO SUL,4,7,391,304,87,9,4,100
2024,SENA MADUREIRA,3,92,292,245,47,0,3,50
2024,TARAUACÁ,5,115,247,180,67,1,3,71
2024,TARAUACÁ,5,18,424,333,91,7,12,110
2024,CRUZEIRO DO SUL,4,345,258,210,48,0,0,48
2024,CRUZEIRO DO SUL,4,291,389,328,61,0,5,66
2024,CRUZEIRO DO SUL,4,238,254,210,44,7,2,53
2024,CRUZEIRO DO SUL,4,370,254,204,50,1,1,52
2024,PORTO WALTER,4,77,293,255,38,5,7,50
2024,SENA MADUREIRA,3,25,221,191,30,3,3,36
2024,EPITACIOLÂNDIA,6,65,284,239,45,3,4,52
2024,RIO BRANCO,9,253,340,240,100,9,6,115
2024,RIO BRANCO,9,368,334,273,61,4,9,74
2024,XAPURI,2,31,262,208,54,1,4,59
2024,XAPURI,2,19,189,157,32,1,7,40
2024,SENADOR GUIOMARD,8,268,261,189,72,3,4,79
2024,RIO BRANCO,9,402,318,236,82,4,3,89
2024,RIO BRANCO,1,722,317,239,78,4,9,91
2024,RIO BRANCO,9,247,324,245,79,3,5,87
2024,SENADOR GUIOMARD,8,134,376,306,70,5,4,79
2024,RIO BRANCO,1,521,223,171,52,4,4,60
2024,BRASILÉIA,6,35,280,222,58,0,3,61
2024,BUJARI,9,202,326,246,80,2,3,85
2024,RIO BRANCO,1,785,335,240,95,8,3,106
2024,RIO BRANCO,1,526,276,194,82,3,2,87
2024,SENADOR GUIOMARD,8,221,198,171,27,1,1,29
2024,RIO BRANCO,9,230,298,218,80,3,7,90
2024,RIO BRANCO,1,15,242,197,45,2,5,52
2024,RIO BRANCO,1,720,289,215,74,1,4,79
2024,EPITACIOLÂNDIA,6,71,234,211,23,2,5,30
2024,RIO BRANCO,9,64,317,248,69,3,9,81
2024,BUJARI,9,439,435,338,97,2,7,106
2024,RIO BRANCO,1,805,293,206,87,2,4,93
2024,RIO BRANCO,1,761,231,177,54,3,3,60
2024,RIO BRANCO,9,279,264,192,72,3,11,86
2024,TARAUACÁ,5,40,291,232,59,4,4,67
2024,TARAUACÁ,5,127,259,193,66,2,0,68
2024,TARAUACÁ,5,64,287,243,44,5,3,52
2024,MÂNCIO LIMA,4,303,267,237,30,0,2,32
2024,SENA MADUREIRA,3,6,271,232,39,0,3,42
2024,CRUZEIRO DO SUL,4,482,236,200,36,2,1,39
2024,CRUZEIRO DO SUL,4,481,279,249,30,3,3,36
2024,CRUZEIRO DO SUL,4,293,305,266,39,1,2,42
2024,FEIJÓ,7,31,251,200,51,0,4,55
2024,JORDÃO,5,62,318,276,42,0,6,48
2024,SANTA ROSA DO PURUS,3,65,258,215,43,1,7,51
2024,CRUZEIRO DO SUL,4,400,271,215,56,4,8,68
2024,MÂNCIO LIMA,4,437,269,216,53,2,1,56
2024,TARAUACÁ,5,70,284,218,66,4,3,73
2024,SENA MADUREIRA,3,83,286,241,45,1,8,54
2024,MARECHAL THAUMATURGO,4,434,296,239,57,0,4,61
2024,FEIJÓ,7,88,331,261,70,0,7,77
2024,CRUZEIRO DO SUL,4,65,399,313,86,2,2,90
2024,SENA MADUREIRA,3,3,240,199,41,3,4,48
2024,CRUZEIRO DO SUL,4,9,210,166,44,2,3,49
2024,PORTO WALTER,4,164,282,264,18,0,6,24
2024,SENA MADUREIRA,3,74,264,230,34,1,1,36
2024,SANTA ROSA DO PURUS,3,87,259,233,26,0,1,27
2024,CRUZEIRO DO SUL,4,489,153,143,10,0,6,16
2024,TARAUACÁ,5,8,311,252,59,2,3,64
2024,RIO BRANCO,9,316,309,220,89,4,5,98
2024,SENADOR GUIOMARD,8,25,283,242,41,5,10,56
2024,RIO BRANCO,9,32,237,195,42,4,4,50
2024,CAPIXABA,2,94,281,228,53,0,2,55
2024,XAPURI,2,108,239,207,32,0,2,34
2024,RIO BRANCO,1,781,326,257,69,4,5,78
2024,RIO BRANCO,1,379,332,284,48,9,4,61
2024,EPITACIOLÂNDIA,6,60,282,241,41,1,2,44
2024,RIO BRANCO,1,480,328,226,102,6,3,111
2024,PORTO ACRE,1,630,233,197,36,0,1,37
2024,PORTO ACRE,1,616,291,240,51,1,6,58
2024,RIO BRANCO,9,360,329,245,84,3,7,94
2024,RIO BRANCO,1,730,336,261,75,4,7,86
2024,RIO BRANCO,1,663,331,250,81,2,4,87
2024,RIO BRANCO,1,743,249,156,93,3,1,97
2024,RIO BRANCO,1,439,285,222,63,3,2,68
2024,RIO BRANCO,1,695,340,266,74,4,5,83
2024,BRASILÉIA,6,112,206,164,42,3,4,49
2024,RIO BRANCO,1,330,314,246,68,3,3,74
2024,PORTO ACRE,1,612,216,187,29,3,4,36
2024,SENADOR GUIOMARD,8,57,223,183,40,3,4,47
2024,RIO BRANCO,1,280,352,296,56,0,5,61
2024,RIO BRANCO,9,38,341,262,79,7,5,91
2024,ACRELÂNDIA,8,85,338,275,63,3,2,68
2024,RIO BRANCO,9,203,341,272,69,6,6,81
2024,BRASILÉIA,6,122,271,213,58,1,6,65
2024,RIO BRANCO,1,791,294,215,79,6,3,88
2024,RIO BRANCO,9,348,329,267,62,4,6,72
2024,RIO BRANCO,1,662,339,262,77,3,4,84
2024,BRASILÉIA,6,89,283,206,77,2,2,81
2024,RIO BRANCO,1,715,289,211,78,2,2,82
2024,RIO BRANCO,1,512,285,215,70,6,5,81
2024,RIO BRANCO,1,701,376,289,87,4,7,98
2024,SENADOR GUIOMARD,8,118,229,197,32,2,2,36
2024,RIO BRANCO,1,729,334,249,85,3,4,92
2024,RIO BRANCO,1,535,253,187,66,8,0,74
2024,RIO BRANCO,9,172,316,256,60,5,5,70
2024,SENADOR GUIOMARD,8,243,243,176,67,5,3,75
2024,RIO BRANCO,9,243,365,274,91,2,6,99
2024,RIO BRANCO,1,834,311,247,64,7,2,73
2024,BRASILÉIA,6,88,295,228,67,3,11,81
2024,RIO BRANCO,9,195,330,267,63,3,5,71
2024,ASSIS BRASIL,6,36,284,245,39,0,2,41
2024,RIO BRANCO,9,51,326,248,78,5,3,86
2024,RIO BRANCO,1,758,226,174,52,6,4,62
2024,RIO BRANCO,1,570,336,257,79,6,7,92
2024,RIO BRANCO,9,53,332,237,95,2,4,101
2024,ACRELÂNDIA,8,232,249,179,70,0,4,74
2024,RIO BRANCO,9,194,340,267,73,6,8,87
2024,RIO BRANCO,9,445,335,249,86,4,2,92
2024,RIO BRANCO,9,49,246,178,68,6,4,78
2024,SENADOR GUIOMARD,8,70,304,253,51,1,0,52
2024,CRUZEIRO DO SUL,4,19,288,223,65,1,6,72
2024,CRUZEIRO DO SUL,4,204,288,241,47,1,12,60
2024,SENA MADUREIRA,3,113,280,234,46,1,8,55
2024,MARECHAL THAUMATURGO,4,114,286,249,37,1,3,41
2024,CRUZEIRO DO SUL,4,137,224,169,55,1,4,60
2024,PORTO WALTER,4,245,281,253,28,1,2,31
2024,CRUZEIRO DO SUL,4,25,282,214,68,2,7,77
2024,CRUZEIRO DO SUL,4,63,355,229,126,4,7,137
2024,TARAUACÁ,5,92,284,244,40,0,2,42
2024,MANOEL URBANO,3,150,288,242,46,1,1,48
2024,TARAUACÁ,5,94,332,253,79,1,3,83
2024,SENA MADUREIRA,3,66,269,231,38,3,4,45
2024,SENA MADUREIRA,3,9,275,230,45,2,4,51
2024,FEIJÓ,7,10,418,359,59,1,6,66
2024,MANOEL URBANO,3,153,281,220,61,2,4,67
2024,CRUZEIRO DO SUL,4,242,287,230,57,4,1,62
2024,MÂNCIO LIMA,4,89,252,223,29,0,5,34
2024,CRUZEIRO DO SUL,4,47,270,213,57,2,7,66
2024,CRUZEIRO DO SUL,4,399,260,220,40,1,2,43
2024,SENA MADUREIRA,3,56,265,228,37,1,7,45
2024,FEIJÓ,7,73,152,128,24,0,2,26
2024,CRUZEIRO DO SUL,4,285,272,233,39,0,1,40
2024,PORTO WALTER,4,476,299,267,32,0,1,33
2024,CRUZEIRO DO SUL,4,44,256,219,37,0,0,37
2024,TARAUACÁ,5,29,323,254,69,3,8,80
2024,CRUZEIRO DO SUL,4,46,280,218,62,2,6,70
2024,RIO BRANCO,9,223,335,269,66,2,8,76
2024,SENADOR GUIOMARD,8,82,266,226,40,0,2,42
2024,RIO BRANCO,9,302,338,241,97,6,6,109
2024,RIO BRANCO,1,708,246,183,63,4,0,67
2024,RIO BRANCO,1,505,328,239,89,6,3,98
2024,BRASILÉIA,6,21,332,260,72,1,9,82
2024,RIO BRANCO,9,232,342,257,85,4,9,98
2024,BUJARI,9,186,336,262,74,4,4,82
2024,RIO BRANCO,1,30,234,155,79,1,3,83
2024,RIO BRANCO,9,289,323,228,95,1,2,98
2024,BUJARI,9,192,318,256,62,2,3,67
2024,RIO BRANCO,1,190,230,166,64,0,5,69
2024,RIO BRANCO,9,425,328,255,73,7,3,83
2024,BUJARI,9,304,328,244,84,3,6,93
2024,RIO BRANCO,1,671,335,254,81,6,6,93
2024,PORTO ACRE,1,582,278,218,60,0,3,63
2024,RIO BRANCO,1,691,340,261,79,1,6,86
2024,RIO BRANCO,1,5,333,248,85,7,1,93
2024,PORTO ACRE,1,583,290,223,67,2,6,75
2024,RIO BRANCO,1,818,271,232,39,5,4,48
2024,XAPURI,2,52,185,145,40,1,3,44
2024,XAPURI,2,53,268,222,46,2,5,53
2024,RIO BRANCO,1,461,312,243,69,2,3,74
2024,ASSIS BRASIL,6,108,187,158,29,3,5,37
2024,ASSIS BRASIL,6,28,258,219,39,0,4,43
2024,BRASILÉIA,6,139,283,221,62,3,4,69
2024,TARAUACÁ,5,111,266,217,49,1,5,55
2024,CRUZEIRO DO SUL,4,110,236,186,50,2,1,53
2024,CRUZEIRO DO SUL,4,61,263,206,57,5,2,64
2024,CRUZEIRO DO SUL,4,407,291,229,62,1,2,65
2024,FEIJÓ,7,23,284,230,54,1,3,58
2024,SENA MADUREIRA,3,114,260,200,60,2,7,69
2024,TARAUACÁ,5,83,272,216,56,0,2,58
2024,CRUZEIRO DO SUL,4,411,306,230,76,1,6,83
2024,FEIJÓ,7,44,337,265,72,2,6,80
2024,CRUZEIRO DO SUL,4,420,274,209,65,3,0,68
2024,TARAUACÁ,5,59,323,263,60,4,6,70
2024,TARAUACÁ,5,82,338,264,74,1,3,78
2024,SENA MADUREIRA,3,85,373,336,37,1,3,41
2024,TARAUACÁ,5,79,249,210,39,3,7,49
2024,SENA MADUREIRA,3,71,256,214,42,1,5,48
2024,CRUZEIRO DO SUL,4,422,210,139,71,1,1,73
2024,MARECHAL THAUMATURGO,4,203,236,210,26,0,3,29
2024,CRUZEIRO DO SUL,4,213,303,244,59,0,3,62
2024,SENA MADUREIRA,3,80,266,225,41,3,5,49
2024,CRUZEIRO DO SUL,4,246,281,230,51,1,2,54
2024,CRUZEIRO DO SUL,4,336,298,238,60,1,0,61
2024,FEIJÓ,7,91,199,161,38,0,4,42
2024,SENA MADUREIRA,3,121,270,213,57,2,5,64
2024,TARAUACÁ,5,9,282,221,61,4,8,73
2024,CRUZEIRO DO SUL,4,86,275,222,53,0,2,55
2024,CRUZEIRO DO SUL,4,296,360,294,66,2,9,77
2024,CRUZEIRO DO SUL,4,269,251,197,54,2,5,61
2024,CRUZEIRO DO SUL,4,229,307,219,88,1,3,92
2024,CRUZEIRO DO SUL,4,257,300,233,67,6,9,82
2024,CAPIXABA,2,101,121,105,16,0,2,18
2024,RIO BRANCO,9,17,342,285,57,3,5,65
2024,EPITACIOLÂNDIA,6,145,257,212,45,2,2,49
2024,RIO BRANCO,1,25,330,244,86,5,6,97
2024,RIO BRANCO,1,29,239,176,63,2,0,65
2024,SENADOR GUIOMARD,8,241,257,207,50,1,1,52
2024,RIO BRANCO,9,394,336,260,76,4,8,88
2024,BUJARI,9,412,332,228,104,3,11,118
2024,RIO BRANCO,9,449,315,239,76,8,4,88
2024,RIO BRANCO,1,645,319,234,85,1,4,90
2024,RIO BRANCO,9,389,342,276,66,8,1,75
2024,RIO BRANCO,1,649,340,279,61,6,4,71
2024,PLÁCIDO DE CASTRO,8,155,401,346,55,2,1,58
2024,RIO BRANCO,9,105,341,282,59,6,4,69
2024,RIO BRANCO,1,271,333,244,89,5,6,100
2024,RIO BRANCO,1,151,235,161,74,2,3,79
2024,RIO BRANCO,9,184,316,239,77,3,2,82
2024,BUJARI,9,8,228,178,50,1,9,60
2024,XAPURI,2,29,264,212,52,3,2,57
2024,ASSIS BRASIL,6,78,366,318,48,0,3,51
2024,SENADOR GUIOMARD,8,50,220,186,34,7,8,49
2024,ACRELÂNDIA,8,72,239,187,52,1,4,57
2024,RIO BRANCO,1,287,219,177,42,4,5,51
2024,SENADOR GUIOMARD,8,166,364,268,96,2,5,103
2024,SENADOR GUIOMARD,8,56,219,188,31,2,1,34
2024,RIO BRANCO,1,549,300,200,100,9,4,113
2024,RIO BRANCO,9,259,259,182,77,0,1,78
2024,SENADOR GUIOMARD,8,69,257,220,37,3,12,52
2024,RIO BRANCO,1,173,368,278,90,3,2,95
2024,RIO BRANCO,1,502,252,196,56,1,6,63
2024,FEIJÓ,7,20,292,242,50,1,1,52
2024,MARECHAL THAUMATURGO,4,163,244,217,27,1,1,29
2024,CRUZEIRO DO SUL,4,130,216,181,35,2,3,40
2024,MARECHAL THAUMATURGO,4,142,239,220,19,0,6,25
2024,TARAUACÁ,5,6,284,222,62,2,6,70
2024,PORTO WALTER,4,325,199,176,23,0,4,27
2024,RODRIGUES ALVES,4,250,294,269,25,0,2,27
2024,RODRIGUES ALVES,4,317,337,308,29,0,0,29
2024,CRUZEIRO DO SUL,4,386,271,222,49,1,5,55
2024,CRUZEIRO DO SUL,4,228,368,313,55,2,9,66
2024,SENA MADUREIRA,3,32,258,214,44,0,6,50
2024,CRUZEIRO DO SUL,4,224,226,187,39,2,2,43
2024,MÂNCIO LIMA,4,367,275,237,38,0,5,43
2024,CRUZEIRO DO SUL,4,165,272,229,43,2,3,48
2024,TARAUACÁ,5,4,283,222,61,1,3,65
2024,TARAUACÁ,5,128,271,213,58,3,2,63
2024,FEIJÓ,7,38,277,217,60,2,5,67
2024,TARAUACÁ,5,14,318,268,50,2,5,57
2024,SENA MADUREIRA,3,19,440,366,74,2,9,85
2024,MANOEL URBANO,3,145,290,235,55,0,7,62
2024,RODRIGUES ALVES,4,290,239,210,29,0,2,31
2024,TARAUACÁ,5,31,326,261,65,1,1,67
2024,RODRIGUES ALVES,4,170,420,375,45,3,7,55
2024,CRUZEIRO DO SUL,4,319,319,272,47,0,3,50
2024,SENA MADUREIRA,3,148,202,146,56,0,3,59
2024,SENA MADUREIRA,3,34,284,235,49,4,2,55
2024,RIO BRANCO,1,750,326,225,101,4,5,110
2024,RIO BRANCO,1,830,168,137,31,4,2,37
2024,BUJARI,9,441,330,260,70,1,3,74
2024,RIO BRANCO,1,707,252,192,60,1,4,65
2024,RIO BRANCO,1,67,267,204,63,2,8,73
2024,RIO BRANCO,9,171,335,262,73,2,5,80
2024,SENADOR GUIOMARD,8,220,241,191,50,4,1,55
2024,RIO BRANCO,1,815,343,271,72,1,3,76
2024,PLÁCIDO DE CASTRO,8,114,289,246,43,2,4,49
2024,RIO BRANCO,9,50,450,353,97,8,8,113
2024,RIO BRANCO,1,811,335,228,107,5,6,118
2024,RIO BRANCO,9,16,339,264,75,5,8,88
2024,EPITACIOLÂNDIA,6,107,290,233,57,3,4,64
2024,RIO BRANCO,1,263,310,249,61,3,5,69
2024,RIO BRANCO,1,64,260,209,51,1,4,56
2024,RIO BRANCO,1,34,177,136,41,3,4,48
2024,RIO BRANCO,9,255,341,260,81,4,5,90
2024,RIO BRANCO,1,712,329,256,73,4,5,82
2024,ACRELÂNDIA,8,198,115,87,28,1,2,31
2024,RIO BRANCO,1,661,336,257,79,2,3,84
2024,RIO BRANCO,1,682,290,216,74,3,4,81
2024,PORTO ACRE,1,605,267,221,46,1,0,47
2024,RIO BRANCO,9,354,332,250,82,4,7,93
2024,RIO BRANCO,9,416,267,187,80,2,2,84
2024,RIO BRANCO,9,86,326,252,74,2,3,79
2024,RIO BRANCO,1,492,306,219,87,4,3,94
2024,RIO BRANCO,9,213,351,252,99,2,1,102
2024,SENADOR GUIOMARD,8,161,211,183,28,1,0,29
2024,RIO BRANCO,1,646,323,241,82,3,7,92
2024,RIO BRANCO,9,339,321,244,77,5,4,86
2024,RIO BRANCO,1,566,256,194,62,3,3,68
2024,RIO BRANCO,1,747,328,250,78,11,2,91
2024,CAPIXABA,2,74,255,188,67,1,2,70
2024,RIO BRANCO,9,318,282,207,75,7,0,82
2024,BUJARI,9,136,233,176,57,0,6,63
2024,RIO BRANCO,1,792,335,235,100,5,1,106
2024,XAPURI,2,3,231,185,46,2,7,55
2024,EPITACIOLÂNDIA,6,50,283,236,47,0,2,49
2024,RIO BRANCO,1,557,302,245,57,4,4,65
2024,CAPIXABA,2,88,229,186,43,2,2,47
2024,ASSIS BRASIL,6,66,372,323,49,1,3,53
2024,EPITACIOLÂNDIA,6,162,297,274,23,1,1,25
2024,RIO BRANCO,9,104,334,278,56,1,11,68
2024,RIO BRANCO,9,257,306,227,79,5,6,90
2024,RIO BRANCO,9,307,337,251,86,4,1,91
2024,CAPIXABA,2,79,254,190,64,2,2,68
2024,CRUZEIRO DO SUL,4,374,353,300,53,5,4,62
2024,SENA MADUREIRA,3,158,272,229,43,3,4,50
2024,CRUZEIRO DO SUL,4,156,363,288,75,4,6,85
2024,CRUZEIRO DO SUL,4,219,261,213,48,4,3,55
2024,MARECHAL THAUMATURGO,4,347,244,188,56,0,5,61
2024,TARAUACÁ,5,107,269,204,65,1,8,74
2024,CRUZEIRO DO SUL,4,405,309,256,53,2,2,57
2024,MANOEL URBANO,3,47,286,247,39,1,1,41
2024,TARAUACÁ,5,73,341,210,131,0,11,142
2024,CRUZEIRO DO SUL,4,56,242,203,39,5,4,48
2024,JORDÃO,5,65,409,318,91,0,1,92
2024,RODRIGUES ALVES,4,231,262,244,18,1,7,26
2024,MANOEL URBANO,3,41,294,262,32,3,2,37
2024,CRUZEIRO DO SUL,4,413,274,219,55,2,1,58
2024,PORTO WALTER,4,314,139,125,14,0,1,15
2024,RIO BRANCO,9,341,335,259,76,4,5,85
2024,TARAUACÁ,5,30,275,219,56,5,11,72
2024,CRUZEIRO DO SUL,4,51,293,246,47,6,6,59
2024,CRUZEIRO DO SUL,4,173,274,241,33,5,7,45
2024,RODRIGUES ALVES,4,84,239,201,38,0,3,41
2024,FEIJÓ,7,89,331,265,66,1,1,68
2024,CRUZEIRO DO SUL,4,244,280,234,46,1,3,50
2024,MANOEL URBANO,3,43,293,244,49,2,12,63
2024,PORTO WALTER,4,338,277,228,49,3,5,57
2024,CRUZEIRO DO SUL,4,472,294,266,28,1,10,39
2024,RIO BRANCO,9,407,336,268,68,7,4,79
2024,BRASILÉIA,6,16,354,285,69,4,5,78
2024,RIO BRANCO,1,689,333,247,86,1,9,96
2024,RIO BRANCO,9,24,337,272,65,5,10,80
2024,SENADOR GUIOMARD,8,204,285,213,72,2,2,76
2024,RIO BRANCO,9,220,321,254,67,1,4,72
2024,XAPURI,2,62,262,207,55,0,3,58
2024,SENADOR GUIOMARD,8,32,229,187,42,4,4,50
2024,EPITACIOLÂNDIA,6,151,280,218,62,8,1,71
2024,RIO BRANCO,1,321,326,245,81,2,6,89
2024,RIO BRANCO,9,308,346,247,99,6,3,108
2024,RIO BRANCO,1,523,232,171,61,7,2,70
2024,XAPURI,2,33,220,180,40,1,2,43
2024,EPITACIOLÂNDIA,6,49,279,234,45,1,3,49
2024,CAPIXABA,2,106,206,189,17,0,4,21
2024,RIO BRANCO,9,456,326,242,84,7,1,92
2024,ASSIS BRASIL,6,73,304,254,50,2,3,55
2024,EPITACIOLÂNDIA,6,106,290,234,56,3,4,63
2024,RIO BRANCO,1,564,279,205,74,3,4,81
2024,SENADOR GUIOMARD,8,246,107,92,15,0,0,15
2024,BRASILÉIA,6,128,263,225,38,3,2,43
2024,RIO BRANCO,9,176,334,248,86,3,2,91
2024,BRASILÉIA,6,87,289,232,57,2,8,67
2024,RIO BRANCO,9,400,318,239,79,2,4,85
2024,RIO BRANCO,9,154,336,265,71,7,12,90
2024,RIO BRANCO,9,140,335,256,79,6,6,91
2024,CRUZEIRO DO SUL,4,261,278,230,48,9,4,61
2024,TARAUACÁ,5,80,285,229,56,2,3,61
2024,MÂNCIO LIMA,4,122,247,206,41,0,4,45
2024,CRUZEIRO DO SUL,4,14,220,174,46,1,1,48
2024,FEIJÓ,7,29,429,342,87,4,9,100
2024,SENA MADUREIRA,3,116,267,203,64,2,2,68
2024,MARECHAL THAUMATURGO,4,331,283,229,54,2,1,57
2024,MANOEL URBANO,3,45,286,249,37,3,5,45
2024,CRUZEIRO DO SUL,4,315,300,251,49,5,2,56
2024,MANOEL URBANO,3,44,284,242,42,2,5,49
2024,JORDÃO,5,37,266,235,31,2,8,41
2024,RODRIGUES ALVES,4,475,212,212,0,0,3,3
2024,TARAUACÁ,5,121,258,195,63,1,3,67
2024,CRUZEIRO DO SUL,4,17,285,224,61,4,5,70
2024,SENA MADUREIRA,3,69,251,225,26,3,2,31
2024,SENA MADUREIRA,3,53,268,231,37,0,8,45
2024,SENA MADUREIRA,3,84,270,225,45,1,3,49
2024,SENA MADUREIRA,3,93,277,235,42,1,2,45
2024,MARECHAL THAUMATURGO,4,161,294,272,22,0,3,25
2024,RODRIGUES ALVES,4,272,176,149,27,0,3,30
2024,MÂNCIO LIMA,4,153,273,234,39,0,1,40
2024,TARAUACÁ,5,51,307,242,65,2,6,73
2024,MARECHAL THAUMATURGO,4,326,264,196,68,0,1,69
2024,TARAUACÁ,5,108,342,269,73,1,6,80
2024,CRUZEIRO DO SUL,4,159,261,224,37,2,3,42
2024,SENA MADUREIRA,3,112,256,204,52,0,3,55
2024,PLÁCIDO DE CASTRO,8,76,234,198,36,2,6,44
2024,RIO BRANCO,9,298,323,245,78,6,3,87
2024,RIO BRANCO,9,452,258,180,78,7,3,88
2024,RIO BRANCO,9,158,314,250,64,6,2,72
2024,RIO BRANCO,1,762,284,210,74,8,4,86
2024,RIO BRANCO,1,562,338,255,83,5,3,91
2024,RIO BRANCO,1,347,252,192,60,3,5,68
2024,ASSIS BRASIL,6,150,341,292,49,3,4,56
2024,BRASILÉIA,6,94,288,249,39,3,6,48
2024,RIO BRANCO,1,737,344,278,66,2,5,73
2024,XAPURI,2,23,242,201,41,2,2,45
2024,BRASILÉIA,6,56,203,175,28,6,2,36
2024,RIO BRANCO,1,509,278,192,86,4,3,93
2024,RIO BRANCO,1,47,242,179,63,2,3,68
2024,XAPURI,2,54,270,212,58,3,2,63
2024,RIO BRANCO,1,659,339,225,114,3,4,121
2024,RIO BRANCO,9,22,325,251,74,5,7,86
2024,RIO BRANCO,1,444,323,257,66,3,4,73
2024,ASSIS BRASIL,6,90,294,239,55,0,10,65
2024,BUJARI,9,163,212,169,43,3,5,51
2024,RIO BRANCO,1,714,286,227,59,2,3,64
2024,BRASILÉIA,6,132,174,139,35,0,5,40
2024,RIO BRANCO,1,36,340,239,101,1,9,111
2024,RIO BRANCO,9,209,321,243,78,2,6,86
2024,XAPURI,2,9,262,222,40,2,6,48
2024,RIO BRANCO,1,713,330,245,85,6,5,96
2024,BRASILÉIA,6,75,248,215,33,0,5,38
2024,MÂNCIO LIMA,4,366,272,212,60,0,3,63
2024,SENA MADUREIRA,3,35,289,240,49,6,12,67
2024,SENA MADUREIRA,3,131,265,184,81,2,3,86
2024,FEIJÓ,7,48,336,270,66,1,5,72
2024,FEIJÓ,7,82,330,269,61,0,4,65
2024,SENA MADUREIRA,3,86,265,226,39,0,8,47
2024,CRUZEIRO DO SUL,4,207,273,220,53,7,2,62
2024,PORTO WALTER,4,316,335,317,18,0,2,20
2024,TARAUACÁ,5,114,280,227,53,7,4,64
2024,SENA MADUREIRA,3,136,269,214,55,2,5,62
2024,FEIJÓ,7,84,329,262,67,0,6,73
2024,CRUZEIRO DO SUL,4,401,202,161,41,0,2,43
2024,CRUZEIRO DO SUL,4,412,245,197,48,4,2,54
2024,CRUZEIRO DO SUL,4,416,274,224,50,3,4,57
2024,JORDÃO,5,126,270,202,68,0,7,75
2024,TARAUACÁ,5,42,340,274,66,1,7,74
2024,TARAUACÁ,5,134,271,219,52,3,2,57
2024,FEIJÓ,7,34,327,261,66,1,2,69
2024,CRUZEIRO DO SUL,4,111,286,227,59,1,1,61
2024,CRUZEIRO DO SUL,4,40,287,227,60,2,3,65
2024,CRUZEIRO DO SUL,4,58,269,202,67,6,3,76
2024,TARAUACÁ,5,72,276,222,54,4,3,61
2024,CRUZEIRO DO SUL,4,262,267,228,39,0,0,39
2024,FEIJÓ,7,87,343,264,79,0,3,82
2024,CRUZEIRO DO SUL,4,152,257,211,46,2,1,49
2024,TARAUACÁ,5,10,278,229,49,3,3,55
2024,RIO BRANCO,9,103,313,233,80,2,5,87
2024,SENADOR GUIOMARD,8,265,160,141,19,0,2,21
2024,RIO BRANCO,1,635,325,242,83,8,9,100
2024,RIO BRANCO,1,351,312,250,62,0,8,70
2024,PLÁCIDO DE CASTRO,8,80,276,237,39,1,1,41
2024,EPITACIOLÂNDIA,6,141,177,159,18,1,1,20
2024,PORTO ACRE,1,591,270,208,62,1,4,67
2024,RIO BRANCO,1,788,330,220,110,4,3,117
2024,RIO BRANCO,9,134,333,259,74,3,9,86
2024,RIO BRANCO,9,270,312,231,81,1,6,88
2024,RIO BRANCO,9,240,240,175,65,3,6,74
2024,CAPIXABA,2,103,202,159,43,1,1,45
2024,PLÁCIDO DE CASTRO,8,2,237,194,43,0,1,44
2024,RIO BRANCO,1,766,316,229,87,1,2,90
2024,RIO BRANCO,1,821,344,273,71,6,4,81
2024,RIO BRANCO,1,648,318,240,78,3,5,86
2024,EPITACIOLÂNDIA,6,124,282,225,57,5,1,63
2024,RIO BRANCO,9,44,289,220,69,1,7,77
2024,PLÁCIDO DE CASTRO,8,24,256,210,46,2,3,51
2024,RIO BRANCO,9,357,332,239,93,3,4,100
2024,RIO BRANCO,9,219,339,266,73,1,6,80
2024,RIO BRANCO,1,634,326,239,87,4,4,95
2024,XAPURI,2,1,226,183,43,3,5,51
2024,RIO BRANCO,9,71,233,193,40,4,3,47
2024,RIO BRANCO,9,337,324,244,80,5,4,89
2024,SENA MADUREIRA,3,54,287,252,35,1,3,39
2024,CRUZEIRO DO SUL,4,11,222,173,49,0,3,52
2024,MÂNCIO LIMA,4,93,270,232,38,0,4,42
2024,MANOEL URBANO,3,166,297,257,40,1,5,46
2024,PORTO ACRE,1,579,276,235,41,1,1,43
2024,SENA MADUREIRA,3,155,250,216,34,1,1,36
2024,TARAUACÁ,5,1,312,241,71,2,11,84
2024,TARAUACÁ,5,2,314,247,67,2,3,72
2024,CRUZEIRO DO SUL,4,408,276,215,61,2,8,71
2024,SANTA ROSA DO PURUS,3,76,263,223,40,2,7,49
2024,RODRIGUES ALVES,4,302,189,167,22,0,4,26
2024,RODRIGUES ALVES,4,292,302,269,33,1,2,36
2024,TARAUACÁ,5,106,282,217,65,0,3,68
2024,MARECHAL THAUMATURGO,4,237,390,321,69,0,1,70
2024,TARAUACÁ,5,120,268,211,57,4,4,65
2024,FEIJÓ,7,2,287,234,53,3,5,61
2024,FEIJÓ,7,53,325,260,65,0,0,65
2024,PORTO WALTER,4,320,212,196,16,2,1,19
2024,TARAUACÁ,5,15,270,225,45,2,4,51
2024,FEIJÓ,7,49,332,263,69,4,5,78
2024,CRUZEIRO DO SUL,4,305,291,244,47,2,1,50
2024,JORDÃO,5,131,265,203,62,0,3,65
2024,CRUZEIRO DO SUL,4,55,239,205,34,2,2,38
2024,JORDÃO,5,45,264,227,37,1,12,50
2024,CRUZEIRO DO SUL,4,323,267,212,55,3,2,60
2024,RIO BRANCO,9,366,331,261,70,5,6,81
2024,BRASILÉIA,6,41,361,293,68,3,1,72
2024,BUJARI,9,442,235,203,32,0,2,34
2024,PLÁCIDO DE CASTRO,8,151,418,351,67,5,6,78
2024,RIO BRANCO,1,385,303,232,71,2,2,75
2024,RIO BRANCO,9,345,321,249,72,2,11,85
2024,RIO BRANCO,1,806,337,235,102,2,4,108
2024,PORTO ACRE,1,624,244,210,34,2,7,43
2024,PLÁCIDO DE CASTRO,8,211,143,119,24,0,1,25
2024,BRASILÉIA,6,133,294,249,45,3,7,55
2024,RIO BRANCO,1,38,338,246,92,5,5,102
2024,RIO BRANCO,1,547,265,202,63,5,1,69
2024,RIO BRANCO,1,813,336,243,93,9,6,108
2024,XAPURI,2,20,225,186,39,3,5,47
2024,RIO BRANCO,1,31,237,145,92,2,1,95
2024,RIO BRANCO,9,76,341,268,73,5,7,85
2024,BRASILÉIA,6,15,279,225,54,3,5,62
2024,BRASILÉIA,6,113,249,222,27,4,3,34
2024,RIO BRANCO,1,759,228,155,73,3,4,80
2024,ACRELÂNDIA,8,117,430,320,110,3,6,119
2024,RIO BRANCO,1,248,229,190,39,0,6,45
2024,SENADOR GUIOMARD,8,172,243,191,52,4,0,56
2024,RIO BRANCO,9,173,317,253,64,9,13,86
2024,RIO BRANCO,9,99,334,250,84,6,5,95
2024,XAPURI,2,55,270,227,43,3,2,48
2024,ACRELÂNDIA,8,142,267,193,74,2,4,80
2024,PORTO WALTER,4,132,279,239,40,0,4,44
2024,CRUZEIRO DO SUL,4,353,262,214,48,3,1,52
2024,CRUZEIRO DO SUL,4,419,272,212,60,3,1,64
2024,CRUZEIRO DO SUL,4,200,282,225,57,3,2,62
2024,MARECHAL THAUMATURGO,4,160,302,250,52,0,4,56
2024,FEIJÓ,7,35,283,223,60,1,4,65
2024,TARAUACÁ,5,47,273,207,66,4,11,81
2024,MÂNCIO LIMA,4,217,222,186,36,2,0,38
2024,CRUZEIRO DO SUL,4,418,260,195,65,2,4,71
2024,SENA MADUREIRA,3,38,230,167,63,0,5,68
2024,SANTA ROSA DO PURUS,3,122,274,224,50,0,13,63
2024,CRUZEIRO DO SUL,4,471,206,175,31,2,1,34
2024,SENA MADUREIRA,3,90,283,233,50,3,7,60
2024,MARECHAL THAUMATURGO,4,162,255,226,29,1,2,32
2024,SENA MADUREIRA,3,106,237,196,41,2,0,43
2024,FEIJÓ,7,70,322,268,54,2,2,58
2024,TARAUACÁ,5,90,277,219,58,3,4,65
2024,TARAUACÁ,5,69,306,243,63,5,7,75
2024,CRUZEIRO DO SUL,4,253,287,225,62,5,7,74
2024,MARECHAL THAUMATURGO,4,223,270,236,34,0,11,45
2024,MARECHAL THAUMATURGO,4,337,292,253,39,1,1,41
2024,MÂNCIO LIMA,4,466,278,247,31,1,1,33
2024,SANTA ROSA DO PURUS,3,152,254,212,42,2,10,54
2024,CRUZEIRO DO SUL,4,259,281,231,50,1,0,51
2024,TARAUACÁ,5,39,287,232,55,3,3,61
2024,MARECHAL THAUMATURGO,4,424,281,208,73,1,3,77
2024,CRUZEIRO DO SUL,4,43,395,323,72,0,7,79
2024,RIO BRANCO,1,481,307,245,62,2,5,69
2024,RIO BRANCO,9,410,337,267,70,4,5,79
2024,XAPURI,2,8,266,209,57,4,5,66
2024,RIO BRANCO,9,145,330,267,63,4,3,70
2024,CAPIXABA,2,95,278,213,65,0,1,66
2024,RIO BRANCO,1,643,335,259,76,4,6,86
2024,XAPURI,2,32,267,234,33,0,4,37
2024,ACRELÂNDIA,8,272,278,234,44,2,1,47
2024,SENADOR GUIOMARD,8,49,329,260,69,4,4,77
2024,RIO BRANCO,1,807,221,142,79,2,0,81
2024,SENADOR GUIOMARD,8,219,367,287,80,5,2,87
2024,RIO BRANCO,9,309,199,135,64,1,2,67
2024,BUJARI,9,479,334,268,66,4,3,73
2024,CAPIXABA,2,105,260,211,49,1,1,51
2024,RIO BRANCO,1,829,324,252,72,6,10,88
2024,RIO BRANCO,1,28,252,180,72,1,3,76
2024,RIO BRANCO,9,106,336,266,70,2,11,83
2024,RIO BRANCO,1,482,225,165,60,3,2,65
2024,RIO BRANCO,9,55,328,254,74,7,5,86
2024,RIO BRANCO,9,11,239,180,59,4,2,65
2024,RIO BRANCO,1,736,335,270,65,3,6,74
2024,RIO BRANCO,1,51,247,194,53,2,3,58
2024,RIO BRANCO,1,390,335,265,70,6,10,86
2024,RIO BRANCO,1,249,264,207,57,5,2,64
2024,RIO BRANCO,9,96,439,362,77,4,10,91
2024,RIO BRANCO,9,153,335,264,71,2,7,80
2024,MARECHAL THAUMATURGO,4,140,275,236,39,0,7,46
2024,MARECHAL THAUMATURGO,4,75,289,239,50,0,3,53
2024,TARAUACÁ,5,58,211,160,51,2,3,56
2024,CRUZEIRO DO SUL,4,69,289,222,67,5,4,76
2024,CRUZEIRO DO SUL,4,120,339,268,71,2,0,73
2024,CRUZEIRO DO SUL,4,446,243,219,24,1,4,29
2024,CRUZEIRO DO SUL,4,191,253,218,35,2,2,39
2024,RODRIGUES ALVES,4,171,335,294,41,2,4,47
2024,SENA MADUREIRA,3,101,304,258,46,0,8,54
2024,CRUZEIRO DO SUL,4,402,279,219,60,2,8,70
2024,FEIJÓ,7,68,207,162,45,1,0,46
2024,CRUZEIRO DO SUL,4,391,280,205,75,5,9,89
2024,CRUZEIRO DO SUL,4,340,276,217,59,1,2,62
2024,JORDÃO,5,123,264,209,55,0,7,62
2024,TARAUACÁ,5,74,239,182,57,0,0,57
2024,MANOEL URBANO,3,51,424,357,67,0,3,70
2024,CRUZEIRO DO SUL,4,5,300,229,71,1,2,74
2024,TARAUACÁ,5,12,287,228,59,3,0,62
2024,SANTA ROSA DO PURUS,3,125,259,206,53,2,11,66
2024,SENA MADUREIRA,3,151,106,94,12,0,0,12
2024,CRUZEIRO DO SUL,4,362,303,246,57,3,2,62
2024,CRUZEIRO DO SUL,4,354,289,238,51,3,1,55
2024,FEIJÓ,7,78,333,265,68,2,7,77
2024,CRUZEIRO DO SUL,4,341,274,231,43,2,5,50
2024,MANOEL URBANO,3,160,124,100,24,1,22,47
2024,PORTO ACRE,1,592,264,217,47,2,4,53
2024,BRASILÉIA,6,99,261,216,45,4,5,54
2024,RIO BRANCO,1,709,253,177,76,4,4,84
2024,RIO BRANCO,9,198,324,248,76,2,4,82
2024,RIO BRANCO,9,206,335,256,79,6,3,88
2024,PLÁCIDO DE CASTRO,8,52,270,225,45,1,0,46
2024,PORTO ACRE,1,797,270,228,42,11,6,59
2024,RIO BRANCO,1,478,325,238,87,9,3,99
2024,RIO BRANCO,9,30,323,248,75,0,6,81
2024,RIO BRANCO,1,705,320,244,76,4,9,89
2024,EPITACIOLÂNDIA,6,98,199,164,35,0,3,38
2024,PORTO ACRE,1,581,276,222,54,3,4,61
2024,PLÁCIDO DE CASTRO,8,128,230,187,43,2,1,46
2024,ACRELÂNDIA,8,77,241,194,47,0,2,49
2024,RIO BRANCO,9,306,317,233,84,7,5,96
2024,RIO BRANCO,1,273,236,164,72,4,1,77
2024,RIO BRANCO,1,453,258,199,59,6,5,70
2024,CAPIXABA,2,92,280,226,54,0,0,54
2024,RIO BRANCO,1,543,216,150,66,7,2,75
2024,RIO BRANCO,1,465,284,205,79,3,5,87
2024,XAPURI,2,58,273,238,35,2,9,46
2024,PLÁCIDO DE CASTRO,8,156,435,363,72,1,15,88
2024,RIO BRANCO,9,132,331,279,52,2,3,57
2024,ACRELÂNDIA,8,186,246,194,52,3,3,58
2024,ACRELÂNDIA,8,64,243,198,45,2,3,50
2024,FEIJÓ,7,42,282,234,48,3,0,51
2024,SENA MADUREIRA,3,104,287,238,49,2,6,57
2024,MANOEL URBANO,3,126,285,232,53,1,4,58
2024,PORTO WALTER,4,429,212,181,31,0,2,33
2024,RODRIGUES ALVES,4,197,401,339,62,0,4,66
2024,MÂNCIO LIMA,4,102,288,254,34,1,6,41
2024,TARAUACÁ,5,3,310,240,70,9,7,86
2024,SENA MADUREIRA,3,18,257,215,42,1,4,47
2024,JORDÃO,5,100,229,200,29,0,0,29
2024,RIO BRANCO,9,478,206,183,23,3,1,27
2024,CRUZEIRO DO SUL,4,123,287,217,70,1,0,71
2024,JORDÃO,5,56,164,142,22,0,5,27
2024,SENA MADUREIRA,3,82,274,228,46,1,7,54
2024,CRUZEIRO DO SUL,4,179,264,222,42,1,1,44
2024,CRUZEIRO DO SUL,4,49,287,239,48,7,2,57
2024,PORTO WALTER,4,372,275,236,39,0,2,41
2024,MARECHAL THAUMATURGO,4,327,231,197,34,1,0,35
2024,MARECHAL THAUMATURGO,4,375,295,258,37,0,4,41
2024,CRUZEIRO DO SUL,4,64,380,284,96,6,11,113
2024,MÂNCIO LIMA,4,267,288,248,40,0,2,42
2024,CRUZEIRO DO SUL,4,136,278,239,39,1,2,42
2024,CRUZEIRO DO SUL,4,139,279,234,45,4,3,52
2024,TARAUACÁ,5,133,259,213,46,1,2,49
2024,TARAUACÁ,5,119,260,189,71,1,1,73
2024,TARAUACÁ,5,91,314,239,75,1,6,82
2024,MARECHAL THAUMATURGO,4,141,293,243,50,2,5,57
2024,RIO BRANCO,1,651,335,271,64,5,5,74
2024,RIO BRANCO,9,42,258,178,80,4,7,91
2024,BUJARI,9,310,233,193,40,0,1,41
2024,RIO BRANCO,9,321,303,220,83,6,5,94
2024,RIO BRANCO,9,381,306,231,75,0,5,80
2024,RIO BRANCO,1,464,305,221,84,7,2,93
2024,RIO BRANCO,9,296,308,209,99,5,7,111
2024,RIO BRANCO,9,93,336,262,74,2,7,83
2024,RIO BRANCO,1,803,327,209,118,1,4,123
2024,RIO BRANCO,9,87,335,262,73,5,2,80
2024,RIO BRANCO,9,277,332,238,94,11,1,106
2024,RIO BRANCO,9,295,341,250,91,3,8,102
2024,RIO BRANCO,9,391,338,271,67,3,5,75
2024,PORTO ACRE,1,594,268,211,57,5,4,66
2024,RIO BRANCO,1,822,335,246,89,8,0,97
2024,RIO BRANCO,1,753,282,226,56,1,2,59
2024,RIO BRANCO,1,66,243,194,49,4,7,60
2024,PLÁCIDO DE CASTRO,8,54,256,219,37,2,8,47
2024,BUJARI,9,6,340,274,66,2,3,71
2024,RIO BRANCO,9,46,331,256,75,3,7,85
2024,PLÁCIDO DE CASTRO,8,14,257,208,49,2,3,54
2024,RIO BRANCO,9,293,279,205,74,3,7,84
2024,BRASILÉIA,6,8,287,213,74,4,2,80
2024,SENADOR GUIOMARD,8,98,330,279,51,5,3,59
2024,RIO BRANCO,9,37,343,263,80,4,8,92
2024,RIO BRANCO,9,149,344,260,84,2,5,91
2024,RIO BRANCO,9,35,330,257,73,4,4,81
2024,RIO BRANCO,9,72,230,178,52,3,4,59
2024,SENADOR GUIOMARD,8,167,248,218,30,3,5,38
2024,BUJARI,9,5,337,265,72,1,3,76
2024,RIO BRANCO,9,92,320,260,60,4,5,69
2024,RIO BRANCO,1,194,391,292,99,9,4,112
2024,EPITACIOLÂNDIA,6,64,283,239,44,0,5,49
2024,RIO BRANCO,9,98,330,258,72,3,7,82
2024,PLÁCIDO DE CASTRO,8,17,278,221,57,2,2,61
2024,BRASILÉIA,6,137,206,174,32,3,1,36
2024,RIO BRANCO,9,370,337,256,81,3,6,90
2024,PLÁCIDO DE CASTRO,8,43,402,347,55,0,6,61
2024,ACRELÂNDIA,8,169,243,186,57,0,1,58
2024,RIO BRANCO,9,256,330,254,76,8,3,87
2024,RIO BRANCO,1,174,315,234,81,2,2,85
2024,RIO BRANCO,9,197,327,265,62,2,6,70
2024,BUJARI,9,10,222,184,38,5,8,51
2024,SENADOR GUIOMARD,8,168,198,166,32,2,0,34
2024,RIO BRANCO,1,755,328,246,82,5,1,88
2024,RIO BRANCO,1,337,327,255,72,1,6,79
2024,BRASILÉIA,6,76,280,225,55,3,1,59
2024,RIO BRANCO,1,96,312,229,83,6,8,97
2024,ASSIS BRASIL,6,130,308,234,74,1,2,77
2024,RIO BRANCO,1,164,232,161,71,1,4,76
2024,SENADOR GUIOMARD,8,200,257,193,64,3,1,68
2024,RIO BRANCO,1,100,201,153,48,0,8,56
2024,MÂNCIO LIMA,4,369,271,251,20,0,1,21
2024,CRUZEIRO DO SUL,4,239,270,225,45,2,1,48
2024,SENA MADUREIRA,3,17,255,211,44,2,3,49
2024,CRUZEIRO DO SUL,4,135,274,226,48,0,4,52
2024,CRUZEIRO DO SUL,4,194,269,234,35,4,2,41
2024,CRUZEIRO DO SUL,4,195,260,223,37,1,2,40
2024,MANOEL URBANO,3,111,283,231,52,2,2,56
2024,RODRIGUES ALVES,4,83,213,170,43,3,3,49
2024,CRUZEIRO DO SUL,4,155,293,247,46,5,3,54
2024,MANOEL URBANO,3,107,283,238,45,0,5,50
2024,RIO BRANCO,1,368,315,240,75,0,7,82
2024,RIO BRANCO,1,820,342,267,75,8,2,85
2024,RIO BRANCO,9,287,301,214,87,4,3,94
2024,CAPIXABA,2,87,269,229,40,0,8,48
2024,RIO BRANCO,9,362,290,214,76,3,4,83
2024,XAPURI,2,37,212,170,42,1,0,43
2024,CAPIXABA,2,107,293,251,42,1,3,46
2024,BUJARI,9,437,285,222,63,0,3,66
2024,RIO BRANCO,9,372,310,223,87,4,2,93
2024,CAPIXABA,2,80,268,215,53,1,4,58
2024,PLÁCIDO DE CASTRO,8,16,286,240,46,1,3,50
2024,EPITACIOLÂNDIA,6,70,233,199,34,4,1,39
2024,BRASILÉIA,6,45,289,237,52,1,4,57
2024,RIO BRANCO,1,672,329,247,82,5,1,88
2024,RIO BRANCO,1,808,281,198,83,4,3,90
2024,RIO BRANCO,9,323,292,236,56,1,2,59
2024,ASSIS BRASIL,6,37,293,240,53,0,7,60
2024,RIO BRANCO,9,352,333,253,80,4,4,88
2024,RIO BRANCO,9,322,297,210,87,5,4,96
2024,RIO BRANCO,9,57,321,256,65,1,14,80
2024,RIO BRANCO,9,210,342,271,71,2,6,79
2024,RIO BRANCO,1,698,333,250,83,5,5,93
2024,RIO BRANCO,9,404,336,248,88,4,3,95
2024,PLÁCIDO DE CASTRO,8,10,418,339,79,2,6,87
2024,BRASILÉIA,6,5,195,161,34,2,3,39
2024,PORTO ACRE,1,595,264,210,54,2,1,57
2024,RIO BRANCO,1,679,234,171,63,3,3,69
2024,PLÁCIDO DE CASTRO,8,87,259,215,44,1,7,52
2024,EPITACIOLÂNDIA,6,159,297,264,33,4,1,38
2024,RIO BRANCO,9,343,339,285,54,1,2,57
2024,XAPURI,2,51,241,203,38,3,1,42
2024,PORTO ACRE,1,578,273,245,28,1,7,36
2024,ACRELÂNDIA,8,115,269,202,67,4,3,74
2024,RIO BRANCO,9,448,333,269,64,3,4,71
2024,PLÁCIDO DE CASTRO,8,7,407,332,75,0,9,84
2024,RIO BRANCO,1,565,227,164,63,1,5,69
2024,XAPURI,2,61,263,204,59,4,6,69
2024,RIO BRANCO,1,826,302,218,84,5,4,93
2024,RIO BRANCO,1,561,245,160,85,2,5,92
2024,RIO BRANCO,1,641,341,251,90,8,4,102
2024,RIO BRANCO,1,95,314,230,84,7,4,95
2024,PORTO ACRE,1,609,265,217,48,4,2,54
2024,RIO BRANCO,1,86,287,196,91,3,3,97
2024,RIO BRANCO,1,783,331,234,97,6,3,106
2024,RIO BRANCO,1,574,333,251,82,2,10,94
2024,RIO BRANCO,1,268,268,217,51,2,4,57
2024,RIO BRANCO,9,263,341,259,82,0,7,89
2024,RIO BRANCO,9,21,329,257,72,1,3,76
2024,ACRELÂNDIA,8,101,270,210,60,1,1,62
2024,RIO BRANCO,9,187,313,246,67,5,3,75
2024,XAPURI,2,60,268,207,61,1,5,67
2024,RIO BRANCO,9,188,333,258,75,7,1,83
2024,RIO BRANCO,9,382,303,230,73,2,3,78
2024,RIO BRANCO,1,261,328,253,75,4,3,82
2024,RIO BRANCO,1,183,327,256,71,5,1,77
2024,BRASILÉIA,6,58,327,264,63,2,2,67
2024,SENADOR GUIOMARD,8,153,197,159,38,0,3,41
2024,RIO BRANCO,9,141,399,329,70,4,5,79
2024,RIO BRANCO,1,531,281,189,92,7,4,103
2024,ASSIS BRASIL,6,114,145,62,83,1,2,86
2024,RIO BRANCO,1,400,328,269,59,5,2,66
2024,PORTO ACRE,1,853,204,180,24,4,4,32
2024,RIO BRANCO,9,249,338,275,63,2,5,70
2024,PORTO ACRE,1,593,264,202,62,3,5,70
2024,RIO BRANCO,9,294,292,196,96,2,4,102
2024,RIO BRANCO,1,752,290,218,72,4,5,81
2024,RIO BRANCO,1,176,251,207,44,3,1,48
2024,RIO BRANCO,1,469,332,248,84,2,5,91
2024,RIO BRANCO,1,191,222,160,62,0,1,63
2024,RIO BRANCO,1,470,287,217,70,1,1,72
2024,RIO BRANCO,9,91,340,275,65,3,4,72
2024,RIO BRANCO,9,83,266,209,57,2,6,65
2024,BRASILÉIA,6,155,171,143,28,2,1,31
2024,SENADOR GUIOMARD,8,187,163,124,39,0,1,40
2024,RIO BRANCO,1,778,328,259,69,6,6,81
2024,RIO BRANCO,9,254,342,263,79,2,8,89
2024,PORTO ACRE,1,841,330,290,40,1,8,49
2024,EPITACIOLÂNDIA,6,144,291,199,92,2,8,102
2024,RIO BRANCO,1,681,230,177,53,1,5,59
2024,RIO BRANCO,9,299,336,248,88,2,3,93
2024,RIO BRANCO,9,274,319,240,79,7,7,93
2024,RIO BRANCO,1,161,298,221,77,1,3,81
2024,CAPIXABA,2,73,231,195,36,2,0,38
2024,RIO BRANCO,9,81,252,198,54,2,4,60
2024,RIO BRANCO,9,175,344,273,71,1,3,75
2024,RIO BRANCO,1,476,311,240,71,2,4,77
2024,BRASILÉIA,6,83,282,232,50,4,4,58
2024,EPITACIOLÂNDIA,6,10,391,311,80,2,3,85
2024,RIO BRANCO,1,667,333,263,70,6,4,80
2024,RIO BRANCO,1,171,196,158,38,2,3,43
2024,RIO BRANCO,1,652,332,257,75,1,7,83
2024,RIO BRANCO,9,340,323,222,101,8,0,109
2024,RIO BRANCO,9,43,291,217,74,3,8,85
2024,RIO BRANCO,1,6,338,243,95,5,4,104
2024,RIO BRANCO,9,60,314,225,89,3,6,98
2024,RIO BRANCO,1,272,336,250,86,4,5,95
2024,RIO BRANCO,9,300,337,237,100,1,2,103
2024,RIO BRANCO,9,326,320,235,85,4,5,94
2024,RIO BRANCO,1,182,327,264,63,1,4,68
2024,EPITACIOLÂNDIA,6,61,289,236,53,3,2,58
2024,RIO BRANCO,1,655,332,259,73,3,9,85
2024,RIO BRANCO,1,89,262,203,59,1,1,61
2024,RIO BRANCO,1,656,330,249,81,3,4,88
2024,PORTO ACRE,1,629,197,158,39,2,1,42
2024,RIO BRANCO,9,403,350,232,118,10,10,138
2024,RIO BRANCO,1,777,337,243,94,1,4,99
2024,BUJARI,9,237,323,235,88,3,4,95
2024,CAPIXABA,2,91,275,228,47,1,2,50
2024,RIO BRANCO,1,524,275,185,90,4,4,98
2024,RIO BRANCO,1,508,238,183,55,1,2,58
2024,XAPURI,2,41,265,199,66,1,1,68
2024,XAPURI,2,36,147,127,20,0,1,21
2024,RIO BRANCO,1,771,330,246,84,2,5,91
2024,PLÁCIDO DE CASTRO,8,96,323,253,70,4,3,77
2024,RIO BRANCO,1,32,353,262,91,4,4,99
2024,BRASILÉIA,6,91,293,230,63,4,3,70
2024,BRASILÉIA,6,152,292,230,62,2,3,67
2024,RIO BRANCO,1,250,244,199,45,1,5,51
2024,RIO BRANCO,9,282,330,232,98,5,3,106
2024,RIO BRANCO,1,825,216,168,48,3,5,56
2024,RIO BRANCO,1,519,214,144,70,2,2,74
2024,RIO BRANCO,1,658,334,247,87,5,6,98
2024,RIO BRANCO,1,158,321,255,66,4,6,76
2024,CAPIXABA,2,65,293,244,49,1,5,55
2024,SENADOR GUIOMARD,8,154,246,196,50,2,4,56
2024,RIO BRANCO,9,454,314,266,48,5,7,60
2024,EPITACIOLÂNDIA,6,72,235,201,34,1,3,38
2024,RIO BRANCO,1,717,328,219,109,8,4,121
2024,RIO BRANCO,1,205,362,279,83,6,1,90
2024,RIO BRANCO,1,554,332,234,98,6,6,110
2024,BRASILÉIA,6,138,291,226,65,4,4,73
2024,RIO BRANCO,1,724,315,221,94,3,5,102
2024,RIO BRANCO,1,723,319,245,74,1,3,78
2024,RIO BRANCO,1,435,309,232,77,5,1,83
2024,RIO BRANCO,1,632,329,235,94,5,6,105
2024,RIO BRANCO,9,77,341,290,51,6,12,69
2024,RIO BRANCO,9,107,339,272,67,4,4,75
2024,RIO BRANCO,9,280,352,215,137,4,5,146
2024,SENADOR GUIOMARD,8,152,241,218,23,2,3,28
2024,RIO BRANCO,9,303,281,209,72,6,4,82
2024,RIO BRANCO,9,409,329,207,122,6,4,132
2024,BUJARI,9,242,260,197,63,0,2,65
2024,BUJARI,9,201,394,303,91,2,2,95
2024,RIO BRANCO,1,693,334,252,82,1,7,90
2024,RIO BRANCO,9,139,330,261,69,1,12,82
2024,XAPURI,2,45,268,225,43,1,3,47
2024,XAPURI,2,7,272,230,42,3,4,49
2024,RIO BRANCO,1,795,355,273,82,3,4,89
2024,RIO BRANCO,9,331,301,241,60,4,4,68
2024,RIO BRANCO,9,204,344,257,87,2,5,94
2024,RIO BRANCO,9,125,337,270,67,4,6,77
2024,RIO BRANCO,1,178,370,288,82,4,8,94
2024,RIO BRANCO,1,726,293,230,63,8,1,72
2024,SENADOR GUIOMARD,8,244,256,198,58,3,9,70
2024,BUJARI,9,137,334,264,70,2,8,80
2024,BRASILÉIA,6,85,241,192,49,2,2,53
2024,RIO BRANCO,1,422,256,206,50,2,9,61
2024,EPITACIOLÂNDIA,6,69,236,195,41,2,2,45
2024,RIO BRANCO,1,780,330,256,74,6,4,84
2024,PORTO ACRE,1,622,300,235,65,1,1,67
2024,EPITACIOLÂNDIA,6,116,283,226,57,1,1,59
2024,RIO BRANCO,1,447,334,255,79,6,1,86
2024,RIO BRANCO,1,26,391,279,112,3,4,119
2024,SENADOR GUIOMARD,8,33,291,246,45,4,3,52
2024,RIO BRANCO,1,790,338,242,96,6,9,111
2024,RIO BRANCO,9,62,296,220,76,3,6,85
2024,RIO BRANCO,9,396,319,239,80,3,10,93
2024,PLÁCIDO DE CASTRO,8,121,324,257,67,0,7,74
2024,RIO BRANCO,9,290,333,239,94,4,4,102
2024,RIO BRANCO,9,205,307,225,82,1,5,88
2024,RIO BRANCO,1,532,257,185,72,6,2,80
2024,RIO BRANCO,9,169,329,262,67,4,6,77
2024,BUJARI,9,305,325,237,88,1,6,95
2024,RIO BRANCO,1,288,326,261,65,4,3,72
2024,RIO BRANCO,1,528,289,215,74,1,11,86
2024,RIO BRANCO,1,751,324,252,72,9,4,85
2024,RIO BRANCO,9,222,349,271,78,5,6,89
2024,EPITACIOLÂNDIA,6,42,327,269,58,2,1,61
2024,RIO BRANCO,9,286,323,209,114,8,4,126
2024,RIO BRANCO,9,78,332,280,52,3,10,65
2024,SENADOR GUIOMARD,8,67,257,210,47,2,0,49
2024,RIO BRANCO,1,498,335,232,103,8,0,111
2024,RIO BRANCO,1,675,329,251,78,7,5,90
2024,RIO BRANCO,9,353,333,262,71,4,4,79
2024,RIO BRANCO,1,696,340,261,79,3,5,87
2024,RIO BRANCO,9,127,330,255,75,3,1,79
2024,RIO BRANCO,1,381,224,188,36,5,3,44
2024,RIO BRANCO,1,732,306,233,73,3,4,80
2024,SENADOR GUIOMARD,8,222,256,192,64,0,0,64
2024,RIO BRANCO,1,472,332,242,90,1,4,95
2024,RIO BRANCO,1,823,304,208,96,9,1,106
2024,BRASILÉIA,6,157,221,186,35,2,1,38
2024,RIO BRANCO,9,414,335,211,124,5,2,131
2024,RIO BRANCO,9,143,409,339,70,4,2,76
2024,RIO BRANCO,9,390,334,268,66,3,10,79
2024,RIO BRANCO,1,487,385,281,104,3,3,110
2024,RIO BRANCO,9,181,329,261,68,6,7,81
2024,RIO BRANCO,9,328,323,262,61,4,5,70
2024,RIO BRANCO,9,281,330,235,95,4,4,103
2024,RIO BRANCO,1,460,332,253,79,6,3,88
2024,RIO BRANCO,9,450,331,259,72,11,3,86
2024,ASSIS BRASIL,6,95,262,225,37,0,1,38
2024,PLÁCIDO DE CASTRO,8,112,270,213,57,0,5,62
2024,RIO BRANCO,1,525,349,242,107,4,4,115
2024,RIO BRANCO,9,131,308,218,90,4,1,95
2024,RIO BRANCO,9,33,333,264,69,7,4,80
2024,XAPURI,2,25,264,211,53,2,4,59
2024,RIO BRANCO,1,676,261,192,69,4,7,80
2024,EPITACIOLÂNDIA,6,160,137,132,5,0,2,7
2024,XAPURI,2,11,231,183,48,3,5,56
2024,XAPURI,2,59,323,271,52,0,3,55
2024,RIO BRANCO,9,185,328,254,74,5,3,82
2024,BUJARI,9,475,350,287,63,1,4,68
2024,BUJARI,9,477,332,280,52,2,1,55
2024,EPITACIOLÂNDIA,6,86,292,229,63,2,5,70
2024,RIO BRANCO,9,94,338,254,84,5,6,95
2024,RIO BRANCO,9,361,286,215,71,1,2,74
2024,SENADOR GUIOMARD,8,119,240,202,38,2,6,46
2024,RIO BRANCO,1,534,267,183,84,3,1,88
2024,RIO BRANCO,1,846,343,274,69,9,3,81
2024,RIO BRANCO,1,639,339,253,86,3,8,97
2024,RIO BRANCO,1,765,280,209,71,7,4,82
2024,RIO BRANCO,1,530,284,202,82,7,2,91
2024,RIO BRANCO,9,75,304,257,47,3,5,55
2024,PORTO ACRE,1,620,272,207,65,0,3,68
2024,RIO BRANCO,1,37,331,246,85,2,10,97
2024,XAPURI,2,10,235,195,40,0,2,42
2024,RIO BRANCO,9,108,337,260,77,5,4,86
2024,RIO BRANCO,9,347,334,271,63,4,1,68
2024,PLÁCIDO DE CASTRO,8,1,228,190,38,0,2,40
2024,ACRELÂNDIA,8,199,263,204,59,0,0,59
2024,RIO BRANCO,9,207,356,267,89,5,7,101
2024,BRASILÉIA,6,32,285,231,54,2,1,57
2024,RIO BRANCO,1,770,316,218,98,1,4,103
2024,RIO BRANCO,9,119,319,248,71,1,4,76
2024,SENADOR GUIOMARD,8,127,235,187,48,0,2,50
2024,BRASILÉIA,6,100,410,323,87,1,10,98
2024,RIO BRANCO,1,636,326,220,106,8,3,117
2024,RIO BRANCO,1,572,331,277,54,2,2,58
2024,BRASILÉIA,6,81,293,240,53,2,2,57
2024,RIO BRANCO,9,275,142,108,34,3,1,38
2024,BRASILÉIA,6,54,234,206,28,4,5,37
2024,RIO BRANCO,1,491,308,229,79,4,0,83
2024,RIO BRANCO,1,653,333,254,79,5,3,87
2024,RIO BRANCO,1,773,250,207,43,6,5,54
2024,RIO BRANCO,1,43,245,156,89,2,2,93
2024,RIO BRANCO,1,686,333,262,71,3,5,79
2024,SENADOR GUIOMARD,8,130,187,152,35,1,6,42
2024,RIO BRANCO,1,520,371,273,98,8,4,110
2024,RIO BRANCO,1,786,336,227,109,4,4,117
2024,RIO BRANCO,9,284,334,231,103,8,0,111
2024,PORTO ACRE,1,618,286,210,76,2,8,86
2024,XAPURI,2,56,238,198,40,3,1,44
2024,PORTO ACRE,1,621,271,204,67,0,5,72
2024,RIO BRANCO,9,221,318,235,83,1,4,88
2024,XAPURI,2,4,227,179,48,0,5,53
2024,RIO BRANCO,9,193,335,264,71,3,14,88
2024,RIO BRANCO,1,27,337,263,74,3,5,82
2024,RIO BRANCO,9,430,307,217,90,4,4,98
2024,ACRELÂNDIA,8,215,270,201,69,1,2,72
2024,RIO BRANCO,9,90,344,291,53,3,5,61
2024,RIO BRANCO,9,180,309,249,60,1,2,63
2024,RIO BRANCO,1,459,335,249,86,4,3,93
2024,RIO BRANCO,9,178,242,188,54,1,13,68
2024,RIO BRANCO,9,325,323,265,58,6,7,71
2024,ASSIS BRASIL,6,161,350,300,50,5,5,60
2024,PORTO ACRE,1,586,286,238,48,0,3,51
2024,RIO BRANCO,1,449,290,212,78,4,4,86
2024,BUJARI,9,4,335,273,62,2,5,69
2024,PORTO ACRE,1,627,201,172,29,0,2,31
2024,PORTO ACRE,1,603,161,126,35,0,4,39
2024,RIO BRANCO,1,90,259,200,59,0,4,63
2024,RIO BRANCO,9,320,439,343,96,8,1,105
2024,RIO BRANCO,1,448,300,230,70,2,3,75
2024,RIO BRANCO,1,406,318,260,58,3,5,66
2024,RIO BRANCO,9,231,342,242,100,5,7,112
2024,EPITACIOLÂNDIA,6,97,245,211,34,1,6,41
2024,RIO BRANCO,1,184,329,269,60,4,4,68
2024,RIO BRANCO,1,687,318,225,93,6,3,102
2024,RIO BRANCO,1,99,235,188,47,3,1,51
2024,RIO BRANCO,9,365,329,254,75,6,4,85
2024,RIO BRANCO,9,245,324,246,78,1,2,81
2024,ACRELÂNDIA,8,185,245,185,60,1,4,65
2024,RIO BRANCO,9,427,337,243,94,9,8,111
2024,RIO BRANCO,1,842,325,272,53,3,6,62
2024,BRASILÉIA,6,4,283,228,55,2,7,64
2024,RIO BRANCO,1,728,305,206,99,2,7,108
2024,PORTO ACRE,1,851,161,143,18,1,4,23
2024,RIO BRANCO,1,442,327,245,82,5,6,93
2024,RIO BRANCO,1,835,301,240,61,4,5,70
2024,RIO BRANCO,9,135,341,254,87,4,6,97
2024,RIO BRANCO,9,211,312,242,70,1,5,76
2024,ACRELÂNDIA,8,83,218,181,37,2,1,40
2024,RIO BRANCO,9,73,241,196,45,5,3,53
2024,RIO BRANCO,1,690,337,257,80,6,6,92
2024,RIO BRANCO,1,744,245,189,56,3,2,61
2024,RIO BRANCO,9,48,252,182,70,4,4,78
2024,PORTO ACRE,1,614,243,204,39,6,8,53
2024,RIO BRANCO,1,466,246,179,67,6,0,73
2024,RIO BRANCO,9,54,286,223,63,5,4,72
2024,PLÁCIDO DE CASTRO,8,81,224,183,41,1,4,46
2024,XAPURI,2,14,279,232,47,2,11,60
2024,RIO BRANCO,1,436,289,236,53,7,4,64
2024,RIO BRANCO,1,719,267,202,65,0,2,67
2024,RIO BRANCO,1,434,293,198,95,5,4,104
2024,RIO BRANCO,9,371,307,229,78,7,4,89
2024,RIO BRANCO,9,66,306,223,83,4,9,96
2024,SENADOR GUIOMARD,8,247,229,155,74,4,0,78
2024,RIO BRANCO,1,650,342,272,70,3,9,82
2024,EPITACIOLÂNDIA,6,134,294,227,67,0,6,73
2024,PORTO ACRE,1,576,273,225,48,0,7,55
2024,RIO BRANCO,1,316,248,209,39,0,7,46
2024,RIO BRANCO,9,138,334,268,66,5,9,80
2024,XAPURI,2,63,281,228,53,0,6,59
2024,PLÁCIDO DE CASTRO,8,55,237,201,36,1,1,38
2024,BUJARI,9,1,339,273,66,2,15,83
2024,RIO BRANCO,1,633,329,250,79,2,6,87
2024,RIO BRANCO,1,779,323,240,83,7,2,92
2024,RIO BRANCO,9,378,343,262,81,4,6,91
2024,RIO BRANCO,1,802,315,242,73,3,5,81
2024,RIO BRANCO,1,746,332,250,82,6,7,95
2024,RIO BRANCO,9,159,321,262,59,8,6,73
2024,RIO BRANCO,1,457,316,232,84,3,1,88
2024,ASSIS BRASIL,6,93,342,277,65,1,4,70
2024,RIO BRANCO,1,8,333,245,88,7,4,99
2024,PLÁCIDO DE CASTRO,8,5,322,258,64,2,5,71
2024,RIO BRANCO,9,191,255,200,55,1,4,60
2024,RIO BRANCO,9,20,358,288,70,3,4,77
2024,RIO BRANCO,1,204,361,247,114,6,3,123
2024,RIO BRANCO,1,700,340,256,84,9,2,95
2024,RIO BRANCO,1,702,378,290,88,10,9,107
2024,PORTO ACRE,1,588,286,234,52,3,8,63
2024,SENADOR GUIOMARD,8,149,400,351,49,2,10,61
2024,RIO BRANCO,9,374,340,272,68,4,10,82
2024,RIO BRANCO,1,673,338,258,80,3,2,85
2024,RIO BRANCO,1,733,309,248,61,1,4,66
2024,XAPURI,2,16,190,143,47,1,1,49
2024,XAPURI,2,35,226,203,23,3,8,34
2024,RIO BRANCO,1,688,338,226,112,6,2,120
2024,RIO BRANCO,1,560,220,166,54,3,2,59
2024,RIO BRANCO,9,239,338,263,75,9,4,88
2024,RIO BRANCO,9,334,293,210,83,7,5,95
2024,RIO BRANCO,1,559,252,197,55,1,5,61
2024,RIO BRANCO,9,269,342,280,62,3,12,77
2024,PORTO ACRE,1,617,286,218,68,3,2,73
2024,EPITACIOLÂNDIA,6,101,275,246,29,0,4,33
2024,RIO BRANCO,1,94,191,144,47,2,2,51
2024,RIO BRANCO,1,473,278,206,72,2,6,80
2024,PLÁCIDO DE CASTRO,8,165,338,286,52,1,1,54
2024,RIO BRANCO,1,767,317,234,83,0,6,89
2024,RIO BRANCO,1,558,218,168,50,3,5,58
2024,EPITACIOLÂNDIA,6,47,296,242,54,2,4,60
2024,RIO BRANCO,1,660,335,244,91,5,5,101
2024,RIO BRANCO,9,225,250,167,83,6,1,90
2024,RIO BRANCO,1,172,189,141,48,2,3,53
2024,RIO BRANCO,9,418,296,197,99,1,3,103
2024,RIO BRANCO,1,848,260,220,40,0,4,44
2024,RIO BRANCO,9,162,233,170,63,3,6,72
2024,RIO BRANCO,9,446,357,272,85,10,3,98
2024,RIO BRANCO,9,384,326,238,88,6,3,97
2024,RIO BRANCO,9,380,316,229,87,2,6,95
2024,RIO BRANCO,1,187,260,207,53,0,4,57
2024,RIO BRANCO,1,310,331,240,91,5,4,100
2024,RIO BRANCO,1,738,340,274,66,7,4,77
2024,RIO BRANCO,1,504,205,134,71,3,0,74
2024,RIO BRANCO,1,85,291,236,55,1,6,62
2024,PORTO ACRE,1,584,285,229,56,4,4,64
2024,SENADOR GUIOMARD,8,225,244,189,55,3,3,61
2024,RIO BRANCO,1,401,242,196,46,3,2,51
2024,RIO BRANCO,1,749,332,249,83,6,6,95
2024,RIO BRANCO,9,189,335,253,82,0,7,89
2024,RIO BRANCO,9,387,334,269,65,7,1,73
2024,PORTO ACRE,1,606,262,216,46,1,1,48
2024,RIO BRANCO,1,446,340,249,91,4,5,100
2024,RIO BRANCO,9,319,278,217,61,2,4,67
2024,XAPURI,2,50,198,171,27,2,3,32
2024,RIO BRANCO,9,431,330,231,99,7,3,109
2024,RIO BRANCO,1,540,166,127,39,2,3,44
2024,EPITACIOLÂNDIA,6,9,289,227,62,2,4,68
2024,RIO BRANCO,9,199,334,256,78,1,3,82
2024,RIO BRANCO,9,26,333,258,75,2,5,82
2024,SENADOR GUIOMARD,8,68,232,193,39,5,1,45
2024,RIO BRANCO,1,849,274,225,49,5,1,55
2024,RIO BRANCO,1,754,299,226,73,1,3,77
2024,RIO BRANCO,9,424,295,216,79,2,1,82
2024,RIO BRANCO,9,350,328,252,76,1,4,81
2024,RIO BRANCO,9,19,335,251,84,5,4,93
2024,EPITACIOLÂNDIA,6,40,286,231,55,1,4,60
2024,RIO BRANCO,1,88,265,205,60,3,0,63
2024,CAPIXABA,2,78,240,184,56,1,0,57
2024,RIO BRANCO,1,784,337,238,99,3,4,106
2024,RIO BRANCO,9,228,265,208,57,2,10,69
2024,RIO BRANCO,9,443,341,269,72,4,3,79
2024,RIO BRANCO,1,556,230,180,50,1,2,53
2024,RIO BRANCO,1,685,333,249,84,4,4,92
2024,RIO BRANCO,1,497,285,226,59,7,3,69
2024,RIO BRANCO,1,458,256,187,69,1,1,71
2024,RIO BRANCO,1,677,342,258,84,9,4,97
2024,SENADOR GUIOMARD,8,100,239,206,33,1,3,37
2024,RIO BRANCO,9,333,296,208,88,4,8,100
2024,RIO BRANCO,9,161,332,242,90,4,11,105
2024,RIO BRANCO,9,89,340,274,66,3,11,80
2024,RIO BRANCO,1,467,325,235,90,2,5,97
2024,RIO BRANCO,9,160,337,254,83,5,1,89
2024,RIO BRANCO,1,452,321,245,76,5,3,84
2024,RIO BRANCO,9,248,345,250,95,5,8,108
2024,RIO BRANCO,9,157,341,244,97,1,2,100
2024,PLÁCIDO DE CASTRO,8,11,267,223,44,1,3,48
2024,RIO BRANCO,1,513,297,197,100,4,1,105
2024,RIO BRANCO,1,692,339,255,84,7,2,93
2024,RIO BRANCO,1,475,305,220,85,4,2,91
2024,RIO BRANCO,9,150,348,284,64,2,3,69
2024,RIO BRANCO,1,499,292,216,76,2,6,84
2024,XAPURI,2,6,267,217,50,3,2,55
2024,ASSIS BRASIL,6,149,306,271,35,1,7,43
2024,RIO BRANCO,1,186,237,159,78,5,0,83
2024,ACRELÂNDIA,8,125,367,269,98,3,3,104
2024,RIO BRANCO,9,272,301,203,98,6,6,110
2024,XAPURI,2,17,227,191,36,4,6,46
2024,RIO BRANCO,9,315,332,237,95,5,4,104
2024,RIO BRANCO,1,809,271,215,56,3,4,63
2024,RIO BRANCO,1,654,333,253,80,6,3,89
2024,BRASILÉIA,6,120,319,238,81,0,2,83
2024,RIO BRANCO,1,839,170,139,31,3,0,34
2024,RIO BRANCO,9,128,360,297,63,5,4,72
