ANO_ELEICAO,NM_MUNICIPIO,NR_ZONA,NR_SECAO,NM_LOCAL_VOTACAO,QT_VOTOS_SAMIR,QT_VOTOS_VALIDOS_SECAO,Local_Busca_Geografica
2024,RIO BRANCO,9,452,ASSOC. COMERCIAL - ACISA,6,2070,"RIO BRANCO, Acre, Brasil, ASSOC. COMERCIAL - ACISA"
2024,RIO BRANCO,9,308,FACULDADE UNINORTE,7,1899,"RIO BRANCO, Acre, Brasil, FACULDADE UNINORTE"
2024,RIO BRANCO,9,36,ESCOLA NATALINO DA SILVEIRA BRITO,8,1074,"RIO BRANCO, Acre, Brasil, ESCOLA NATALINO DA SILVEIRA BRITO"
2024,RIO BRANCO,1,67,ESCOLA DR. CARLOS VASCONCELOS,4,1236,"RIO BRANCO, Acre, Brasil, ESCOLA DR. CARLOS VASCONCELOS"
2024,RIO BRANCO,1,189,ESCOLA MENINO JESUS,8,1694,"RIO BRANCO, Acre, Brasil, ESCOLA MENINO JESUS"
2024,RIO BRANCO,1,662,ESCOLA JORGE FELIX LAVOCAT,13,3352,"RIO BRANCO, Acre, Brasil, ESCOLA JORGE FELIX LAVOCAT"
2024,RIO BRANCO,9,265,ESCOLA ESTADUAL RURAL JORGE KALUME,52,1910,"RIO BRANCO, Acre, Brasil, ESCOLA ESTADUAL RURAL JORGE KALUME"
2024,RIO BRANCO,9,106,ESCOLA FLAVIANO FLÁVIO BAPTISTA,5,1635,"RIO BRANCO, Acre, Brasil, ESCOLA FLAVIANO FLÁVIO BAPTISTA"
2024,RIO BRANCO,9,190,ESCOLA PÚBLICA ALCIMAR LEITÃO,10,1147,"RIO BRANCO, Acre, Brasil, ESCOLA PÚBLICA ALCIMAR LEITÃO"
2024,RIO BRANCO,9,185,ESCOLA MARILDA GOUVEIA VIANA,6,1600,"RIO BRANCO, Acre, Brasil, ESCOLA MARILDA GOUVEIA VIANA"
2024,RIO BRANCO,1,446,ESCOLA LEONCIO DE CARVALHO,6,2313,"RIO BRANCO, Acre, Brasil, ESCOLA LEONCIO DE CARVALHO"
2024,RIO BRANCO,1,438,ESCOLA ANTONIA FERNANDES DE FREITAS,3,2470,"RIO BRANCO, Acre, Brasil, ESCOLA ANTONIA FERNANDES DE FREITAS"
2024,RIO BRANCO,1,471,ESCOLA LEONCIO DE CARVALHO,8,2313,"RIO BRANCO, Acre, Brasil, ESCOLA LEONCIO DE CARVALHO"
2024,RIO BRANCO,1,351,ESCOLA ROBERTO SANCHES MUBARAC,5,1872,"RIO BRANCO, Acre, Brasil, ESCOLA ROBERTO SANCHES MUBARAC"
2024,RIO BRANCO,9,40,SEAGRI/CAGEACRE,5,1155,"RIO BRANCO, Acre, Brasil, SEAGRI/CAGEACRE"
2024,RIO BRANCO,1,87,ESCOLA ANA TURAM MACHADO FALCAO,7,2402,"RIO BRANCO, Acre, Brasil, ESCOLA ANA TURAM MACHADO FALCAO"
2024,RIO BRANCO,9,71,SEAGRI/CAGEACRE,6,1155,"RIO BRANCO, Acre, Brasil, SEAGRI/CAGEACRE"
2024,RIO BRANCO,1,526,UNIDADE BÁSICA DE SAÚDE MARIA DA CONCEIÇÃO,3,3026,"RIO BRANCO, Acre, Brasil, UNIDADE BÁSICA DE SAÚDE MARIA DA CONCEIÇÃO"
2024,RIO BRANCO,1,552,SENAI,11,2054,"RIO BRANCO, Acre, Brasil, SENAI"
2024,RIO BRANCO,9,399,ESCOLA ISMAEL GOMES DE CARVALHO,3,2330,"RIO BRANCO, Acre, Brasil, ESCOLA ISMAEL GOMES DE CARVALHO"
2024,RIO BRANCO,9,465,ESCOLA DOUTOR SANTIAGO DANTAS,6,1902,"RIO BRANCO, Acre, Brasil, ESCOLA DOUTOR SANTIAGO DANTAS"
2024,RIO BRANCO,9,379,ESCOLA ESTADUAL DJALMA TELES GALDINO,1,2275,"RIO BRANCO, Acre, Brasil, ESCOLA ESTADUAL DJALMA TELES GALDINO"
2024,RIO BRANCO,9,410,UNIMETA - ESTÁCIO,7,2020,"RIO BRANCO, Acre, Brasil, UNIMETA - ESTÁCIO"
2024,RIO BRANCO,1,687,ESCOLA LINDAURA MARTINS LEITÃO,2,3425,"RIO BRANCO, Acre, Brasil, ESCOLA LINDAURA MARTINS LEITÃO"
2024,RIO BRANCO,1,788,ESCOLA PIMENTEL GOMES,7,3336,"RIO BRANCO, Acre, Brasil, ESCOLA PIMENTEL GOMES"
2024,RIO BRANCO,9,244,ESCOLA PÚBLICA RAIMUNDO GOMES DE OLIVEIRA,7,1333,"RIO BRANCO, Acre, Brasil, ESCOLA PÚBLICA RAIMUNDO GOMES DE OLIVEIRA"
2024,RIO BRANCO,9,417,ESCOLA MUNICIPAL JOSE POTYGUARA,3,1929,"RIO BRANCO, Acre, Brasil, ESCOLA MUNICIPAL JOSE POTYGUARA"
2024,RIO BRANCO,9,82,FUNDAÇÃO DO BEM ESTAR SOCIAL DO ACRE - FUNBESA,9,1171,"RIO BRANCO, Acre, Brasil, FUNDAÇÃO DO BEM ESTAR SOCIAL DO ACRE - FUNBESA"
2024,RIO BRANCO,1,642,ESCOLA ESTADUAL PROFESSOR RAIMUNDO BORGES,6,3301,"RIO BRANCO, Acre, Brasil, ESCOLA ESTADUAL PROFESSOR RAIMUNDO BORGES"
2024,RIO BRANCO,1,812,ESCOLA THEODOLINA FALCAO MACEDO,4,3506,"RIO BRANCO, Acre, Brasil, ESCOLA THEODOLINA FALCAO MACEDO"
2024,RIO BRANCO,1,498,ESCOLA RURAL BEIJA-FLOR,4,2844,"RIO BRANCO, Acre, Brasil, ESCOLA RURAL BEIJA-FLOR"
2024,RIO BRANCO,9,471,ESCOLA ESTADUAL DJALMA TELES GALDINO,1,2275,"RIO BRANCO, Acre, Brasil, ESCOLA ESTADUAL DJALMA TELES GALDINO"
2024,RIO BRANCO,9,85,INSTITUTO FEDERAL DO ACRE (IFAC) - TRANSACREANA,8,1180,"RIO BRANCO, Acre, Brasil, INSTITUTO FEDERAL DO ACRE (IFAC) - TRANSACREANA"
2024,RIO BRANCO,9,343,ESCOLA PROFESSORA IONE PORTELA DA COSTA CASAS,9,2135,"RIO BRANCO, Acre, Brasil, ESCOLA PROFESSORA IONE PORTELA DA COSTA CASAS"
2024,RIO BRANCO,1,496,ACREPREVIDÊNCIA,8,2828,"RIO BRANCO, Acre, Brasil, ACREPREVIDÊNCIA"
2024,RIO BRANCO,9,321,ASSOC. COMERCIAL - ACISA,2,2070,"RIO BRANCO, Acre, Brasil, ASSOC. COMERCIAL - ACISA"
2024,RIO BRANCO,1,702,SECRETARIA DE ESTADO DE PLANEJAMENTO E GESTÃO (SEPLAG - ANTIGA SDA),7,3476,"RIO BRANCO, Acre, Brasil, SECRETARIA DE ESTADO DE PLANEJAMENTO E GESTÃO (SEPLAG - ANTIGA SDA)"
2024,RIO BRANCO,9,49,CONAB - COMPANHIA NACIONAL DE ABASTECIMENTO,11,2259,"RIO BRANCO, Acre, Brasil, CONAB - COMPANHIA NACIONAL DE ABASTECIMENTO"
2024,RIO BRANCO,1,458,ESCOLA PROF. SEBASTIÃO PEDROSA (ARENA DA FLORESTA),9,2550,"RIO BRANCO, Acre, Brasil, ESCOLA PROF. SEBASTIÃO PEDROSA (ARENA DA FLORESTA)"
2024,RIO BRANCO,9,15,ESCOLA INFANTIL MONTEIRO LOBATO,11,1368,"RIO BRANCO, Acre, Brasil, ESCOLA INFANTIL MONTEIRO LOBATO"
2024,RIO BRANCO,9,52,ESCOLA SERAFIM DA SILVA SALGADO,7,1090,"RIO BRANCO, Acre, Brasil, ESCOLA SERAFIM DA SILVA SALGADO"
2024,RIO BRANCO,9,338,ESCOLA PROFESSOR PEDRO MARTINELLO,5,2127,"RIO BRANCO, Acre, Brasil, ESCOLA PROFESSOR PEDRO MARTINELLO"
2024,RIO BRANCO,1,737,ESCOLA VOVO MOCINHA,3,3590,"RIO BRANCO, Acre, Brasil, ESCOLA VOVO MOCINHA"
2024,RIO BRANCO,1,567,ESCOLA MUNICIPAL MONTE CASTELO,6,3247,"RIO BRANCO, Acre, Brasil, ESCOLA MUNICIPAL MONTE CASTELO"
2024,RIO BRANCO,1,381,MINISTÉRIO PÚBLICO DO TRABALHO - MPT,10,1694,"RIO BRANCO, Acre, Brasil, MINISTÉRIO PÚBLICO DO TRABALHO - MPT"
2024,RIO BRANCO,1,524,ESCOLA MUNICIPAL CHICO MENDES,2,2933,"RIO BRANCO, Acre, Brasil, ESCOLA MUNICIPAL CHICO MENDES"
2024,RIO BRANCO,1,527,ESCOLA MANOEL MACHADO,4,3093,"RIO BRANCO, Acre, Brasil, ESCOLA MANOEL MACHADO"
2024,RIO BRANCO,9,62,COLÉGIO META III,13,1520,"RIO BRANCO, Acre, Brasil, COLÉGIO META III"
2024,RIO BRANCO,1,15,PREFEITURA MUNICIPAL DE RIO BRANCO,6,1090,"RIO BRANCO, Acre, Brasil, PREFEITURA MUNICIPAL DE RIO BRANCO"
2024,RIO BRANCO,1,655,ESCOLA PIMENTEL GOMES,6,3336,"RIO BRANCO, Acre, Brasil, ESCOLA PIMENTEL GOMES"
2024,RIO BRANCO,9,365,ESCOLA ESTADUAL PROFESSORA ELOZIRA DOS SANTOS TOMÉ,3,2216,"RIO BRANCO, Acre, Brasil, ESCOLA ESTADUAL PROFESSORA ELOZIRA DOS SANTOS TOMÉ"
2024,RIO BRANCO,9,160,ESCOLA ACREANA DE MÚSICA (ANT CENTRO CULTURAL),8,1767,"RIO BRANCO, Acre, Brasil, ESCOLA ACREANA DE MÚSICA (ANT CENTRO CULTURAL)"
2024,RIO BRANCO,1,441,ESCOLA PROF. SEBASTIÃO PEDROSA (ARENA DA FLORESTA),4,2550,"RIO BRANCO, Acre, Brasil, ESCOLA PROF. SEBASTIÃO PEDROSA (ARENA DA FLORESTA)"
2024,RIO BRANCO,9,220,URAP - AUGUSTO HIDALGO DE LIMA,4,1759,"RIO BRANCO, Acre, Brasil, URAP - AUGUSTO HIDALGO DE LIMA"
2024,RIO BRANCO,9,206,ESCOLA JOÃO PAULO I,5,1236,"RIO BRANCO, Acre, Brasil, ESCOLA JOÃO PAULO I"
2024,RIO BRANCO,1,802,ESCOLA MARIA LÚCIA MOURA MARIN,11,3549,"RIO BRANCO, Acre, Brasil, ESCOLA MARIA LÚCIA MOURA MARIN"
2024,RIO BRANCO,9,60,COLÉGIO META III,10,1520,"RIO BRANCO, Acre, Brasil, COLÉGIO META III"
2024,RIO BRANCO,9,22,FEDERAÇÃO DAS INDÚSTRIAS DO ESTADO DO ACRE - FIEAC,6,1376,"RIO BRANCO, Acre, Brasil, FEDERAÇÃO DAS INDÚSTRIAS DO ESTADO DO ACRE - FIEAC"
2024,RIO BRANCO,9,11,ESCOLA INFANTIL MONTEIRO LOBATO,6,1368,"RIO BRANCO, Acre, Brasil, ESCOLA INFANTIL MONTEIRO LOBATO"
2024,RIO BRANCO,1,682,SENAC,6,3522,"RIO BRANCO, Acre, Brasil, SENAC"
2024,RIO BRANCO,9,99,ESCOLA JOÃO PAULO II,7,1252,"RIO BRANCO, Acre, Brasil, ESCOLA JOÃO PAULO II"
2024,RIO BRANCO,9,145,ESCOLA FRANCISCO DE PAULA LEITE OITICICA,6,1538,"RIO BRANCO, Acre, Brasil, ESCOLA FRANCISCO DE PAULA LEITE OITICICA"
2024,RIO BRANCO,9,294,COLÉGIO META III,10,1520,"RIO BRANCO, Acre, Brasil, COLÉGIO META III"
2024,RIO BRANCO,1,36,COLEGIO ACREANO,8,1139,"RIO BRANCO, Acre, Brasil, COLEGIO ACREANO"
2024,RIO BRANCO,9,127,ESCOLA CLÍNIO BRANDÃO,8,1244,"RIO BRANCO, Acre, Brasil, ESCOLA CLÍNIO BRANDÃO"
2024,RIO BRANCO,1,749,COHAB-ACRE,3,3646,"RIO BRANCO, Acre, Brasil, COHAB-ACRE"
2024,RIO BRANCO,9,408,ESCOLA FRANCISCO SALGADO FILHO,10,1031,"RIO BRANCO, Acre, Brasil, ESCOLA FRANCISCO SALGADO FILHO"
2024,RIO BRANCO,1,434,ESCOLA JOSE CHALUB LEITE,5,2577,"RIO BRANCO, Acre, Brasil, ESCOLA JOSE CHALUB LEITE"
2024,RIO BRANCO,9,427,ESCOLA MARILDA GOUVEIA VIANA,4,1600,"RIO BRANCO, Acre, Brasil, ESCOLA MARILDA GOUVEIA VIANA"
2024,RIO BRANCO,1,724,ESCOLA MARIA LÚCIA MOURA MARIN,8,3549,"RIO BRANCO, Acre, Brasil, ESCOLA MARIA LÚCIA MOURA MARIN"
2024,RIO BRANCO,1,499,ESCOLA PROFESSOR JOSUÉ FERNANDES,1,2712,"RIO BRANCO, Acre, Brasil, ESCOLA PROFESSOR JOSUÉ FERNANDES"
2024,RIO BRANCO,9,61,COLÉGIO META III,8,1520,"RIO BRANCO, Acre, Brasil, COLÉGIO META III"
2024,RIO BRANCO,9,56,SECRETARIA DE EDUCAÇÃO E CULTURA,5,1112,"RIO BRANCO, Acre, Brasil, SECRETARIA DE EDUCAÇÃO E CULTURA"
2024,RIO BRANCO,9,254,ESCOLA AYRTON SENNA DA SILVA,8,1660,"RIO BRANCO, Acre, Brasil, ESCOLA AYRTON SENNA DA SILVA"
2024,RIO BRANCO,9,355,ESCOLA DOUTOR JOÃO AGUIAR,9,2186,"RIO BRANCO, Acre, Brasil, ESCOLA DOUTOR JOÃO AGUIAR"
2024,RIO BRANCO,9,42,FUNDAÇÃO DO BEM ESTAR SOCIAL DO ACRE - FUNBESA,6,1171,"RIO BRANCO, Acre, Brasil, FUNDAÇÃO DO BEM ESTAR SOCIAL DO ACRE - FUNBESA"
2024,RIO BRANCO,1,640,ESCOLA NEUTEL MAIA,6,3298,"RIO BRANCO, Acre, Brasil, ESCOLA NEUTEL MAIA"
2024,RIO BRANCO,1,725,ESCOLA AGNALDO MORENO (ANTIGA MARILENA MANSOUR),3,3557,"RIO BRANCO, Acre, Brasil, ESCOLA AGNALDO MORENO (ANTIGA MARILENA MANSOUR)"
2024,RIO BRANCO,1,720,SECRETARIA MUNICIPAL DE INFRAESTRUTURA E MOBILIDADE URBANA - SEINFRA,5,3956,"RIO BRANCO, Acre, Brasil, SECRETARIA MUNICIPAL DE INFRAESTRUTURA E MOBILIDADE URBANA - SEINFRA"
2024,RIO BRANCO,9,59,CENTRO ESTADUAL DE ATENDIMENTO AO DEFICIENTE VISUAL,12,1457,"RIO BRANCO, Acre, Brasil, CENTRO ESTADUAL DE ATENDIMENTO AO DEFICIENTE VISUAL"
2024,RIO BRANCO,1,35,ESCOLA PROFESSOR JOSÉ RODRIGUES LEITE (ÉTICA),11,1317,"RIO BRANCO, Acre, Brasil, ESCOLA PROFESSOR JOSÉ RODRIGUES LEITE (ÉTICA)"
2024,RIO BRANCO,9,154,ESCOLA JOSÉ RIBAMAR BATISTA,6,1570,"RIO BRANCO, Acre, Brasil, ESCOLA JOSÉ RIBAMAR BATISTA"
2024,RIO BRANCO,9,146,COLÉGIO META III,12,1520,"RIO BRANCO, Acre, Brasil, COLÉGIO META III"
2024,RIO BRANCO,1,89,ESCOLA ANA TURAM MACHADO FALCAO,4,2402,"RIO BRANCO, Acre, Brasil, ESCOLA ANA TURAM MACHADO FALCAO"
2024,RIO BRANCO,9,102,ESCOLA PROFESSORA RAMONA M P DE CASTRO,7,1619,"RIO BRANCO, Acre, Brasil, ESCOLA PROFESSORA RAMONA M P DE CASTRO"
2024,RIO BRANCO,9,241,ESCOLA FREI THIAGO MARIA MATIOLI,5,1627,"RIO BRANCO, Acre, Brasil, ESCOLA FREI THIAGO MARIA MATIOLI"
2024,RIO BRANCO,1,771,UNIDADE DE SAÚDE DA FAMÍLIA - VITÓRIA,5,3719,"RIO BRANCO, Acre, Brasil, UNIDADE DE SAÚDE DA FAMÍLIA - VITÓRIA"
2024,RIO BRANCO,1,350,SECRETARIA DE ESTADO DE EDUCAÇÃO (ANTIGO SEBRAE),10,1600,"RIO BRANCO, Acre, Brasil, SECRETARIA DE ESTADO DE EDUCAÇÃO (ANTIGO SEBRAE)"
2024,RIO BRANCO,9,285,ASSOCIAÇÃO DE PAIS E AMIGOS DOS EXCEPCIONAIS - APAE,7,1430,"RIO BRANCO, Acre, Brasil, ASSOCIAÇÃO DE PAIS E AMIGOS DOS EXCEPCIONAIS - APAE"
2024,RIO BRANCO,1,752,INSTITUTO ÁGUIAS DO SABER,6,3859,"RIO BRANCO, Acre, Brasil, INSTITUTO ÁGUIAS DO SABER"
2024,RIO BRANCO,1,697,ESCOLA GLÓRIA PEREZ,11,3468,"RIO BRANCO, Acre, Brasil, ESCOLA GLÓRIA PEREZ"
2024,RIO BRANCO,1,651,ESCOLA ESTADUAL RAIMUNDO HERMINIO DE MELO,11,3328,"RIO BRANCO, Acre, Brasil, ESCOLA ESTADUAL RAIMUNDO HERMINIO DE MELO"
2024,RIO BRANCO,1,97,ESCOLA MARIA ANGÉLICA DE CASTRO,1,2569,"RIO BRANCO, Acre, Brasil, ESCOLA MARIA ANGÉLICA DE CASTRO"
2024,RIO BRANCO,1,99,ESCOLA MARIA ANGÉLICA DE CASTRO,1,2569,"RIO BRANCO, Acre, Brasil, ESCOLA MARIA ANGÉLICA DE CASTRO"
2024,RIO BRANCO,1,770,ESCOLA DR. MARIO DE OLIVEIRA,9,3700,"RIO BRANCO, Acre, Brasil, ESCOLA DR. MARIO DE OLIVEIRA"
2024,RIO BRANCO,9,221,ESCOLA ALMADA BRITO,4,1724,"RIO BRANCO, Acre, Brasil, ESCOLA ALMADA BRITO"
2024,RIO BRANCO,1,671,ESCOLA BERTA VIEIRA DE ANDRADE,6,3379,"RIO BRANCO, Acre, Brasil, ESCOLA BERTA VIEIRA DE ANDRADE"
2024,RIO BRANCO,1,473,ESCOLA PROFESSOR JOSUÉ FERNANDES,2,2712,"RIO BRANCO, Acre, Brasil, ESCOLA PROFESSOR JOSUÉ FERNANDES"
2024,RIO BRANCO,1,773,ESCOLA HUMBERTO SOARES,11,3492,"RIO BRANCO, Acre, Brasil, ESCOLA HUMBERTO SOARES"
2024,RIO BRANCO,1,6,COLÉGIO ESTADUAL BARÃO DO RIO BRANCO,6,1031,"RIO BRANCO, Acre, Brasil, COLÉGIO ESTADUAL BARÃO DO RIO BRANCO"
2024,RIO BRANCO,1,500,ESCOLA OSCAR FELICIO DE SOUZA,8,2534,"RIO BRANCO, Acre, Brasil, ESCOLA OSCAR FELICIO DE SOUZA"
2024,RIO BRANCO,9,388,ESCOLA ESTADUAL MARIA CHALUB LEITE,10,2305,"RIO BRANCO, Acre, Brasil, ESCOLA ESTADUAL MARIA CHALUB LEITE"
2024,RIO BRANCO,9,295,ESCOLA LOURIVAL SOMBRA,4,1058,"RIO BRANCO, Acre, Brasil, ESCOLA LOURIVAL SOMBRA"
2024,RIO BRANCO,1,25,COLÉGIO ESTADUAL BARÃO DO RIO BRANCO,8,1031,"RIO BRANCO, Acre, Brasil, COLÉGIO ESTADUAL BARÃO DO RIO BRANCO"
2024,RIO BRANCO,1,503,ESCOLA CLARISSE FECURY,5,3174,"RIO BRANCO, Acre, Brasil, ESCOLA CLARISSE FECURY"
2024,RIO BRANCO,9,104,ESCOLA FREI THIAGO MARIA MATIOLI,8,1627,"RIO BRANCO, Acre, Brasil, ESCOLA FREI THIAGO MARIA MATIOLI"
2024,RIO BRANCO,9,70,INSTITUTO SENAI DE TECNOLOGIA MADEIRA E MÓVEL,8,1554,"RIO BRANCO, Acre, Brasil, INSTITUTO SENAI DE TECNOLOGIA MADEIRA E MÓVEL"
2024,RIO BRANCO,1,24,CENTRO DE EDUCAÇÃO DE JOVENS E ADULTOS - CEJA CENTRO,4,1074,"RIO BRANCO, Acre, Brasil, CENTRO DE EDUCAÇÃO DE JOVENS E ADULTOS - CEJA CENTRO"
2024,RIO BRANCO,1,31,OCA RIO BRANCO,8,1066,"RIO BRANCO, Acre, Brasil, OCA RIO BRANCO"
2024,RIO BRANCO,1,635,INCRA - INSTITUTO NACIONAL DE COLONIZAÇÃO E REFORMA AGRÁRIA,12,3280,"RIO BRANCO, Acre, Brasil, INCRA - INSTITUTO NACIONAL DE COLONIZAÇÃO E REFORMA AGRÁRIA"
2024,RIO BRANCO,9,282,ESCOLA FRANCISCO SALGADO FILHO,8,1031,"RIO BRANCO, Acre, Brasil, ESCOLA FRANCISCO SALGADO FILHO"
2024,RIO BRANCO,9,416,ESCOLA ESTADUAL MAJOR JOÃO CÂNCIO,4,2003,"RIO BRANCO, Acre, Brasil, ESCOLA ESTADUAL MAJOR JOÃO CÂNCIO"
2024,RIO BRANCO,9,191,INSTITUTO FEDERAL DO ACRE (IFAC) - TRANSACREANA,8,1180,"RIO BRANCO, Acre, Brasil, INSTITUTO FEDERAL DO ACRE (IFAC) - TRANSACREANA"
2024,RIO BRANCO,9,134,ESCOLA PÚBLICA RAIMUNDO GOMES DE OLIVEIRA,6,1333,"RIO BRANCO, Acre, Brasil, ESCOLA PÚBLICA RAIMUNDO GOMES DE OLIVEIRA"
2024,RIO BRANCO,9,162,ESCOLA IRMÃ MARIA GABRIELA SOARES,5,1643,"RIO BRANCO, Acre, Brasil, ESCOLA IRMÃ MARIA GABRIELA SOARES"
2024,RIO BRANCO,9,397,ESCOLA ISMAEL GOMES DE CARVALHO,4,2330,"RIO BRANCO, Acre, Brasil, ESCOLA ISMAEL GOMES DE CARVALHO"
2024,RIO BRANCO,9,430,DETRAN (PRÉDIO INTEGRADO),12,1872,"RIO BRANCO, Acre, Brasil, DETRAN (PRÉDIO INTEGRADO)"
2024,RIO BRANCO,9,300,ESCOLA INFANTIL VALDIVA DE CASTRO DOS SANTOS,10,2038,"RIO BRANCO, Acre, Brasil, ESCOLA INFANTIL VALDIVA DE CASTRO DOS SANTOS"
2024,RIO BRANCO,1,380,INSTITUTO SAO JOSE,7,1473,"RIO BRANCO, Acre, Brasil, INSTITUTO SAO JOSE"
2024,RIO BRANCO,1,644,ESCOLA ESTADUAL PROFESSOR RAIMUNDO BORGES,4,3301,"RIO BRANCO, Acre, Brasil, ESCOLA ESTADUAL PROFESSOR RAIMUNDO BORGES"
2024,RIO BRANCO,9,429,ESCOLA PROFESSOR ALVARO VIEIRA DA ROCHA,5,2160,"RIO BRANCO, Acre, Brasil, ESCOLA PROFESSOR ALVARO VIEIRA DA ROCHA"
2024,RIO BRANCO,1,542,ESCOLA TUFIC ASSMAR,2,3115,"RIO BRANCO, Acre, Brasil, ESCOLA TUFIC ASSMAR"
2024,RIO BRANCO,9,360,ESCOLA PROFESSOR ALVARO VIEIRA DA ROCHA,3,2160,"RIO BRANCO, Acre, Brasil, ESCOLA PROFESSOR ALVARO VIEIRA DA ROCHA"
2024,RIO BRANCO,9,390,ESCOLA AME (ASSOCIAÇÃO MODERNA DE ENSINO),6,2313,"RIO BRANCO, Acre, Brasil, ESCOLA AME (ASSOCIAÇÃO MODERNA DE ENSINO)"
2024,RIO BRANCO,1,129,ESCOLA ANITA GARIBALDI,2,1384,"RIO BRANCO, Acre, Brasil, ESCOLA ANITA GARIBALDI"
2024,RIO BRANCO,1,746,ESCOLA DOM GIOCONDO MARIA GROTTI,7,3638,"RIO BRANCO, Acre, Brasil, ESCOLA DOM GIOCONDO MARIA GROTTI"
2024,RIO BRANCO,9,225,SEAGRI/CAGEACRE,6,1155,"RIO BRANCO, Acre, Brasil, SEAGRI/CAGEACRE"
2024,RIO BRANCO,1,801,COLÉGIO MILITAR DOM PEDRO II,5,3840,"RIO BRANCO, Acre, Brasil, COLÉGIO MILITAR DOM PEDRO II"
2024,RIO BRANCO,1,551,ESCOLA DR. JOSÉ CARVALHO,8,2763,"RIO BRANCO, Acre, Brasil, ESCOLA DR. JOSÉ CARVALHO"
2024,RIO BRANCO,9,453,ESCOLA JOÃO PAULO II,4,1252,"RIO BRANCO, Acre, Brasil, ESCOLA JOÃO PAULO II"
2024,RIO BRANCO,9,25,ESCOLA LOURIVAL SOMBRA,8,1058,"RIO BRANCO, Acre, Brasil, ESCOLA LOURIVAL SOMBRA"
2024,RIO BRANCO,9,126,ESCOLA FRANCISCO DE PAULA LEITE OITICICA,7,1538,"RIO BRANCO, Acre, Brasil, ESCOLA FRANCISCO DE PAULA LEITE OITICICA"
2024,RIO BRANCO,1,40,ESCOLA PROFESSOR JOSÉ RODRIGUES LEITE (ÉTICA),14,1317,"RIO BRANCO, Acre, Brasil, ESCOLA PROFESSOR JOSÉ RODRIGUES LEITE (ÉTICA)"
2024,RIO BRANCO,1,530,ESCOLA CARMELITA BARBOSA MONTENEGRO,1,2968,"RIO BRANCO, Acre, Brasil, ESCOLA CARMELITA BARBOSA MONTENEGRO"
2024,RIO BRANCO,1,688,ESCOLA LINDAURA MARTINS LEITÃO,5,3425,"RIO BRANCO, Acre, Brasil, ESCOLA LINDAURA MARTINS LEITÃO"
2024,RIO BRANCO,9,31,ESCOLA LUIZA BATISTA DE SOUZA,10,1066,"RIO BRANCO, Acre, Brasil, ESCOLA LUIZA BATISTA DE SOUZA"
2024,RIO BRANCO,9,314,ESCOLA ESTADUAL PROFESSORA ILKA MARIA DE LIMA,2,1953,"RIO BRANCO, Acre, Brasil, ESCOLA ESTADUAL PROFESSORA ILKA MARIA DE LIMA"
2024,RIO BRANCO,1,828,INSTITUTO IMACULADA CONCEICAO - CENEC,5,1465,"RIO BRANCO, Acre, Brasil, INSTITUTO IMACULADA CONCEICAO - CENEC"
2024,RIO BRANCO,1,169,CONSELHO REGIONAL DE ENFERMAGEM - COREN,11,1554,"RIO BRANCO, Acre, Brasil, CONSELHO REGIONAL DE ENFERMAGEM - COREN"
2024,RIO BRANCO,1,656,ESCOLA PIMENTEL GOMES,12,3336,"RIO BRANCO, Acre, Brasil, ESCOLA PIMENTEL GOMES"
2024,RIO BRANCO,9,402,ESCOLA ISMAEL GOMES DE CARVALHO,4,2330,"RIO BRANCO, Acre, Brasil, ESCOLA ISMAEL GOMES DE CARVALHO"
2024,RIO BRANCO,1,508,ESCOLA MUNICIPAL RAIMUNDO HERMINIO DE MELO,2,1848,"RIO BRANCO, Acre, Brasil, ESCOLA MUNICIPAL RAIMUNDO HERMINIO DE MELO"
2024,RIO BRANCO,1,696,ESCOLA GLÓRIA PEREZ,11,3468,"RIO BRANCO, Acre, Brasil, ESCOLA GLÓRIA PEREZ"
2024,RIO BRANCO,9,276,ESCOLA AYRTON SENNA DA SILVA,4,1660,"RIO BRANCO, Acre, Brasil, ESCOLA AYRTON SENNA DA SILVA"
2024,RIO BRANCO,1,638,ESCOLA NEUTEL MAIA,4,3298,"RIO BRANCO, Acre, Brasil, ESCOLA NEUTEL MAIA"
2024,RIO BRANCO,9,297,ESCOLA ILSON RIBEIRO,6,2054,"RIO BRANCO, Acre, Brasil, ESCOLA ILSON RIBEIRO"
2024,RIO BRANCO,9,373,UNIDADE DE SAÚDE DA FAMÍLIA ELPÍDIO MOREIRA SOUZA,3,2240,"RIO BRANCO, Acre, Brasil, UNIDADE DE SAÚDE DA FAMÍLIA ELPÍDIO MOREIRA SOUZA"
2024,RIO BRANCO,1,681,INSTITUTO DE EDUCACAO LOURENCO FILHO,6,3581,"RIO BRANCO, Acre, Brasil, INSTITUTO DE EDUCACAO LOURENCO FILHO"
2024,RIO BRANCO,1,782,INSTITUTO FEDERAL DO ACRE - IFAC,8,3751,"RIO BRANCO, Acre, Brasil, INSTITUTO FEDERAL DO ACRE - IFAC"
2024,RIO BRANCO,1,469,ESCOLA DUQUE DE CAXIAS,5,2720,"RIO BRANCO, Acre, Brasil, ESCOLA DUQUE DE CAXIAS"
2024,RIO BRANCO,1,798,ESCOLA PROF RAIMUNDA SILVA PARÁ,1,2895,"RIO BRANCO, Acre, Brasil, ESCOLA PROF RAIMUNDA SILVA PARÁ"
2024,RIO BRANCO,1,516,OCA RIO BRANCO,3,1066,"RIO BRANCO, Acre, Brasil, OCA RIO BRANCO"
2024,RIO BRANCO,1,51,DERACRE,4,1171,"RIO BRANCO, Acre, Brasil, DERACRE"
2024,RIO BRANCO,9,198,ESCOLA AYRTON SENNA DA SILVA,7,1660,"RIO BRANCO, Acre, Brasil, ESCOLA AYRTON SENNA DA SILVA"
2024,RIO BRANCO,1,633,INCRA - INSTITUTO NACIONAL DE COLONIZAÇÃO E REFORMA AGRÁRIA,12,3280,"RIO BRANCO, Acre, Brasil, INCRA - INSTITUTO NACIONAL DE COLONIZAÇÃO E REFORMA AGRÁRIA"
2024,RIO BRANCO,1,634,INCRA - INSTITUTO NACIONAL DE COLONIZAÇÃO E REFORMA AGRÁRIA,13,3280,"RIO BRANCO, Acre, Brasil, INCRA - INSTITUTO NACIONAL DE COLONIZAÇÃO E REFORMA AGRÁRIA"
2024,RIO BRANCO,1,783,INSTITUTO FEDERAL DO ACRE - IFAC,5,3751,"RIO BRANCO, Acre, Brasil, INSTITUTO FEDERAL DO ACRE - IFAC"
2024,RIO BRANCO,1,453,ESCOLA GEORGETE ELUAN KALUME,9,1929,"RIO BRANCO, Acre, Brasil, ESCOLA GEORGETE ELUAN KALUME"
2024,RIO BRANCO,9,445,COLÉGIO MILITAR TIRADENTES,9,2380,"RIO BRANCO, Acre, Brasil, COLÉGIO MILITAR TIRADENTES"
2024,RIO BRANCO,9,115,ESCOLA PÚBLICA HELOÍSA MOURÃO MARQUES,3,1015,"RIO BRANCO, Acre, Brasil, ESCOLA PÚBLICA HELOÍSA MOURÃO MARQUES"
2024,RIO BRANCO,9,80,IEPTEC - ANTIGO INSTITUTO FEDERAL DO ACRE - IFAC -  BAIXADA,5,1023,"RIO BRANCO, Acre, Brasil, IEPTEC - ANTIGO INSTITUTO FEDERAL DO ACRE - IFAC -  BAIXADA"
2024,RIO BRANCO,9,433,UNIMETA - ESTÁCIO,11,2020,"RIO BRANCO, Acre, Brasil, UNIMETA - ESTÁCIO"
2024,RIO BRANCO,9,130,ESCOLA JOSÉ SALES DE ARAÚJO,8,1260,"RIO BRANCO, Acre, Brasil, ESCOLA JOSÉ SALES DE ARAÚJO"
2024,RIO BRANCO,9,28,FUNDAÇÃO DO BEM ESTAR SOCIAL DO ACRE - FUNBESA,2,1171,"RIO BRANCO, Acre, Brasil, FUNDAÇÃO DO BEM ESTAR SOCIAL DO ACRE - FUNBESA"
2024,RIO BRANCO,1,700,ESCOLA GLÓRIA PEREZ,7,3468,"RIO BRANCO, Acre, Brasil, ESCOLA GLÓRIA PEREZ"
2024,RIO BRANCO,1,716,SENAC,6,3522,"RIO BRANCO, Acre, Brasil, SENAC"
2024,RIO BRANCO,1,819,COLÉGIO MILITAR DOM PEDRO II,2,3840,"RIO BRANCO, Acre, Brasil, COLÉGIO MILITAR DOM PEDRO II"
2024,RIO BRANCO,9,128,ESCOLA MARIA RAIMUNDA BALBINO DA SILVA,18,1295,"RIO BRANCO, Acre, Brasil, ESCOLA MARIA RAIMUNDA BALBINO DA SILVA"
2024,RIO BRANCO,9,462,ESCOLA MARILDA GOUVEIA VIANA,8,1600,"RIO BRANCO, Acre, Brasil, ESCOLA MARILDA GOUVEIA VIANA"
2024,RIO BRANCO,9,395,UNIDADE DE SAÚDE DA FAMÍLIA PLATILDE OLIVEIRA DA SILVA,5,2321,"RIO BRANCO, Acre, Brasil, UNIDADE DE SAÚDE DA FAMÍLIA PLATILDE OLIVEIRA DA SILVA"
2024,RIO BRANCO,9,233,ESCOLA SERAFIM DA SILVA SALGADO,9,1090,"RIO BRANCO, Acre, Brasil, ESCOLA SERAFIM DA SILVA SALGADO"
2024,RIO BRANCO,9,175,ESCOLA PÚBLICA ALCIMAR LEITÃO,14,1147,"RIO BRANCO, Acre, Brasil, ESCOLA PÚBLICA ALCIMAR LEITÃO"
2024,RIO BRANCO,9,345,CRECHE MUNICIPAL JAIRO JUNIOR,2,2151,"RIO BRANCO, Acre, Brasil, CRECHE MUNICIPAL JAIRO JUNIOR"
2024,RIO BRANCO,9,307,ESCOLA ESTADUAL TEREZINHA KALUME,6,1961,"RIO BRANCO, Acre, Brasil, ESCOLA ESTADUAL TEREZINHA KALUME"
2024,RIO BRANCO,9,94,ESCOLA JOÃO PAULO I,9,1236,"RIO BRANCO, Acre, Brasil, ESCOLA JOÃO PAULO I"
2024,RIO BRANCO,9,332,ESCOLA DE ENSINO FUNDAMENTAL DO SERVIÇO SOCIAL DA INDÚSTRIA - SESI,7,2100,"RIO BRANCO, Acre, Brasil, ESCOLA DE ENSINO FUNDAMENTAL DO SERVIÇO SOCIAL DA INDÚSTRIA - SESI"
2024,RIO BRANCO,9,469,ESCOLA ISMAEL GOMES DE CARVALHO,2,2330,"RIO BRANCO, Acre, Brasil, ESCOLA ISMAEL GOMES DE CARVALHO"
2024,RIO BRANCO,9,292,FACULDADE UNINORTE,4,1899,"RIO BRANCO, Acre, Brasil, FACULDADE UNINORTE"
2024,RIO BRANCO,9,33,ESCOLA INFANTIL BEM-TE-VI,6,1449,"RIO BRANCO, Acre, Brasil, ESCOLA INFANTIL BEM-TE-VI"
2024,RIO BRANCO,9,422,IEPTEC - ANTIGO INSTITUTO FEDERAL DO ACRE - IFAC -  BAIXADA,6,1023,"RIO BRANCO, Acre, Brasil, IEPTEC - ANTIGO INSTITUTO FEDERAL DO ACRE - IFAC -  BAIXADA"
2024,RIO BRANCO,9,259,INSTITUTO FEDERAL DO ACRE (IFAC) - TRANSACREANA,6,1180,"RIO BRANCO, Acre, Brasil, INSTITUTO FEDERAL DO ACRE (IFAC) - TRANSACREANA"
2024,RIO BRANCO,9,403,FACULDADE UNINORTE,6,1899,"RIO BRANCO, Acre, Brasil, FACULDADE UNINORTE"
2024,RIO BRANCO,1,250,PREFEITURA MUNICIPAL DE RIO BRANCO,14,1090,"RIO BRANCO, Acre, Brasil, PREFEITURA MUNICIPAL DE RIO BRANCO"
2024,RIO BRANCO,1,669,ESCOLA  MOZART DONIZETE,8,3360,"RIO BRANCO, Acre, Brasil, ESCOLA  MOZART DONIZETE"
2024,RIO BRANCO,1,641,ESCOLA NEUTEL MAIA,7,3298,"RIO BRANCO, Acre, Brasil, ESCOLA NEUTEL MAIA"
2024,RIO BRANCO,9,20,COLÉGIO ALTERNATIVO,11,1422,"RIO BRANCO, Acre, Brasil, COLÉGIO ALTERNATIVO"
2024,RIO BRANCO,9,384,ESCOLA CHRIZARUBINA LEITÃO ABRAÃO,10,2283,"RIO BRANCO, Acre, Brasil, ESCOLA CHRIZARUBINA LEITÃO ABRAÃO"
2024,RIO BRANCO,1,569,ESCOLA CASTELO BRANCO,12,3255,"RIO BRANCO, Acre, Brasil, ESCOLA CASTELO BRANCO"
2024,RIO BRANCO,9,37,ESCOLA NATALINO DA SILVEIRA BRITO,12,1074,"RIO BRANCO, Acre, Brasil, ESCOLA NATALINO DA SILVEIRA BRITO"
2024,RIO BRANCO,1,161,INSTITUTO SAO JOSE,5,1473,"RIO BRANCO, Acre, Brasil, INSTITUTO SAO JOSE"
2024,RIO BRANCO,9,275,ESCOLA IRENE DANTAS DO NASCIMENTO,1,1970,"RIO BRANCO, Acre, Brasil, ESCOLA IRENE DANTAS DO NASCIMENTO"
2024,RIO BRANCO,1,691,ESCOLA MARIANA DA SILVA OLIVEIRA (ANTIGA NAZARÉ DOURADO),5,3441,"RIO BRANCO, Acre, Brasil, ESCOLA MARIANA DA SILVA OLIVEIRA (ANTIGA NAZARÉ DOURADO)"
2024,RIO BRANCO,9,64,ESCOLA PÚBLICA ADALBERTO SENA,6,1139,"RIO BRANCO, Acre, Brasil, ESCOLA PÚBLICA ADALBERTO SENA"
2024,RIO BRANCO,1,761,ESCOLA LUIZ DE CARVALHO FONTENELLE,3,3662,"RIO BRANCO, Acre, Brasil, ESCOLA LUIZ DE CARVALHO FONTENELLE"
2024,RIO BRANCO,1,249,ESCOLA DR. CARLOS VASCONCELOS,1,1236,"RIO BRANCO, Acre, Brasil, ESCOLA DR. CARLOS VASCONCELOS"
2024,RIO BRANCO,9,257,DETRAN (PRÉDIO INTEGRADO),12,1872,"RIO BRANCO, Acre, Brasil, DETRAN (PRÉDIO INTEGRADO)"
2024,RIO BRANCO,1,554,ESCOLA LOURIVAL PINHO,3,1643,"RIO BRANCO, Acre, Brasil, ESCOLA LOURIVAL PINHO"
2024,RIO BRANCO,1,436,ESCOLA GEORGETE ELUAN KALUME,11,1929,"RIO BRANCO, Acre, Brasil, ESCOLA GEORGETE ELUAN KALUME"
2024,RIO BRANCO,1,693,ESCOLA MARIANA DA SILVA OLIVEIRA (ANTIGA NAZARÉ DOURADO),10,3441,"RIO BRANCO, Acre, Brasil, ESCOLA MARIANA DA SILVA OLIVEIRA (ANTIGA NAZARÉ DOURADO)"
2024,RIO BRANCO,9,81,FUNDAÇÃO DO BEM ESTAR SOCIAL DO ACRE - FUNBESA,6,1171,"RIO BRANCO, Acre, Brasil, FUNDAÇÃO DO BEM ESTAR SOCIAL DO ACRE - FUNBESA"
2024,RIO BRANCO,9,152,FEDERAÇÃO DAS INDÚSTRIAS DO ESTADO DO ACRE - FIEAC,8,1376,"RIO BRANCO, Acre, Brasil, FEDERAÇÃO DAS INDÚSTRIAS DO ESTADO DO ACRE - FIEAC"
2024,RIO BRANCO,1,777,COLÉGIO LATO SENSU,12,3735,"RIO BRANCO, Acre, Brasil, COLÉGIO LATO SENSU"
2024,RIO BRANCO,1,76,ESCOLA PROF. MARILENA MANSOUR (ANTIGA IRACEMA GOMES PEREIRA),4,1260,"RIO BRANCO, Acre, Brasil, ESCOLA PROF. MARILENA MANSOUR (ANTIGA IRACEMA GOMES PEREIRA)"
2024,RIO BRANCO,9,326,ESCOLA MUNICIPAL INFANTIL FRANCISCA ARAGAO DA SILVA,3,2089,"RIO BRANCO, Acre, Brasil, ESCOLA MUNICIPAL INFANTIL FRANCISCA ARAGAO DA SILVA"
2024,RIO BRANCO,1,748,ESCOLA DOM GIOCONDO MARIA GROTTI,3,3638,"RIO BRANCO, Acre, Brasil, ESCOLA DOM GIOCONDO MARIA GROTTI"
2024,RIO BRANCO,9,176,UFAC - UNIVERSIDADE FEDERAL DO ACRE,7,1198,"RIO BRANCO, Acre, Brasil, UFAC - UNIVERSIDADE FEDERAL DO ACRE"
2024,RIO BRANCO,1,673,ESCOLA BERTA VIEIRA DE ANDRADE,5,3379,"RIO BRANCO, Acre, Brasil, ESCOLA BERTA VIEIRA DE ANDRADE"
2024,RIO BRANCO,1,709,ESCOLA HUMBERTO SOARES,4,3492,"RIO BRANCO, Acre, Brasil, ESCOLA HUMBERTO SOARES"
2024,RIO BRANCO,1,94,ESCOLA PROFESSOR JOSÉ RODRIGUES LEITE (ÉTICA),3,1317,"RIO BRANCO, Acre, Brasil, ESCOLA PROFESSOR JOSÉ RODRIGUES LEITE (ÉTICA)"
2024,RIO BRANCO,1,191,ESCOLA MENINO JESUS,12,1694,"RIO BRANCO, Acre, Brasil, ESCOLA MENINO JESUS"
2024,RIO BRANCO,1,808,"MINISTÉRIO DA AGRICULTURA, PECUÁRIA E ABASTECIMENTO - MAPA",2,3034,"RIO BRANCO, Acre, Brasil, MINISTÉRIO DA AGRICULTURA, PECUÁRIA E ABASTECIMENTO - MAPA"
2024,RIO BRANCO,9,19,ESCOLA FRANCISCO SALGADO FILHO,11,1031,"RIO BRANCO, Acre, Brasil, ESCOLA FRANCISCO SALGADO FILHO"
2024,RIO BRANCO,1,335,ESCOLA PROF. MARILENA MANSOUR (ANTIGA IRACEMA GOMES PEREIRA),3,1260,"RIO BRANCO, Acre, Brasil, ESCOLA PROF. MARILENA MANSOUR (ANTIGA IRACEMA GOMES PEREIRA)"
2024,RIO BRANCO,1,463,ESCOLA DUQUE DE CAXIAS,2,2720,"RIO BRANCO, Acre, Brasil, ESCOLA DUQUE DE CAXIAS"
2024,RIO BRANCO,9,161,ESCOLA JOÃO PAULO II,8,1252,"RIO BRANCO, Acre, Brasil, ESCOLA JOÃO PAULO II"
2024,RIO BRANCO,9,356,ESCOLA DOUTOR JOÃO AGUIAR,8,2186,"RIO BRANCO, Acre, Brasil, ESCOLA DOUTOR JOÃO AGUIAR"
2024,RIO BRANCO,9,32,CENTRO ESTADUAL DE ATENDIMENTO AO DEFICIENTE VISUAL,5,1457,"RIO BRANCO, Acre, Brasil, CENTRO ESTADUAL DE ATENDIMENTO AO DEFICIENTE VISUAL"
2024,RIO BRANCO,1,772,ESCOLA HUMBERTO SOARES,9,3492,"RIO BRANCO, Acre, Brasil, ESCOLA HUMBERTO SOARES"
2024,RIO BRANCO,1,785,INSTITUTO FEDERAL DO ACRE - IFAC,2,3751,"RIO BRANCO, Acre, Brasil, INSTITUTO FEDERAL DO ACRE - IFAC"
2024,RIO BRANCO,1,96,SERVICO SOCIAL DO COMERCIO (SESC CENTRO),2,1651,"RIO BRANCO, Acre, Brasil, SERVICO SOCIAL DO COMERCIO (SESC CENTRO)"
2024,RIO BRANCO,9,454,ESCOLA PÚBLICA ADALBERTO SENA,9,1139,"RIO BRANCO, Acre, Brasil, ESCOLA PÚBLICA ADALBERTO SENA"
2024,RIO BRANCO,1,205,ESCOLA RURAL CAPITÃO EDGARD CERQUEIRA FILHO,18,1783,"RIO BRANCO, Acre, Brasil, ESCOLA RURAL CAPITÃO EDGARD CERQUEIRA FILHO"
2024,RIO BRANCO,9,364,ESCOLA ESTADUAL PROFESSORA ELOZIRA DOS SANTOS TOMÉ,6,2216,"RIO BRANCO, Acre, Brasil, ESCOLA ESTADUAL PROFESSORA ELOZIRA DOS SANTOS TOMÉ"
2024,RIO BRANCO,1,643,ESCOLA ESTADUAL PROFESSOR RAIMUNDO BORGES,3,3301,"RIO BRANCO, Acre, Brasil, ESCOLA ESTADUAL PROFESSOR RAIMUNDO BORGES"
2024,RIO BRANCO,9,253,ESCOLA ARMANDO NOGUEIRA,7,1678,"RIO BRANCO, Acre, Brasil, ESCOLA ARMANDO NOGUEIRA"
2024,RIO BRANCO,1,559,ESCOLA GEORGETE ELUAN KALUME,14,1929,"RIO BRANCO, Acre, Brasil, ESCOLA GEORGETE ELUAN KALUME"
2024,RIO BRANCO,9,147,TRIBUNAL DE CONTAS DO ESTADO DO ACRE,5,1490,"RIO BRANCO, Acre, Brasil, TRIBUNAL DE CONTAS DO ESTADO DO ACRE"
2024,RIO BRANCO,9,446,FACULDADE UNINORTE,8,1899,"RIO BRANCO, Acre, Brasil, FACULDADE UNINORTE"
2024,RIO BRANCO,1,29,PREFEITURA MUNICIPAL DE RIO BRANCO,12,1090,"RIO BRANCO, Acre, Brasil, PREFEITURA MUNICIPAL DE RIO BRANCO"
2024,RIO BRANCO,9,93,ESCOLA JOÃO PAULO I,5,1236,"RIO BRANCO, Acre, Brasil, ESCOLA JOÃO PAULO I"
2024,RIO BRANCO,9,205,ESCOLA PÚBLICA ADALBERTO SENA,11,1139,"RIO BRANCO, Acre, Brasil, ESCOLA PÚBLICA ADALBERTO SENA"
2024,RIO BRANCO,9,150,COLÉGIO ALTERNATIVO,19,1422,"RIO BRANCO, Acre, Brasil, COLÉGIO ALTERNATIVO"
2024,RIO BRANCO,9,451,ESCOLA LUIZA BATISTA DE SOUZA,10,1066,"RIO BRANCO, Acre, Brasil, ESCOLA LUIZA BATISTA DE SOUZA"
2024,RIO BRANCO,9,100,ESCOLA JOÃO PAULO II,5,1252,"RIO BRANCO, Acre, Brasil, ESCOLA JOÃO PAULO II"
2024,RIO BRANCO,9,209,ESCOLA ALMADA BRITO,5,1724,"RIO BRANCO, Acre, Brasil, ESCOLA ALMADA BRITO"
2024,RIO BRANCO,9,250,ESCOLA TANCREDO NEVES,9,1104,"RIO BRANCO, Acre, Brasil, ESCOLA TANCREDO NEVES"
2024,RIO BRANCO,9,24,ESCOLA FRANCISCO AUGUSTO BACURAU,10,1384,"RIO BRANCO, Acre, Brasil, ESCOLA FRANCISCO AUGUSTO BACURAU"
2024,RIO BRANCO,9,260,ESCOLA GOVERNADOR JOSÉ AUGUSTO,9,1732,"RIO BRANCO, Acre, Brasil, ESCOLA GOVERNADOR JOSÉ AUGUSTO"
2024,RIO BRANCO,1,273,CENTRO DE EDUCAÇÃO DE JOVENS E ADULTOS - CEJA CENTRO,7,1074,"RIO BRANCO, Acre, Brasil, CENTRO DE EDUCAÇÃO DE JOVENS E ADULTOS - CEJA CENTRO"
2024,RIO BRANCO,1,462,ESCOLA CLARISSE FECURY,9,3174,"RIO BRANCO, Acre, Brasil, ESCOLA CLARISSE FECURY"
2024,RIO BRANCO,1,8,COLÉGIO ESTADUAL BARÃO DO RIO BRANCO,12,1031,"RIO BRANCO, Acre, Brasil, COLÉGIO ESTADUAL BARÃO DO RIO BRANCO"
2024,RIO BRANCO,1,460,ESCOLA PAULO FREIRE,4,2542,"RIO BRANCO, Acre, Brasil, ESCOLA PAULO FREIRE"
2024,RIO BRANCO,9,339,ESCOLA PROFESSOR PEDRO MARTINELLO,1,2127,"RIO BRANCO, Acre, Brasil, ESCOLA PROFESSOR PEDRO MARTINELLO"
2024,RIO BRANCO,9,111,ESCOLA RURAL PROF. CLAUDIO AUGUSTO F. DE SALES,2,1309,"RIO BRANCO, Acre, Brasil, ESCOLA RURAL PROF. CLAUDIO AUGUSTO F. DE SALES"
2024,RIO BRANCO,1,845,MINISTÉRIO PÚBLICO DO TRABALHO - MPT,10,3875,"RIO BRANCO, Acre, Brasil, MINISTÉRIO PÚBLICO DO TRABALHO - MPT"
2024,RIO BRANCO,9,396,ESCOLA ISMAEL GOMES DE CARVALHO,5,2330,"RIO BRANCO, Acre, Brasil, ESCOLA ISMAEL GOMES DE CARVALHO"
2024,RIO BRANCO,1,204,ESCOLA RURAL CAPITÃO EDGARD CERQUEIRA FILHO,10,1783,"RIO BRANCO, Acre, Brasil, ESCOLA RURAL CAPITÃO EDGARD CERQUEIRA FILHO"
2024,RIO BRANCO,1,574,UNIDADE DE SAÚDE FRANCISCO RONEY MEIRELES,9,3263,"RIO BRANCO, Acre, Brasil, UNIDADE DE SAÚDE FRANCISCO RONEY MEIRELES"
2024,RIO BRANCO,9,66,ESCOLA PÚBLICA ADALBERTO SENA,13,1139,"RIO BRANCO, Acre, Brasil, ESCOLA PÚBLICA ADALBERTO SENA"
2024,RIO BRANCO,1,532,ESCOLA GEORGETE ELUAN KALUME,7,1929,"RIO BRANCO, Acre, Brasil, ESCOLA GEORGETE ELUAN KALUME"
2024,RIO BRANCO,1,646,ESCOLA SAMUEL BARREIRA,5,3310,"RIO BRANCO, Acre, Brasil, ESCOLA SAMUEL BARREIRA"
2024,RIO BRANCO,1,130,ESCOLA ANITA GARIBALDI,4,1384,"RIO BRANCO, Acre, Brasil, ESCOLA ANITA GARIBALDI"
2024,RIO BRANCO,1,774,COLÉGIO LATO SENSU,12,3735,"RIO BRANCO, Acre, Brasil, COLÉGIO LATO SENSU"
2024,RIO BRANCO,9,247,ESCOLA TANCREDO NEVES,3,1104,"RIO BRANCO, Acre, Brasil, ESCOLA TANCREDO NEVES"
2024,RIO BRANCO,9,90,ESCOLA SHEILA MARIA NASSERALA,7,1210,"RIO BRANCO, Acre, Brasil, ESCOLA SHEILA MARIA NASSERALA"
2024,RIO BRANCO,1,488,ESCOLA MAURICILA SANTANA,4,2780,"RIO BRANCO, Acre, Brasil, ESCOLA MAURICILA SANTANA"
2024,RIO BRANCO,1,555,ESCOLA PROFESSOR JOSUÉ FERNANDES,1,2712,"RIO BRANCO, Acre, Brasil, ESCOLA PROFESSOR JOSUÉ FERNANDES"
2024,RIO BRANCO,9,86,UFAC - UNIVERSIDADE FEDERAL DO ACRE,11,1198,"RIO BRANCO, Acre, Brasil, UFAC - UNIVERSIDADE FEDERAL DO ACRE"
2024,RIO BRANCO,9,199,ESCOLA FRANCISCO AUGUSTO BACURAU,9,1384,"RIO BRANCO, Acre, Brasil, ESCOLA FRANCISCO AUGUSTO BACURAU"
2024,RIO BRANCO,1,739,ESCOLA VOVO MOCINHA,4,3590,"RIO BRANCO, Acre, Brasil, ESCOLA VOVO MOCINHA"
2024,RIO BRANCO,1,9,INSTITUTO BRASILEIRO DE GEOGRAFIA E ESTATISTICA - IBGE,6,1058,"RIO BRANCO, Acre, Brasil, INSTITUTO BRASILEIRO DE GEOGRAFIA E ESTATISTICA - IBGE"
2024,RIO BRANCO,9,48,CONAB - COMPANHIA NACIONAL DE ABASTECIMENTO,11,2259,"RIO BRANCO, Acre, Brasil, CONAB - COMPANHIA NACIONAL DE ABASTECIMENTO"
2024,RIO BRANCO,1,793,ESCOLA RURAL RUY AZEVEDO,1,2852,"RIO BRANCO, Acre, Brasil, ESCOLA RURAL RUY AZEVEDO"
2024,RIO BRANCO,9,240,CRAS SOBRAL - CENTRO DE REFERENCIA DE ASSISTENCIA SOCIAL,5,1830,"RIO BRANCO, Acre, Brasil, CRAS SOBRAL - CENTRO DE REFERENCIA DE ASSISTENCIA SOCIAL"
2024,RIO BRANCO,1,194,FORUM BARAO DO RIO BRANCO,6,1708,"RIO BRANCO, Acre, Brasil, FORUM BARAO DO RIO BRANCO"
2024,RIO BRANCO,1,665,ESCOLA  MOZART DONIZETE,4,3360,"RIO BRANCO, Acre, Brasil, ESCOLA  MOZART DONIZETE"
2024,RIO BRANCO,9,232,ESCOLA ACREANA DE MÚSICA (ANT CENTRO CULTURAL),5,1767,"RIO BRANCO, Acre, Brasil, ESCOLA ACREANA DE MÚSICA (ANT CENTRO CULTURAL)"
2024,RIO BRANCO,1,543,ESCOLA PROF. SEBASTIÃO PEDROSA (ARENA DA FLORESTA),3,2550,"RIO BRANCO, Acre, Brasil, ESCOLA PROF. SEBASTIÃO PEDROSA (ARENA DA FLORESTA)"
2024,RIO BRANCO,1,685,ESCOLA LINDAURA MARTINS LEITÃO,7,3425,"RIO BRANCO, Acre, Brasil, ESCOLA LINDAURA MARTINS LEITÃO"
2024,RIO BRANCO,1,660,ESCOLA PROFESSORA CLÍCIA GADELHA,8,3344,"RIO BRANCO, Acre, Brasil, ESCOLA PROFESSORA CLÍCIA GADELHA"
2024,RIO BRANCO,1,663,ESCOLA JORGE FELIX LAVOCAT,10,3352,"RIO BRANCO, Acre, Brasil, ESCOLA JORGE FELIX LAVOCAT"
2024,RIO BRANCO,1,280,INSTITUTO DO MEIO AMBIENTE DO ACRE-IMAC,15,1988,"RIO BRANCO, Acre, Brasil, INSTITUTO DO MEIO AMBIENTE DO ACRE-IMAC"
2024,RIO BRANCO,9,173,ESCOLA ALMADA BRITO,6,1724,"RIO BRANCO, Acre, Brasil, ESCOLA ALMADA BRITO"
2024,RIO BRANCO,9,194,ESCOLA GOVERNADOR JOSÉ AUGUSTO,10,1732,"RIO BRANCO, Acre, Brasil, ESCOLA GOVERNADOR JOSÉ AUGUSTO"
2024,RIO BRANCO,9,214,ESCOLA CLÍNIO BRANDÃO,6,1244,"RIO BRANCO, Acre, Brasil, ESCOLA CLÍNIO BRANDÃO"
2024,RIO BRANCO,9,312,ESCOLA MARINA VICENTE GOMES,4,2046,"RIO BRANCO, Acre, Brasil, ESCOLA MARINA VICENTE GOMES"
2024,RIO BRANCO,9,123,ESCOLA MARILDA GOUVEIA VIANA,5,1600,"RIO BRANCO, Acre, Brasil, ESCOLA MARILDA GOUVEIA VIANA"
2024,RIO BRANCO,1,811,ESCOLA LOURIVAL PINHO,2,1643,"RIO BRANCO, Acre, Brasil, ESCOLA LOURIVAL PINHO"
2024,RIO BRANCO,9,269,ESCOLA BOA UNIÃO,4,1740,"RIO BRANCO, Acre, Brasil, ESCOLA BOA UNIÃO"
2024,RIO BRANCO,1,476,SEST/SENAT,7,2690,"RIO BRANCO, Acre, Brasil, SEST/SENAT"
2024,RIO BRANCO,9,92,CEMEAC - CENTRO DE MÍDIAS EDU. DO ACRE (ANT. ESCOLA DARCY VARGAS),16,1228,"RIO BRANCO, Acre, Brasil, CEMEAC - CENTRO DE MÍDIAS EDU. DO ACRE (ANT. ESCOLA DARCY VARGAS)"
2024,RIO BRANCO,1,90,ESCOLA ANA TURAM MACHADO FALCAO,3,2402,"RIO BRANCO, Acre, Brasil, ESCOLA ANA TURAM MACHADO FALCAO"
2024,RIO BRANCO,1,308,MUSEU DOS POVOS ACREANOS,1,2100,"RIO BRANCO, Acre, Brasil, MUSEU DOS POVOS ACREANOS"
2024,RIO BRANCO,1,521,ESCOLA MARIA IZALIZ CORREIA TEIXEIRA,2,2917,"RIO BRANCO, Acre, Brasil, ESCOLA MARIA IZALIZ CORREIA TEIXEIRA"
2024,RIO BRANCO,1,825,ESCOLA JOSE CHALUB LEITE,5,2577,"RIO BRANCO, Acre, Brasil, ESCOLA JOSE CHALUB LEITE"
2024,RIO BRANCO,9,155,INSTITUTO SENAI DE TECNOLOGIA MADEIRA E MÓVEL,3,1554,"RIO BRANCO, Acre, Brasil, INSTITUTO SENAI DE TECNOLOGIA MADEIRA E MÓVEL"
2024,RIO BRANCO,1,744,ESCOLA HUMBERTO SOARES,10,3492,"RIO BRANCO, Acre, Brasil, ESCOLA HUMBERTO SOARES"
2024,RIO BRANCO,9,278,ESCOLA ARACY CERQUEIRA,3,1694,"RIO BRANCO, Acre, Brasil, ESCOLA ARACY CERQUEIRA"
2024,RIO BRANCO,1,37,COLEGIO ACREANO,9,1139,"RIO BRANCO, Acre, Brasil, COLEGIO ACREANO"
2024,RIO BRANCO,1,750,COHAB-ACRE,3,3646,"RIO BRANCO, Acre, Brasil, COHAB-ACRE"
2024,RIO BRANCO,1,160,INSTITUTO SAO JOSE,5,1473,"RIO BRANCO, Acre, Brasil, INSTITUTO SAO JOSE"
2024,RIO BRANCO,9,380,ESCOLA ESTADUAL DJALMA TELES GALDINO,2,2275,"RIO BRANCO, Acre, Brasil, ESCOLA ESTADUAL DJALMA TELES GALDINO"
2024,RIO BRANCO,1,573,UNIDADE DE SAÚDE FRANCISCO RONEY MEIRELES,9,3263,"RIO BRANCO, Acre, Brasil, UNIDADE DE SAÚDE FRANCISCO RONEY MEIRELES"
2024,RIO BRANCO,1,170,CONSELHO REGIONAL DE ENFERMAGEM - COREN,7,1554,"RIO BRANCO, Acre, Brasil, CONSELHO REGIONAL DE ENFERMAGEM - COREN"
2024,RIO BRANCO,9,181,ESCOLA ACREANA DE MÚSICA (ANT CENTRO CULTURAL),8,1767,"RIO BRANCO, Acre, Brasil, ESCOLA ACREANA DE MÚSICA (ANT CENTRO CULTURAL)"
2024,RIO BRANCO,1,497,IDAF - VILA ACRE,6,2810,"RIO BRANCO, Acre, Brasil, IDAF - VILA ACRE"
2024,RIO BRANCO,9,165,ESCOLA HENRIQUE LIMA,8,1201,"RIO BRANCO, Acre, Brasil, ESCOLA HENRIQUE LIMA"
2024,RIO BRANCO,9,352,ESCOLA MUNICIPAL JESSÉ SANTIAGO,3,2178,"RIO BRANCO, Acre, Brasil, ESCOLA MUNICIPAL JESSÉ SANTIAGO"
2024,RIO BRANCO,1,743,SECRETARIA DE ESTADO DE PLANEJAMENTO E GESTÃO (SEPLAG - ANTIGA SDA),9,3476,"RIO BRANCO, Acre, Brasil, SECRETARIA DE ESTADO DE PLANEJAMENTO E GESTÃO (SEPLAG - ANTIGA SDA)"
2024,RIO BRANCO,1,710,ESCOLA THEODOLINA FALCAO MACEDO,5,3506,"RIO BRANCO, Acre, Brasil, ESCOLA THEODOLINA FALCAO MACEDO"
2024,RIO BRANCO,1,826,ESCOLA PADRE CARLOS CASAVECCHIA,3,3743,"RIO BRANCO, Acre, Brasil, ESCOLA PADRE CARLOS CASAVECCHIA"
2024,RIO BRANCO,9,443,ESCOLA ESTADUAL TEREZINHA KALUME,9,1961,"RIO BRANCO, Acre, Brasil, ESCOLA ESTADUAL TEREZINHA KALUME"
2024,RIO BRANCO,1,151,OCA RIO BRANCO,8,1066,"RIO BRANCO, Acre, Brasil, OCA RIO BRANCO"
2024,RIO BRANCO,1,531,"MINISTÉRIO DA AGRICULTURA, PECUÁRIA E ABASTECIMENTO - MAPA",3,3034,"RIO BRANCO, Acre, Brasil, MINISTÉRIO DA AGRICULTURA, PECUÁRIA E ABASTECIMENTO - MAPA"
2024,RIO BRANCO,1,680,INSTITUTO DE EDUCACAO LOURENCO FILHO,8,3581,"RIO BRANCO, Acre, Brasil, INSTITUTO DE EDUCACAO LOURENCO FILHO"
2024,RIO BRANCO,9,457,ESCOLA MÁRIO LOBÃO,4,2194,"RIO BRANCO, Acre, Brasil, ESCOLA MÁRIO LOBÃO"
2024,RIO BRANCO,1,736,ESCOLA VOVO MOCINHA,8,3590,"RIO BRANCO, Acre, Brasil, ESCOLA VOVO MOCINHA"
2024,RIO BRANCO,9,368,ESCOLA EUFROSINA SILVA OLIVEIRA,3,2224,"RIO BRANCO, Acre, Brasil, ESCOLA EUFROSINA SILVA OLIVEIRA"
2024,RIO BRANCO,9,215,TRIBUNAL DE CONTAS DO ESTADO DO ACRE,13,1490,"RIO BRANCO, Acre, Brasil, TRIBUNAL DE CONTAS DO ESTADO DO ACRE"
2024,RIO BRANCO,9,116,ESCOLA PÚBLICA HELOÍSA MOURÃO MARQUES,3,1015,"RIO BRANCO, Acre, Brasil, ESCOLA PÚBLICA HELOÍSA MOURÃO MARQUES"
2024,RIO BRANCO,1,558,ESCOLA PROF. SEBASTIÃO PEDROSA (ARENA DA FLORESTA),3,2550,"RIO BRANCO, Acre, Brasil, ESCOLA PROF. SEBASTIÃO PEDROSA (ARENA DA FLORESTA)"
2024,RIO BRANCO,9,391,ESCOLA AME (ASSOCIAÇÃO MODERNA DE ENSINO),10,2313,"RIO BRANCO, Acre, Brasil, ESCOLA AME (ASSOCIAÇÃO MODERNA DE ENSINO)"
2024,RIO BRANCO,1,849,ESCOLA PADRE CARLOS CASAVECCHIA,6,3743,"RIO BRANCO, Acre, Brasil, ESCOLA PADRE CARLOS CASAVECCHIA"
2024,RIO BRANCO,1,705,ESCOLA SAMUEL BARREIRA,17,3310,"RIO BRANCO, Acre, Brasil, ESCOLA SAMUEL BARREIRA"
2024,RIO BRANCO,9,207,COLÉGIO ALTERNATIVO,14,1422,"RIO BRANCO, Acre, Brasil, COLÉGIO ALTERNATIVO"
2024,RIO BRANCO,9,121,IEPTEC - ANTIGO INSTITUTO FEDERAL DO ACRE - IFAC -  BAIXADA,9,1023,"RIO BRANCO, Acre, Brasil, IEPTEC - ANTIGO INSTITUTO FEDERAL DO ACRE - IFAC -  BAIXADA"
2024,RIO BRANCO,1,553,IDAF - VILA ACRE,3,2810,"RIO BRANCO, Acre, Brasil, IDAF - VILA ACRE"
2024,RIO BRANCO,1,814,ESCOLA FREI ANDRÉ MARIA FICARELLI,2,3778,"RIO BRANCO, Acre, Brasil, ESCOLA FREI ANDRÉ MARIA FICARELLI"
2024,RIO BRANCO,1,470,ESCOLA ESTADUAL PROFESSORA TEREZINHA MIGUÉIS,4,1295,"RIO BRANCO, Acre, Brasil, ESCOLA ESTADUAL PROFESSORA TEREZINHA MIGUÉIS"
2024,RIO BRANCO,9,317,ESCOLA DE EDUCAÇÃO INFANTIL FREI PELEGRINO,6,1716,"RIO BRANCO, Acre, Brasil, ESCOLA DE EDUCAÇÃO INFANTIL FREI PELEGRINO"
2024,RIO BRANCO,1,168,SECRETARIA DE ESTADO DE SAÚDE - SESACRE,14,1546,"RIO BRANCO, Acre, Brasil, SECRETARIA DE ESTADO DE SAÚDE - SESACRE"
2024,RIO BRANCO,1,440,ESCOLA ZULEIDE PEREIRA DE SOUZA,2,1996,"RIO BRANCO, Acre, Brasil, ESCOLA ZULEIDE PEREIRA DE SOUZA"
2024,RIO BRANCO,1,510,ESCOLA SANTA MARIA II,4,2801,"RIO BRANCO, Acre, Brasil, ESCOLA SANTA MARIA II"
2024,RIO BRANCO,1,461,ESCOLA ROBERTO SANCHES MUBARAC,5,1872,"RIO BRANCO, Acre, Brasil, ESCOLA ROBERTO SANCHES MUBARAC"
2024,RIO BRANCO,9,458,COLÉGIO META III,9,1520,"RIO BRANCO, Acre, Brasil, COLÉGIO META III"
2024,RIO BRANCO,9,290,ESCOLA FREI THIAGO MARIA MATIOLI,3,1627,"RIO BRANCO, Acre, Brasil, ESCOLA FREI THIAGO MARIA MATIOLI"
2024,RIO BRANCO,9,112,ESCOLA MUN PROF TEREZINHA MIGUÉIS (PROJ. FIGUEIRA - INCRA),7,1317,"RIO BRANCO, Acre, Brasil, ESCOLA MUN PROF TEREZINHA MIGUÉIS (PROJ. FIGUEIRA - INCRA)"
2024,RIO BRANCO,1,491,SEST/SENAT,4,2690,"RIO BRANCO, Acre, Brasil, SEST/SENAT"
2024,RIO BRANCO,1,525,ESCOLA DE EDUCAÇÃO INFANTIL WILLY VIANA DAS NEVES,3,2984,"RIO BRANCO, Acre, Brasil, ESCOLA DE EDUCAÇÃO INFANTIL WILLY VIANA DAS NEVES"
2024,RIO BRANCO,1,769,ESCOLA DR. MARIO DE OLIVEIRA,12,3700,"RIO BRANCO, Acre, Brasil, ESCOLA DR. MARIO DE OLIVEIRA"
2024,RIO BRANCO,9,363,ESCOLA ESTADUAL PROFESSORA ELOZIRA DOS SANTOS TOMÉ,1,2216,"RIO BRANCO, Acre, Brasil, ESCOLA ESTADUAL PROFESSORA ELOZIRA DOS SANTOS TOMÉ"
2024,RIO BRANCO,9,29,TRIBUNAL DE CONTAS DO ESTADO DO ACRE,10,1490,"RIO BRANCO, Acre, Brasil, TRIBUNAL DE CONTAS DO ESTADO DO ACRE"
2024,RIO BRANCO,1,172,PALACIO DAS SECRETARIAS,8,1490,"RIO BRANCO, Acre, Brasil, PALACIO DAS SECRETARIAS"
2024,RIO BRANCO,1,822,ESCOLA LINDAURA MARTINS LEITÃO,9,3425,"RIO BRANCO, Acre, Brasil, ESCOLA LINDAURA MARTINS LEITÃO"
2024,RIO BRANCO,1,833,ESCOLA MUNICIPAL BOA UNIÃO,3,3816,"RIO BRANCO, Acre, Brasil, ESCOLA MUNICIPAL BOA UNIÃO"
2024,RIO BRANCO,1,787,INSTITUTO FEDERAL DO ACRE - IFAC,3,3751,"RIO BRANCO, Acre, Brasil, INSTITUTO FEDERAL DO ACRE - IFAC"
2024,RIO BRANCO,9,182,ESCOLA MUN PROF TEREZINHA MIGUÉIS (PROJ. FIGUEIRA - INCRA),4,1317,"RIO BRANCO, Acre, Brasil, ESCOLA MUN PROF TEREZINHA MIGUÉIS (PROJ. FIGUEIRA - INCRA)"
2024,RIO BRANCO,9,142,ESCOLA MARILDA GOUVEIA VIANA,13,1600,"RIO BRANCO, Acre, Brasil, ESCOLA MARILDA GOUVEIA VIANA"
2024,RIO BRANCO,1,34,INSTITUTO DO MEIO AMBIENTE DO ACRE-IMAC,10,1988,"RIO BRANCO, Acre, Brasil, INSTITUTO DO MEIO AMBIENTE DO ACRE-IMAC"
2024,RIO BRANCO,9,39,SEAGRI/CAGEACRE,11,1155,"RIO BRANCO, Acre, Brasil, SEAGRI/CAGEACRE"
2024,RIO BRANCO,9,159,ESCOLA TANCREDO NEVES,5,1104,"RIO BRANCO, Acre, Brasil, ESCOLA TANCREDO NEVES"
2024,RIO BRANCO,1,765,PROCURADORIA GERAL DO ESTADO DO ACRE - PGE/AC,7,3697,"RIO BRANCO, Acre, Brasil, PROCURADORIA GERAL DO ESTADO DO ACRE - PGE/AC"
2024,RIO BRANCO,1,474,ESCOLA CLARISSE FECURY,6,3174,"RIO BRANCO, Acre, Brasil, ESCOLA CLARISSE FECURY"
2024,RIO BRANCO,1,810,ESCOLA PROFESSOR JOSUÉ FERNANDES,4,2712,"RIO BRANCO, Acre, Brasil, ESCOLA PROFESSOR JOSUÉ FERNANDES"
2024,RIO BRANCO,9,359,ESCOLA MUNICIPAL ANICE DIB JATENE,3,2208,"RIO BRANCO, Acre, Brasil, ESCOLA MUNICIPAL ANICE DIB JATENE"
2024,RIO BRANCO,1,185,SERVICO SOCIAL DO COMERCIO (SESC CENTRO),9,1651,"RIO BRANCO, Acre, Brasil, SERVICO SOCIAL DO COMERCIO (SESC CENTRO)"
2024,RIO BRANCO,1,5,COLÉGIO ESTADUAL BARÃO DO RIO BRANCO,8,1031,"RIO BRANCO, Acre, Brasil, COLÉGIO ESTADUAL BARÃO DO RIO BRANCO"
2024,RIO BRANCO,9,76,ESCOLA PÚBLICA ÁUREA PIRES,6,1163,"RIO BRANCO, Acre, Brasil, ESCOLA PÚBLICA ÁUREA PIRES"
2024,RIO BRANCO,1,706,ESCOLA HUMBERTO SOARES,6,3492,"RIO BRANCO, Acre, Brasil, ESCOLA HUMBERTO SOARES"
2024,RIO BRANCO,9,261,ESCOLA ESTADUAL EDILSON FAÇANHA,3,1937,"RIO BRANCO, Acre, Brasil, ESCOLA ESTADUAL EDILSON FAÇANHA"
2024,RIO BRANCO,9,72,SEAGRI/CAGEACRE,8,1155,"RIO BRANCO, Acre, Brasil, SEAGRI/CAGEACRE"
2024,RIO BRANCO,1,756,ESCOLA LUIZ DE CARVALHO FONTENELLE,8,3662,"RIO BRANCO, Acre, Brasil, ESCOLA LUIZ DE CARVALHO FONTENELLE"
2024,RIO BRANCO,9,65,ESCOLA PÚBLICA ADALBERTO SENA,16,1139,"RIO BRANCO, Acre, Brasil, ESCOLA PÚBLICA ADALBERTO SENA"
2024,RIO BRANCO,1,806,ESCOLA PIMENTEL GOMES,6,3336,"RIO BRANCO, Acre, Brasil, ESCOLA PIMENTEL GOMES"
2024,RIO BRANCO,9,341,ESCOLA PROFESSORA IONE PORTELA DA COSTA CASAS,3,2135,"RIO BRANCO, Acre, Brasil, ESCOLA PROFESSORA IONE PORTELA DA COSTA CASAS"
2024,RIO BRANCO,9,328,ESCOLA JOELMA OLIVEIRA DE LIMA,4,2097,"RIO BRANCO, Acre, Brasil, ESCOLA JOELMA OLIVEIRA DE LIMA"
2024,RIO BRANCO,9,164,COLÉGIO ALTERNATIVO,7,1422,"RIO BRANCO, Acre, Brasil, COLÉGIO ALTERNATIVO"
2024,RIO BRANCO,1,759,ESCOLA LUIZ DE CARVALHO FONTENELLE,3,3662,"RIO BRANCO, Acre, Brasil, ESCOLA LUIZ DE CARVALHO FONTENELLE"
2024,RIO BRANCO,1,520,CONTROLADORIA GERAL DA UNIÃO - CGU,10,2909,"RIO BRANCO, Acre, Brasil, CONTROLADORIA GERAL DA UNIÃO - CGU"
2024,RIO BRANCO,9,30,ESCOLA LUIZA BATISTA DE SOUZA,5,1066,"RIO BRANCO, Acre, Brasil, ESCOLA LUIZA BATISTA DE SOUZA"
2024,RIO BRANCO,9,246,ESCOLA PÚBLICA RAIMUNDO GOMES DE OLIVEIRA,12,1333,"RIO BRANCO, Acre, Brasil, ESCOLA PÚBLICA RAIMUNDO GOMES DE OLIVEIRA"
2024,RIO BRANCO,1,549,ESCOLA BELO JARDIM,5,2798,"RIO BRANCO, Acre, Brasil, ESCOLA BELO JARDIM"
2024,RIO BRANCO,1,95,SERVICO SOCIAL DO COMERCIO (SESC CENTRO),5,1651,"RIO BRANCO, Acre, Brasil, SERVICO SOCIAL DO COMERCIO (SESC CENTRO)"
2024,RIO BRANCO,1,456,ESCOLA SANTO ANTONIO II,7,2666,"RIO BRANCO, Acre, Brasil, ESCOLA SANTO ANTONIO II"
2024,RIO BRANCO,1,714,FEDERAÇÃO DO COMÉRCIO - FECOMÉRCIO/AC,13,3514,"RIO BRANCO, Acre, Brasil, FEDERAÇÃO DO COMÉRCIO - FECOMÉRCIO/AC"
2024,RIO BRANCO,1,176,SECRETARIA DE ESTADO DE EDUCAÇÃO (ANTIGO SEBRAE),5,1600,"RIO BRANCO, Acre, Brasil, SECRETARIA DE ESTADO DE EDUCAÇÃO (ANTIGO SEBRAE)"
2024,RIO BRANCO,9,74,IBAMA,13,1562,"RIO BRANCO, Acre, Brasil, IBAMA"
2024,RIO BRANCO,9,133,ESCOLA MUNICIPAL ANGELINA GONÇALVES DE SOUZA,8,1040,"RIO BRANCO, Acre, Brasil, ESCOLA MUNICIPAL ANGELINA GONÇALVES DE SOUZA"
2024,RIO BRANCO,1,807,PROCURADORIA GERAL DO ESTADO DO ACRE - PGE/AC,6,3697,"RIO BRANCO, Acre, Brasil, PROCURADORIA GERAL DO ESTADO DO ACRE - PGE/AC"
2024,RIO BRANCO,1,443,ESCOLA OSCAR FELICIO DE SOUZA,9,2534,"RIO BRANCO, Acre, Brasil, ESCOLA OSCAR FELICIO DE SOUZA"
2024,RIO BRANCO,9,105,ESCOLA FREI THIAGO MARIA MATIOLI,6,1627,"RIO BRANCO, Acre, Brasil, ESCOLA FREI THIAGO MARIA MATIOLI"
2024,RIO BRANCO,1,692,ESCOLA MARIANA DA SILVA OLIVEIRA (ANTIGA NAZARÉ DOURADO),8,3441,"RIO BRANCO, Acre, Brasil, ESCOLA MARIANA DA SILVA OLIVEIRA (ANTIGA NAZARÉ DOURADO)"
2024,RIO BRANCO,9,303,IEPTEC - ANTIGO INSTITUTO FEDERAL DO ACRE - IFAC -  BAIXADA,4,1023,"RIO BRANCO, Acre, Brasil, IEPTEC - ANTIGO INSTITUTO FEDERAL DO ACRE - IFAC -  BAIXADA"
2024,RIO BRANCO,1,467,SENAI,15,2054,"RIO BRANCO, Acre, Brasil, SENAI"
2024,RIO BRANCO,9,382,ESCOLA ESTADUAL DJALMA TELES GALDINO,2,2275,"RIO BRANCO, Acre, Brasil, ESCOLA ESTADUAL DJALMA TELES GALDINO"
2024,RIO BRANCO,9,431,ESCOLA ILSON RIBEIRO,3,2054,"RIO BRANCO, Acre, Brasil, ESCOLA ILSON RIBEIRO"
2024,RIO BRANCO,1,183,ESCOLA LOURIVAL PINHO,5,1643,"RIO BRANCO, Acre, Brasil, ESCOLA LOURIVAL PINHO"
2024,RIO BRANCO,1,62,ESCOLA DR. CARLOS VASCONCELOS,3,1236,"RIO BRANCO, Acre, Brasil, ESCOLA DR. CARLOS VASCONCELOS"
2024,RIO BRANCO,9,296,DETRAN (PRÉDIO INTEGRADO),8,1872,"RIO BRANCO, Acre, Brasil, DETRAN (PRÉDIO INTEGRADO)"
2024,RIO BRANCO,9,277,ESCOLA BOA UNIÃO,2,1740,"RIO BRANCO, Acre, Brasil, ESCOLA BOA UNIÃO"
2024,RIO BRANCO,9,57,ESCOLA TANCREDO NEVES,8,1104,"RIO BRANCO, Acre, Brasil, ESCOLA TANCREDO NEVES"
2024,RIO BRANCO,1,823,ESCOLA ANTONIA FERNANDES DE FREITAS,5,2470,"RIO BRANCO, Acre, Brasil, ESCOLA ANTONIA FERNANDES DE FREITAS"
2024,RIO BRANCO,9,421,ESCOLA ESTADUAL EDILSON FAÇANHA,1,1937,"RIO BRANCO, Acre, Brasil, ESCOLA ESTADUAL EDILSON FAÇANHA"
2024,RIO BRANCO,9,139,ESCOLA FLAVIANO FLÁVIO BAPTISTA,8,1635,"RIO BRANCO, Acre, Brasil, ESCOLA FLAVIANO FLÁVIO BAPTISTA"
2024,RIO BRANCO,9,195,ESCOLA JOSÉ RIBAMAR BATISTA,6,1570,"RIO BRANCO, Acre, Brasil, ESCOLA JOSÉ RIBAMAR BATISTA"
2024,RIO BRANCO,1,501,ESCOLA GEORGETE ELUAN KALUME,9,1929,"RIO BRANCO, Acre, Brasil, ESCOLA GEORGETE ELUAN KALUME"
2024,RIO BRANCO,9,235,ESCOLA HENRIQUE LIMA,4,1201,"RIO BRANCO, Acre, Brasil, ESCOLA HENRIQUE LIMA"
2024,RIO BRANCO,1,65,ESCOLA DR. CARLOS VASCONCELOS,2,1236,"RIO BRANCO, Acre, Brasil, ESCOLA DR. CARLOS VASCONCELOS"
2024,RIO BRANCO,9,148,ESCOLA INFANTIL BEM-TE-VI,12,1449,"RIO BRANCO, Acre, Brasil, ESCOLA INFANTIL BEM-TE-VI"
2024,RIO BRANCO,9,79,IEPTEC - ANTIGO INSTITUTO FEDERAL DO ACRE - IFAC -  BAIXADA,12,1023,"RIO BRANCO, Acre, Brasil, IEPTEC - ANTIGO INSTITUTO FEDERAL DO ACRE - IFAC -  BAIXADA"
2024,RIO BRANCO,9,51,ESCOLA SERAFIM DA SILVA SALGADO,7,1090,"RIO BRANCO, Acre, Brasil, ESCOLA SERAFIM DA SILVA SALGADO"
2024,RIO BRANCO,9,293,INSTITUTO SENAI DE TECNOLOGIA MADEIRA E MÓVEL,4,1554,"RIO BRANCO, Acre, Brasil, INSTITUTO SENAI DE TECNOLOGIA MADEIRA E MÓVEL"
2024,RIO BRANCO,9,327,ESCOLA MUNICIPAL INFANTIL FRANCISCA ARAGAO DA SILVA,3,2089,"RIO BRANCO, Acre, Brasil, ESCOLA MUNICIPAL INFANTIL FRANCISCA ARAGAO DA SILVA"
2024,RIO BRANCO,9,448,UFAC - UNIVERSIDADE FEDERAL DO ACRE,8,1198,"RIO BRANCO, Acre, Brasil, UFAC - UNIVERSIDADE FEDERAL DO ACRE"
2024,RIO BRANCO,9,274,FUNDAÇÃO BRADESCO,5,1708,"RIO BRANCO, Acre, Brasil, FUNDAÇÃO BRADESCO"
2024,RIO BRANCO,1,636,INCRA - INSTITUTO NACIONAL DE COLONIZAÇÃO E REFORMA AGRÁRIA,10,3280,"RIO BRANCO, Acre, Brasil, INCRA - INSTITUTO NACIONAL DE COLONIZAÇÃO E REFORMA AGRÁRIA"
2024,RIO BRANCO,9,239,CRECHE HILDA BRAGA,2,1856,"RIO BRANCO, Acre, Brasil, CRECHE HILDA BRAGA"
2024,RIO BRANCO,9,389,ESCOLA ESTADUAL MARIA CHALUB LEITE,3,2305,"RIO BRANCO, Acre, Brasil, ESCOLA ESTADUAL MARIA CHALUB LEITE"
2024,RIO BRANCO,1,675,ESCOLA BERTA VIEIRA DE ANDRADE,2,3379,"RIO BRANCO, Acre, Brasil, ESCOLA BERTA VIEIRA DE ANDRADE"
2024,RIO BRANCO,9,26,ESCOLA LOURIVAL SOMBRA,8,1058,"RIO BRANCO, Acre, Brasil, ESCOLA LOURIVAL SOMBRA"
2024,RIO BRANCO,9,16,ESCOLA JOSÉ RIBAMAR BATISTA,11,1570,"RIO BRANCO, Acre, Brasil, ESCOLA JOSÉ RIBAMAR BATISTA"
2024,RIO BRANCO,1,390,ESCOLA ZULEIDE PEREIRA DE SOUZA,11,1996,"RIO BRANCO, Acre, Brasil, ESCOLA ZULEIDE PEREIRA DE SOUZA"
2024,RIO BRANCO,1,459,ESCOLA BENFICA,4,2674,"RIO BRANCO, Acre, Brasil, ESCOLA BENFICA"
2024,RIO BRANCO,1,517,ESCOLA DR. JOSÉ CARVALHO,6,2763,"RIO BRANCO, Acre, Brasil, ESCOLA DR. JOSÉ CARVALHO"
2024,RIO BRANCO,1,560,ESCOLA OSCAR FELICIO DE SOUZA,6,2534,"RIO BRANCO, Acre, Brasil, ESCOLA OSCAR FELICIO DE SOUZA"
2024,RIO BRANCO,9,414,ESCOLA JOELMA OLIVEIRA DE LIMA,3,2097,"RIO BRANCO, Acre, Brasil, ESCOLA JOELMA OLIVEIRA DE LIMA"
2024,RIO BRANCO,1,647,ESCOLA SAMUEL BARREIRA,14,3310,"RIO BRANCO, Acre, Brasil, ESCOLA SAMUEL BARREIRA"
2024,RIO BRANCO,9,180,ESCOLA JOSÉ SALES DE ARAÚJO,12,1260,"RIO BRANCO, Acre, Brasil, ESCOLA JOSÉ SALES DE ARAÚJO"
2024,RIO BRANCO,9,280,FACULDADE UNINORTE,9,1899,"RIO BRANCO, Acre, Brasil, FACULDADE UNINORTE"
2024,RIO BRANCO,9,447,ESCOLA CLÍNIO BRANDÃO,7,1244,"RIO BRANCO, Acre, Brasil, ESCOLA CLÍNIO BRANDÃO"
2024,RIO BRANCO,9,21,FEDERAÇÃO DAS INDÚSTRIAS DO ESTADO DO ACRE - FIEAC,10,1376,"RIO BRANCO, Acre, Brasil, FEDERAÇÃO DAS INDÚSTRIAS DO ESTADO DO ACRE - FIEAC"
2024,RIO BRANCO,1,518,ESCOLA PROF RAIMUNDA SILVA PARÁ,3,2895,"RIO BRANCO, Acre, Brasil, ESCOLA PROF RAIMUNDA SILVA PARÁ"
2024,RIO BRANCO,1,310,ESCOLA ZULEIDE PEREIRA DE SOUZA,4,1996,"RIO BRANCO, Acre, Brasil, ESCOLA ZULEIDE PEREIRA DE SOUZA"
2024,RIO BRANCO,9,219,ESCOLA ACREANA DE MÚSICA (ANT CENTRO CULTURAL),12,1767,"RIO BRANCO, Acre, Brasil, ESCOLA ACREANA DE MÚSICA (ANT CENTRO CULTURAL)"
2024,RIO BRANCO,9,378,HORTO FLORESTAL (SECRETARIA MUNICIPAL DE MEIO AMBIENTE - SEMEIA),11,2267,"RIO BRANCO, Acre, Brasil, HORTO FLORESTAL (SECRETARIA MUNICIPAL DE MEIO AMBIENTE - SEMEIA)"
2024,RIO BRANCO,1,85,ESCOLA ESTADUAL PROFESSORA TEREZINHA MIGUÉIS,4,1295,"RIO BRANCO, Acre, Brasil, ESCOLA ESTADUAL PROFESSORA TEREZINHA MIGUÉIS"
2024,RIO BRANCO,1,391,SENAI,11,2054,"RIO BRANCO, Acre, Brasil, SENAI"
2024,RIO BRANCO,9,38,ESCOLA NATALINO DA SILVEIRA BRITO,8,1074,"RIO BRANCO, Acre, Brasil, ESCOLA NATALINO DA SILVEIRA BRITO"
2024,RIO BRANCO,9,381,ESCOLA ESTADUAL DJALMA TELES GALDINO,3,2275,"RIO BRANCO, Acre, Brasil, ESCOLA ESTADUAL DJALMA TELES GALDINO"
2024,RIO BRANCO,1,281,FORUM BARAO DO RIO BRANCO,7,1708,"RIO BRANCO, Acre, Brasil, FORUM BARAO DO RIO BRANCO"
2024,RIO BRANCO,1,760,ESCOLA LUIZ DE CARVALHO FONTENELLE,5,3662,"RIO BRANCO, Acre, Brasil, ESCOLA LUIZ DE CARVALHO FONTENELLE"
2024,RIO BRANCO,1,158,INSTITUTO IMACULADA CONCEICAO - CENEC,5,1465,"RIO BRANCO, Acre, Brasil, INSTITUTO IMACULADA CONCEICAO - CENEC"
2024,RIO BRANCO,1,637,ESCOLA NEUTEL MAIA,13,3298,"RIO BRANCO, Acre, Brasil, ESCOLA NEUTEL MAIA"
2024,RIO BRANCO,9,367,ESCOLA EUFROSINA SILVA OLIVEIRA,2,2224,"RIO BRANCO, Acre, Brasil, ESCOLA EUFROSINA SILVA OLIVEIRA"
2024,RIO BRANCO,1,712,ESCOLA THEODOLINA FALCAO MACEDO,10,3506,"RIO BRANCO, Acre, Brasil, ESCOLA THEODOLINA FALCAO MACEDO"
2024,RIO BRANCO,9,354,ESCOLA DOUTOR JOÃO AGUIAR,3,2186,"RIO BRANCO, Acre, Brasil, ESCOLA DOUTOR JOÃO AGUIAR"
2024,RIO BRANCO,1,386,ESCOLA ROBERTO SANCHES MUBARAC,6,1872,"RIO BRANCO, Acre, Brasil, ESCOLA ROBERTO SANCHES MUBARAC"
2024,RIO BRANCO,9,238,FUNDAÇÃO BRADESCO,4,1708,"RIO BRANCO, Acre, Brasil, FUNDAÇÃO BRADESCO"
2024,RIO BRANCO,9,108,ESCOLA FLAVIANO FLÁVIO BAPTISTA,10,1635,"RIO BRANCO, Acre, Brasil, ESCOLA FLAVIANO FLÁVIO BAPTISTA"
2024,RIO BRANCO,1,505,ESCOLA DUQUE DE CAXIAS,2,2720,"RIO BRANCO, Acre, Brasil, ESCOLA DUQUE DE CAXIAS"
2024,RIO BRANCO,9,17,ESCOLA JOSÉ RIBAMAR BATISTA,8,1570,"RIO BRANCO, Acre, Brasil, ESCOLA JOSÉ RIBAMAR BATISTA"
2024,RIO BRANCO,1,478,ESCOLA PAULO FREIRE,4,2542,"RIO BRANCO, Acre, Brasil, ESCOLA PAULO FREIRE"
2024,RIO BRANCO,9,472,FUNDAÇÃO BRADESCO,3,1708,"RIO BRANCO, Acre, Brasil, FUNDAÇÃO BRADESCO"
2024,RIO BRANCO,9,432,ESCOLA MARINA VICENTE GOMES,6,2046,"RIO BRANCO, Acre, Brasil, ESCOLA MARINA VICENTE GOMES"
2024,RIO BRANCO,1,730,ESCOLA MUNICIPAL LUIZA CARNEIRO DANTAS,5,3573,"RIO BRANCO, Acre, Brasil, ESCOLA MUNICIPAL LUIZA CARNEIRO DANTAS"
2024,RIO BRANCO,1,800,INSTITUTO FEDERAL DO ACRE - IFAC,5,3751,"RIO BRANCO, Acre, Brasil, INSTITUTO FEDERAL DO ACRE - IFAC"
2024,RIO BRANCO,9,256,ESCOLA JOÃO PAULO II,4,1252,"RIO BRANCO, Acre, Brasil, ESCOLA JOÃO PAULO II"
2024,RIO BRANCO,9,358,ESCOLA MÁRIO LOBÃO,3,2194,"RIO BRANCO, Acre, Brasil, ESCOLA MÁRIO LOBÃO"
2024,RIO BRANCO,1,3,ESCOLA MENINO JESUS,7,1279,"RIO BRANCO, Acre, Brasil, ESCOLA MENINO JESUS"
2024,RIO BRANCO,1,4,COLEGIO ACREANO,8,1139,"RIO BRANCO, Acre, Brasil, COLEGIO ACREANO"
2024,RIO BRANCO,1,734,INSTITUTO DE EDUCACAO LOURENCO FILHO,9,3581,"RIO BRANCO, Acre, Brasil, INSTITUTO DE EDUCACAO LOURENCO FILHO"
2024,RIO BRANCO,9,54,CRAS SOBRAL - CENTRO DE REFERENCIA DE ASSISTENCIA SOCIAL,5,1830,"RIO BRANCO, Acre, Brasil, CRAS SOBRAL - CENTRO DE REFERENCIA DE ASSISTENCIA SOCIAL"
2024,RIO BRANCO,1,821,ESCOLA LEONCIO DE CARVALHO,6,2313,"RIO BRANCO, Acre, Brasil, ESCOLA LEONCIO DE CARVALHO"
2024,RIO BRANCO,1,796,IDAF - VILA ACRE,3,2810,"RIO BRANCO, Acre, Brasil, IDAF - VILA ACRE"
2024,RIO BRANCO,9,351,ESCOLA MUNICIPAL JESSÉ SANTIAGO,6,2178,"RIO BRANCO, Acre, Brasil, ESCOLA MUNICIPAL JESSÉ SANTIAGO"
2024,RIO BRANCO,1,492,DEPARTAMENTO NACIONAL DE INFRAESTRUTURA E TRANSPORTE - DNIT,9,2585,"RIO BRANCO, Acre, Brasil, DEPARTAMENTO NACIONAL DE INFRAESTRUTURA E TRANSPORTE - DNIT"
2024,RIO BRANCO,1,645,ESCOLA SAMUEL BARREIRA,7,3310,"RIO BRANCO, Acre, Brasil, ESCOLA SAMUEL BARREIRA"
2024,RIO BRANCO,9,135,ESCOLA PÚBLICA RAIMUNDO GOMES DE OLIVEIRA,7,1333,"RIO BRANCO, Acre, Brasil, ESCOLA PÚBLICA RAIMUNDO GOMES DE OLIVEIRA"
2024,RIO BRANCO,1,561,ESCOLA MUNICIPAL RAIMUNDO HERMINIO DE MELO,7,1848,"RIO BRANCO, Acre, Brasil, ESCOLA MUNICIPAL RAIMUNDO HERMINIO DE MELO"
2024,RIO BRANCO,1,780,ESCOLA PADRE CARLOS CASAVECCHIA,5,3743,"RIO BRANCO, Acre, Brasil, ESCOLA PADRE CARLOS CASAVECCHIA"
2024,RIO BRANCO,1,766,ESCOLA DR. MARIO DE OLIVEIRA,12,3700,"RIO BRANCO, Acre, Brasil, ESCOLA DR. MARIO DE OLIVEIRA"
2024,RIO BRANCO,1,28,PREFEITURA MUNICIPAL DE RIO BRANCO,7,1090,"RIO BRANCO, Acre, Brasil, PREFEITURA MUNICIPAL DE RIO BRANCO"
2024,RIO BRANCO,1,482,ESCOLA MARIA ANGÉLICA DE CASTRO,4,2569,"RIO BRANCO, Acre, Brasil, ESCOLA MARIA ANGÉLICA DE CASTRO"
2024,RIO BRANCO,9,348,ESCOLA PROFESSOR ALVARO VIEIRA DA ROCHA,3,2160,"RIO BRANCO, Acre, Brasil, ESCOLA PROFESSOR ALVARO VIEIRA DA ROCHA"
2024,RIO BRANCO,9,420,ESCOLA TÉCNICA DE SAÚDE MARIA MOREIRA DA ROCHA,8,2410,"RIO BRANCO, Acre, Brasil, ESCOLA TÉCNICA DE SAÚDE MARIA MOREIRA DA ROCHA"
2024,RIO BRANCO,9,88,ESCOLA HENRIQUE LIMA,8,1201,"RIO BRANCO, Acre, Brasil, ESCOLA HENRIQUE LIMA"
2024,RIO BRANCO,1,658,ESCOLA PROFESSORA CLÍCIA GADELHA,8,3344,"RIO BRANCO, Acre, Brasil, ESCOLA PROFESSORA CLÍCIA GADELHA"
2024,RIO BRANCO,9,83,FUNDAÇÃO DO BEM ESTAR SOCIAL DO ACRE - FUNBESA,4,1171,"RIO BRANCO, Acre, Brasil, FUNDAÇÃO DO BEM ESTAR SOCIAL DO ACRE - FUNBESA"
2024,RIO BRANCO,1,846,ESCOLA LEONCIO DE CARVALHO,4,2313,"RIO BRANCO, Acre, Brasil, ESCOLA LEONCIO DE CARVALHO"
2024,RIO BRANCO,1,32,SECRETARIA DE ESTADO DE SAÚDE - SESACRE,12,1180,"RIO BRANCO, Acre, Brasil, SECRETARIA DE ESTADO DE SAÚDE - SESACRE"
2024,RIO BRANCO,1,38,COLEGIO ACREANO,7,1139,"RIO BRANCO, Acre, Brasil, COLEGIO ACREANO"
2024,RIO BRANCO,1,509,ESCOLA PROFESSOR JOSUÉ FERNANDES,1,2712,"RIO BRANCO, Acre, Brasil, ESCOLA PROFESSOR JOSUÉ FERNANDES"
2024,RIO BRANCO,9,248,CRECHE MUNICIPAL GUMERCINDO BESSA,7,1864,"RIO BRANCO, Acre, Brasil, CRECHE MUNICIPAL GUMERCINDO BESSA"
2024,RIO BRANCO,9,459,ESCOLA JOSÉ SALES DE ARAÚJO,5,1260,"RIO BRANCO, Acre, Brasil, ESCOLA JOSÉ SALES DE ARAÚJO"
2024,RIO BRANCO,1,701,SECRETARIA DE ESTADO DE PLANEJAMENTO E GESTÃO (SEPLAG - ANTIGA SDA),14,3476,"RIO BRANCO, Acre, Brasil, SECRETARIA DE ESTADO DE PLANEJAMENTO E GESTÃO (SEPLAG - ANTIGA SDA)"
2024,RIO BRANCO,1,502,ESCOLA RURAL RUY AZEVEDO,2,2852,"RIO BRANCO, Acre, Brasil, ESCOLA RURAL RUY AZEVEDO"
2024,RIO BRANCO,1,277,INSTITUTO SAO JOSE,8,1473,"RIO BRANCO, Acre, Brasil, INSTITUTO SAO JOSE"
2024,RIO BRANCO,9,67,ESCOLA PÚBLICA RAIMUNDO GOMES DE OLIVEIRA,8,1333,"RIO BRANCO, Acre, Brasil, ESCOLA PÚBLICA RAIMUNDO GOMES DE OLIVEIRA"
2024,RIO BRANCO,1,454,ESCOLA MARIA ANGÉLICA DE CASTRO,6,2569,"RIO BRANCO, Acre, Brasil, ESCOLA MARIA ANGÉLICA DE CASTRO"
2024,RIO BRANCO,1,762,INSTITUTO ÁGUIAS DO SABER,6,3859,"RIO BRANCO, Acre, Brasil, INSTITUTO ÁGUIAS DO SABER"
2024,RIO BRANCO,1,639,ESCOLA NEUTEL MAIA,8,3298,"RIO BRANCO, Acre, Brasil, ESCOLA NEUTEL MAIA"
2024,RIO BRANCO,9,372,JUNTA COMERCIAL DO ESTADO DO ACRE - JUCEAC,6,2232,"RIO BRANCO, Acre, Brasil, JUNTA COMERCIAL DO ESTADO DO ACRE - JUCEAC"
2024,RIO BRANCO,9,211,ESCOLA LUIZA BATISTA DE SOUZA,5,1066,"RIO BRANCO, Acre, Brasil, ESCOLA LUIZA BATISTA DE SOUZA"
2024,RIO BRANCO,9,262,ESCOLA DOUTOR SANTIAGO DANTAS,6,1902,"RIO BRANCO, Acre, Brasil, ESCOLA DOUTOR SANTIAGO DANTAS"
2024,RIO BRANCO,1,445,ESCOLA MUNICIPAL RAIMUNDO HERMINIO DE MELO,3,1848,"RIO BRANCO, Acre, Brasil, ESCOLA MUNICIPAL RAIMUNDO HERMINIO DE MELO"
2024,RIO BRANCO,1,23,PREFEITURA MUNICIPAL DE RIO BRANCO,4,1090,"RIO BRANCO, Acre, Brasil, PREFEITURA MUNICIPAL DE RIO BRANCO"
2024,RIO BRANCO,9,264,FACULDADE UNINORTE,12,1899,"RIO BRANCO, Acre, Brasil, FACULDADE UNINORTE"
2024,RIO BRANCO,1,747,ESCOLA DOM GIOCONDO MARIA GROTTI,5,3638,"RIO BRANCO, Acre, Brasil, ESCOLA DOM GIOCONDO MARIA GROTTI"
2024,RIO BRANCO,1,513,ESCOLA BELO JARDIM,2,2798,"RIO BRANCO, Acre, Brasil, ESCOLA BELO JARDIM"
2024,RIO BRANCO,9,68,ESCOLA PÚBLICA ALCIMAR LEITÃO,15,1147,"RIO BRANCO, Acre, Brasil, ESCOLA PÚBLICA ALCIMAR LEITÃO"
2024,RIO BRANCO,1,12,OCA RIO BRANCO,4,1066,"RIO BRANCO, Acre, Brasil, OCA RIO BRANCO"
2024,RIO BRANCO,1,75,ESCOLA PROF. MARILENA MANSOUR (ANTIGA IRACEMA GOMES PEREIRA),4,1260,"RIO BRANCO, Acre, Brasil, ESCOLA PROF. MARILENA MANSOUR (ANTIGA IRACEMA GOMES PEREIRA)"
2024,RIO BRANCO,1,495,CENTRO DE SAUDE CLAUDIA VITORINO,1,2836,"RIO BRANCO, Acre, Brasil, CENTRO DE SAUDE CLAUDIA VITORINO"
2024,RIO BRANCO,9,340,ESCOLA PROFESSOR PEDRO MARTINELLO,4,2127,"RIO BRANCO, Acre, Brasil, ESCOLA PROFESSOR PEDRO MARTINELLO"
2024,RIO BRANCO,1,690,ESCOLA ESTADUAL IZA MELLO,6,3433,"RIO BRANCO, Acre, Brasil, ESCOLA ESTADUAL IZA MELLO"
2024,RIO BRANCO,9,322,ASSOC. COMERCIAL - ACISA,7,2070,"RIO BRANCO, Acre, Brasil, ASSOC. COMERCIAL - ACISA"
2024,RIO BRANCO,1,707,ESCOLA HUMBERTO SOARES,9,3492,"RIO BRANCO, Acre, Brasil, ESCOLA HUMBERTO SOARES"
2024,RIO BRANCO,1,733,INSTITUTO DE EDUCACAO LOURENCO FILHO,11,3581,"RIO BRANCO, Acre, Brasil, INSTITUTO DE EDUCACAO LOURENCO FILHO"
2024,RIO BRANCO,9,394,UNIDADE DE SAÚDE DA FAMÍLIA PLATILDE OLIVEIRA DA SILVA,5,2321,"RIO BRANCO, Acre, Brasil, UNIDADE DE SAÚDE DA FAMÍLIA PLATILDE OLIVEIRA DA SILVA"
2024,RIO BRANCO,9,286,UFAC - UNIVERSIDADE FEDERAL DO ACRE,8,1198,"RIO BRANCO, Acre, Brasil, UFAC - UNIVERSIDADE FEDERAL DO ACRE"
2024,RIO BRANCO,9,298,ESCOLA MARINA VICENTE GOMES,8,2046,"RIO BRANCO, Acre, Brasil, ESCOLA MARINA VICENTE GOMES"
2024,RIO BRANCO,9,281,ESCOLA ESTADUAL PROFESSORA ILKA MARIA DE LIMA,6,1953,"RIO BRANCO, Acre, Brasil, ESCOLA ESTADUAL PROFESSORA ILKA MARIA DE LIMA"
2024,RIO BRANCO,9,398,ESCOLA ISMAEL GOMES DE CARVALHO,4,2330,"RIO BRANCO, Acre, Brasil, ESCOLA ISMAEL GOMES DE CARVALHO"
2024,RIO BRANCO,9,187,CEMEAC - CENTRO DE MÍDIAS EDU. DO ACRE (ANT. ESCOLA DARCY VARGAS),7,1228,"RIO BRANCO, Acre, Brasil, CEMEAC - CENTRO DE MÍDIAS EDU. DO ACRE (ANT. ESCOLA DARCY VARGAS)"
2024,RIO BRANCO,9,124,ESCOLA PROFESSORA RAMONA M P DE CASTRO,6,1619,"RIO BRANCO, Acre, Brasil, ESCOLA PROFESSORA RAMONA M P DE CASTRO"
2024,RIO BRANCO,9,101,ESCOLA  AFONSO PINTO DE MEDEIROS,4,1597,"RIO BRANCO, Acre, Brasil, ESCOLA  AFONSO PINTO DE MEDEIROS"
2024,RIO BRANCO,1,66,ESCOLA PROF. MARILENA MANSOUR (ANTIGA IRACEMA GOMES PEREIRA),2,1260,"RIO BRANCO, Acre, Brasil, ESCOLA PROF. MARILENA MANSOUR (ANTIGA IRACEMA GOMES PEREIRA)"
2024,RIO BRANCO,9,217,ESCOLA ARACY CERQUEIRA,2,1694,"RIO BRANCO, Acre, Brasil, ESCOLA ARACY CERQUEIRA"
2024,RIO BRANCO,1,42,SECRETARIA DE ESTADO DE SAÚDE - SESACRE,7,1180,"RIO BRANCO, Acre, Brasil, SECRETARIA DE ESTADO DE SAÚDE - SESACRE"
2024,RIO BRANCO,1,632,INCRA - INSTITUTO NACIONAL DE COLONIZAÇÃO E REFORMA AGRÁRIA,9,3280,"RIO BRANCO, Acre, Brasil, INCRA - INSTITUTO NACIONAL DE COLONIZAÇÃO E REFORMA AGRÁRIA"
2024,RIO BRANCO,1,557,ESCOLA SANTO ANTONIO II,7,2666,"RIO BRANCO, Acre, Brasil, ESCOLA SANTO ANTONIO II"
2024,RIO BRANCO,1,670,ESCOLA BERTA VIEIRA DE ANDRADE,2,3379,"RIO BRANCO, Acre, Brasil, ESCOLA BERTA VIEIRA DE ANDRADE"
2024,RIO BRANCO,9,434,UFAC - UNIVERSIDADE FEDERAL DO ACRE,9,1198,"RIO BRANCO, Acre, Brasil, UFAC - UNIVERSIDADE FEDERAL DO ACRE"
2024,RIO BRANCO,1,368,SECRETARIA DE ESTADO DE SAÚDE - SESACRE,11,1546,"RIO BRANCO, Acre, Brasil, SECRETARIA DE ESTADO DE SAÚDE - SESACRE"
2024,RIO BRANCO,9,353,ESCOLA DOUTOR JOÃO AGUIAR,6,2186,"RIO BRANCO, Acre, Brasil, ESCOLA DOUTOR JOÃO AGUIAR"
2024,RIO BRANCO,1,287,SERVICO SOCIAL DO COMERCIO (SESC CENTRO),8,1651,"RIO BRANCO, Acre, Brasil, SERVICO SOCIAL DO COMERCIO (SESC CENTRO)"
2024,RIO BRANCO,9,386,ESCOLA ESTADUAL MARIA CHALUB LEITE,12,2305,"RIO BRANCO, Acre, Brasil, ESCOLA ESTADUAL MARIA CHALUB LEITE"
2024,RIO BRANCO,9,347,ESCOLA PROFESSOR ALVARO VIEIRA DA ROCHA,6,2160,"RIO BRANCO, Acre, Brasil, ESCOLA PROFESSOR ALVARO VIEIRA DA ROCHA"
2024,RIO BRANCO,1,400,ESCOLA ANITA GARIBALDI,3,1384,"RIO BRANCO, Acre, Brasil, ESCOLA ANITA GARIBALDI"
2024,RIO BRANCO,1,86,ESCOLA ESTADUAL PROFESSORA TEREZINHA MIGUÉIS,3,1295,"RIO BRANCO, Acre, Brasil, ESCOLA ESTADUAL PROFESSORA TEREZINHA MIGUÉIS"
2024,RIO BRANCO,9,263,ESCOLA ESTADUAL PROFESSORA ILKA MARIA DE LIMA,4,1953,"RIO BRANCO, Acre, Brasil, ESCOLA ESTADUAL PROFESSORA ILKA MARIA DE LIMA"
2024,RIO BRANCO,9,114,ESCOLA PÚBLICA HELOÍSA MOURÃO MARQUES,5,1015,"RIO BRANCO, Acre, Brasil, ESCOLA PÚBLICA HELOÍSA MOURÃO MARQUES"
2024,RIO BRANCO,1,299,ESCOLA MADRE HILDEBRANDA DO PRA,2,2089,"RIO BRANCO, Acre, Brasil, ESCOLA MADRE HILDEBRANDA DO PRA"
2024,RIO BRANCO,9,299,UNIMETA - ESTÁCIO,10,2020,"RIO BRANCO, Acre, Brasil, UNIMETA - ESTÁCIO"
2024,RIO BRANCO,1,754,INSTITUTO ÁGUIAS DO SABER,7,3859,"RIO BRANCO, Acre, Brasil, INSTITUTO ÁGUIAS DO SABER"
2024,RIO BRANCO,9,330,ESCOLA JOELMA OLIVEIRA DE LIMA,2,2097,"RIO BRANCO, Acre, Brasil, ESCOLA JOELMA OLIVEIRA DE LIMA"
2024,RIO BRANCO,9,210,ESCOLA LOURIVAL SOMBRA,8,1058,"RIO BRANCO, Acre, Brasil, ESCOLA LOURIVAL SOMBRA"
2024,RIO BRANCO,1,449,ESCOLA JOSE CHALUB LEITE,2,2577,"RIO BRANCO, Acre, Brasil, ESCOLA JOSE CHALUB LEITE"
2024,RIO BRANCO,9,122,ESCOLA JUVENAL ANTUNES,6,1589,"RIO BRANCO, Acre, Brasil, ESCOLA JUVENAL ANTUNES"
2024,RIO BRANCO,1,186,OCA RIO BRANCO,3,1066,"RIO BRANCO, Acre, Brasil, OCA RIO BRANCO"
2024,RIO BRANCO,1,735,INSTITUTO DE EDUCACAO LOURENCO FILHO,10,3581,"RIO BRANCO, Acre, Brasil, INSTITUTO DE EDUCACAO LOURENCO FILHO"
2024,RIO BRANCO,1,321,ESCOLA JOAO MARIANO,6,1856,"RIO BRANCO, Acre, Brasil, ESCOLA JOAO MARIANO"
2024,RIO BRANCO,1,263,ESCOLA ROBERTO SANCHES MUBARAC,5,1872,"RIO BRANCO, Acre, Brasil, ESCOLA ROBERTO SANCHES MUBARAC"
2024,RIO BRANCO,9,334,ESCOLA DE ENSINO FUNDAMENTAL DO SERVIÇO SOCIAL DA INDÚSTRIA - SESI,1,2100,"RIO BRANCO, Acre, Brasil, ESCOLA DE ENSINO FUNDAMENTAL DO SERVIÇO SOCIAL DA INDÚSTRIA - SESI"
2024,RIO BRANCO,1,444,SENAI,14,2054,"RIO BRANCO, Acre, Brasil, SENAI"
2024,RIO BRANCO,9,291,COLÉGIO ALTERNATIVO,11,1422,"RIO BRANCO, Acre, Brasil, COLÉGIO ALTERNATIVO"
2024,RIO BRANCO,1,519,ESCOLA PROF. SEBASTIÃO PEDROSA (ARENA DA FLORESTA),3,2550,"RIO BRANCO, Acre, Brasil, ESCOLA PROF. SEBASTIÃO PEDROSA (ARENA DA FLORESTA)"
2024,RIO BRANCO,9,179,ESCOLA PÚBLICA HELOÍSA MOURÃO MARQUES,11,1015,"RIO BRANCO, Acre, Brasil, ESCOLA PÚBLICA HELOÍSA MOURÃO MARQUES"
2024,RIO BRANCO,9,96,ESCOLA MARIA ADEIZA RODRIGUES PEREIRA,15,2356,"RIO BRANCO, Acre, Brasil, ESCOLA MARIA ADEIZA RODRIGUES PEREIRA"
2024,RIO BRANCO,1,572,ESCOLA CASTELO BRANCO,11,3255,"RIO BRANCO, Acre, Brasil, ESCOLA CASTELO BRANCO"
2024,RIO BRANCO,9,249,ESCOLA RURAL PROF. CLAUDIO AUGUSTO F. DE SALES,2,1309,"RIO BRANCO, Acre, Brasil, ESCOLA RURAL PROF. CLAUDIO AUGUSTO F. DE SALES"
2024,RIO BRANCO,1,84,ESCOLA ESTADUAL PROFESSORA TEREZINHA MIGUÉIS,3,1295,"RIO BRANCO, Acre, Brasil, ESCOLA ESTADUAL PROFESSORA TEREZINHA MIGUÉIS"
2024,RIO BRANCO,9,320,ESCOLA SAO FRANCISCO DE ASSIS,14,2062,"RIO BRANCO, Acre, Brasil, ESCOLA SAO FRANCISCO DE ASSIS"
2024,RIO BRANCO,1,809,UNIDADE BÁSICA DE SAÚDE MARIA DA CONCEIÇÃO,8,3026,"RIO BRANCO, Acre, Brasil, UNIDADE BÁSICA DE SAÚDE MARIA DA CONCEIÇÃO"
2024,RIO BRANCO,1,506,SEST/SENAT,2,2690,"RIO BRANCO, Acre, Brasil, SEST/SENAT"
2024,RIO BRANCO,9,371,JUNTA COMERCIAL DO ESTADO DO ACRE - JUCEAC,9,2232,"RIO BRANCO, Acre, Brasil, JUNTA COMERCIAL DO ESTADO DO ACRE - JUCEAC"
2024,RIO BRANCO,9,478,COLÉGIO MILITAR TIRADENTES,5,2380,"RIO BRANCO, Acre, Brasil, COLÉGIO MILITAR TIRADENTES"
2024,RIO BRANCO,1,571,ESCOLA CASTELO BRANCO,15,3255,"RIO BRANCO, Acre, Brasil, ESCOLA CASTELO BRANCO"
2024,RIO BRANCO,9,95,ESCOLA JOÃO PAULO I,9,1236,"RIO BRANCO, Acre, Brasil, ESCOLA JOÃO PAULO I"
2024,RIO BRANCO,9,400,ESCOLA ISMAEL GOMES DE CARVALHO,5,2330,"RIO BRANCO, Acre, Brasil, ESCOLA ISMAEL GOMES DE CARVALHO"
2024,RIO BRANCO,9,266,ESCOLA ESTADUAL TEREZINHA KALUME,13,1961,"RIO BRANCO, Acre, Brasil, ESCOLA ESTADUAL TEREZINHA KALUME"
2024,RIO BRANCO,1,850,ESCOLA GLÓRIA PEREZ,4,3468,"RIO BRANCO, Acre, Brasil, ESCOLA GLÓRIA PEREZ"
2024,RIO BRANCO,1,820,ESCOLA GLÓRIA PEREZ,10,3468,"RIO BRANCO, Acre, Brasil, ESCOLA GLÓRIA PEREZ"
2024,RIO BRANCO,9,344,ESCOLA PROFESSORA IONE PORTELA DA COSTA CASAS,9,2135,"RIO BRANCO, Acre, Brasil, ESCOLA PROFESSORA IONE PORTELA DA COSTA CASAS"
2024,RIO BRANCO,1,435,DEPARTAMENTO NACIONAL DE INFRAESTRUTURA E TRANSPORTE - DNIT,2,2585,"RIO BRANCO, Acre, Brasil, DEPARTAMENTO NACIONAL DE INFRAESTRUTURA E TRANSPORTE - DNIT"
2024,RIO BRANCO,1,654,ESCOLA PIMENTEL GOMES,8,3336,"RIO BRANCO, Acre, Brasil, ESCOLA PIMENTEL GOMES"
2024,RIO BRANCO,9,166,INSTITUTO FEDERAL DO ACRE (IFAC) - TRANSACREANA,5,1180,"RIO BRANCO, Acre, Brasil, INSTITUTO FEDERAL DO ACRE (IFAC) - TRANSACREANA"
2024,RIO BRANCO,1,778,ESCOLA PADRE CARLOS CASAVECCHIA,5,3743,"RIO BRANCO, Acre, Brasil, ESCOLA PADRE CARLOS CASAVECCHIA"
2024,RIO BRANCO,9,43,TRIBUNAL DE CONTAS DO ESTADO DO ACRE,6,1490,"RIO BRANCO, Acre, Brasil, TRIBUNAL DE CONTAS DO ESTADO DO ACRE"
2024,RIO BRANCO,1,843,SECRETARIA DE ESTADO DE PLANEJAMENTO E GESTÃO (SEPLAG - ANTIGA SDA),4,3476,"RIO BRANCO, Acre, Brasil, SECRETARIA DE ESTADO DE PLANEJAMENTO E GESTÃO (SEPLAG - ANTIGA SDA)"
2024,RIO BRANCO,9,89,ESCOLA JUVENAL ANTUNES,6,1589,"RIO BRANCO, Acre, Brasil, ESCOLA JUVENAL ANTUNES"
2024,RIO BRANCO,1,757,ESCOLA LUIZ DE CARVALHO FONTENELLE,8,3662,"RIO BRANCO, Acre, Brasil, ESCOLA LUIZ DE CARVALHO FONTENELLE"
2024,RIO BRANCO,1,327,BIBLIOTECA PÚBLICA ESTADUAL,10,2615,"RIO BRANCO, Acre, Brasil, BIBLIOTECA PÚBLICA ESTADUAL"
2024,RIO BRANCO,1,379,INSTITUTO IMACULADA CONCEICAO - CENEC,9,1465,"RIO BRANCO, Acre, Brasil, INSTITUTO IMACULADA CONCEICAO - CENEC"
2024,RIO BRANCO,1,450,ESCOLA ELIAS MANSOUR,2,2526,"RIO BRANCO, Acre, Brasil, ESCOLA ELIAS MANSOUR"
2024,RIO BRANCO,1,738,ESCOLA VOVO MOCINHA,13,3590,"RIO BRANCO, Acre, Brasil, ESCOLA VOVO MOCINHA"
2024,RIO BRANCO,1,566,ESCOLA MUNICIPAL MONTE CASTELO,5,3247,"RIO BRANCO, Acre, Brasil, ESCOLA MUNICIPAL MONTE CASTELO"
2024,RIO BRANCO,9,129,UFAC - UNIVERSIDADE FEDERAL DO ACRE,5,1198,"RIO BRANCO, Acre, Brasil, UFAC - UNIVERSIDADE FEDERAL DO ACRE"
2024,RIO BRANCO,1,50,DERACRE,5,1171,"RIO BRANCO, Acre, Brasil, DERACRE"
2024,RIO BRANCO,9,143,ESCOLA  AFONSO PINTO DE MEDEIROS,9,1597,"RIO BRANCO, Acre, Brasil, ESCOLA  AFONSO PINTO DE MEDEIROS"
2024,RIO BRANCO,9,223,ESCOLA DE EDUCAÇÃO INFANTIL FREI PELEGRINO,3,1716,"RIO BRANCO, Acre, Brasil, ESCOLA DE EDUCAÇÃO INFANTIL FREI PELEGRINO"
2024,RIO BRANCO,9,224,UFAC - UNIVERSIDADE FEDERAL DO ACRE,13,1198,"RIO BRANCO, Acre, Brasil, UFAC - UNIVERSIDADE FEDERAL DO ACRE"
2024,RIO BRANCO,1,466,ESCOLA PROF. SEBASTIÃO PEDROSA (ARENA DA FLORESTA),1,2550,"RIO BRANCO, Acre, Brasil, ESCOLA PROF. SEBASTIÃO PEDROSA (ARENA DA FLORESTA)"
2024,RIO BRANCO,9,393,ESCOLA AME (ASSOCIAÇÃO MODERNA DE ENSINO),14,2313,"RIO BRANCO, Acre, Brasil, ESCOLA AME (ASSOCIAÇÃO MODERNA DE ENSINO)"
2024,RIO BRANCO,1,689,ESCOLA ESTADUAL IZA MELLO,4,3433,"RIO BRANCO, Acre, Brasil, ESCOLA ESTADUAL IZA MELLO"
2024,RIO BRANCO,9,141,ESCOLA PROFESSORA RAMONA M P DE CASTRO,12,1619,"RIO BRANCO, Acre, Brasil, ESCOLA PROFESSORA RAMONA M P DE CASTRO"
2024,RIO BRANCO,1,437,ESCOLA LEONCIO DE CARVALHO,3,2313,"RIO BRANCO, Acre, Brasil, ESCOLA LEONCIO DE CARVALHO"
2024,RIO BRANCO,1,547,ESCOLA MAURICILA SANTANA,3,2780,"RIO BRANCO, Acre, Brasil, ESCOLA MAURICILA SANTANA"
2024,RIO BRANCO,9,58,ESCOLA TANCREDO NEVES,6,1104,"RIO BRANCO, Acre, Brasil, ESCOLA TANCREDO NEVES"
2024,RIO BRANCO,9,407,ESCOLA MARINA VICENTE GOMES,5,2046,"RIO BRANCO, Acre, Brasil, ESCOLA MARINA VICENTE GOMES"
2024,RIO BRANCO,9,425,DEFENSORIA PÚBLICA DO ESTADO - DPE,10,2364,"RIO BRANCO, Acre, Brasil, DEFENSORIA PÚBLICA DO ESTADO - DPE"
2024,RIO BRANCO,9,144,ESCOLA JUVENAL ANTUNES,4,1589,"RIO BRANCO, Acre, Brasil, ESCOLA JUVENAL ANTUNES"
2024,RIO BRANCO,9,216,ESCOLA BOA UNIÃO,10,1740,"RIO BRANCO, Acre, Brasil, ESCOLA BOA UNIÃO"
2024,RIO BRANCO,9,418,ESCOLA DE ENSINO FUNDAMENTAL DO SERVIÇO SOCIAL DA INDÚSTRIA - SESI,5,2100,"RIO BRANCO, Acre, Brasil, ESCOLA DE ENSINO FUNDAMENTAL DO SERVIÇO SOCIAL DA INDÚSTRIA - SESI"
2024,RIO BRANCO,9,103,ESCOLA JOSÉ SALES DE ARAÚJO,10,1260,"RIO BRANCO, Acre, Brasil, ESCOLA JOSÉ SALES DE ARAÚJO"
2024,RIO BRANCO,1,795,ESCOLA CARMELITA BARBOSA MONTENEGRO,1,2968,"RIO BRANCO, Acre, Brasil, ESCOLA CARMELITA BARBOSA MONTENEGRO"
2024,RIO BRANCO,9,50,FUNDAÇÃO DO BEM ESTAR SOCIAL DO ACRE - FUNBESA,20,1171,"RIO BRANCO, Acre, Brasil, FUNDAÇÃO DO BEM ESTAR SOCIAL DO ACRE - FUNBESA"
2024,RIO BRANCO,9,369,ESCOLA EUFROSINA SILVA OLIVEIRA,4,2224,"RIO BRANCO, Acre, Brasil, ESCOLA EUFROSINA SILVA OLIVEIRA"
2024,RIO BRANCO,9,177,ESCOLA PÚBLICA ADALBERTO SENA,9,1139,"RIO BRANCO, Acre, Brasil, ESCOLA PÚBLICA ADALBERTO SENA"
2024,RIO BRANCO,1,698,ESCOLA GLÓRIA PEREZ,5,3468,"RIO BRANCO, Acre, Brasil, ESCOLA GLÓRIA PEREZ"
2024,RIO BRANCO,9,77,ESCOLA PÚBLICA ÁUREA PIRES,9,1163,"RIO BRANCO, Acre, Brasil, ESCOLA PÚBLICA ÁUREA PIRES"
2024,RIO BRANCO,1,486,ESCOLA BELO JARDIM,1,2798,"RIO BRANCO, Acre, Brasil, ESCOLA BELO JARDIM"
2024,RIO BRANCO,9,196,ESCOLA PROFESSORA RAMONA M P DE CASTRO,10,1619,"RIO BRANCO, Acre, Brasil, ESCOLA PROFESSORA RAMONA M P DE CASTRO"
2024,RIO BRANCO,1,173,ESCOLA PROFESSOR JOSÉ RODRIGUES LEITE (ÉTICA),13,1317,"RIO BRANCO, Acre, Brasil, ESCOLA PROFESSOR JOSÉ RODRIGUES LEITE (ÉTICA)"
2024,RIO BRANCO,1,146,TRIBUNAL REGIONAL DO TRABALHO - TRT,2,2461,"RIO BRANCO, Acre, Brasil, TRIBUNAL REGIONAL DO TRABALHO - TRT"
2024,RIO BRANCO,9,287,ESCOLA ESTADUAL EDILSON FAÇANHA,6,1937,"RIO BRANCO, Acre, Brasil, ESCOLA ESTADUAL EDILSON FAÇANHA"
2024,RIO BRANCO,1,88,ESCOLA ANA TURAM MACHADO FALCAO,4,2402,"RIO BRANCO, Acre, Brasil, ESCOLA ANA TURAM MACHADO FALCAO"
2024,RIO BRANCO,9,315,SECRETARIA DE EDUCAÇÃO E CULTURA,13,1112,"RIO BRANCO, Acre, Brasil, SECRETARIA DE EDUCAÇÃO E CULTURA"
2024,RIO BRANCO,9,450,ESCOLA DOUTOR JOÃO AGUIAR,3,2186,"RIO BRANCO, Acre, Brasil, ESCOLA DOUTOR JOÃO AGUIAR"
2024,RIO BRANCO,9,329,ESCOLA JOELMA OLIVEIRA DE LIMA,1,2097,"RIO BRANCO, Acre, Brasil, ESCOLA JOELMA OLIVEIRA DE LIMA"
2024,RIO BRANCO,9,366,ESCOLA ESTADUAL PROFESSORA ELOZIRA DOS SANTOS TOMÉ,3,2216,"RIO BRANCO, Acre, Brasil, ESCOLA ESTADUAL PROFESSORA ELOZIRA DOS SANTOS TOMÉ"
2024,RIO BRANCO,9,415,FACULDADE UNINORTE,4,1899,"RIO BRANCO, Acre, Brasil, FACULDADE UNINORTE"
2024,RIO BRANCO,9,13,ESCOLA IRMÃ MARIA GABRIELA SOARES,7,1643,"RIO BRANCO, Acre, Brasil, ESCOLA IRMÃ MARIA GABRIELA SOARES"
2024,RIO BRANCO,1,544,ESCOLA RURAL SÃO PEDRO I,4,2771,"RIO BRANCO, Acre, Brasil, ESCOLA RURAL SÃO PEDRO I"
2024,RIO BRANCO,9,325,ESCOLA MUNICIPAL INFANTIL FRANCISCA ARAGAO DA SILVA,3,2089,"RIO BRANCO, Acre, Brasil, ESCOLA MUNICIPAL INFANTIL FRANCISCA ARAGAO DA SILVA"
2024,RIO BRANCO,9,53,ESCOLA SERAFIM DA SILVA SALGADO,3,1090,"RIO BRANCO, Acre, Brasil, ESCOLA SERAFIM DA SILVA SALGADO"
2024,RIO BRANCO,1,776,COLÉGIO LATO SENSU,12,3735,"RIO BRANCO, Acre, Brasil, COLÉGIO LATO SENSU"
2024,RIO BRANCO,1,43,CENTRO DE EDUCAÇÃO DE JOVENS E ADULTOS - CEJA CENTRO,4,1074,"RIO BRANCO, Acre, Brasil, CENTRO DE EDUCAÇÃO DE JOVENS E ADULTOS - CEJA CENTRO"
2024,RIO BRANCO,1,545,ESCOLA PROF RAIMUNDA SILVA PARÁ,2,2895,"RIO BRANCO, Acre, Brasil, ESCOLA PROF RAIMUNDA SILVA PARÁ"
2024,RIO BRANCO,1,677,IDAF - AVIÁRIO,9,3387,"RIO BRANCO, Acre, Brasil, IDAF - AVIÁRIO"
2024,RIO BRANCO,9,63,ESCOLA FRANCISCO DE PAULA LEITE OITICICA,5,1538,"RIO BRANCO, Acre, Brasil, ESCOLA FRANCISCO DE PAULA LEITE OITICICA"
2024,RIO BRANCO,1,448,ESCOLA ANTONIA FERNANDES DE FREITAS,2,2470,"RIO BRANCO, Acre, Brasil, ESCOLA ANTONIA FERNANDES DE FREITAS"
2024,RIO BRANCO,9,197,ESCOLA  AFONSO PINTO DE MEDEIROS,4,1597,"RIO BRANCO, Acre, Brasil, ESCOLA  AFONSO PINTO DE MEDEIROS"
2024,RIO BRANCO,1,374,DERACRE,8,1171,"RIO BRANCO, Acre, Brasil, DERACRE"
2024,RIO BRANCO,1,804,ESCOLA ROBERTO SANCHES MUBARAC,3,1872,"RIO BRANCO, Acre, Brasil, ESCOLA ROBERTO SANCHES MUBARAC"
2024,RIO BRANCO,9,409,UFAC - UNIVERSIDADE FEDERAL DO ACRE,5,1198,"RIO BRANCO, Acre, Brasil, UFAC - UNIVERSIDADE FEDERAL DO ACRE"
2024,RIO BRANCO,9,318,IEPTEC - ANTIGO INSTITUTO FEDERAL DO ACRE - IFAC -  BAIXADA,4,1023,"RIO BRANCO, Acre, Brasil, IEPTEC - ANTIGO INSTITUTO FEDERAL DO ACRE - IFAC -  BAIXADA"
2024,RIO BRANCO,1,147,ACREPREVIDÊNCIA,10,2828,"RIO BRANCO, Acre, Brasil, ACREPREVIDÊNCIA"
2024,RIO BRANCO,9,117,ESCOLA PÚBLICA HELOÍSA MOURÃO MARQUES,6,1015,"RIO BRANCO, Acre, Brasil, ESCOLA PÚBLICA HELOÍSA MOURÃO MARQUES"
2024,RIO BRANCO,1,711,ESCOLA THEODOLINA FALCAO MACEDO,5,3506,"RIO BRANCO, Acre, Brasil, ESCOLA THEODOLINA FALCAO MACEDO"
2024,RIO BRANCO,1,829,ESCOLA FREI ANDRÉ MARIA FICARELLI,2,3778,"RIO BRANCO, Acre, Brasil, ESCOLA FREI ANDRÉ MARIA FICARELLI"
2024,RIO BRANCO,1,767,ESCOLA DR. MARIO DE OLIVEIRA,10,3700,"RIO BRANCO, Acre, Brasil, ESCOLA DR. MARIO DE OLIVEIRA"
2024,RIO BRANCO,1,695,ESCOLA GLÓRIA PEREZ,5,3468,"RIO BRANCO, Acre, Brasil, ESCOLA GLÓRIA PEREZ"
2024,RIO BRANCO,1,652,ESCOLA ESTADUAL RAIMUNDO HERMINIO DE MELO,11,3328,"RIO BRANCO, Acre, Brasil, ESCOLA ESTADUAL RAIMUNDO HERMINIO DE MELO"
2024,RIO BRANCO,9,270,ESCOLA TÉCNICA DE SAÚDE MARIA MOREIRA DA ROCHA,6,2410,"RIO BRANCO, Acre, Brasil, ESCOLA TÉCNICA DE SAÚDE MARIA MOREIRA DA ROCHA"
2024,RIO BRANCO,1,270,ESCOLA MUNICIPAL RAIMUNDO HERMINIO DE MELO,6,1848,"RIO BRANCO, Acre, Brasil, ESCOLA MUNICIPAL RAIMUNDO HERMINIO DE MELO"
2024,RIO BRANCO,1,366,ESCOLA MADRE HILDEBRANDA DO PRA,1,2089,"RIO BRANCO, Acre, Brasil, ESCOLA MADRE HILDEBRANDA DO PRA"
2024,RIO BRANCO,9,342,ESCOLA PROFESSORA IONE PORTELA DA COSTA CASAS,7,2135,"RIO BRANCO, Acre, Brasil, ESCOLA PROFESSORA IONE PORTELA DA COSTA CASAS"
2024,RIO BRANCO,9,323,ASSOC. COMERCIAL - ACISA,10,2070,"RIO BRANCO, Acre, Brasil, ASSOC. COMERCIAL - ACISA"
2024,RIO BRANCO,1,330,ESCOLA MADRE HILDEBRANDA DO PRA,2,2089,"RIO BRANCO, Acre, Brasil, ESCOLA MADRE HILDEBRANDA DO PRA"
2024,RIO BRANCO,1,786,INSTITUTO FEDERAL DO ACRE - IFAC,7,3751,"RIO BRANCO, Acre, Brasil, INSTITUTO FEDERAL DO ACRE - IFAC"
2024,RIO BRANCO,1,316,ESCOLA RURAL ERCÍLIA FEITOSA GOMES,16,1759,"RIO BRANCO, Acre, Brasil, ESCOLA RURAL ERCÍLIA FEITOSA GOMES"
2024,RIO BRANCO,1,494,ESCOLA PAULO FREIRE,3,2542,"RIO BRANCO, Acre, Brasil, ESCOLA PAULO FREIRE"
2024,RIO BRANCO,9,362,ESCOLA MUNICIPAL ANICE DIB JATENE,1,2208,"RIO BRANCO, Acre, Brasil, ESCOLA MUNICIPAL ANICE DIB JATENE"
2024,RIO BRANCO,9,118,CEMEAC - CENTRO DE MÍDIAS EDU. DO ACRE (ANT. ESCOLA DARCY VARGAS),7,1228,"RIO BRANCO, Acre, Brasil, CEMEAC - CENTRO DE MÍDIAS EDU. DO ACRE (ANT. ESCOLA DARCY VARGAS)"
2024,RIO BRANCO,1,187,OCA RIO BRANCO,19,1066,"RIO BRANCO, Acre, Brasil, OCA RIO BRANCO"
2024,RIO BRANCO,1,672,ESCOLA BERTA VIEIRA DE ANDRADE,4,3379,"RIO BRANCO, Acre, Brasil, ESCOLA BERTA VIEIRA DE ANDRADE"
2024,RIO BRANCO,1,416,ESCOLA ANTONIA FERNANDES DE FREITAS,3,2470,"RIO BRANCO, Acre, Brasil, ESCOLA ANTONIA FERNANDES DE FREITAS"
2024,RIO BRANCO,1,668,ESCOLA  MOZART DONIZETE,4,3360,"RIO BRANCO, Acre, Brasil, ESCOLA  MOZART DONIZETE"
2024,RIO BRANCO,1,278,PALACIO DAS SECRETARIAS,9,1490,"RIO BRANCO, Acre, Brasil, PALACIO DAS SECRETARIAS"
2024,RIO BRANCO,1,63,ESCOLA DR. CARLOS VASCONCELOS,3,1236,"RIO BRANCO, Acre, Brasil, ESCOLA DR. CARLOS VASCONCELOS"
2024,RIO BRANCO,9,392,ESCOLA AME (ASSOCIAÇÃO MODERNA DE ENSINO),7,2313,"RIO BRANCO, Acre, Brasil, ESCOLA AME (ASSOCIAÇÃO MODERNA DE ENSINO)"
2024,RIO BRANCO,9,383,ESCOLA CHRIZARUBINA LEITÃO ABRAÃO,10,2283,"RIO BRANCO, Acre, Brasil, ESCOLA CHRIZARUBINA LEITÃO ABRAÃO"
2024,RIO BRANCO,1,47,ESCOLA MUNICIPAL RAIMUNDO HERMINIO DE MELO,4,1848,"RIO BRANCO, Acre, Brasil, ESCOLA MUNICIPAL RAIMUNDO HERMINIO DE MELO"
2024,RIO BRANCO,1,827,SEST/SENAT,5,2690,"RIO BRANCO, Acre, Brasil, SEST/SENAT"
2024,RIO BRANCO,9,357,ESCOLA DOUTOR JOÃO AGUIAR,6,2186,"RIO BRANCO, Acre, Brasil, ESCOLA DOUTOR JOÃO AGUIAR"
2024,RIO BRANCO,9,184,ESCOLA ALMADA BRITO,6,1724,"RIO BRANCO, Acre, Brasil, ESCOLA ALMADA BRITO"
2024,RIO BRANCO,9,272,SMZC - SECRETARIA MUNICIPAL E ZELADORIA DA CIDADE,5,1325,"RIO BRANCO, Acre, Brasil, SMZC - SECRETARIA MUNICIPAL E ZELADORIA DA CIDADE"
2024,RIO BRANCO,1,848,CEJA - SÃO FRANCISCO,4,3565,"RIO BRANCO, Acre, Brasil, CEJA - SÃO FRANCISCO"
2024,RIO BRANCO,9,113,SMZC - SECRETARIA MUNICIPAL E ZELADORIA DA CIDADE,4,1325,"RIO BRANCO, Acre, Brasil, SMZC - SECRETARIA MUNICIPAL E ZELADORIA DA CIDADE"
2024,RIO BRANCO,9,464,COLÉGIO MILITAR TIRADENTES,5,2380,"RIO BRANCO, Acre, Brasil, COLÉGIO MILITAR TIRADENTES"
2024,RIO BRANCO,9,273,ESCOLA IRMÃ MARIA GABRIELA SOARES,6,1643,"RIO BRANCO, Acre, Brasil, ESCOLA IRMÃ MARIA GABRIELA SOARES"
2024,RIO BRANCO,9,405,FACULDADE UNINORTE,10,1899,"RIO BRANCO, Acre, Brasil, FACULDADE UNINORTE"
2024,RIO BRANCO,9,438,FACULDADE UNINORTE,7,1899,"RIO BRANCO, Acre, Brasil, FACULDADE UNINORTE"
2024,RIO BRANCO,9,456,COLÉGIO MILITAR TIRADENTES,4,2380,"RIO BRANCO, Acre, Brasil, COLÉGIO MILITAR TIRADENTES"
2024,RIO BRANCO,1,528,ESCOLA DE EDUCAÇÃO INFANTIL WILLY VIANA DAS NEVES,1,2984,"RIO BRANCO, Acre, Brasil, ESCOLA DE EDUCAÇÃO INFANTIL WILLY VIANA DAS NEVES"
2024,RIO BRANCO,1,288,SENAI,9,2054,"RIO BRANCO, Acre, Brasil, SENAI"
2024,RIO BRANCO,1,148,ACREPREVIDÊNCIA,9,2828,"RIO BRANCO, Acre, Brasil, ACREPREVIDÊNCIA"
2024,RIO BRANCO,1,26,FORUM BARAO DO RIO BRANCO,10,1708,"RIO BRANCO, Acre, Brasil, FORUM BARAO DO RIO BRANCO"
2024,RIO BRANCO,9,377,CONAB - COMPANHIA NACIONAL DE ABASTECIMENTO,5,2259,"RIO BRANCO, Acre, Brasil, CONAB - COMPANHIA NACIONAL DE ABASTECIMENTO"
2024,RIO BRANCO,1,666,ESCOLA  MOZART DONIZETE,7,3360,"RIO BRANCO, Acre, Brasil, ESCOLA  MOZART DONIZETE"
2024,RIO BRANCO,1,657,ESCOLA PROFESSORA CLÍCIA GADELHA,6,3344,"RIO BRANCO, Acre, Brasil, ESCOLA PROFESSORA CLÍCIA GADELHA"
2024,RIO BRANCO,9,302,ESCOLA PÚBLICA RAIMUNDO GOMES DE OLIVEIRA,5,1333,"RIO BRANCO, Acre, Brasil, ESCOLA PÚBLICA RAIMUNDO GOMES DE OLIVEIRA"
2024,RIO BRANCO,9,12,ESCOLA INFANTIL MONTEIRO LOBATO,10,1368,"RIO BRANCO, Acre, Brasil, ESCOLA INFANTIL MONTEIRO LOBATO"
2024,RIO BRANCO,9,45,ESCOLA PADRE DIOGO FEIJÓ,11,1082,"RIO BRANCO, Acre, Brasil, ESCOLA PADRE DIOGO FEIJÓ"
2024,RIO BRANCO,9,424,ESCOLA MUNICIPAL ANICE DIB JATENE,1,2208,"RIO BRANCO, Acre, Brasil, ESCOLA MUNICIPAL ANICE DIB JATENE"
2024,RIO BRANCO,9,406,ESCOLA DOUTOR SANTIAGO DANTAS,9,1902,"RIO BRANCO, Acre, Brasil, ESCOLA DOUTOR SANTIAGO DANTAS"
2024,RIO BRANCO,9,178,CRAS SOBRAL - CENTRO DE REFERENCIA DE ASSISTENCIA SOCIAL,4,1830,"RIO BRANCO, Acre, Brasil, CRAS SOBRAL - CENTRO DE REFERENCIA DE ASSISTENCIA SOCIAL"
2024,RIO BRANCO,9,258,ESCOLA HENRIQUE LIMA,4,1201,"RIO BRANCO, Acre, Brasil, ESCOLA HENRIQUE LIMA"
2024,RIO BRANCO,1,794,ESCOLA RURAL BEIJA-FLOR,2,2844,"RIO BRANCO, Acre, Brasil, ESCOLA RURAL BEIJA-FLOR"
2024,RIO BRANCO,1,419,SECRETARIA DE ESTADO DE MEIO AMBIENTE - SEMA,6,2755,"RIO BRANCO, Acre, Brasil, SECRETARIA DE ESTADO DE MEIO AMBIENTE - SEMA"
2024,RIO BRANCO,9,27,ESCOLA LOURIVAL SOMBRA,6,1058,"RIO BRANCO, Acre, Brasil, ESCOLA LOURIVAL SOMBRA"
2024,RIO BRANCO,9,91,ESCOLA SHEILA MARIA NASSERALA,10,1210,"RIO BRANCO, Acre, Brasil, ESCOLA SHEILA MARIA NASSERALA"
2024,RIO BRANCO,9,401,ESCOLA ISMAEL GOMES DE CARVALHO,4,2330,"RIO BRANCO, Acre, Brasil, ESCOLA ISMAEL GOMES DE CARVALHO"
2024,RIO BRANCO,9,370,ESCOLA EUFROSINA SILVA OLIVEIRA,1,2224,"RIO BRANCO, Acre, Brasil, ESCOLA EUFROSINA SILVA OLIVEIRA"
2024,RIO BRANCO,9,119,ESCOLA JOSÉ SALES DE ARAÚJO,9,1260,"RIO BRANCO, Acre, Brasil, ESCOLA JOSÉ SALES DE ARAÚJO"
2024,RIO BRANCO,1,719,SECRETARIA MUNICIPAL DE INFRAESTRUTURA E MOBILIDADE URBANA - SEINFRA,11,3956,"RIO BRANCO, Acre, Brasil, SECRETARIA MUNICIPAL DE INFRAESTRUTURA E MOBILIDADE URBANA - SEINFRA"
2024,RIO BRANCO,1,723,ESCOLA MARIA LÚCIA MOURA MARIN,7,3549,"RIO BRANCO, Acre, Brasil, ESCOLA MARIA LÚCIA MOURA MARIN"
2024,RIO BRANCO,1,272,COLÉGIO ESTADUAL BARÃO DO RIO BRANCO,5,1031,"RIO BRANCO, Acre, Brasil, COLÉGIO ESTADUAL BARÃO DO RIO BRANCO"
2024,RIO BRANCO,9,69,ESCOLA PÚBLICA ALCIMAR LEITÃO,9,1147,"RIO BRANCO, Acre, Brasil, ESCOLA PÚBLICA ALCIMAR LEITÃO"
2024,RIO BRANCO,1,13,SUPERINTENDÊNCIA DO MINISTÉRIO DO TRABALHO,13,1961,"RIO BRANCO, Acre, Brasil, SUPERINTENDÊNCIA DO MINISTÉRIO DO TRABALHO"
2024,RIO BRANCO,9,107,ESCOLA FLAVIANO FLÁVIO BAPTISTA,2,1635,"RIO BRANCO, Acre, Brasil, ESCOLA FLAVIANO FLÁVIO BAPTISTA"
2024,RIO BRANCO,1,485,ESCOLA PAULO FREIRE,3,2542,"RIO BRANCO, Acre, Brasil, ESCOLA PAULO FREIRE"
2024,RIO BRANCO,9,245,ESCOLA TANCREDO NEVES,6,1104,"RIO BRANCO, Acre, Brasil, ESCOLA TANCREDO NEVES"
2024,RIO BRANCO,1,511,ESCOLA RURAL ERCÍLIA FEITOSA GOMES,13,1759,"RIO BRANCO, Acre, Brasil, ESCOLA RURAL ERCÍLIA FEITOSA GOMES"
2024,RIO BRANCO,1,468,ESCOLA BENFICA,6,2674,"RIO BRANCO, Acre, Brasil, ESCOLA BENFICA"
2024,RIO BRANCO,1,790,ESCOLA MUNICIPAL LUIZA CARNEIRO DANTAS,4,3573,"RIO BRANCO, Acre, Brasil, ESCOLA MUNICIPAL LUIZA CARNEIRO DANTAS"
2024,RIO BRANCO,1,164,MUSEU DOS POVOS ACREANOS,4,2100,"RIO BRANCO, Acre, Brasil, MUSEU DOS POVOS ACREANOS"
2024,RIO BRANCO,9,284,ESCOLA BOA UNIÃO,9,1740,"RIO BRANCO, Acre, Brasil, ESCOLA BOA UNIÃO"
2024,RIO BRANCO,9,455,ESCOLA DE ENSINO FUNDAMENTAL DO SERVIÇO SOCIAL DA INDÚSTRIA - SESI,3,2100,"RIO BRANCO, Acre, Brasil, ESCOLA DE ENSINO FUNDAMENTAL DO SERVIÇO SOCIAL DA INDÚSTRIA - SESI"
2024,RIO BRANCO,1,27,COLÉGIO ESTADUAL BARÃO DO RIO BRANCO,6,1031,"RIO BRANCO, Acre, Brasil, COLÉGIO ESTADUAL BARÃO DO RIO BRANCO"
2024,RIO BRANCO,9,169,ESCOLA FRANCISCO SALGADO FILHO,7,1031,"RIO BRANCO, Acre, Brasil, ESCOLA FRANCISCO SALGADO FILHO"
2024,RIO BRANCO,9,231,ESCOLA PÚBLICA ALCIMAR LEITÃO,8,1147,"RIO BRANCO, Acre, Brasil, ESCOLA PÚBLICA ALCIMAR LEITÃO"
2024,RIO BRANCO,1,271,COLEGIO ACREANO,16,1139,"RIO BRANCO, Acre, Brasil, COLEGIO ACREANO"
2024,RIO BRANCO,9,14,ESCOLA INFANTIL MONTEIRO LOBATO,8,1368,"RIO BRANCO, Acre, Brasil, ESCOLA INFANTIL MONTEIRO LOBATO"
2024,RIO BRANCO,1,784,INSTITUTO FEDERAL DO ACRE - IFAC,15,3751,"RIO BRANCO, Acre, Brasil, INSTITUTO FEDERAL DO ACRE - IFAC"
2024,RIO BRANCO,9,140,ESCOLA FREI THIAGO MARIA MATIOLI,8,1627,"RIO BRANCO, Acre, Brasil, ESCOLA FREI THIAGO MARIA MATIOLI"
2024,RIO BRANCO,9,125,ESCOLA MUNICIPAL ANGELINA GONÇALVES DE SOUZA,5,1040,"RIO BRANCO, Acre, Brasil, ESCOLA MUNICIPAL ANGELINA GONÇALVES DE SOUZA"
2024,RIO BRANCO,1,480,ESCOLA JOAO MARIANO,1,1856,"RIO BRANCO, Acre, Brasil, ESCOLA JOAO MARIANO"
2024,RIO BRANCO,1,546,ESCOLA PROF RAIMUNDA SILVA PARÁ,2,2895,"RIO BRANCO, Acre, Brasil, ESCOLA PROF RAIMUNDA SILVA PARÁ"
2024,RIO BRANCO,1,713,ESCOLA THEODOLINA FALCAO MACEDO,6,3506,"RIO BRANCO, Acre, Brasil, ESCOLA THEODOLINA FALCAO MACEDO"
2024,RIO BRANCO,1,422,ESCOLA MARIA ANGÉLICA DE CASTRO,4,2569,"RIO BRANCO, Acre, Brasil, ESCOLA MARIA ANGÉLICA DE CASTRO"
2024,RIO BRANCO,1,64,ESCOLA DR. CARLOS VASCONCELOS,2,1236,"RIO BRANCO, Acre, Brasil, ESCOLA DR. CARLOS VASCONCELOS"
2024,RIO BRANCO,1,650,ESCOLA ESTADUAL RAIMUNDO HERMINIO DE MELO,12,3328,"RIO BRANCO, Acre, Brasil, ESCOLA ESTADUAL RAIMUNDO HERMINIO DE MELO"
2024,RIO BRANCO,9,87,ESCOLA HENRIQUE LIMA,12,1201,"RIO BRANCO, Acre, Brasil, ESCOLA HENRIQUE LIMA"
2024,RIO BRANCO,9,435,COLÉGIO MILITAR TIRADENTES,4,2380,"RIO BRANCO, Acre, Brasil, COLÉGIO MILITAR TIRADENTES"
2024,RIO BRANCO,1,768,ESCOLA DR. MARIO DE OLIVEIRA,11,3700,"RIO BRANCO, Acre, Brasil, ESCOLA DR. MARIO DE OLIVEIRA"
2024,RIO BRANCO,9,385,ESCOLA JOELMA OLIVEIRA DE LIMA,3,2097,"RIO BRANCO, Acre, Brasil, ESCOLA JOELMA OLIVEIRA DE LIMA"
2024,RIO BRANCO,1,512,IDAF - VILA ACRE,7,2810,"RIO BRANCO, Acre, Brasil, IDAF - VILA ACRE"
2024,RIO BRANCO,9,222,ESCOLA GOVERNADOR JOSÉ AUGUSTO,7,1732,"RIO BRANCO, Acre, Brasil, ESCOLA GOVERNADOR JOSÉ AUGUSTO"
2024,RIO BRANCO,9,75,IBAMA,10,1562,"RIO BRANCO, Acre, Brasil, IBAMA"
2024,RIO BRANCO,1,489,ESCOLA RURAL SÃO PEDRO I,1,2771,"RIO BRANCO, Acre, Brasil, ESCOLA RURAL SÃO PEDRO I"
2024,RIO BRANCO,1,178,SEINFRA - SECRETARIA DE ESTADO DE INFRAESTRUTURA,2,1589,"RIO BRANCO, Acre, Brasil, SEINFRA - SECRETARIA DE ESTADO DE INFRAESTRUTURA"
2024,RIO BRANCO,1,732,INSTITUTO DE EDUCACAO LOURENCO FILHO,10,3581,"RIO BRANCO, Acre, Brasil, INSTITUTO DE EDUCACAO LOURENCO FILHO"
2024,RIO BRANCO,1,674,ESCOLA BERTA VIEIRA DE ANDRADE,5,3379,"RIO BRANCO, Acre, Brasil, ESCOLA BERTA VIEIRA DE ANDRADE"
2024,RIO BRANCO,1,534,COLÉGIO MILITAR DOM PEDRO II,2,3840,"RIO BRANCO, Acre, Brasil, COLÉGIO MILITAR DOM PEDRO II"
2024,RIO BRANCO,9,444,ESCOLA ARACY CERQUEIRA,6,1694,"RIO BRANCO, Acre, Brasil, ESCOLA ARACY CERQUEIRA"
2024,RIO BRANCO,1,781,ESCOLA PADRE CARLOS CASAVECCHIA,4,3743,"RIO BRANCO, Acre, Brasil, ESCOLA PADRE CARLOS CASAVECCHIA"
2024,RIO BRANCO,1,10,PREFEITURA MUNICIPAL DE RIO BRANCO,8,1090,"RIO BRANCO, Acre, Brasil, PREFEITURA MUNICIPAL DE RIO BRANCO"
2024,RIO BRANCO,1,648,ESCOLA SAMUEL BARREIRA,7,3310,"RIO BRANCO, Acre, Brasil, ESCOLA SAMUEL BARREIRA"
2024,RIO BRANCO,9,110,ESCOLA MARIA RAIMUNDA BALBINO DA SILVA,11,1295,"RIO BRANCO, Acre, Brasil, ESCOLA MARIA RAIMUNDA BALBINO DA SILVA"
2024,RIO BRANCO,1,728,CEJA - SÃO FRANCISCO,2,3565,"RIO BRANCO, Acre, Brasil, CEJA - SÃO FRANCISCO"
2024,RIO BRANCO,1,14,CENTRO DE EDUCAÇÃO DE JOVENS E ADULTOS - CEJA CENTRO,10,1074,"RIO BRANCO, Acre, Brasil, CENTRO DE EDUCAÇÃO DE JOVENS E ADULTOS - CEJA CENTRO"
2024,RIO BRANCO,1,745,ESCOLA HUMBERTO SOARES,3,3492,"RIO BRANCO, Acre, Brasil, ESCOLA HUMBERTO SOARES"
2024,RIO BRANCO,1,727,CEJA - SÃO FRANCISCO,5,3565,"RIO BRANCO, Acre, Brasil, CEJA - SÃO FRANCISCO"
2024,RIO BRANCO,1,472,ESCOLA DUQUE DE CAXIAS,2,2720,"RIO BRANCO, Acre, Brasil, ESCOLA DUQUE DE CAXIAS"
2024,RIO BRANCO,9,35,ESCOLA MUNICIPAL ANGELINA GONÇALVES DE SOUZA,6,1040,"RIO BRANCO, Acre, Brasil, ESCOLA MUNICIPAL ANGELINA GONÇALVES DE SOUZA"
2024,RIO BRANCO,9,23,ESCOLA FRANCISCO AUGUSTO BACURAU,5,1384,"RIO BRANCO, Acre, Brasil, ESCOLA FRANCISCO AUGUSTO BACURAU"
2024,RIO BRANCO,9,168,SECRETARIA DE EDUCAÇÃO E CULTURA,4,1112,"RIO BRANCO, Acre, Brasil, SECRETARIA DE EDUCAÇÃO E CULTURA"
2024,RIO BRANCO,1,751,COHAB-ACRE,7,3646,"RIO BRANCO, Acre, Brasil, COHAB-ACRE"
2024,RIO BRANCO,9,131,ESCOLA MUN PROF TEREZINHA MIGUÉIS (PROJ. FIGUEIRA - INCRA),2,1317,"RIO BRANCO, Acre, Brasil, ESCOLA MUN PROF TEREZINHA MIGUÉIS (PROJ. FIGUEIRA - INCRA)"
2024,RIO BRANCO,1,676,IDAF - AVIÁRIO,8,3387,"RIO BRANCO, Acre, Brasil, IDAF - AVIÁRIO"
2024,RIO BRANCO,9,189,ESCOLA PADRE DIOGO FEIJÓ,17,1082,"RIO BRANCO, Acre, Brasil, ESCOLA PADRE DIOGO FEIJÓ"
2024,RIO BRANCO,9,151,ESCOLA FRANCISCO AUGUSTO BACURAU,9,1384,"RIO BRANCO, Acre, Brasil, ESCOLA FRANCISCO AUGUSTO BACURAU"
2024,RIO BRANCO,9,229,ESCOLA JOÃO PAULO II,3,1252,"RIO BRANCO, Acre, Brasil, ESCOLA JOÃO PAULO II"
2024,RIO BRANCO,1,447,ESCOLA ZULEIDE PEREIRA DE SOUZA,5,1996,"RIO BRANCO, Acre, Brasil, ESCOLA ZULEIDE PEREIRA DE SOUZA"
2024,RIO BRANCO,1,708,ESCOLA HUMBERTO SOARES,2,3492,"RIO BRANCO, Acre, Brasil, ESCOLA HUMBERTO SOARES"
2024,RIO BRANCO,1,465,ESCOLA JOSE CHALUB LEITE,4,2577,"RIO BRANCO, Acre, Brasil, ESCOLA JOSE CHALUB LEITE"
2024,RIO BRANCO,9,157,ESCOLA INFANTIL MONTEIRO LOBATO,10,1368,"RIO BRANCO, Acre, Brasil, ESCOLA INFANTIL MONTEIRO LOBATO"
2024,RIO BRANCO,1,818,ESCOLA MAURICILA SANTANA,4,2780,"RIO BRANCO, Acre, Brasil, ESCOLA MAURICILA SANTANA"
2024,RIO BRANCO,1,507,CENTRO DE SAUDE CLAUDIA VITORINO,4,2836,"RIO BRANCO, Acre, Brasil, CENTRO DE SAUDE CLAUDIA VITORINO"
2024,RIO BRANCO,1,261,ESCOLA JOAO MARIANO,3,1856,"RIO BRANCO, Acre, Brasil, ESCOLA JOAO MARIANO"
2024,RIO BRANCO,9,346,CRECHE MUNICIPAL JAIRO JUNIOR,6,2151,"RIO BRANCO, Acre, Brasil, CRECHE MUNICIPAL JAIRO JUNIOR"
2024,RIO BRANCO,1,484,ESCOLA BENFICA,8,2674,"RIO BRANCO, Acre, Brasil, ESCOLA BENFICA"
2024,RIO BRANCO,1,791,ESCOLA MUNICIPAL CHICO MENDES,10,2933,"RIO BRANCO, Acre, Brasil, ESCOLA MUNICIPAL CHICO MENDES"
2024,RIO BRANCO,9,41,ESCOLA NATALINO DA SILVEIRA BRITO,11,1074,"RIO BRANCO, Acre, Brasil, ESCOLA NATALINO DA SILVEIRA BRITO"
2024,RIO BRANCO,1,182,ESCOLA LOURIVAL PINHO,11,1643,"RIO BRANCO, Acre, Brasil, ESCOLA LOURIVAL PINHO"
2024,RIO BRANCO,1,824,ESCOLA PROFESSORA CLÍCIA GADELHA,8,3344,"RIO BRANCO, Acre, Brasil, ESCOLA PROFESSORA CLÍCIA GADELHA"
2024,RIO BRANCO,9,251,ESCOLA HENRIQUE LIMA,5,1201,"RIO BRANCO, Acre, Brasil, ESCOLA HENRIQUE LIMA"
2024,RIO BRANCO,9,226,ESCOLA ARMANDO NOGUEIRA,14,1678,"RIO BRANCO, Acre, Brasil, ESCOLA ARMANDO NOGUEIRA"
2024,RIO BRANCO,9,170,ESCOLA INFANTIL VALDIVA DE CASTRO DOS SANTOS,4,2038,"RIO BRANCO, Acre, Brasil, ESCOLA INFANTIL VALDIVA DE CASTRO DOS SANTOS"
2024,RIO BRANCO,9,311,ESCOLA TÉCNICA DE SAÚDE MARIA MOREIRA DA ROCHA,5,2410,"RIO BRANCO, Acre, Brasil, ESCOLA TÉCNICA DE SAÚDE MARIA MOREIRA DA ROCHA"
2024,RIO BRANCO,1,83,ESCOLA ESTADUAL PROFESSORA TEREZINHA MIGUÉIS,5,1295,"RIO BRANCO, Acre, Brasil, ESCOLA ESTADUAL PROFESSORA TEREZINHA MIGUÉIS"
2024,RIO BRANCO,1,779,ESCOLA PADRE CARLOS CASAVECCHIA,8,3743,"RIO BRANCO, Acre, Brasil, ESCOLA PADRE CARLOS CASAVECCHIA"
2024,RIO BRANCO,9,172,ESCOLA LUIZA BATISTA DE SOUZA,3,1066,"RIO BRANCO, Acre, Brasil, ESCOLA LUIZA BATISTA DE SOUZA"
2024,RIO BRANCO,1,813,ESCOLA ESTADUAL IZA MELLO,11,3433,"RIO BRANCO, Acre, Brasil, ESCOLA ESTADUAL IZA MELLO"
2024,RIO BRANCO,1,815,ESCOLA FREI ANDRÉ MARIA FICARELLI,4,3786,"RIO BRANCO, Acre, Brasil, ESCOLA FREI ANDRÉ MARIA FICARELLI"
2024,RIO BRANCO,1,564,"MINISTÉRIO DA AGRICULTURA, PECUÁRIA E ABASTECIMENTO - MAPA",5,3034,"RIO BRANCO, Acre, Brasil, MINISTÉRIO DA AGRICULTURA, PECUÁRIA E ABASTECIMENTO - MAPA"
2024,RIO BRANCO,9,18,ESCOLA FRANCISCO SALGADO FILHO,7,1031,"RIO BRANCO, Acre, Brasil, ESCOLA FRANCISCO SALGADO FILHO"
2024,RIO BRANCO,9,174,ESCOLA GOVERNADOR JOSÉ AUGUSTO,4,1732,"RIO BRANCO, Acre, Brasil, ESCOLA GOVERNADOR JOSÉ AUGUSTO"
2024,RIO BRANCO,9,316,ESCOLA ESTADUAL EDILSON FAÇANHA,5,1937,"RIO BRANCO, Acre, Brasil, ESCOLA ESTADUAL EDILSON FAÇANHA"
2024,RIO BRANCO,9,183,ESCOLA JUVENAL ANTUNES,3,1589,"RIO BRANCO, Acre, Brasil, ESCOLA JUVENAL ANTUNES"
2024,RIO BRANCO,1,816,ESCOLA MANOEL MACHADO,11,3093,"RIO BRANCO, Acre, Brasil, ESCOLA MANOEL MACHADO"
2024,RIO BRANCO,9,132,ESCOLA FRANCISCO DE PAULA LEITE OITICICA,6,1538,"RIO BRANCO, Acre, Brasil, ESCOLA FRANCISCO DE PAULA LEITE OITICICA"
2024,RIO BRANCO,9,149,ASSOCIAÇÃO DE PAIS E AMIGOS DOS EXCEPCIONAIS - APAE,14,1430,"RIO BRANCO, Acre, Brasil, ASSOCIAÇÃO DE PAIS E AMIGOS DOS EXCEPCIONAIS - APAE"
2024,RIO BRANCO,1,248,SECRETARIA DE ESTADO DE MEIO AMBIENTE - SEMA,12,1694,"RIO BRANCO, Acre, Brasil, SECRETARIA DE ESTADO DE MEIO AMBIENTE - SEMA"
2024,RIO BRANCO,9,188,ESCOLA MUNICIPAL ANGELINA GONÇALVES DE SOUZA,6,1040,"RIO BRANCO, Acre, Brasil, ESCOLA MUNICIPAL ANGELINA GONÇALVES DE SOUZA"
2024,RIO BRANCO,1,457,ESCOLA CLARISSE FECURY,1,3174,"RIO BRANCO, Acre, Brasil, ESCOLA CLARISSE FECURY"
2024,RIO BRANCO,1,570,ESCOLA CASTELO BRANCO,11,3255,"RIO BRANCO, Acre, Brasil, ESCOLA CASTELO BRANCO"
2024,RIO BRANCO,1,653,ESCOLA ESTADUAL RAIMUNDO HERMINIO DE MELO,9,3328,"RIO BRANCO, Acre, Brasil, ESCOLA ESTADUAL RAIMUNDO HERMINIO DE MELO"
2024,RIO BRANCO,1,439,ESCOLA ESTADUAL PROFESSORA TEREZINHA MIGUÉIS,4,1295,"RIO BRANCO, Acre, Brasil, ESCOLA ESTADUAL PROFESSORA TEREZINHA MIGUÉIS"
2024,RIO BRANCO,9,306,URAP - AUGUSTO HIDALGO DE LIMA,9,1759,"RIO BRANCO, Acre, Brasil, URAP - AUGUSTO HIDALGO DE LIMA"
2024,RIO BRANCO,1,753,INSTITUTO ÁGUIAS DO SABER,7,3859,"RIO BRANCO, Acre, Brasil, INSTITUTO ÁGUIAS DO SABER"
2024,RIO BRANCO,1,805,ESCOLA MUNICIPAL MONTE CASTELO,2,3247,"RIO BRANCO, Acre, Brasil, ESCOLA MUNICIPAL MONTE CASTELO"
2024,RIO BRANCO,1,717,SENAC,7,3522,"RIO BRANCO, Acre, Brasil, SENAC"
2024,RIO BRANCO,9,289,ESCOLA ALMADA BRITO,3,1724,"RIO BRANCO, Acre, Brasil, ESCOLA ALMADA BRITO"
2024,RIO BRANCO,9,243,ESCOLA EST. DALVA DE SOUZA DAS NEVES (TRANSACREANA),4,2429,"RIO BRANCO, Acre, Brasil, ESCOLA EST. DALVA DE SOUZA DAS NEVES (TRANSACREANA)"
2024,RIO BRANCO,9,361,ESCOLA MUNICIPAL ANICE DIB JATENE,6,2208,"RIO BRANCO, Acre, Brasil, ESCOLA MUNICIPAL ANICE DIB JATENE"
2024,RIO BRANCO,1,30,OCA RIO BRANCO,3,1066,"RIO BRANCO, Acre, Brasil, OCA RIO BRANCO"
2024,RIO BRANCO,1,77,ESCOLA MENINO JESUS,11,1279,"RIO BRANCO, Acre, Brasil, ESCOLA MENINO JESUS"
2024,RIO BRANCO,1,264,ESCOLA MENINO JESUS,9,1279,"RIO BRANCO, Acre, Brasil, ESCOLA MENINO JESUS"
2024,RIO BRANCO,1,401,SECRETARIA DE ESTADO DE EDUCAÇÃO (ANTIGO SEBRAE),9,1600,"RIO BRANCO, Acre, Brasil, SECRETARIA DE ESTADO DE EDUCAÇÃO (ANTIGO SEBRAE)"
2024,RIO BRANCO,1,789,ESCOLA PROF RAIMUNDA SILVA PARÁ,2,2895,"RIO BRANCO, Acre, Brasil, ESCOLA PROF RAIMUNDA SILVA PARÁ"
2024,RIO BRANCO,9,255,FUNDAÇÃO BRADESCO,8,1708,"RIO BRANCO, Acre, Brasil, FUNDAÇÃO BRADESCO"
2024,RIO BRANCO,1,729,ESCOLA MUNICIPAL LUIZA CARNEIRO DANTAS,6,3573,"RIO BRANCO, Acre, Brasil, ESCOLA MUNICIPAL LUIZA CARNEIRO DANTAS"
2024,RIO BRANCO,1,464,SEST/SENAT,6,2690,"RIO BRANCO, Acre, Brasil, SEST/SENAT"
2024,RIO BRANCO,9,193,ESCOLA PÚBLICA ÁUREA PIRES,6,1163,"RIO BRANCO, Acre, Brasil, ESCOLA PÚBLICA ÁUREA PIRES"
2024,RIO BRANCO,9,218,FUNDAÇÃO BRADESCO,10,1708,"RIO BRANCO, Acre, Brasil, FUNDAÇÃO BRADESCO"
2024,RIO BRANCO,1,100,SEINFRA - SECRETARIA DE ESTADO DE INFRAESTRUTURA,3,1589,"RIO BRANCO, Acre, Brasil, SEINFRA - SECRETARIA DE ESTADO DE INFRAESTRUTURA"
2024,RIO BRANCO,1,775,COLÉGIO LATO SENSU,14,3735,"RIO BRANCO, Acre, Brasil, COLÉGIO LATO SENSU"
2024,RIO BRANCO,1,835,INSTITUTO DE EDUCACAO LOURENCO FILHO,11,3581,"RIO BRANCO, Acre, Brasil, INSTITUTO DE EDUCACAO LOURENCO FILHO"
2024,RIO BRANCO,9,387,ESCOLA ESTADUAL MARIA CHALUB LEITE,9,2305,"RIO BRANCO, Acre, Brasil, ESCOLA ESTADUAL MARIA CHALUB LEITE"
2024,RIO BRANCO,1,477,BIBLIOTECA PÚBLICA ESTADUAL,5,2488,"RIO BRANCO, Acre, Brasil, BIBLIOTECA PÚBLICA ESTADUAL"
2024,RIO BRANCO,1,7,TRIBUNAL REGIONAL DO TRABALHO - TRT,7,2461,"RIO BRANCO, Acre, Brasil, TRIBUNAL REGIONAL DO TRABALHO - TRT"
2024,RIO BRANCO,1,171,PALACIO DAS SECRETARIAS,8,1490,"RIO BRANCO, Acre, Brasil, PALACIO DAS SECRETARIAS"
2024,RIO BRANCO,9,268,ESCOLA MUNICIPAL JOSE POTYGUARA,10,1929,"RIO BRANCO, Acre, Brasil, ESCOLA MUNICIPAL JOSE POTYGUARA"
2024,RIO BRANCO,1,539,ESCOLA DJANIRA BEZERRA DOS REIS,3,2860,"RIO BRANCO, Acre, Brasil, ESCOLA DJANIRA BEZERRA DOS REIS"
2024,RIO BRANCO,9,204,ESCOLA ARMANDO NOGUEIRA,6,1678,"RIO BRANCO, Acre, Brasil, ESCOLA ARMANDO NOGUEIRA"
2024,RIO BRANCO,9,337,ESCOLA PROFESSOR PEDRO MARTINELLO,3,2127,"RIO BRANCO, Acre, Brasil, ESCOLA PROFESSOR PEDRO MARTINELLO"
2024,RIO BRANCO,1,268,ESCOLA GEORGETE ELUAN KALUME,13,1929,"RIO BRANCO, Acre, Brasil, ESCOLA GEORGETE ELUAN KALUME"
2024,RIO BRANCO,9,84,FUNDAÇÃO DO BEM ESTAR SOCIAL DO ACRE - FUNBESA,7,1171,"RIO BRANCO, Acre, Brasil, FUNDAÇÃO DO BEM ESTAR SOCIAL DO ACRE - FUNBESA"
2024,RIO BRANCO,9,319,ESCOLA SAO FRANCISCO DE ASSIS,6,2062,"RIO BRANCO, Acre, Brasil, ESCOLA SAO FRANCISCO DE ASSIS"
2024,RIO BRANCO,1,715,SENAC,8,3522,"RIO BRANCO, Acre, Brasil, SENAC"
2024,RIO BRANCO,1,830,CRECHE MARIA ESTELA MARQUES,12,3794,"RIO BRANCO, Acre, Brasil, CRECHE MARIA ESTELA MARQUES"
2024,RIO BRANCO,1,385,ESCOLA ELIAS MANSOUR,3,2526,"RIO BRANCO, Acre, Brasil, ESCOLA ELIAS MANSOUR"
2024,RIO BRANCO,1,568,ESCOLA MUNICIPAL MONTE CASTELO,3,3247,"RIO BRANCO, Acre, Brasil, ESCOLA MUNICIPAL MONTE CASTELO"
2024,RIO BRANCO,1,337,ESCOLA JOAO MARIANO,3,1856,"RIO BRANCO, Acre, Brasil, ESCOLA JOAO MARIANO"
2024,RIO BRANCO,9,55,SECRETARIA DE EDUCAÇÃO E CULTURA,4,1112,"RIO BRANCO, Acre, Brasil, SECRETARIA DE EDUCAÇÃO E CULTURA"
2024,RIO BRANCO,9,375,CONAB - COMPANHIA NACIONAL DE ABASTECIMENTO,7,2259,"RIO BRANCO, Acre, Brasil, CONAB - COMPANHIA NACIONAL DE ABASTECIMENTO"
2024,RIO BRANCO,9,350,DEFENSORIA PÚBLICA DO ESTADO - DPE,2,2364,"RIO BRANCO, Acre, Brasil, DEFENSORIA PÚBLICA DO ESTADO - DPE"
2024,RIO BRANCO,1,523,UNIDADE DE SAÚDE MARIA DE JESUS DE ANDRADE,2,2950,"RIO BRANCO, Acre, Brasil, UNIDADE DE SAÚDE MARIA DE JESUS DE ANDRADE"
2024,RIO BRANCO,1,490,ESCOLA SANTA MARIA II,4,2801,"RIO BRANCO, Acre, Brasil, ESCOLA SANTA MARIA II"
2024,RIO BRANCO,1,481,ESCOLA SANTO ANTONIO II,10,2666,"RIO BRANCO, Acre, Brasil, ESCOLA SANTO ANTONIO II"
2024,RIO BRANCO,1,426,ESCOLA ELIAS MANSOUR,1,2526,"RIO BRANCO, Acre, Brasil, ESCOLA ELIAS MANSOUR"
2024,RIO BRANCO,1,803,ESCOLA ZULEIDE PEREIRA DE SOUZA,5,1996,"RIO BRANCO, Acre, Brasil, ESCOLA ZULEIDE PEREIRA DE SOUZA"
2024,RIO BRANCO,9,288,ESCOLA MUNICIPAL JOSE POTYGUARA,4,1929,"RIO BRANCO, Acre, Brasil, ESCOLA MUNICIPAL JOSE POTYGUARA"
2024,RIO BRANCO,9,283,ESCOLA ARMANDO NOGUEIRA,7,1678,"RIO BRANCO, Acre, Brasil, ESCOLA ARMANDO NOGUEIRA"
2024,RIO BRANCO,9,138,ESCOLA PÚBLICA RAIMUNDO GOMES DE OLIVEIRA,7,1333,"RIO BRANCO, Acre, Brasil, ESCOLA PÚBLICA RAIMUNDO GOMES DE OLIVEIRA"
2024,RIO BRANCO,9,333,ESCOLA DE ENSINO FUNDAMENTAL DO SERVIÇO SOCIAL DA INDÚSTRIA - SESI,5,2100,"RIO BRANCO, Acre, Brasil, ESCOLA DE ENSINO FUNDAMENTAL DO SERVIÇO SOCIAL DA INDÚSTRIA - SESI"
2024,RIO BRANCO,1,533,SENAI,14,2054,"RIO BRANCO, Acre, Brasil, SENAI"
2024,RIO BRANCO,9,279,ESCOLA ESTADUAL MAJOR JOÃO CÂNCIO,5,2003,"RIO BRANCO, Acre, Brasil, ESCOLA ESTADUAL MAJOR JOÃO CÂNCIO"
2024,RIO BRANCO,9,374,UNIDADE DE SAÚDE DA FAMÍLIA ELPÍDIO MOREIRA SOUZA,5,2240,"RIO BRANCO, Acre, Brasil, UNIDADE DE SAÚDE DA FAMÍLIA ELPÍDIO MOREIRA SOUZA"
2024,RIO BRANCO,1,163,PALACIO DAS SECRETARIAS,6,1490,"RIO BRANCO, Acre, Brasil, PALACIO DAS SECRETARIAS"
2024,RIO BRANCO,1,451,DEPARTAMENTO NACIONAL DE INFRAESTRUTURA E TRANSPORTE - DNIT,4,2585,"RIO BRANCO, Acre, Brasil, DEPARTAMENTO NACIONAL DE INFRAESTRUTURA E TRANSPORTE - DNIT"
2024,RIO BRANCO,1,190,INSTITUTO SAO JOSE,4,1694,"RIO BRANCO, Acre, Brasil, INSTITUTO SAO JOSE"
2024,RIO BRANCO,1,93,ESCOLA PROFESSOR JOSÉ RODRIGUES LEITE (ÉTICA),4,1317,"RIO BRANCO, Acre, Brasil, ESCOLA PROFESSOR JOSÉ RODRIGUES LEITE (ÉTICA)"
2024,RIO BRANCO,9,153,COLÉGIO ALTERNATIVO,12,1422,"RIO BRANCO, Acre, Brasil, COLÉGIO ALTERNATIVO"
2024,RIO BRANCO,9,203,ESCOLA ACREANA DE MÚSICA (ANT CENTRO CULTURAL),8,1767,"RIO BRANCO, Acre, Brasil, ESCOLA ACREANA DE MÚSICA (ANT CENTRO CULTURAL)"
2024,RIO BRANCO,1,694,CENTRO DE SAÚDE VILA IVONETE,2,3450,"RIO BRANCO, Acre, Brasil, CENTRO DE SAÚDE VILA IVONETE"
2024,RIO BRANCO,1,686,ESCOLA LINDAURA MARTINS LEITÃO,4,3425,"RIO BRANCO, Acre, Brasil, ESCOLA LINDAURA MARTINS LEITÃO"
2024,RIO BRANCO,1,726,ESCOLA AGNALDO MORENO (ANTIGA MARILENA MANSOUR),1,3557,"RIO BRANCO, Acre, Brasil, ESCOLA AGNALDO MORENO (ANTIGA MARILENA MANSOUR)"
2024,RIO BRANCO,9,171,ESCOLA JOÃO PAULO I,8,1236,"RIO BRANCO, Acre, Brasil, ESCOLA JOÃO PAULO I"
2024,RIO BRANCO,9,331,ESCOLA DE ENSINO FUNDAMENTAL DO SERVIÇO SOCIAL DA INDÚSTRIA - SESI,7,2100,"RIO BRANCO, Acre, Brasil, ESCOLA DE ENSINO FUNDAMENTAL DO SERVIÇO SOCIAL DA INDÚSTRIA - SESI"
2024,RIO BRANCO,1,159,INSTITUTO IMACULADA CONCEICAO - CENEC,6,1465,"RIO BRANCO, Acre, Brasil, INSTITUTO IMACULADA CONCEICAO - CENEC"
2024,RIO BRANCO,9,404,UNIMETA - ESTÁCIO,2,2020,"RIO BRANCO, Acre, Brasil, UNIMETA - ESTÁCIO"
2024,RIO BRANCO,1,649,ESCOLA ESTADUAL RAIMUNDO HERMINIO DE MELO,16,3328,"RIO BRANCO, Acre, Brasil, ESCOLA ESTADUAL RAIMUNDO HERMINIO DE MELO"
2024,RIO BRANCO,1,659,ESCOLA PROFESSORA CLÍCIA GADELHA,8,3344,"RIO BRANCO, Acre, Brasil, ESCOLA PROFESSORA CLÍCIA GADELHA"
2024,RIO BRANCO,9,44,TRIBUNAL DE CONTAS DO ESTADO DO ACRE,12,1490,"RIO BRANCO, Acre, Brasil, TRIBUNAL DE CONTAS DO ESTADO DO ACRE"
2024,RIO BRANCO,1,667,ESCOLA  MOZART DONIZETE,5,3360,"RIO BRANCO, Acre, Brasil, ESCOLA  MOZART DONIZETE"
2024,RIO BRANCO,1,758,ESCOLA LUIZ DE CARVALHO FONTENELLE,9,3662,"RIO BRANCO, Acre, Brasil, ESCOLA LUIZ DE CARVALHO FONTENELLE"
2024,RIO BRANCO,9,463,ESCOLA PROFESSOR PEDRO MARTINELLO,3,2127,"RIO BRANCO, Acre, Brasil, ESCOLA PROFESSOR PEDRO MARTINELLO"
2024,RIO BRANCO,1,755,ESCOLA DOM GIOCONDO MARIA GROTTI,7,3638,"RIO BRANCO, Acre, Brasil, ESCOLA DOM GIOCONDO MARIA GROTTI"
2024,RIO BRANCO,9,98,ESCOLA CLÍNIO BRANDÃO,5,1244,"RIO BRANCO, Acre, Brasil, ESCOLA CLÍNIO BRANDÃO"
2024,RIO BRANCO,9,78,ESCOLA JOSÉ RIBAMAR BATISTA,7,1570,"RIO BRANCO, Acre, Brasil, ESCOLA JOSÉ RIBAMAR BATISTA"
2024,RIO BRANCO,1,679,PROCURADORIA GERAL DO ESTADO DO ACRE - PGE/AC,4,3697,"RIO BRANCO, Acre, Brasil, PROCURADORIA GERAL DO ESTADO DO ACRE - PGE/AC"
2024,RIO BRANCO,9,46,ESCOLA PADRE DIOGO FEIJÓ,18,1082,"RIO BRANCO, Acre, Brasil, ESCOLA PADRE DIOGO FEIJÓ"
2024,RIO BRANCO,1,792,INSTITUTO FEDERAL DO ACRE - IFAC,4,3751,"RIO BRANCO, Acre, Brasil, INSTITUTO FEDERAL DO ACRE - IFAC"
2024,RIO BRANCO,1,174,ESCOLA ROBERTO SANCHES MUBARAC,6,1872,"RIO BRANCO, Acre, Brasil, ESCOLA ROBERTO SANCHES MUBARAC"
2024,RIO BRANCO,9,313,UFAC - UNIVERSIDADE FEDERAL DO ACRE,3,1198,"RIO BRANCO, Acre, Brasil, UFAC - UNIVERSIDADE FEDERAL DO ACRE"
2024,RIO BRANCO,9,158,ESCOLA TANCREDO NEVES,5,1104,"RIO BRANCO, Acre, Brasil, ESCOLA TANCREDO NEVES"
2024,RIO BRANCO,9,324,ESCOLA MUNICIPAL INFANTIL FRANCISCA ARAGAO DA SILVA,3,2089,"RIO BRANCO, Acre, Brasil, ESCOLA MUNICIPAL INFANTIL FRANCISCA ARAGAO DA SILVA"
2024,RIO BRANCO,1,661,ESCOLA JORGE FELIX LAVOCAT,11,3352,"RIO BRANCO, Acre, Brasil, ESCOLA JORGE FELIX LAVOCAT"
2024,RIO BRANCO,9,109,ESCOLA MARIA RAIMUNDA BALBINO DA SILVA,7,1295,"RIO BRANCO, Acre, Brasil, ESCOLA MARIA RAIMUNDA BALBINO DA SILVA"
2024,RIO BRANCO,1,398,ESCOLA LEONCIO DE CARVALHO,4,2313,"RIO BRANCO, Acre, Brasil, ESCOLA LEONCIO DE CARVALHO"
2024,RIO BRANCO,9,301,ELETRONORTE,2,2011,"RIO BRANCO, Acre, Brasil, ELETRONORTE"
2024,RIO BRANCO,9,34,CENTRO ESTADUAL DE ATENDIMENTO AO DEFICIENTE VISUAL,8,1457,"RIO BRANCO, Acre, Brasil, CENTRO ESTADUAL DE ATENDIMENTO AO DEFICIENTE VISUAL"
2024,RIO BRANCO,1,722,ESCOLA MARIA LÚCIA MOURA MARIN,4,3549,"RIO BRANCO, Acre, Brasil, ESCOLA MARIA LÚCIA MOURA MARIN"
2024,RIO BRANCO,1,452,ESCOLA PAULO FREIRE,5,2542,"RIO BRANCO, Acre, Brasil, ESCOLA PAULO FREIRE"
2024,RIO BRANCO,9,449,FUNDAÇÃO BRADESCO,8,1708,"RIO BRANCO, Acre, Brasil, FUNDAÇÃO BRADESCO"
2024,RIO BRANCO,1,731,ESCOLA MUNICIPAL LUIZA CARNEIRO DANTAS,5,3573,"RIO BRANCO, Acre, Brasil, ESCOLA MUNICIPAL LUIZA CARNEIRO DANTAS"
2024,RIO BRANCO,1,664,ESCOLA JORGE FELIX LAVOCAT,11,3352,"RIO BRANCO, Acre, Brasil, ESCOLA JORGE FELIX LAVOCAT"
2024,RIO BRANCO,1,699,ESCOLA GLÓRIA PEREZ,9,3468,"RIO BRANCO, Acre, Brasil, ESCOLA GLÓRIA PEREZ"
2024,RIO BRANCO,9,167,ESCOLA PÚBLICA ÁUREA PIRES,3,1163,"RIO BRANCO, Acre, Brasil, ESCOLA PÚBLICA ÁUREA PIRES"
2024,RIO BRANCO,1,487,ESCOLA DR. JOSÉ CARVALHO,9,2763,"RIO BRANCO, Acre, Brasil, ESCOLA DR. JOSÉ CARVALHO"
2024,RIO BRANCO,1,834,COLÉGIO MILITAR DOM PEDRO II,8,3840,"RIO BRANCO, Acre, Brasil, COLÉGIO MILITAR DOM PEDRO II"
2024,RIO BRANCO,9,47,ESCOLA PADRE DIOGO FEIJÓ,17,1082,"RIO BRANCO, Acre, Brasil, ESCOLA PADRE DIOGO FEIJÓ"
2024,RIO BRANCO,1,192,INSS - AGÊNCIA CENTRO,12,2500,"RIO BRANCO, Acre, Brasil, INSS - AGÊNCIA CENTRO"
2024,RIO BRANCO,1,442,ESCOLA PAULO FREIRE,6,2542,"RIO BRANCO, Acre, Brasil, ESCOLA PAULO FREIRE"
2024,RIO BRANCO,9,335,CENTRO CULTURAL THAUMATURGO FILHO,8,2119,"RIO BRANCO, Acre, Brasil, CENTRO CULTURAL THAUMATURGO FILHO"
2024,RIO BRANCO,9,336,CENTRO CULTURAL THAUMATURGO FILHO,12,2119,"RIO BRANCO, Acre, Brasil, CENTRO CULTURAL THAUMATURGO FILHO"
2024,RIO BRANCO,1,515,OCA RIO BRANCO,3,1066,"RIO BRANCO, Acre, Brasil, OCA RIO BRANCO"
2024,RIO BRANCO,1,184,ESCOLA LOURIVAL PINHO,5,1643,"RIO BRANCO, Acre, Brasil, ESCOLA LOURIVAL PINHO"
2024,RIO BRANCO,1,556,ESCOLA MARIA ANGÉLICA DE CASTRO,2,2569,"RIO BRANCO, Acre, Brasil, ESCOLA MARIA ANGÉLICA DE CASTRO"
2024,RIO BRANCO,9,376,CONAB - COMPANHIA NACIONAL DE ABASTECIMENTO,3,2259,"RIO BRANCO, Acre, Brasil, CONAB - COMPANHIA NACIONAL DE ABASTECIMENTO"
2024,RIO BRANCO,9,97,ESCOLA MARIA ADEIZA RODRIGUES PEREIRA,3,2356,"RIO BRANCO, Acre, Brasil, ESCOLA MARIA ADEIZA RODRIGUES PEREIRA"
2022,XAPURI,2,48,CENTRO EDUCACIONAL SESC XAPURI,6,1287,"XAPURI, Acre, Brasil, CENTRO EDUCACIONAL SESC XAPURI"
2022,RIO BRANCO,1,45,CONSELHO REGIONAL DE ENFERMAGEM - COREN,10,1694,"RIO BRANCO, Acre, Brasil, CONSELHO REGIONAL DE ENFERMAGEM - COREN"
2022,RIO BRANCO,9,82,SECRETARIA DE ESTADO DE ASSISTENCIA SOCIAL - FUMBESA,8,1171,"RIO BRANCO, Acre, Brasil, SECRETARIA DE ESTADO DE ASSISTENCIA SOCIAL - FUMBESA"
2022,RIO BRANCO,1,651,ESCOLA RAIMUNDO MELO,10,3328,"RIO BRANCO, Acre, Brasil, ESCOLA RAIMUNDO MELO"
2022,RIO BRANCO,9,379,ESCOLA ESTADUAL DJALMA TELES GALDINO,2,2275,"RIO BRANCO, Acre, Brasil, ESCOLA ESTADUAL DJALMA TELES GALDINO"
2022,RIO BRANCO,1,159,INSTITUTO IMACULADA CONCEICAO - CENEC,12,1465,"RIO BRANCO, Acre, Brasil, INSTITUTO IMACULADA CONCEICAO - CENEC"
2022,RIO BRANCO,9,75,IBAMA,5,1562,"RIO BRANCO, Acre, Brasil, IBAMA"
2022,RIO BRANCO,9,190,ESCOLA PÚBLICA ALCIMAR LEITÃO,16,1147,"RIO BRANCO, Acre, Brasil, ESCOLA PÚBLICA ALCIMAR LEITÃO"
2022,RIO BRANCO,9,72,SEAPROF,3,1155,"RIO BRANCO, Acre, Brasil, SEAPROF"
2022,XAPURI,2,21,ESCOLA LATIFE ZAINE KALUME,4,1252,"XAPURI, Acre, Brasil, ESCOLA LATIFE ZAINE KALUME"
2022,RIO BRANCO,1,496,ACREPREVIDÊNCIA,8,2828,"RIO BRANCO, Acre, Brasil, ACREPREVIDÊNCIA"
2022,RIO BRANCO,9,22,FEDERAÇÃO DAS INDÚSTRIAS DO ESTADO DO ACRE - FIEAC,7,1376,"RIO BRANCO, Acre, Brasil, FEDERAÇÃO DAS INDÚSTRIAS DO ESTADO DO ACRE - FIEAC"
2022,RIO BRANCO,1,654,ESCOLA PIMENTEL GOMES,6,3336,"RIO BRANCO, Acre, Brasil, ESCOLA PIMENTEL GOMES"
2022,FEIJÓ,7,41,ESCOLA DE ENSINO FUNDAMENTAL SEVERINO CORDEIRO,4,1171,"FEIJÓ, Acre, Brasil, ESCOLA DE ENSINO FUNDAMENTAL SEVERINO CORDEIRO"
2022,RIO BRANCO,9,376,CONAB - COMPANHIA NACIONAL DE ABASTECIMENTO,7,2259,"RIO BRANCO, Acre, Brasil, CONAB - COMPANHIA NACIONAL DE ABASTECIMENTO"
2022,RIO BRANCO,9,226,ESCOLA ARMANDO NOGUEIRA,13,1678,"RIO BRANCO, Acre, Brasil, ESCOLA ARMANDO NOGUEIRA"
2022,CAPIXABA,2,102,ESCOLA ARISTON FERREIRA DA CUNHA,1,1236,"CAPIXABA, Acre, Brasil, ESCOLA ARISTON FERREIRA DA CUNHA"
2022,SENA MADUREIRA,3,53,EEFGMC - ESCOLA DE ENSINO FUNDAMENTAL GUTEMBERG MODESTO DA COSTA,1,1112,"SENA MADUREIRA, Acre, Brasil, EEFGMC - ESCOLA DE ENSINO FUNDAMENTAL GUTEMBERG MODESTO DA COSTA"
2022,PORTO ACRE,1,621,ESCOLA ESTADUAL UNIÃO E PROGRESSO,2,1163,"PORTO ACRE, Acre, Brasil, ESCOLA ESTADUAL UNIÃO E PROGRESSO"
2022,RIO BRANCO,1,713,ESCOLA THEODOLINA FALCAO MACEDO,8,3506,"RIO BRANCO, Acre, Brasil, ESCOLA THEODOLINA FALCAO MACEDO"
2022,SENA MADUREIRA,3,7,NÚCLEO DE EDUCAÇÃO - SEE/AC,1,1040,"SENA MADUREIRA, Acre, Brasil, NÚCLEO DE EDUCAÇÃO - SEE/AC"
2022,RIO BRANCO,1,834,COLÉGIO MILITAR DOM PEDRO II,5,3840,"RIO BRANCO, Acre, Brasil, COLÉGIO MILITAR DOM PEDRO II"
2022,RIO BRANCO,9,54,CRAS - CENTRO DE REFERENCIA DE ASSISTENCIA SOCIAL,2,1775,"RIO BRANCO, Acre, Brasil, CRAS - CENTRO DE REFERENCIA DE ASSISTENCIA SOCIAL"
2022,RIO BRANCO,1,772,ESCOLA HUMBERTO SOARES,10,3492,"RIO BRANCO, Acre, Brasil, ESCOLA HUMBERTO SOARES"
2022,RIO BRANCO,9,333,ESCOLA DE ENSINO FUNDAMENTAL DO SERVIÇO SOCIAL DA INDÚSTRIA - SESI,6,2100,"RIO BRANCO, Acre, Brasil, ESCOLA DE ENSINO FUNDAMENTAL DO SERVIÇO SOCIAL DA INDÚSTRIA - SESI"
2022,TARAUACÁ,5,33,ESCOLA DE ENSINO MÉDIO DR. FRANCISCO DJALMA DA CUNHA BATISTA,4,1244,"TARAUACÁ, Acre, Brasil, ESCOLA DE ENSINO MÉDIO DR. FRANCISCO DJALMA DA CUNHA BATISTA"
2022,RIO BRANCO,1,761,FUNDAÇÃO NACIONAL DE SAUDE - FUNASA,6,3670,"RIO BRANCO, Acre, Brasil, FUNDAÇÃO NACIONAL DE SAUDE - FUNASA"
2022,RIO BRANCO,1,670,ESCOLA BERTA VIEIRA DE ANDRADE,2,3379,"RIO BRANCO, Acre, Brasil, ESCOLA BERTA VIEIRA DE ANDRADE"
2022,RIO BRANCO,9,78,ESCOLA JOSÉ RIBAMAR BATISTA,3,1570,"RIO BRANCO, Acre, Brasil, ESCOLA JOSÉ RIBAMAR BATISTA"
2022,PORTO ACRE,1,588,ESCOLA EDMUNDO PINTO DE ALMEIDA NETO,1,1023,"PORTO ACRE, Acre, Brasil, ESCOLA EDMUNDO PINTO DE ALMEIDA NETO"
2022,BUJARI,9,202,CENTRO DE CULTURA E FLORESTANIA (SECRET EDUCAÇÃO),3,1058,"BUJARI, Acre, Brasil, CENTRO DE CULTURA E FLORESTANIA (SECRET EDUCAÇÃO)"
2022,RIO BRANCO,1,90,ESCOLA ANA TURAM MACHADO FALCAO,5,2402,"RIO BRANCO, Acre, Brasil, ESCOLA ANA TURAM MACHADO FALCAO"
2022,RIO BRANCO,1,648,ESCOLA SAMUEL BARREIRA,7,3310,"RIO BRANCO, Acre, Brasil, ESCOLA SAMUEL BARREIRA"
2022,PORTO ACRE,1,601,ESCOLA MUNICIPAL JOAQUIM FALCAO MACEDO,3,1074,"PORTO ACRE, Acre, Brasil, ESCOLA MUNICIPAL JOAQUIM FALCAO MACEDO"
2022,BRASILÉIA,6,67,ESCOLA ODILON PRATAGI,1,1210,"BRASILÉIA, Acre, Brasil, ESCOLA ODILON PRATAGI"
2022,RODRIGUES ALVES,4,171,ESCOLA PEDRO DE MELO CORREIA,1,1031,"RODRIGUES ALVES, Acre, Brasil, ESCOLA PEDRO DE MELO CORREIA"
2022,RIO BRANCO,1,677,IDAF - AVIÁRIO,11,3387,"RIO BRANCO, Acre, Brasil, IDAF - AVIÁRIO"
2022,RIO BRANCO,9,316,ESCOLA ESTADUAL EDILSON FAÇANHA,2,1937,"RIO BRANCO, Acre, Brasil, ESCOLA ESTADUAL EDILSON FAÇANHA"
2022,RIO BRANCO,9,364,ESCOLA ESTADUAL PROFESSORA ELOZIRA DOS SANTOS TOMÉ,9,2216,"RIO BRANCO, Acre, Brasil, ESCOLA ESTADUAL PROFESSORA ELOZIRA DOS SANTOS TOMÉ"
2022,ACRELÂNDIA,8,95,ESCOLA SANTA LUCIA III,1,1040,"ACRELÂNDIA, Acre, Brasil, ESCOLA SANTA LUCIA III"
2022,RIO BRANCO,1,273,CENTRO DE EDUCAÇÃO DE JOVENS E ADULTOS - CEJA,5,1074,"RIO BRANCO, Acre, Brasil, CENTRO DE EDUCAÇÃO DE JOVENS E ADULTOS - CEJA"
2022,RIO BRANCO,1,10,PREFEITURA MUNICIPAL DE RIO BRANCO,12,1090,"RIO BRANCO, Acre, Brasil, PREFEITURA MUNICIPAL DE RIO BRANCO"
2022,RIO BRANCO,9,284,ESCOLA BOA UNIÃO,2,1740,"RIO BRANCO, Acre, Brasil, ESCOLA BOA UNIÃO"
2022,RIO BRANCO,1,97,ESCOLA MARIA ANGÉLICA DE CASTRO,1,2569,"RIO BRANCO, Acre, Brasil, ESCOLA MARIA ANGÉLICA DE CASTRO"
2022,RODRIGUES ALVES,4,438,ESCOLA JÚLIA MARIA DE SANTANA AMORIM,1,1228,"RODRIGUES ALVES, Acre, Brasil, ESCOLA JÚLIA MARIA DE SANTANA AMORIM"
2022,BUJARI,9,305,ESCOLA EDMUNDO PINTO DE ALMEIDA NETO,3,1104,"BUJARI, Acre, Brasil, ESCOLA EDMUNDO PINTO DE ALMEIDA NETO"
2022,BRASILÉIA,6,119,ESCOLA VALERIA BISPO SABALA - KM 26,1,1180,"BRASILÉIA, Acre, Brasil, ESCOLA VALERIA BISPO SABALA - KM 26"
2022,RIO BRANCO,1,442,ESCOLA PAULO FREIRE,8,2542,"RIO BRANCO, Acre, Brasil, ESCOLA PAULO FREIRE"
2022,RIO BRANCO,1,466,ESCOLA PROF. SEBASTIÃO PEDROSA (ARENA DA FLORESTA),4,2550,"RIO BRANCO, Acre, Brasil, ESCOLA PROF. SEBASTIÃO PEDROSA (ARENA DA FLORESTA)"
2022,RIO BRANCO,1,790,ESCOLA MUNICIPAL LUIZA CARNEIRO DANTAS,1,3573,"RIO BRANCO, Acre, Brasil, ESCOLA MUNICIPAL LUIZA CARNEIRO DANTAS"
2022,RIO BRANCO,9,369,ESCOLA EUFROSINA SILVA OLIVEIRA,4,2224,"RIO BRANCO, Acre, Brasil, ESCOLA EUFROSINA SILVA OLIVEIRA"
2022,TARAUACÁ,5,114,ESCOLA DE ENSINO FUNDAMENTAL GOVERNADOR EDMUNDO PINTO DE ALMEIDA,5,1252,"TARAUACÁ, Acre, Brasil, ESCOLA DE ENSINO FUNDAMENTAL GOVERNADOR EDMUNDO PINTO DE ALMEIDA"
2022,PLÁCIDO DE CASTRO,8,15,ESC EST SAO LUIZ GONZAGA,5,1104,"PLÁCIDO DE CASTRO, Acre, Brasil, ESC EST SAO LUIZ GONZAGA"
2022,RIO BRANCO,1,693,ESCOLA MARIANA DA SILVA OLIVEIRA (ANTIGA NAZARÉ DOURADO),9,3441,"RIO BRANCO, Acre, Brasil, ESCOLA MARIANA DA SILVA OLIVEIRA (ANTIGA NAZARÉ DOURADO)"
2022,SENA MADUREIRA,3,142,UNIDADE BÁSICA DE SAÚDE EDSON SALES,1,1554,"SENA MADUREIRA, Acre, Brasil, UNIDADE BÁSICA DE SAÚDE EDSON SALES"
2022,RIO BRANCO,9,206,ESCOLA JOÃO PAULO I,5,1236,"RIO BRANCO, Acre, Brasil, ESCOLA JOÃO PAULO I"
2022,SENADOR GUIOMARD,8,78,SESC - UNIDADE DE SENADOR GUIOMARD,1,1422,"SENADOR GUIOMARD, Acre, Brasil, SESC - UNIDADE DE SENADOR GUIOMARD"
2022,PORTO ACRE,1,610,CENTRO DE SAUDE DE PORTO ACRE,1,1090,"PORTO ACRE, Acre, Brasil, CENTRO DE SAUDE DE PORTO ACRE"
2022,TARAUACÁ,5,8,ESCOLA ROSAURA MOURAO DA ROCHA,1,1031,"TARAUACÁ, Acre, Brasil, ESCOLA ROSAURA MOURAO DA ROCHA"
2022,RIO BRANCO,9,422,INSTITUTO FEDERAL DO ACRE - IFAC -  BAIXADA,2,1023,"RIO BRANCO, Acre, Brasil, INSTITUTO FEDERAL DO ACRE - IFAC -  BAIXADA"
2022,RIO BRANCO,9,179,ESCOLA PÚBLICA HELOÍSA MOURÃO MARQUES,9,1015,"RIO BRANCO, Acre, Brasil, ESCOLA PÚBLICA HELOÍSA MOURÃO MARQUES"
2022,TARAUACÁ,5,17,ESCOLA DONIZETE MOTA,1,1147,"TARAUACÁ, Acre, Brasil, ESCOLA DONIZETE MOTA"
2022,RIO BRANCO,9,47,ESCOLA PADRE DIOGO FEIJÓ,11,1082,"RIO BRANCO, Acre, Brasil, ESCOLA PADRE DIOGO FEIJÓ"
2022,ACRELÂNDIA,8,159,ESCOLA SANTA LUCIA III,3,1040,"ACRELÂNDIA, Acre, Brasil, ESCOLA SANTA LUCIA III"
2022,RIO BRANCO,1,643,ESCOLA ESTADUAL PROFESSOR RAIMUNDO BORGES,4,3301,"RIO BRANCO, Acre, Brasil, ESCOLA ESTADUAL PROFESSOR RAIMUNDO BORGES"
2022,BUJARI,9,136,ESCOLA JOSE CEZARIO DE FARIAS,3,1023,"BUJARI, Acre, Brasil, ESCOLA JOSE CEZARIO DE FARIAS"
2022,CAPIXABA,2,79,ESCOLA NOVA ESPERANCA,1,1066,"CAPIXABA, Acre, Brasil, ESCOLA NOVA ESPERANCA"
2022,PLÁCIDO DE CASTRO,8,14,ESC EST SAO LUIZ GONZAGA,7,1104,"PLÁCIDO DE CASTRO, Acre, Brasil, ESC EST SAO LUIZ GONZAGA"
2022,SENA MADUREIRA,3,28,INCRA - INSTITUTO NACIONAL DE COLONIZAÇÃO E REFORMA AGRÁRIA,1,1147,"SENA MADUREIRA, Acre, Brasil, INCRA - INSTITUTO NACIONAL DE COLONIZAÇÃO E REFORMA AGRÁRIA"
2022,RIO BRANCO,1,32,SECRETARIA DE ESTADO DE SAÚDE - SESACRE,3,1180,"RIO BRANCO, Acre, Brasil, SECRETARIA DE ESTADO DE SAÚDE - SESACRE"
2022,RIO BRANCO,9,269,ESCOLA BOA UNIÃO,5,1740,"RIO BRANCO, Acre, Brasil, ESCOLA BOA UNIÃO"
2022,RIO BRANCO,9,174,ESCOLA GOVERNADOR JOSÉ AUGUSTO,5,1732,"RIO BRANCO, Acre, Brasil, ESCOLA GOVERNADOR JOSÉ AUGUSTO"
2022,RIO BRANCO,9,91,ESCOLA SHEILA MARIA NASSERALA,10,1210,"RIO BRANCO, Acre, Brasil, ESCOLA SHEILA MARIA NASSERALA"
2022,RIO BRANCO,1,160,INSTITUTO SAO JOSE,8,1473,"RIO BRANCO, Acre, Brasil, INSTITUTO SAO JOSE"
2022,RIO BRANCO,9,126,ESCOLA FRANCISCO DE PAULA LEITE OITICICA,2,1538,"RIO BRANCO, Acre, Brasil, ESCOLA FRANCISCO DE PAULA LEITE OITICICA"
2022,RODRIGUES ALVES,4,428,ESCOLA MARIA LIGIA DE MATOS DA SILVA,1,1058,"RODRIGUES ALVES, Acre, Brasil, ESCOLA MARIA LIGIA DE MATOS DA SILVA"
2022,RIO BRANCO,9,404,FAMETA,4,2020,"RIO BRANCO, Acre, Brasil, FAMETA"
2022,XAPURI,2,35,ESCOLA ESPERANÇA DO POVO - FAZENDINHA,1,1201,"XAPURI, Acre, Brasil, ESCOLA ESPERANÇA DO POVO - FAZENDINHA"
2022,SENADOR GUIOMARD,8,220,ESCOLA CARLOS ALBERTO PEREIRA DO NASCIMENTO,6,1139,"SENADOR GUIOMARD, Acre, Brasil, ESCOLA CARLOS ALBERTO PEREIRA DO NASCIMENTO"
2022,RODRIGUES ALVES,4,197,ESCOLA MARIA LIGIA DE MATOS DA SILVA,1,1058,"RODRIGUES ALVES, Acre, Brasil, ESCOLA MARIA LIGIA DE MATOS DA SILVA"
2022,RIO BRANCO,9,219,ESCOLA ACREANA DE MÚSICA (ANT CENTRO CULTURAL),14,1767,"RIO BRANCO, Acre, Brasil, ESCOLA ACREANA DE MÚSICA (ANT CENTRO CULTURAL)"
2022,RIO BRANCO,9,107,ESCOLA FLAVIANO FLÁVIO BAPTISTA,6,1635,"RIO BRANCO, Acre, Brasil, ESCOLA FLAVIANO FLÁVIO BAPTISTA"
2022,RIO BRANCO,1,281,FORUM BARAO DO RIO BRANCO,10,1708,"RIO BRANCO, Acre, Brasil, FORUM BARAO DO RIO BRANCO"
2022,RIO BRANCO,9,88,ESCOLA HENRIQUE LIMA,4,1201,"RIO BRANCO, Acre, Brasil, ESCOLA HENRIQUE LIMA"
2022,RIO BRANCO,1,15,PREFEITURA MUNICIPAL DE RIO BRANCO,8,1090,"RIO BRANCO, Acre, Brasil, PREFEITURA MUNICIPAL DE RIO BRANCO"
2022,SANTA ROSA DO PURUS,3,58,ESCOLA ANTONIA FERNANDES DE MOURA,2,1023,"SANTA ROSA DO PURUS, Acre, Brasil, ESCOLA ANTONIA FERNANDES DE MOURA"
2022,CAPIXABA,2,103,ESCOLA ARISTON FERREIRA DA CUNHA,3,1236,"CAPIXABA, Acre, Brasil, ESCOLA ARISTON FERREIRA DA CUNHA"
2022,TARAUACÁ,5,40,ESCOLA TUPANIR GAUDENCIO DA COSTA,3,1236,"TARAUACÁ, Acre, Brasil, ESCOLA TUPANIR GAUDENCIO DA COSTA"
2022,FEIJÓ,7,62,ESCOLA MUNICIPAL DE EDUCACAO INFANTIL MENINO JESUS,2,1244,"FEIJÓ, Acre, Brasil, ESCOLA MUNICIPAL DE EDUCACAO INFANTIL MENINO JESUS"
2022,RIO BRANCO,9,282,ESCOLA FRANCISCO SALGADO FILHO,7,1031,"RIO BRANCO, Acre, Brasil, ESCOLA FRANCISCO SALGADO FILHO"
2022,RIO BRANCO,1,510,ESCOLA MUNICIPAL BOA UNIÃO,10,2801,"RIO BRANCO, Acre, Brasil, ESCOLA MUNICIPAL BOA UNIÃO"
2022,RIO BRANCO,9,68,ESCOLA PÚBLICA ALCIMAR LEITÃO,11,1147,"RIO BRANCO, Acre, Brasil, ESCOLA PÚBLICA ALCIMAR LEITÃO"
2022,RIO BRANCO,9,272,SMZC - SECRETARIA MUNICIPAL E ZELADORIA DA CIDADE,5,1325,"RIO BRANCO, Acre, Brasil, SMZC - SECRETARIA MUNICIPAL E ZELADORIA DA CIDADE"
2022,RIO BRANCO,9,443,ESCOLA ESTADUAL TEREZINHA KALUME,5,1961,"RIO BRANCO, Acre, Brasil, ESCOLA ESTADUAL TEREZINHA KALUME"
2022,RIO BRANCO,9,253,ESCOLA ARMANDO NOGUEIRA,9,1678,"RIO BRANCO, Acre, Brasil, ESCOLA ARMANDO NOGUEIRA"
2022,PLÁCIDO DE CASTRO,8,17,ESCOLA FRANKLIN ROOSEVELT,7,1112,"PLÁCIDO DE CASTRO, Acre, Brasil, ESCOLA FRANKLIN ROOSEVELT"
2022,BUJARI,9,9,ESCOLA JOSE CEZARIO DE FARIAS,3,1023,"BUJARI, Acre, Brasil, ESCOLA JOSE CEZARIO DE FARIAS"
2022,SENADOR GUIOMARD,8,134,ESCOLA CARLOS ALBERTO PEREIRA DO NASCIMENTO,2,1139,"SENADOR GUIOMARD, Acre, Brasil, ESCOLA CARLOS ALBERTO PEREIRA DO NASCIMENTO"
2022,RIO BRANCO,9,203,ESCOLA ACREANA DE MÚSICA (ANT CENTRO CULTURAL),6,1767,"RIO BRANCO, Acre, Brasil, ESCOLA ACREANA DE MÚSICA (ANT CENTRO CULTURAL)"
2022,RIO BRANCO,1,829,ESCOLA FREI ANDRÉ MARIA FICARELLI,11,3778,"RIO BRANCO, Acre, Brasil, ESCOLA FREI ANDRÉ MARIA FICARELLI"
2022,RIO BRANCO,9,17,ESCOLA JOSÉ RIBAMAR BATISTA,8,1570,"RIO BRANCO, Acre, Brasil, ESCOLA JOSÉ RIBAMAR BATISTA"
2022,SENA MADUREIRA,3,75,CEFPB - COMPLEXO ESCOLAR FRANCISCO PAULA BEZERRA,1,1252,"SENA MADUREIRA, Acre, Brasil, CEFPB - COMPLEXO ESCOLAR FRANCISCO PAULA BEZERRA"
2022,RIO BRANCO,1,550,CGU,1,2909,"RIO BRANCO, Acre, Brasil, CGU"
2022,XAPURI,2,61,IFAC - CAMPUS XAPURI,5,1082,"XAPURI, Acre, Brasil, IFAC - CAMPUS XAPURI"
2022,RIO BRANCO,9,222,ESCOLA GOVERNADOR JOSÉ AUGUSTO,4,1732,"RIO BRANCO, Acre, Brasil, ESCOLA GOVERNADOR JOSÉ AUGUSTO"
2022,RIO BRANCO,1,129,ESCOLA ANITA GARIBALDI,5,1384,"RIO BRANCO, Acre, Brasil, ESCOLA ANITA GARIBALDI"
2022,RIO BRANCO,9,29,DETRAN-AC (EM FRENTE AG BANCO DO BRASIL ESTILO),12,1406,"RIO BRANCO, Acre, Brasil, DETRAN-AC (EM FRENTE AG BANCO DO BRASIL ESTILO)"
2022,ACRELÂNDIA,8,132,ESCOLA SANTA LUCIA III,3,1040,"ACRELÂNDIA, Acre, Brasil, ESCOLA SANTA LUCIA III"
2022,ACRELÂNDIA,8,84,ESCOLA  DE 1 GRAU PROF PEDRO DE CASTRO MEIRELES,7,1023,"ACRELÂNDIA, Acre, Brasil, ESCOLA  DE 1 GRAU PROF PEDRO DE CASTRO MEIRELES"
2022,CRUZEIRO DO SUL,4,391,ESCOLA ABSOLON MOREIRA,1,2143,"CRUZEIRO DO SUL, Acre, Brasil, ESCOLA ABSOLON MOREIRA"
2022,RIO BRANCO,9,218,FUNDAÇÃO BRADESCO,11,1708,"RIO BRANCO, Acre, Brasil, FUNDAÇÃO BRADESCO"
2022,RIO BRANCO,9,262,ESCOLA DOUTOR SANTIAGO DANTAS,5,1902,"RIO BRANCO, Acre, Brasil, ESCOLA DOUTOR SANTIAGO DANTAS"
2022,RIO BRANCO,9,134,ESCOLA PÚBLICA RAIMUNDO GOMES DE OLIVEIRA,11,1333,"RIO BRANCO, Acre, Brasil, ESCOLA PÚBLICA RAIMUNDO GOMES DE OLIVEIRA"
2022,FEIJÓ,7,15,GRUPO ESCOLAR PREFEITO RAIMUNDO AUGUSTO DE ARAUJO,1,1058,"FEIJÓ, Acre, Brasil, GRUPO ESCOLAR PREFEITO RAIMUNDO AUGUSTO DE ARAUJO"
2022,RIO BRANCO,9,70,CENTRO DE TECNOLOGIA DA MADEIRA E DO MOBILIÁRIO (SESI),11,1554,"RIO BRANCO, Acre, Brasil, CENTRO DE TECNOLOGIA DA MADEIRA E DO MOBILIÁRIO (SESI)"
2022,RIO BRANCO,9,290,ESCOLA FREI THIAGO MARIA MATIOLI,6,1627,"RIO BRANCO, Acre, Brasil, ESCOLA FREI THIAGO MARIA MATIOLI"
2022,TARAUACÁ,5,78,ESCOLA DE ENSINO FUNDAMENTAL DELZUÍTE BARROSO BRAGA DE ARAÚJO,2,1082,"TARAUACÁ, Acre, Brasil, ESCOLA DE ENSINO FUNDAMENTAL DELZUÍTE BARROSO BRAGA DE ARAÚJO"
2022,RIO BRANCO,1,66,ESCOLA PROF. MARILENA MANSOUR (ANTIGA IRACEMA GOMES PEREIRA),4,1260,"RIO BRANCO, Acre, Brasil, ESCOLA PROF. MARILENA MANSOUR (ANTIGA IRACEMA GOMES PEREIRA)"
2022,RIO BRANCO,9,397,ESCOLA ISMAEL GOMES DE CARVALHO,7,2330,"RIO BRANCO, Acre, Brasil, ESCOLA ISMAEL GOMES DE CARVALHO"
2022,RIO BRANCO,1,448,ESCOLA ANTONIA FERNANDES DE FREITAS,5,2470,"RIO BRANCO, Acre, Brasil, ESCOLA ANTONIA FERNANDES DE FREITAS"
2022,RIO BRANCO,9,248,CRECHE MUNICIPAL GUMERCINDO BESSA,12,1864,"RIO BRANCO, Acre, Brasil, CRECHE MUNICIPAL GUMERCINDO BESSA"
2022,CRUZEIRO DO SUL,4,7,PRÉ-ESCOLAR OSVALDO DALBUQUERQUE LIMA,1,1058,"CRUZEIRO DO SUL, Acre, Brasil, PRÉ-ESCOLAR OSVALDO DALBUQUERQUE LIMA"
2022,RIO BRANCO,1,706,ESCOLA HUMBERTO SOARES,9,3492,"RIO BRANCO, Acre, Brasil, ESCOLA HUMBERTO SOARES"
2022,PLÁCIDO DE CASTRO,8,3,CAMARA MUNICIPAL,2,1023,"PLÁCIDO DE CASTRO, Acre, Brasil, CAMARA MUNICIPAL"
2022,RIO BRANCO,1,458,ESCOLA PROF. SEBASTIÃO PEDROSA (ARENA DA FLORESTA),8,2550,"RIO BRANCO, Acre, Brasil, ESCOLA PROF. SEBASTIÃO PEDROSA (ARENA DA FLORESTA)"
2022,RIO BRANCO,9,285,ASSOCIAÇÃO DE PAIS E AMIGOS DOS EXCEPCIONAIS - APAE,8,1430,"RIO BRANCO, Acre, Brasil, ASSOCIAÇÃO DE PAIS E AMIGOS DOS EXCEPCIONAIS - APAE"
2022,XAPURI,2,41,IFAC - CAMPUS XAPURI,2,1082,"XAPURI, Acre, Brasil, IFAC - CAMPUS XAPURI"
2022,XAPURI,2,62,COLÉGIO DIVINA PROVIDÊNCIA,3,1031,"XAPURI, Acre, Brasil, COLÉGIO DIVINA PROVIDÊNCIA"
2022,RIO BRANCO,9,198,ESCOLA AYRTON SENNA DA SILVA,5,1660,"RIO BRANCO, Acre, Brasil, ESCOLA AYRTON SENNA DA SILVA"
2022,PLÁCIDO DE CASTRO,8,138,ESCOLA FRANKLIN ROOSEVELT,5,1112,"PLÁCIDO DE CASTRO, Acre, Brasil, ESCOLA FRANKLIN ROOSEVELT"
2022,RIO BRANCO,1,337,ESCOLA JOAO MARIANO,3,1856,"RIO BRANCO, Acre, Brasil, ESCOLA JOAO MARIANO"
2022,RIO BRANCO,9,210,ESCOLA LOURIVAL SOMBRA,8,1058,"RIO BRANCO, Acre, Brasil, ESCOLA LOURIVAL SOMBRA"
2022,RIO BRANCO,1,635,INCRA - INSTITUTO NACIONAL DE COLONIZAÇÃO E REFORMA AGRÁRIA,8,3280,"RIO BRANCO, Acre, Brasil, INCRA - INSTITUTO NACIONAL DE COLONIZAÇÃO E REFORMA AGRÁRIA"
2022,RIO BRANCO,1,500,ESCOLA OSCAR FELICIO DE SOUZA,10,2534,"RIO BRANCO, Acre, Brasil, ESCOLA OSCAR FELICIO DE SOUZA"
2022,RIO BRANCO,9,85,INSTITUTO DE DESENV. DE EDUCAÇÃO PROF DOM MOACYR (COL.AGRÍCOLA),5,1180,"RIO BRANCO, Acre, Brasil, INSTITUTO DE DESENV. DE EDUCAÇÃO PROF DOM MOACYR (COL.AGRÍCOLA)"
2022,FEIJÓ,7,64,ESCOLA VICENTE CELSO BRANDAO,1,1163,"FEIJÓ, Acre, Brasil, ESCOLA VICENTE CELSO BRANDAO"
2022,RIO BRANCO,9,113,SMZC - SECRETARIA MUNICIPAL E ZELADORIA DA CIDADE,4,1325,"RIO BRANCO, Acre, Brasil, SMZC - SECRETARIA MUNICIPAL E ZELADORIA DA CIDADE"
2022,RIO BRANCO,9,340,ESCOLA PROFESSOR PEDRO MARTINELLO,4,2127,"RIO BRANCO, Acre, Brasil, ESCOLA PROFESSOR PEDRO MARTINELLO"
2022,SENADOR GUIOMARD,8,28,COLEGIO 15 DE JUNHO,2,1031,"SENADOR GUIOMARD, Acre, Brasil, COLEGIO 15 DE JUNHO"
2022,RIO BRANCO,1,379,INSTITUTO IMACULADA CONCEICAO - CENEC,9,1465,"RIO BRANCO, Acre, Brasil, INSTITUTO IMACULADA CONCEICAO - CENEC"
2022,TARAUACÁ,5,93,SECRETARIA DE ESTADO DE PRODUCAO - SEPRO,2,1287,"TARAUACÁ, Acre, Brasil, SECRETARIA DE ESTADO DE PRODUCAO - SEPRO"
2022,RIO BRANCO,9,221,ESCOLA ALMADA BRITO,4,1724,"RIO BRANCO, Acre, Brasil, ESCOLA ALMADA BRITO"
2022,RIO BRANCO,1,804,ESCOLA ROBERTO SANCHES MUBARAC,5,1872,"RIO BRANCO, Acre, Brasil, ESCOLA ROBERTO SANCHES MUBARAC"
2022,RIO BRANCO,9,94,ESCOLA JOÃO PAULO I,5,1236,"RIO BRANCO, Acre, Brasil, ESCOLA JOÃO PAULO I"
2022,RIO BRANCO,9,223,ESCOLA DE EDUCAÇÃO INFANTIL FREI PELEGRINO,6,1716,"RIO BRANCO, Acre, Brasil, ESCOLA DE EDUCAÇÃO INFANTIL FREI PELEGRINO"
2022,RIO BRANCO,9,346,CRECHE MUNICIPAL JAIRO JUNIOR,7,2151,"RIO BRANCO, Acre, Brasil, CRECHE MUNICIPAL JAIRO JUNIOR"
2022,RIO BRANCO,1,512,IDAF - VILA ACRE,6,2810,"RIO BRANCO, Acre, Brasil, IDAF - VILA ACRE"
2022,JORDÃO,5,123,ESCOLA MANOEL RODRIGUES DE FARIAS,1,1031,"JORDÃO, Acre, Brasil, ESCOLA MANOEL RODRIGUES DE FARIAS"
2022,RIO BRANCO,1,798,ESCOLA PROF RAIMUNDA SILVA PARÁ,10,2895,"RIO BRANCO, Acre, Brasil, ESCOLA PROF RAIMUNDA SILVA PARÁ"
2022,SENADOR GUIOMARD,8,244,ESCOLA MUNICIPAL DE ENSINO  FUNDAMENTAL ORLANDO DE SOUZA VIANA,1,1210,"SENADOR GUIOMARD, Acre, Brasil, ESCOLA MUNICIPAL DE ENSINO  FUNDAMENTAL ORLANDO DE SOUZA VIANA"
2022,RIO BRANCO,1,504,ESCOLA DJANIRA BEZERRA DOS REIS,1,2860,"RIO BRANCO, Acre, Brasil, ESCOLA DJANIRA BEZERRA DOS REIS"
2022,SANTA ROSA DO PURUS,3,122,ESCOLA MUNICIPAL  DR. CELSO COSME SALGADO,2,1031,"SANTA ROSA DO PURUS, Acre, Brasil, ESCOLA MUNICIPAL  DR. CELSO COSME SALGADO"
2022,BUJARI,9,120,ESCOLA SÃO JOÃO BATISTA,3,1112,"BUJARI, Acre, Brasil, ESCOLA SÃO JOÃO BATISTA"
2022,RIO BRANCO,9,194,ESCOLA GOVERNADOR JOSÉ AUGUSTO,3,1732,"RIO BRANCO, Acre, Brasil, ESCOLA GOVERNADOR JOSÉ AUGUSTO"
2022,PLÁCIDO DE CASTRO,8,144,CENTRO DE DIFUSÃO TECNOLÓGICA,3,1619,"PLÁCIDO DE CASTRO, Acre, Brasil, CENTRO DE DIFUSÃO TECNOLÓGICA"
2022,MANOEL URBANO,3,89,ESCOLA ANTONIA MENDES,5,1252,"MANOEL URBANO, Acre, Brasil, ESCOLA ANTONIA MENDES"
2022,SENADOR GUIOMARD,8,97,ESCOLA ALDACI SIMOES DA COSTA,3,1481,"SENADOR GUIOMARD, Acre, Brasil, ESCOLA ALDACI SIMOES DA COSTA"
2022,SENADOR GUIOMARD,8,247,ESCOLA BRIGADEIRO EDUARDO GOMES,2,1090,"SENADOR GUIOMARD, Acre, Brasil, ESCOLA BRIGADEIRO EDUARDO GOMES"
2022,RIO BRANCO,9,338,ESCOLA PROFESSOR PEDRO MARTINELLO,2,2127,"RIO BRANCO, Acre, Brasil, ESCOLA PROFESSOR PEDRO MARTINELLO"
2022,RIO BRANCO,9,395,UNIDADE DE SAÚDE DA FAMÍLIA PLATILDE OLIVEIRA DA SILVA,7,2321,"RIO BRANCO, Acre, Brasil, UNIDADE DE SAÚDE DA FAMÍLIA PLATILDE OLIVEIRA DA SILVA"
2022,RIO BRANCO,9,325,ESCOLA MUNICIPAL INFANTIL FRANCISCA ARAGAO DA SILVA,4,2089,"RIO BRANCO, Acre, Brasil, ESCOLA MUNICIPAL INFANTIL FRANCISCA ARAGAO DA SILVA"
2022,RIO BRANCO,1,347,DERACRE,2,1171,"RIO BRANCO, Acre, Brasil, DERACRE"
2022,RIO BRANCO,1,441,ESCOLA PROF. SEBASTIÃO PEDROSA (ARENA DA FLORESTA),5,2550,"RIO BRANCO, Acre, Brasil, ESCOLA PROF. SEBASTIÃO PEDROSA (ARENA DA FLORESTA)"
2022,SENA MADUREIRA,3,116,CRECHE CRIANÇA FELIZ,3,1473,"SENA MADUREIRA, Acre, Brasil, CRECHE CRIANÇA FELIZ"
2022,RIO BRANCO,9,402,ESCOLA ISMAEL GOMES DE CARVALHO,1,2330,"RIO BRANCO, Acre, Brasil, ESCOLA ISMAEL GOMES DE CARVALHO"
2022,RIO BRANCO,1,760,FUNDAÇÃO NACIONAL DE SAUDE - FUNASA,3,3670,"RIO BRANCO, Acre, Brasil, FUNDAÇÃO NACIONAL DE SAUDE - FUNASA"
2022,RIO BRANCO,1,158,INSTITUTO IMACULADA CONCEICAO - CENEC,9,1465,"RIO BRANCO, Acre, Brasil, INSTITUTO IMACULADA CONCEICAO - CENEC"
2022,RIO BRANCO,1,805,ESCOLA MUNICIPAL MONTE CASTELO,3,3247,"RIO BRANCO, Acre, Brasil, ESCOLA MUNICIPAL MONTE CASTELO"
2022,PLÁCIDO DE CASTRO,8,7,ESCOLA CASINHA DO SABER,2,1058,"PLÁCIDO DE CASTRO, Acre, Brasil, ESCOLA CASINHA DO SABER"
2022,RIO BRANCO,9,447,ESCOLA CLÍNIO BRANDÃO,1,1244,"RIO BRANCO, Acre, Brasil, ESCOLA CLÍNIO BRANDÃO"
2022,RIO BRANCO,1,455,ESCOLA RURAL CAPITÃO EDGARD CERQUEIRA FILHO,3,1783,"RIO BRANCO, Acre, Brasil, ESCOLA RURAL CAPITÃO EDGARD CERQUEIRA FILHO"
2022,MÂNCIO LIMA,4,180,ESCOLA FRANCISCO FREIRE DE CARVALHO,1,1120,"MÂNCIO LIMA, Acre, Brasil, ESCOLA FRANCISCO FREIRE DE CARVALHO"
2022,RIO BRANCO,9,374,UNIDADE DE SAÚDE DA FAMÍLIA ELPÍDIO MOREIRA SOUZA,6,2240,"RIO BRANCO, Acre, Brasil, UNIDADE DE SAÚDE DA FAMÍLIA ELPÍDIO MOREIRA SOUZA"
2022,SENA MADUREIRA,3,32,EEICV - ESCOLA DE EDUCAÇÃO INFANTIL CHAPEUZINHO VERMELHO,1,1171,"SENA MADUREIRA, Acre, Brasil, EEICV - ESCOLA DE EDUCAÇÃO INFANTIL CHAPEUZINHO VERMELHO"
2022,RIO BRANCO,1,712,ESCOLA THEODOLINA FALCAO MACEDO,13,3506,"RIO BRANCO, Acre, Brasil, ESCOLA THEODOLINA FALCAO MACEDO"
2022,RIO BRANCO,1,731,ESCOLA MUNICIPAL LUIZA CARNEIRO DANTAS,4,3573,"RIO BRANCO, Acre, Brasil, ESCOLA MUNICIPAL LUIZA CARNEIRO DANTAS"
2022,RIO BRANCO,9,56,SECRETARIA DE EDUCAÇÃO E CULTURA,7,1112,"RIO BRANCO, Acre, Brasil, SECRETARIA DE EDUCAÇÃO E CULTURA"
2022,ACRELÂNDIA,8,143,ESCOLA ALTINA MAGALHAES,1,1015,"ACRELÂNDIA, Acre, Brasil, ESCOLA ALTINA MAGALHAES"
2022,RIO BRANCO,1,275,ESCOLA MENINO JESUS,6,1279,"RIO BRANCO, Acre, Brasil, ESCOLA MENINO JESUS"
2022,RIO BRANCO,1,652,ESCOLA RAIMUNDO MELO,13,3328,"RIO BRANCO, Acre, Brasil, ESCOLA RAIMUNDO MELO"
2022,BUJARI,9,6,ESCOLA SÃO JOÃO BATISTA,3,1112,"BUJARI, Acre, Brasil, ESCOLA SÃO JOÃO BATISTA"
2022,RIO BRANCO,1,495,CENTRO DE SAUDE CLAUDIA VITORINO,4,2836,"RIO BRANCO, Acre, Brasil, CENTRO DE SAUDE CLAUDIA VITORINO"
2022,RIO BRANCO,9,268,ESCOLA MUNICIPAL JOSE POTYGUARA,4,1929,"RIO BRANCO, Acre, Brasil, ESCOLA MUNICIPAL JOSE POTYGUARA"
2022,BRASILÉIA,6,39,ESCOLA MENINO JESUS,2,1996,"BRASILÉIA, Acre, Brasil, ESCOLA MENINO JESUS"
2022,RIO BRANCO,1,50,DERACRE,8,1171,"RIO BRANCO, Acre, Brasil, DERACRE"
2022,XAPURI,2,4,GINASIO ANTHERO SOARES BEZERRA,2,1015,"XAPURI, Acre, Brasil, GINASIO ANTHERO SOARES BEZERRA"
2022,RIO BRANCO,9,45,ESCOLA PADRE DIOGO FEIJÓ,10,1082,"RIO BRANCO, Acre, Brasil, ESCOLA PADRE DIOGO FEIJÓ"
2022,RIO BRANCO,1,820,ESCOLA GLÓRIA PEREZ,6,3468,"RIO BRANCO, Acre, Brasil, ESCOLA GLÓRIA PEREZ"
2022,RIO BRANCO,1,499,ESCOLA PROFESSOR JOSUÉ FERNANDES,8,2712,"RIO BRANCO, Acre, Brasil, ESCOLA PROFESSOR JOSUÉ FERNANDES"
2022,ACRELÂNDIA,8,8,ESCOLA ALTINA MAGALHAES,3,1015,"ACRELÂNDIA, Acre, Brasil, ESCOLA ALTINA MAGALHAES"
2022,RIO BRANCO,9,132,ESCOLA FRANCISCO DE PAULA LEITE OITICICA,3,1538,"RIO BRANCO, Acre, Brasil, ESCOLA FRANCISCO DE PAULA LEITE OITICICA"
2022,BRASILÉIA,6,2,DIVISÃO DE CONTROLE DAS ENDEMIAS,1,2127,"BRASILÉIA, Acre, Brasil, DIVISÃO DE CONTROLE DAS ENDEMIAS"
2022,RIO BRANCO,1,398,ESCOLA LEONCIO DE CARVALHO,3,2313,"RIO BRANCO, Acre, Brasil, ESCOLA LEONCIO DE CARVALHO"
2022,RIO BRANCO,1,642,ESCOLA ESTADUAL PROFESSOR RAIMUNDO BORGES,5,3301,"RIO BRANCO, Acre, Brasil, ESCOLA ESTADUAL PROFESSOR RAIMUNDO BORGES"
2022,RIO BRANCO,9,231,ESCOLA PÚBLICA ALCIMAR LEITÃO,8,1147,"RIO BRANCO, Acre, Brasil, ESCOLA PÚBLICA ALCIMAR LEITÃO"
2022,RIO BRANCO,1,824,ESCOLA PROFESSORA CLÍCIA GADELHA,5,3344,"RIO BRANCO, Acre, Brasil, ESCOLA PROFESSORA CLÍCIA GADELHA"
2022,PORTO ACRE,1,600,ESCOLA MUNICIPAL NILCE MACHADO DA ROCHA,1,1066,"PORTO ACRE, Acre, Brasil, ESCOLA MUNICIPAL NILCE MACHADO DA ROCHA"
2022,RIO BRANCO,1,636,INCRA - INSTITUTO NACIONAL DE COLONIZAÇÃO E REFORMA AGRÁRIA,11,3280,"RIO BRANCO, Acre, Brasil, INCRA - INSTITUTO NACIONAL DE COLONIZAÇÃO E REFORMA AGRÁRIA"
2022,RIO BRANCO,1,437,ESCOLA LEONCIO DE CARVALHO,3,2313,"RIO BRANCO, Acre, Brasil, ESCOLA LEONCIO DE CARVALHO"
2022,SENADOR GUIOMARD,8,104,ESCOLA MONTEIRO LOBATO,3,1392,"SENADOR GUIOMARD, Acre, Brasil, ESCOLA MONTEIRO LOBATO"
2022,RIO BRANCO,1,516,OCA RIO BRANCO,6,1066,"RIO BRANCO, Acre, Brasil, OCA RIO BRANCO"
2022,PORTO ACRE,1,583,ESCOLA EDMUNDO PINTO DE ALMEIDA NETO,2,1023,"PORTO ACRE, Acre, Brasil, ESCOLA EDMUNDO PINTO DE ALMEIDA NETO"
2022,RIO BRANCO,1,691,ESCOLA MARIANA DA SILVA OLIVEIRA (ANTIGA NAZARÉ DOURADO),10,3441,"RIO BRANCO, Acre, Brasil, ESCOLA MARIANA DA SILVA OLIVEIRA (ANTIGA NAZARÉ DOURADO)"
2022,RIO BRANCO,1,42,SECRETARIA DE ESTADO DE SAÚDE - SESACRE,4,1180,"RIO BRANCO, Acre, Brasil, SECRETARIA DE ESTADO DE SAÚDE - SESACRE"
2022,RIO BRANCO,1,572,ESCOLA CASTELO BRANCO,12,3255,"RIO BRANCO, Acre, Brasil, ESCOLA CASTELO BRANCO"
2022,RIO BRANCO,9,184,ESCOLA ALMADA BRITO,7,1724,"RIO BRANCO, Acre, Brasil, ESCOLA ALMADA BRITO"
2022,ACRELÂNDIA,8,101,ESCOLA MARCILIO PONTES DOS SANTOS,4,1074,"ACRELÂNDIA, Acre, Brasil, ESCOLA MARCILIO PONTES DOS SANTOS"
2022,SENADOR GUIOMARD,8,210,SESC - UNIDADE DE SENADOR GUIOMARD,3,1422,"SENADOR GUIOMARD, Acre, Brasil, SESC - UNIDADE DE SENADOR GUIOMARD"
2022,SENADOR GUIOMARD,8,243,ESCOLA BRIGADEIRO EDUARDO GOMES,1,1090,"SENADOR GUIOMARD, Acre, Brasil, ESCOLA BRIGADEIRO EDUARDO GOMES"
2022,FEIJÓ,7,87,ESCOLA DE ENSINO FUNDAMENTAL SEVERINO CORDEIRO,2,1171,"FEIJÓ, Acre, Brasil, ESCOLA DE ENSINO FUNDAMENTAL SEVERINO CORDEIRO"
2022,PORTO ACRE,1,577,ESCOLA JOSE PLACIDO DE CASTRO,1,1015,"PORTO ACRE, Acre, Brasil, ESCOLA JOSE PLACIDO DE CASTRO"
2022,TARAUACÁ,5,88,ESCOLA DE PRIMEIRO GRAU JOAO RIBEIRO,2,1015,"TARAUACÁ, Acre, Brasil, ESCOLA DE PRIMEIRO GRAU JOAO RIBEIRO"
2022,TARAUACÁ,5,111,ESCOLA MUNICIPAL ADELMAR DE OLIVEIRA,1,1430,"TARAUACÁ, Acre, Brasil, ESCOLA MUNICIPAL ADELMAR DE OLIVEIRA"
2022,XAPURI,2,32,ESCOLA ESTADUAL PADRE JÓSIMO - COMUNIDADE SÃO JOÃO DO GUARANI,3,1171,"XAPURI, Acre, Brasil, ESCOLA ESTADUAL PADRE JÓSIMO - COMUNIDADE SÃO JOÃO DO GUARANI"
2022,RIO BRANCO,1,463,ESCOLA DUQUE DE CAXIAS,11,2720,"RIO BRANCO, Acre, Brasil, ESCOLA DUQUE DE CAXIAS"
2022,RIO BRANCO,1,416,ESCOLA ANTONIA FERNANDES DE FREITAS,9,2470,"RIO BRANCO, Acre, Brasil, ESCOLA ANTONIA FERNANDES DE FREITAS"
2022,RIO BRANCO,1,533,SENAI,31,2054,"RIO BRANCO, Acre, Brasil, SENAI"
2022,XAPURI,2,52,CEDUP - CENTRO ESTADUAL DE EDUCACAO PERMANENTE,4,1260,"XAPURI, Acre, Brasil, CEDUP - CENTRO ESTADUAL DE EDUCACAO PERMANENTE"
2022,RIO BRANCO,1,462,ESCOLA CLARISSE FECURY,12,3174,"RIO BRANCO, Acre, Brasil, ESCOLA CLARISSE FECURY"
2022,RIO BRANCO,1,795,ESCOLA CARMELITA BARBOSA MONTENEGRO,5,2968,"RIO BRANCO, Acre, Brasil, ESCOLA CARMELITA BARBOSA MONTENEGRO"
2022,RIO BRANCO,9,64,ESCOLA PÚBLICA ADALBERTO SENA,12,1139,"RIO BRANCO, Acre, Brasil, ESCOLA PÚBLICA ADALBERTO SENA"
2022,FEIJÓ,7,33,GRUPO ESCOLAR PREFEITO RAIMUNDO AUGUSTO DE ARAUJO,2,1058,"FEIJÓ, Acre, Brasil, GRUPO ESCOLAR PREFEITO RAIMUNDO AUGUSTO DE ARAUJO"
2022,SENADOR GUIOMARD,8,187,ESCOLA MUNICIPAL MANOEL GONZAGA BEZERRA SOBRINHO,5,1333,"SENADOR GUIOMARD, Acre, Brasil, ESCOLA MUNICIPAL MANOEL GONZAGA BEZERRA SOBRINHO"
2022,RIO BRANCO,9,66,ESCOLA PÚBLICA ADALBERTO SENA,13,1139,"RIO BRANCO, Acre, Brasil, ESCOLA PÚBLICA ADALBERTO SENA"
2022,SENADOR GUIOMARD,8,204,ESCOLA VEIGA CABRAL,3,1082,"SENADOR GUIOMARD, Acre, Brasil, ESCOLA VEIGA CABRAL"
2022,RIO BRANCO,9,24,ESCOLA FRANCISCO AUGUSTO BACURAU,6,1384,"RIO BRANCO, Acre, Brasil, ESCOLA FRANCISCO AUGUSTO BACURAU"
2022,RIO BRANCO,9,420,ESCOLA TÉCNICA DE SAÚDE MARIA MOREIRA DA ROCHA,9,1880,"RIO BRANCO, Acre, Brasil, ESCOLA TÉCNICA DE SAÚDE MARIA MOREIRA DA ROCHA"
2022,MANOEL URBANO,3,50,ESCOLA MARIA DAS GRAÇAS ALVES DA ROCHA,8,1260,"MANOEL URBANO, Acre, Brasil, ESCOLA MARIA DAS GRAÇAS ALVES DA ROCHA"
2022,RIO BRANCO,9,89,ESCOLA JUVENAL ANTUNES,7,1589,"RIO BRANCO, Acre, Brasil, ESCOLA JUVENAL ANTUNES"
2022,BUJARI,9,137,ESCOLA SÃO JOÃO BATISTA,6,1112,"BUJARI, Acre, Brasil, ESCOLA SÃO JOÃO BATISTA"
2022,RIO BRANCO,9,247,ESCOLA TANCREDO NEVES,2,1104,"RIO BRANCO, Acre, Brasil, ESCOLA TANCREDO NEVES"
2022,PLÁCIDO DE CASTRO,8,96,ESC MUN JOAO BATISTA LOPES DE LIMA,5,1600,"PLÁCIDO DE CASTRO, Acre, Brasil, ESC MUN JOAO BATISTA LOPES DE LIMA"
2022,RIO BRANCO,1,366,ESCOLA MADRE HILDEBRANDA DO PRA,9,2089,"RIO BRANCO, Acre, Brasil, ESCOLA MADRE HILDEBRANDA DO PRA"
2022,PLÁCIDO DE CASTRO,8,211,ESCOLA CASTRO ALVES,1,1694,"PLÁCIDO DE CASTRO, Acre, Brasil, ESCOLA CASTRO ALVES"
2022,XAPURI,2,20,GINASIO ANTHERO SOARES BEZERRA,1,1015,"XAPURI, Acre, Brasil, GINASIO ANTHERO SOARES BEZERRA"
2022,RIO BRANCO,9,281,ESCOLA ESTADUAL PROFESSORA ILKA MARIA DE LIMA,6,1953,"RIO BRANCO, Acre, Brasil, ESCOLA ESTADUAL PROFESSORA ILKA MARIA DE LIMA"
2022,BUJARI,9,192,CENTRO DE CULTURA E FLORESTANIA (SECRET EDUCAÇÃO),4,1058,"BUJARI, Acre, Brasil, CENTRO DE CULTURA E FLORESTANIA (SECRET EDUCAÇÃO)"
2022,RIO BRANCO,9,30,ESCOLA LUIZA BATISTA DE SOUZA,12,1066,"RIO BRANCO, Acre, Brasil, ESCOLA LUIZA BATISTA DE SOUZA"
2022,RIO BRANCO,9,382,ESCOLA ESTADUAL DJALMA TELES GALDINO,3,2275,"RIO BRANCO, Acre, Brasil, ESCOLA ESTADUAL DJALMA TELES GALDINO"
2022,BUJARI,9,310,ESCOLA RURAL NOVA VIDA,2,1066,"BUJARI, Acre, Brasil, ESCOLA RURAL NOVA VIDA"
2022,RIO BRANCO,1,419,SECRETARIA DE ESTADO DE MEIO AMBIENTE - SEMA,5,2755,"RIO BRANCO, Acre, Brasil, SECRETARIA DE ESTADO DE MEIO AMBIENTE - SEMA"
2022,RIO BRANCO,9,286,UFAC - UNIVERSIDADE FEDERAL DO ACRE,8,1198,"RIO BRANCO, Acre, Brasil, UFAC - UNIVERSIDADE FEDERAL DO ACRE"
2022,PLÁCIDO DE CASTRO,8,11,ESCOLA JOSE VALMIR,4,1082,"PLÁCIDO DE CASTRO, Acre, Brasil, ESCOLA JOSE VALMIR"
2022,XAPURI,2,55,ESCOLA ESTADUAL MADRE GABRIELA NARDI,1,1279,"XAPURI, Acre, Brasil, ESCOLA ESTADUAL MADRE GABRIELA NARDI"
2022,RIO BRANCO,9,145,ESCOLA FRANCISCO DE PAULA LEITE OITICICA,5,1538,"RIO BRANCO, Acre, Brasil, ESCOLA FRANCISCO DE PAULA LEITE OITICICA"
2022,RIO BRANCO,1,782,INSTITUTO FEDERAL DO ACRE - IFAC,7,3751,"RIO BRANCO, Acre, Brasil, INSTITUTO FEDERAL DO ACRE - IFAC"
2022,TARAUACÁ,5,55,ESCOLA DE ENSINO FUNDAMENTAL GOVERNADOR EDMUNDO PINTO DE ALMEIDA,4,1252,"TARAUACÁ, Acre, Brasil, ESCOLA DE ENSINO FUNDAMENTAL GOVERNADOR EDMUNDO PINTO DE ALMEIDA"
2022,RIO BRANCO,9,408,ESCOLA FRANCISCO SALGADO FILHO,13,1031,"RIO BRANCO, Acre, Brasil, ESCOLA FRANCISCO SALGADO FILHO"
2022,SENADOR GUIOMARD,8,226,ESCOLA  ALBERTO ZAIRE,2,1066,"SENADOR GUIOMARD, Acre, Brasil, ESCOLA  ALBERTO ZAIRE"
2022,RIO BRANCO,1,776,COLÉGIO LATO SENSU,12,3735,"RIO BRANCO, Acre, Brasil, COLÉGIO LATO SENSU"
2022,RIO BRANCO,1,380,INSTITUTO SAO JOSE,6,1473,"RIO BRANCO, Acre, Brasil, INSTITUTO SAO JOSE"
2022,RIO BRANCO,1,93,ESCOLA PROF JOSE RODRIGUES LEITE - ETICA,7,1317,"RIO BRANCO, Acre, Brasil, ESCOLA PROF JOSE RODRIGUES LEITE - ETICA"
2022,RIO BRANCO,9,322,ASSOC. COMERCIAL - ACISA,7,2070,"RIO BRANCO, Acre, Brasil, ASSOC. COMERCIAL - ACISA"
2022,RIO BRANCO,1,520,CGU,2,2909,"RIO BRANCO, Acre, Brasil, CGU"
2022,FEIJÓ,7,84,ESCOLA VICENTE CELSO BRANDAO,3,1163,"FEIJÓ, Acre, Brasil, ESCOLA VICENTE CELSO BRANDAO"
2022,RIO BRANCO,9,264,FACULDADE UNINORTE,4,1899,"RIO BRANCO, Acre, Brasil, FACULDADE UNINORTE"
2022,RIO BRANCO,9,18,ESCOLA FRANCISCO SALGADO FILHO,12,1031,"RIO BRANCO, Acre, Brasil, ESCOLA FRANCISCO SALGADO FILHO"
2022,SENADOR GUIOMARD,8,167,ESCOLA ESTADUAL SAO FRANCISCO DE ASSIS,12,1317,"SENADOR GUIOMARD, Acre, Brasil, ESCOLA ESTADUAL SAO FRANCISCO DE ASSIS"
2022,SENADOR GUIOMARD,8,62,ESCOLA ALDACI SIMOES DA COSTA,1,1481,"SENADOR GUIOMARD, Acre, Brasil, ESCOLA ALDACI SIMOES DA COSTA"
2022,RIO BRANCO,1,192,INSS - AGÊNCIA CENTRO,8,2500,"RIO BRANCO, Acre, Brasil, INSS - AGÊNCIA CENTRO"
2022,RIO BRANCO,1,735,INSTITUTO DE EDUCACAO LOURENCO FILHO,8,3581,"RIO BRANCO, Acre, Brasil, INSTITUTO DE EDUCACAO LOURENCO FILHO"
2022,BUJARI,9,411,CRECHE PROFESSORA DONA BELA,2,1090,"BUJARI, Acre, Brasil, CRECHE PROFESSORA DONA BELA"
2022,FEIJÓ,7,51,ESCOLA VICENTE CELSO BRANDAO,1,1163,"FEIJÓ, Acre, Brasil, ESCOLA VICENTE CELSO BRANDAO"
2022,TARAUACÁ,5,127,ESCOLA ESTADUAL INSTITUTO SÃO JOSÉ,1,1449,"TARAUACÁ, Acre, Brasil, ESCOLA ESTADUAL INSTITUTO SÃO JOSÉ"
2022,CAPIXABA,2,70,ESCOLA NAIR SOMBRA,1,1023,"CAPIXABA, Acre, Brasil, ESCOLA NAIR SOMBRA"
2022,RIO BRANCO,1,270,ESCOLA DEPUTADO RAIMUNDO HERMINIO DE MELO,5,1848,"RIO BRANCO, Acre, Brasil, ESCOLA DEPUTADO RAIMUNDO HERMINIO DE MELO"
2022,ACRELÂNDIA,8,102,ESCOLA SANTA LUCIA III,1,1040,"ACRELÂNDIA, Acre, Brasil, ESCOLA SANTA LUCIA III"
2022,EPITACIOLÂNDIA,6,50,ESCOLA JOANA RIBEIRO AMED,1,1031,"EPITACIOLÂNDIA, Acre, Brasil, ESCOLA JOANA RIBEIRO AMED"
2022,RIO BRANCO,9,51,ESCOLA SERAFIM DA SILVA SALGADO,7,1090,"RIO BRANCO, Acre, Brasil, ESCOLA SERAFIM DA SILVA SALGADO"
2022,RIO BRANCO,9,99,ESCOLA JOÃO PAULO II,7,1252,"RIO BRANCO, Acre, Brasil, ESCOLA JOÃO PAULO II"
2022,FEIJÓ,7,7,GINASIO IMACULADA CONCEICAO,2,1040,"FEIJÓ, Acre, Brasil, GINASIO IMACULADA CONCEICAO"
2022,RIO BRANCO,1,511,ESCOLA RURAL ERCÍLIA FEITOSA GOMES,10,1759,"RIO BRANCO, Acre, Brasil, ESCOLA RURAL ERCÍLIA FEITOSA GOMES"
2022,RIO BRANCO,1,657,ESCOLA PROFESSORA CLÍCIA GADELHA,4,3344,"RIO BRANCO, Acre, Brasil, ESCOLA PROFESSORA CLÍCIA GADELHA"
2022,ASSIS BRASIL,6,30,ESCOLA IRIS CELIA CABANELLAS ZANNINI,1,1031,"ASSIS BRASIL, Acre, Brasil, ESCOLA IRIS CELIA CABANELLAS ZANNINI"
2022,RIO BRANCO,9,324,ESCOLA MUNICIPAL INFANTIL FRANCISCA ARAGAO DA SILVA,3,2089,"RIO BRANCO, Acre, Brasil, ESCOLA MUNICIPAL INFANTIL FRANCISCA ARAGAO DA SILVA"
2022,RIO BRANCO,1,178,SEINFRA - SECRETARIA DE ESTADO DE INFRAESTRUTURA,5,1589,"RIO BRANCO, Acre, Brasil, SEINFRA - SECRETARIA DE ESTADO DE INFRAESTRUTURA"
2022,ASSIS BRASIL,6,73,ESCOLA EDILSA MARIA BATISTA,1,1023,"ASSIS BRASIL, Acre, Brasil, ESCOLA EDILSA MARIA BATISTA"
2022,RIO BRANCO,1,277,INSTITUTO SAO JOSE,10,1473,"RIO BRANCO, Acre, Brasil, INSTITUTO SAO JOSE"
2022,SENA MADUREIRA,3,61,EMR - ESCOLA MESSIAS RODRIGUES,1,1015,"SENA MADUREIRA, Acre, Brasil, EMR - ESCOLA MESSIAS RODRIGUES"
2022,RIO BRANCO,1,632,INCRA - INSTITUTO NACIONAL DE COLONIZAÇÃO E REFORMA AGRÁRIA,12,3280,"RIO BRANCO, Acre, Brasil, INCRA - INSTITUTO NACIONAL DE COLONIZAÇÃO E REFORMA AGRÁRIA"
2022,RIO BRANCO,9,152,FEDERAÇÃO DAS INDÚSTRIAS DO ESTADO DO ACRE - FIEAC,13,1376,"RIO BRANCO, Acre, Brasil, FEDERAÇÃO DAS INDÚSTRIAS DO ESTADO DO ACRE - FIEAC"
2022,RIO BRANCO,1,436,ESCOLA GEORGETE ELUAN KALUME,26,1929,"RIO BRANCO, Acre, Brasil, ESCOLA GEORGETE ELUAN KALUME"
2022,TARAUACÁ,5,6,ESCOLA JOSE AUGUSTO DE ARAUJO,1,1074,"TARAUACÁ, Acre, Brasil, ESCOLA JOSE AUGUSTO DE ARAUJO"
2022,RIO BRANCO,1,502,ESCOLA RURAL RUY AZEVEDO,3,2852,"RIO BRANCO, Acre, Brasil, ESCOLA RURAL RUY AZEVEDO"
2022,RIO BRANCO,1,561,ESCOLA DEPUTADO RAIMUNDO HERMINIO DE MELO,5,1848,"RIO BRANCO, Acre, Brasil, ESCOLA DEPUTADO RAIMUNDO HERMINIO DE MELO"
2022,RIO BRANCO,1,564,MINISTÉRIO DA AGRICULTURA - MAPA,4,3034,"RIO BRANCO, Acre, Brasil, MINISTÉRIO DA AGRICULTURA - MAPA"
2022,RIO BRANCO,1,8,COLÉGIO ESTADUAL BARÃO DO RIO BRANCO,6,1031,"RIO BRANCO, Acre, Brasil, COLÉGIO ESTADUAL BARÃO DO RIO BRANCO"
2022,RIO BRANCO,9,303,INSTITUTO FEDERAL DO ACRE - IFAC -  BAIXADA,1,1023,"RIO BRANCO, Acre, Brasil, INSTITUTO FEDERAL DO ACRE - IFAC -  BAIXADA"
2022,RIO BRANCO,1,535,CENTRO DE EDUCAÇÃO SUPERIOR DO ACRE (ANTIGA FACULDADE BETEL),4,3050,"RIO BRANCO, Acre, Brasil, CENTRO DE EDUCAÇÃO SUPERIOR DO ACRE (ANTIGA FACULDADE BETEL)"
2022,RIO BRANCO,1,438,ESCOLA ANTONIA FERNANDES DE FREITAS,11,2470,"RIO BRANCO, Acre, Brasil, ESCOLA ANTONIA FERNANDES DE FREITAS"
2022,BUJARI,9,200,ESCOLA RURAL NOVA VIDA,1,1066,"BUJARI, Acre, Brasil, ESCOLA RURAL NOVA VIDA"
2022,RIO BRANCO,9,180,ESCOLA JOSÉ SALES DE ARAÚJO,5,1260,"RIO BRANCO, Acre, Brasil, ESCOLA JOSÉ SALES DE ARAÚJO"
2022,RIO BRANCO,1,526,UNIDADE BÁSICA DE SAÚDE MARIA DA CONCEIÇÃO,17,3026,"RIO BRANCO, Acre, Brasil, UNIDADE BÁSICA DE SAÚDE MARIA DA CONCEIÇÃO"
2022,FEIJÓ,7,26,ESCOLA FRANCISCO NUNES LEITÃO,1,1112,"FEIJÓ, Acre, Brasil, ESCOLA FRANCISCO NUNES LEITÃO"
2022,RIO BRANCO,9,375,CONAB - COMPANHIA NACIONAL DE ABASTECIMENTO,5,2259,"RIO BRANCO, Acre, Brasil, CONAB - COMPANHIA NACIONAL DE ABASTECIMENTO"
2022,RIO BRANCO,9,399,ESCOLA ISMAEL GOMES DE CARVALHO,3,2330,"RIO BRANCO, Acre, Brasil, ESCOLA ISMAEL GOMES DE CARVALHO"
2022,ASSIS BRASIL,6,149,UNIDADE BÁSICA DE SAÚDE TEREZINHA BATISTA DOS SANTOS,1,1341,"ASSIS BRASIL, Acre, Brasil, UNIDADE BÁSICA DE SAÚDE TEREZINHA BATISTA DOS SANTOS"
2022,ACRELÂNDIA,8,117,CENTRO DE REFERENCIA E ASSISTENCIA SOCIAL - CRAS,4,1210,"ACRELÂNDIA, Acre, Brasil, CENTRO DE REFERENCIA E ASSISTENCIA SOCIAL - CRAS"
2022,PLÁCIDO DE CASTRO,8,203,POSTO DE SAUDE MARIO GOMES DA SILVA,1,1570,"PLÁCIDO DE CASTRO, Acre, Brasil, POSTO DE SAUDE MARIO GOMES DA SILVA"
2022,RIO BRANCO,9,97,ESCOLA MARIA ADEIZA RODRIGUES PEREIRA,6,2356,"RIO BRANCO, Acre, Brasil, ESCOLA MARIA ADEIZA RODRIGUES PEREIRA"
2022,RIO BRANCO,9,250,ESCOLA TANCREDO NEVES,2,1104,"RIO BRANCO, Acre, Brasil, ESCOLA TANCREDO NEVES"
2022,MANOEL URBANO,3,102,EMLPF - ESCOLA MUNICIPAL LUIZ PLÁCIDO FERNANDES,14,1295,"MANOEL URBANO, Acre, Brasil, EMLPF - ESCOLA MUNICIPAL LUIZ PLÁCIDO FERNANDES"
2022,RIO BRANCO,9,142,ESCOLA MARILDA GOUVEIA VIANA,7,1600,"RIO BRANCO, Acre, Brasil, ESCOLA MARILDA GOUVEIA VIANA"
2022,TARAUACÁ,5,95,ESCOLA ESTADUAL INSTITUTO SÃO JOSÉ,4,1449,"TARAUACÁ, Acre, Brasil, ESCOLA ESTADUAL INSTITUTO SÃO JOSÉ"
2022,RIO BRANCO,1,696,ESCOLA GLÓRIA PEREZ,6,3468,"RIO BRANCO, Acre, Brasil, ESCOLA GLÓRIA PEREZ"
2022,PLÁCIDO DE CASTRO,8,137,ESCOLA ELIAS MANSOUR SIMAO FILHO,6,1074,"PLÁCIDO DE CASTRO, Acre, Brasil, ESCOLA ELIAS MANSOUR SIMAO FILHO"
2022,EPITACIOLÂNDIA,6,40,ESCOLA RAIMUNDA DA CUNHA AIRES,1,1058,"EPITACIOLÂNDIA, Acre, Brasil, ESCOLA RAIMUNDA DA CUNHA AIRES"
2022,RIO BRANCO,1,327,SECRETARIA DE ESTADO DE COMUNICAÇÃO - SECOM,7,2615,"RIO BRANCO, Acre, Brasil, SECRETARIA DE ESTADO DE COMUNICAÇÃO - SECOM"
2022,RIO BRANCO,1,264,ESCOLA MENINO JESUS,6,1279,"RIO BRANCO, Acre, Brasil, ESCOLA MENINO JESUS"
2022,RIO BRANCO,1,710,ESCOLA THEODOLINA FALCAO MACEDO,5,3506,"RIO BRANCO, Acre, Brasil, ESCOLA THEODOLINA FALCAO MACEDO"
2022,BRASILÉIA,6,4,ESCOLA MARIA SOCORRO DE SOUZA FROTA,1,1040,"BRASILÉIA, Acre, Brasil, ESCOLA MARIA SOCORRO DE SOUZA FROTA"
2022,BUJARI,9,7,ESCOLA JOSE CEZARIO DE FARIAS,1,1023,"BUJARI, Acre, Brasil, ESCOLA JOSE CEZARIO DE FARIAS"
2022,SENA MADUREIRA,3,106,EEEFISJ - ESCOLA ESTADUAL ENSINO FUNDAMENTAL INSTITUTO SANTA JULIANA,1,1023,"SENA MADUREIRA, Acre, Brasil, EEEFISJ - ESCOLA ESTADUAL ENSINO FUNDAMENTAL INSTITUTO SANTA JULIANA"
2022,RIO BRANCO,9,25,ESCOLA LOURIVAL SOMBRA,9,1058,"RIO BRANCO, Acre, Brasil, ESCOLA LOURIVAL SOMBRA"
2022,RIO BRANCO,9,273,ESCOLA IRMÃ MARIA GABRIELA SOARES,6,1643,"RIO BRANCO, Acre, Brasil, ESCOLA IRMÃ MARIA GABRIELA SOARES"
2022,RIO BRANCO,1,768,ESCOLA DR. MARIO DE OLIVEIRA,14,3700,"RIO BRANCO, Acre, Brasil, ESCOLA DR. MARIO DE OLIVEIRA"
2022,RIO BRANCO,9,230,ESCOLA MANOEL TIAGO LINDOZO,2,1805,"RIO BRANCO, Acre, Brasil, ESCOLA MANOEL TIAGO LINDOZO"
2022,RIO BRANCO,9,60,COLÉGIO META III,11,1520,"RIO BRANCO, Acre, Brasil, COLÉGIO META III"
2022,RIO BRANCO,9,267,CENTRO DIA PARA IDOSOS,4,1996,"RIO BRANCO, Acre, Brasil, CENTRO DIA PARA IDOSOS"
2022,RIO BRANCO,1,666,ESCOLA  MOZART DONIZETE,6,3360,"RIO BRANCO, Acre, Brasil, ESCOLA  MOZART DONIZETE"
2022,SENADOR GUIOMARD,8,241,ESCOLA DIVA PEREIRA DE SOUZA,4,1155,"SENADOR GUIOMARD, Acre, Brasil, ESCOLA DIVA PEREIRA DE SOUZA"
2022,RIO BRANCO,9,87,ESCOLA HENRIQUE LIMA,5,1201,"RIO BRANCO, Acre, Brasil, ESCOLA HENRIQUE LIMA"
2022,PLÁCIDO DE CASTRO,8,234,ESCOLA ESTADUAL RURAL MANUEL DE BARROS,12,1562,"PLÁCIDO DE CASTRO, Acre, Brasil, ESCOLA ESTADUAL RURAL MANUEL DE BARROS"
2022,RIO BRANCO,1,204,ESCOLA RURAL CAPITÃO EDGARD CERQUEIRA FILHO,4,1783,"RIO BRANCO, Acre, Brasil, ESCOLA RURAL CAPITÃO EDGARD CERQUEIRA FILHO"
2022,RIO BRANCO,1,700,ESCOLA GLÓRIA PEREZ,9,3468,"RIO BRANCO, Acre, Brasil, ESCOLA GLÓRIA PEREZ"
2022,ACRELÂNDIA,8,94,ESCOLA NOVO HORIZONTE,3,1066,"ACRELÂNDIA, Acre, Brasil, ESCOLA NOVO HORIZONTE"
2022,RIO BRANCO,1,655,ESCOLA PIMENTEL GOMES,7,3336,"RIO BRANCO, Acre, Brasil, ESCOLA PIMENTEL GOMES"
2022,RIO BRANCO,9,33,ESCOLA INFANTIL BEM-TE-VI,9,1449,"RIO BRANCO, Acre, Brasil, ESCOLA INFANTIL BEM-TE-VI"
2022,PLÁCIDO DE CASTRO,8,54,CENTRO DE FLORESTANIA,6,1627,"PLÁCIDO DE CASTRO, Acre, Brasil, CENTRO DE FLORESTANIA"
2022,RIO BRANCO,9,278,ESCOLA ARACY CERQUEIRA,4,1694,"RIO BRANCO, Acre, Brasil, ESCOLA ARACY CERQUEIRA"
2022,FEIJÓ,7,5,ESCOLA DE SEGUNDO GRAU JOSE GURGEL RABELO,1,1031,"FEIJÓ, Acre, Brasil, ESCOLA DE SEGUNDO GRAU JOSE GURGEL RABELO"
2022,RIO BRANCO,1,464,SEST/SENAT,5,2690,"RIO BRANCO, Acre, Brasil, SEST/SENAT"
2022,RIO BRANCO,9,143,ESCOLA  AFONSO PINTO DE MEDEIROS,2,1597,"RIO BRANCO, Acre, Brasil, ESCOLA  AFONSO PINTO DE MEDEIROS"
2022,RIO BRANCO,1,732,INSTITUTO DE EDUCACAO LOURENCO FILHO,11,3581,"RIO BRANCO, Acre, Brasil, INSTITUTO DE EDUCACAO LOURENCO FILHO"
2022,TARAUACÁ,5,29,INSTITUTO DE DEFESA AGROPECUÁRIA E FLORESTAL DO ACRE - IDAF,2,1503,"TARAUACÁ, Acre, Brasil, INSTITUTO DE DEFESA AGROPECUÁRIA E FLORESTAL DO ACRE - IDAF"
2022,XAPURI,2,24,NÚCLEO DA UFAC,2,1155,"XAPURI, Acre, Brasil, NÚCLEO DA UFAC"
2022,RIO BRANCO,1,821,ESCOLA LEONCIO DE CARVALHO,5,2313,"RIO BRANCO, Acre, Brasil, ESCOLA LEONCIO DE CARVALHO"
2022,ACRELÂNDIA,8,182,POLO UNIVERSITARIO DA UAB,4,1139,"ACRELÂNDIA, Acre, Brasil, POLO UNIVERSITARIO DA UAB"
2022,ASSIS BRASIL,6,31,ESCOLA IRIS CELIA CABANELLAS ZANNINI,1,1031,"ASSIS BRASIL, Acre, Brasil, ESCOLA IRIS CELIA CABANELLAS ZANNINI"
2022,RIO BRANCO,1,248,SECRETARIA DE ESTADO DE MEIO AMBIENTE - SEMA,7,1694,"RIO BRANCO, Acre, Brasil, SECRETARIA DE ESTADO DE MEIO AMBIENTE - SEMA"
2022,RIO BRANCO,1,793,ESCOLA RURAL RUY AZEVEDO,5,2852,"RIO BRANCO, Acre, Brasil, ESCOLA RURAL RUY AZEVEDO"
2022,RIO BRANCO,1,191,MINISTÉRIO PÚBLICO DO TRABALHO - MPT,5,1694,"RIO BRANCO, Acre, Brasil, MINISTÉRIO PÚBLICO DO TRABALHO - MPT"
2022,RIO BRANCO,9,454,ESCOLA PÚBLICA ADALBERTO SENA,1,1139,"RIO BRANCO, Acre, Brasil, ESCOLA PÚBLICA ADALBERTO SENA"
2022,RIO BRANCO,9,14,ESCOLA INFANTIL MONTEIRO LOBATO,15,1368,"RIO BRANCO, Acre, Brasil, ESCOLA INFANTIL MONTEIRO LOBATO"
2022,TARAUACÁ,5,12,ESCOLA JOSE AUGUSTO DE ARAUJO,1,1074,"TARAUACÁ, Acre, Brasil, ESCOLA JOSE AUGUSTO DE ARAUJO"
2022,PLÁCIDO DE CASTRO,8,75,ESCOLA JOSE VALMIR,1,1082,"PLÁCIDO DE CASTRO, Acre, Brasil, ESCOLA JOSE VALMIR"
2022,RIO BRANCO,9,154,ESCOLA JOSÉ RIBAMAR BATISTA,4,1570,"RIO BRANCO, Acre, Brasil, ESCOLA JOSÉ RIBAMAR BATISTA"
2022,RIO BRANCO,1,822,CRECHE MARIA ESTELA MARQUES,4,3425,"RIO BRANCO, Acre, Brasil, CRECHE MARIA ESTELA MARQUES"
2022,RIO BRANCO,1,445,ESCOLA DEPUTADO RAIMUNDO HERMINIO DE MELO,6,1848,"RIO BRANCO, Acre, Brasil, ESCOLA DEPUTADO RAIMUNDO HERMINIO DE MELO"
2022,RIO BRANCO,1,98,ESCOLA MARIA ANGÉLICA DE CASTRO,1,2569,"RIO BRANCO, Acre, Brasil, ESCOLA MARIA ANGÉLICA DE CASTRO"
2022,RIO BRANCO,1,775,COLÉGIO LATO SENSU,11,3735,"RIO BRANCO, Acre, Brasil, COLÉGIO LATO SENSU"
2022,RIO BRANCO,1,47,ESCOLA DEPUTADO RAIMUNDO HERMINIO DE MELO,4,1848,"RIO BRANCO, Acre, Brasil, ESCOLA DEPUTADO RAIMUNDO HERMINIO DE MELO"
2022,MANOEL URBANO,3,51,CRECHE YÊDA,6,1279,"MANOEL URBANO, Acre, Brasil, CRECHE YÊDA"
2022,SENA MADUREIRA,3,148,ESCOLA NOVA OLINDA,2,1341,"SENA MADUREIRA, Acre, Brasil, ESCOLA NOVA OLINDA"
2022,RIO BRANCO,1,461,ESCOLA ROBERTO SANCHES MUBARAC,11,1872,"RIO BRANCO, Acre, Brasil, ESCOLA ROBERTO SANCHES MUBARAC"
2022,ACRELÂNDIA,8,209,CENTRO DE REFERENCIA E ASSISTENCIA SOCIAL - CRAS,1,1210,"ACRELÂNDIA, Acre, Brasil, CENTRO DE REFERENCIA E ASSISTENCIA SOCIAL - CRAS"
2022,SENADOR GUIOMARD,8,34,ESCOLA VEIGA CABRAL,6,1082,"SENADOR GUIOMARD, Acre, Brasil, ESCOLA VEIGA CABRAL"
2022,EPITACIOLÂNDIA,6,34,ESCOLA RAIMUNDA DA CUNHA AIRES,1,1058,"EPITACIOLÂNDIA, Acre, Brasil, ESCOLA RAIMUNDA DA CUNHA AIRES"
2022,RIO BRANCO,1,63,ESCOLA DR. CARLOS VASCONCELOS,5,1236,"RIO BRANCO, Acre, Brasil, ESCOLA DR. CARLOS VASCONCELOS"
2022,RIO BRANCO,9,351,ESCOLA MUNICIPAL JESSÉ SANTIAGO,3,2178,"RIO BRANCO, Acre, Brasil, ESCOLA MUNICIPAL JESSÉ SANTIAGO"
2022,RIO BRANCO,9,410,FAMETA,7,2020,"RIO BRANCO, Acre, Brasil, FAMETA"
2022,ASSIS BRASIL,6,36,ESCOLA SIMON BOLIVAR,1,1015,"ASSIS BRASIL, Acre, Brasil, ESCOLA SIMON BOLIVAR"
2022,RIO BRANCO,1,823,ESCOLA MUNICIPAL CHICO MENDES,9,2470,"RIO BRANCO, Acre, Brasil, ESCOLA MUNICIPAL CHICO MENDES"
2022,RIO BRANCO,1,562,ESCOLA SANTA MARIA II,5,2801,"RIO BRANCO, Acre, Brasil, ESCOLA SANTA MARIA II"
2022,RIO BRANCO,1,454,ESCOLA MARIA ANGÉLICA DE CASTRO,10,2569,"RIO BRANCO, Acre, Brasil, ESCOLA MARIA ANGÉLICA DE CASTRO"
2022,RIO BRANCO,9,35,ESCOLA MUNICIPAL ANGELINA GONÇALVES DE SOUZA,6,1040,"RIO BRANCO, Acre, Brasil, ESCOLA MUNICIPAL ANGELINA GONÇALVES DE SOUZA"
2022,EPITACIOLÂNDIA,6,86,ESCOLA BRASIL BOLIVIA,1,1015,"EPITACIOLÂNDIA, Acre, Brasil, ESCOLA BRASIL BOLIVIA"
2022,RIO BRANCO,9,433,FAMETA,7,2020,"RIO BRANCO, Acre, Brasil, FAMETA"
2022,PLÁCIDO DE CASTRO,8,259,ESCOLA ESTADUAL RURAL FLAVIA BARROS PIMENTEL,2,1589,"PLÁCIDO DE CASTRO, Acre, Brasil, ESCOLA ESTADUAL RURAL FLAVIA BARROS PIMENTEL"
2022,BRASILÉIA,6,13,ESCOLA GETULIO VARGAS,1,1082,"BRASILÉIA, Acre, Brasil, ESCOLA GETULIO VARGAS"
2022,RIO BRANCO,9,258,ESCOLA HENRIQUE LIMA,5,1201,"RIO BRANCO, Acre, Brasil, ESCOLA HENRIQUE LIMA"
2022,RIO BRANCO,1,536,URAP  EDUARDO ASSMAR,3,2976,"RIO BRANCO, Acre, Brasil, URAP  EDUARDO ASSMAR"
2022,RIO BRANCO,9,255,FUNDAÇÃO BRADESCO,12,1708,"RIO BRANCO, Acre, Brasil, FUNDAÇÃO BRADESCO"
2022,RIO BRANCO,1,498,ESCOLA RURAL BEIJA-FLOR,4,2844,"RIO BRANCO, Acre, Brasil, ESCOLA RURAL BEIJA-FLOR"
2022,RIO BRANCO,1,765,SENAC,6,3697,"RIO BRANCO, Acre, Brasil, SENAC"
2022,CRUZEIRO DO SUL,4,334,ESCOLA 21 DE ABRIL,1,2232,"CRUZEIRO DO SUL, Acre, Brasil, ESCOLA 21 DE ABRIL"
2022,RIO BRANCO,9,276,ESCOLA AYRTON SENNA DA SILVA,9,1660,"RIO BRANCO, Acre, Brasil, ESCOLA AYRTON SENNA DA SILVA"
2022,RIO BRANCO,1,386,ESCOLA ROBERTO SANCHES MUBARAC,11,1872,"RIO BRANCO, Acre, Brasil, ESCOLA ROBERTO SANCHES MUBARAC"
2022,RIO BRANCO,1,486,ESCOLA BELO JARDIM,5,2798,"RIO BRANCO, Acre, Brasil, ESCOLA BELO JARDIM"
2022,BRASILÉIA,6,8,ESCOLA  KAIRALA JOSE KAIRALA,1,1066,"BRASILÉIA, Acre, Brasil, ESCOLA  KAIRALA JOSE KAIRALA"
2022,RIO BRANCO,1,272,COLÉGIO ESTADUAL BARÃO DO RIO BRANCO,4,1031,"RIO BRANCO, Acre, Brasil, COLÉGIO ESTADUAL BARÃO DO RIO BRANCO"
2022,SENA MADUREIRA,3,80,EEFGMC - ESCOLA DE ENSINO FUNDAMENTAL GUTEMBERG MODESTO DA COSTA,4,1112,"SENA MADUREIRA, Acre, Brasil, EEFGMC - ESCOLA DE ENSINO FUNDAMENTAL GUTEMBERG MODESTO DA COSTA"
2022,FEIJÓ,7,14,GRUPO ESCOLAR PREFEITO RAIMUNDO AUGUSTO DE ARAUJO,6,1058,"FEIJÓ, Acre, Brasil, GRUPO ESCOLAR PREFEITO RAIMUNDO AUGUSTO DE ARAUJO"
2022,FEIJÓ,7,36,GINASIO IMACULADA CONCEICAO,1,1040,"FEIJÓ, Acre, Brasil, GINASIO IMACULADA CONCEICAO"
2022,RIO BRANCO,1,368,SECRETARIA DA FAZENDA,9,1546,"RIO BRANCO, Acre, Brasil, SECRETARIA DA FAZENDA"
2022,SENA MADUREIRA,3,94,POLO UAB (UNIVERSIDADE ABERTA DO BRASIL),1,1333,"SENA MADUREIRA, Acre, Brasil, POLO UAB (UNIVERSIDADE ABERTA DO BRASIL)"
2022,TARAUACÁ,5,90,ESCOLA JOSE AUGUSTO DE ARAUJO,2,1074,"TARAUACÁ, Acre, Brasil, ESCOLA JOSE AUGUSTO DE ARAUJO"
2022,RIO BRANCO,9,155,CENTRO DE TECNOLOGIA DA MADEIRA E DO MOBILIÁRIO (SESI),3,1554,"RIO BRANCO, Acre, Brasil, CENTRO DE TECNOLOGIA DA MADEIRA E DO MOBILIÁRIO (SESI)"
2022,ACRELÂNDIA,8,146,ESCOLA NOVO HORIZONTE,5,1066,"ACRELÂNDIA, Acre, Brasil, ESCOLA NOVO HORIZONTE"
2022,RIO BRANCO,1,9,INSTITUTO BRASILEIRO DE GEOGRAFIA E ESTATISTICA - IBGE,8,1058,"RIO BRANCO, Acre, Brasil, INSTITUTO BRASILEIRO DE GEOGRAFIA E ESTATISTICA - IBGE"
2022,FEIJÓ,7,9,GINASIO IMACULADA CONCEICAO,1,1040,"FEIJÓ, Acre, Brasil, GINASIO IMACULADA CONCEICAO"
2022,XAPURI,2,2,GINASIO ANTHERO SOARES BEZERRA,3,1015,"XAPURI, Acre, Brasil, GINASIO ANTHERO SOARES BEZERRA"
2022,RIO BRANCO,1,185,SESC - SERVICO SOCIAL DO COMERCIO,6,1651,"RIO BRANCO, Acre, Brasil, SESC - SERVICO SOCIAL DO COMERCIO"
2022,RIO BRANCO,9,270,ESCOLA TÉCNICA DE SAÚDE MARIA MOREIRA DA ROCHA,6,1880,"RIO BRANCO, Acre, Brasil, ESCOLA TÉCNICA DE SAÚDE MARIA MOREIRA DA ROCHA"
2022,RIO BRANCO,1,385,ESCOLA ELIAS MANSOUR,3,2526,"RIO BRANCO, Acre, Brasil, ESCOLA ELIAS MANSOUR"
2022,RIO BRANCO,9,217,ESCOLA ARACY CERQUEIRA,8,1694,"RIO BRANCO, Acre, Brasil, ESCOLA ARACY CERQUEIRA"
2022,BRASILÉIA,6,83,ESCOLA ODILON PRATAGI,1,1210,"BRASILÉIA, Acre, Brasil, ESCOLA ODILON PRATAGI"
2022,RIO BRANCO,1,321,ESCOLA JOAO MARIANO,2,1856,"RIO BRANCO, Acre, Brasil, ESCOLA JOAO MARIANO"
2022,RIO BRANCO,9,350,DEFENSORIA PÚBLICA DO ESTADO - DPE,5,2364,"RIO BRANCO, Acre, Brasil, DEFENSORIA PÚBLICA DO ESTADO - DPE"
2022,RIO BRANCO,9,27,ESCOLA LOURIVAL SOMBRA,8,1058,"RIO BRANCO, Acre, Brasil, ESCOLA LOURIVAL SOMBRA"
2022,RIO BRANCO,1,686,ESCOLA LINDAURA MARTINS LEITÃO,9,3425,"RIO BRANCO, Acre, Brasil, ESCOLA LINDAURA MARTINS LEITÃO"
2022,RIO BRANCO,9,246,ESCOLA PÚBLICA RAIMUNDO GOMES DE OLIVEIRA,10,1333,"RIO BRANCO, Acre, Brasil, ESCOLA PÚBLICA RAIMUNDO GOMES DE OLIVEIRA"
2022,RIO BRANCO,1,641,ESCOLA NEUTEL MAIA,9,3298,"RIO BRANCO, Acre, Brasil, ESCOLA NEUTEL MAIA"
2022,XAPURI,2,50,CEDUP - CENTRO ESTADUAL DE EDUCACAO PERMANENTE,6,1260,"XAPURI, Acre, Brasil, CEDUP - CENTRO ESTADUAL DE EDUCACAO PERMANENTE"
2022,FEIJÓ,7,30,PRE-ESCOLAR TOPPO GIGGIO,1,1147,"FEIJÓ, Acre, Brasil, PRE-ESCOLAR TOPPO GIGGIO"
2022,SENA MADUREIRA,3,81,EEEFISJ - ESCOLA ESTADUAL ENSINO FUNDAMENTAL INSTITUTO SANTA JULIANA,1,1023,"SENA MADUREIRA, Acre, Brasil, EEEFISJ - ESCOLA ESTADUAL ENSINO FUNDAMENTAL INSTITUTO SANTA JULIANA"
2022,RIO BRANCO,9,398,ESCOLA ISMAEL GOMES DE CARVALHO,4,2330,"RIO BRANCO, Acre, Brasil, ESCOLA ISMAEL GOMES DE CARVALHO"
2022,RIO BRANCO,9,353,ESCOLA DOUTOR JOAO AGUIAR,7,2186,"RIO BRANCO, Acre, Brasil, ESCOLA DOUTOR JOAO AGUIAR"
2022,SENADOR GUIOMARD,8,116,ESCOLA  ALBERTO ZAIRE,1,1066,"SENADOR GUIOMARD, Acre, Brasil, ESCOLA  ALBERTO ZAIRE"
2022,RIO BRANCO,1,566,ESCOLA MUNICIPAL MONTE CASTELO,8,3247,"RIO BRANCO, Acre, Brasil, ESCOLA MUNICIPAL MONTE CASTELO"
2022,RIO BRANCO,1,541,ESCOLA DE EDUCAÇÃO INFANTIL WILLY VIANA DAS NEVES,7,3000,"RIO BRANCO, Acre, Brasil, ESCOLA DE EDUCAÇÃO INFANTIL WILLY VIANA DAS NEVES"
2022,RIO BRANCO,1,748,ESCOLA DOM GIOCONDO MARIA GROTTI,5,3638,"RIO BRANCO, Acre, Brasil, ESCOLA DOM GIOCONDO MARIA GROTTI"
2022,ACRELÂNDIA,8,123,ESCOLA MARCILIO PONTES DOS SANTOS,7,1074,"ACRELÂNDIA, Acre, Brasil, ESCOLA MARCILIO PONTES DOS SANTOS"
2022,SENADOR GUIOMARD,8,131,ESCOLA  ALBERTO ZAIRE,3,1066,"SENADOR GUIOMARD, Acre, Brasil, ESCOLA  ALBERTO ZAIRE"
2022,RIO BRANCO,9,417,ESCOLA MUNICIPAL JOSE POTYGUARA,1,1929,"RIO BRANCO, Acre, Brasil, ESCOLA MUNICIPAL JOSE POTYGUARA"
2022,RIO BRANCO,1,783,INSTITUTO FEDERAL DO ACRE - IFAC,4,3751,"RIO BRANCO, Acre, Brasil, INSTITUTO FEDERAL DO ACRE - IFAC"
2022,XAPURI,2,12,CENTRO EDUCACIONAL SESC XAPURI,8,1287,"XAPURI, Acre, Brasil, CENTRO EDUCACIONAL SESC XAPURI"
2022,BUJARI,9,441,ESCOLA SÃO JOÃO BATISTA,5,1112,"BUJARI, Acre, Brasil, ESCOLA SÃO JOÃO BATISTA"
2022,RIO BRANCO,9,299,FAMETA,17,2020,"RIO BRANCO, Acre, Brasil, FAMETA"
2022,RIO BRANCO,1,704,INSTITUTO ÁGUIAS DO SABER,4,3611,"RIO BRANCO, Acre, Brasil, INSTITUTO ÁGUIAS DO SABER"
2022,RIO BRANCO,1,794,ESCOLA RURAL BEIJA-FLOR,4,2844,"RIO BRANCO, Acre, Brasil, ESCOLA RURAL BEIJA-FLOR"
2022,ACRELÂNDIA,8,125,CRECHE MUNICIPAL,5,1058,"ACRELÂNDIA, Acre, Brasil, CRECHE MUNICIPAL"
2022,RIO BRANCO,1,816,ESCOLA MANOEL MACHADO,6,3093,"RIO BRANCO, Acre, Brasil, ESCOLA MANOEL MACHADO"
2022,PLÁCIDO DE CASTRO,8,4,CAMARA MUNICIPAL,5,1023,"PLÁCIDO DE CASTRO, Acre, Brasil, CAMARA MUNICIPAL"
2022,RIO BRANCO,1,484,ESCOLA BENFICA,9,2674,"RIO BRANCO, Acre, Brasil, ESCOLA BENFICA"
2022,RIO BRANCO,9,453,ESCOLA JOÃO PAULO II,4,1252,"RIO BRANCO, Acre, Brasil, ESCOLA JOÃO PAULO II"
2022,CRUZEIRO DO SUL,4,43,PRE-ESCOLAR MARCELINO CHAMPAGNAT,1,1376,"CRUZEIRO DO SUL, Acre, Brasil, PRE-ESCOLAR MARCELINO CHAMPAGNAT"
2022,RIO BRANCO,9,160,ESCOLA ACREANA DE MÚSICA (ANT CENTRO CULTURAL),9,1767,"RIO BRANCO, Acre, Brasil, ESCOLA ACREANA DE MÚSICA (ANT CENTRO CULTURAL)"
2022,RIO BRANCO,1,559,ESCOLA GEORGETE ELUAN KALUME,13,1929,"RIO BRANCO, Acre, Brasil, ESCOLA GEORGETE ELUAN KALUME"
2022,XAPURI,2,7,COLÉGIO DIVINA PROVIDÊNCIA,8,1031,"XAPURI, Acre, Brasil, COLÉGIO DIVINA PROVIDÊNCIA"
2022,TARAUACÁ,5,71,ESCOLA DE ENSINO FUND. PROF. RILZA MARIA DANIEL DO NASCIMENTO,1,1350,"TARAUACÁ, Acre, Brasil, ESCOLA DE ENSINO FUND. PROF. RILZA MARIA DANIEL DO NASCIMENTO"
2022,RIO BRANCO,1,189,CONSELHO REGIONAL DE ENFERMAGEM - COREN,7,1694,"RIO BRANCO, Acre, Brasil, CONSELHO REGIONAL DE ENFERMAGEM - COREN"
2022,RIO BRANCO,9,385,ESCOLA JOELMA OLIVEIRA DE LIMA,4,2097,"RIO BRANCO, Acre, Brasil, ESCOLA JOELMA OLIVEIRA DE LIMA"
2022,RIO BRANCO,1,644,ESCOLA ESTADUAL PROFESSOR RAIMUNDO BORGES,2,3301,"RIO BRANCO, Acre, Brasil, ESCOLA ESTADUAL PROFESSOR RAIMUNDO BORGES"
2022,RIO BRANCO,9,380,ESCOLA ESTADUAL DJALMA TELES GALDINO,3,2275,"RIO BRANCO, Acre, Brasil, ESCOLA ESTADUAL DJALMA TELES GALDINO"
2022,RIO BRANCO,1,646,ESCOLA SAMUEL BARREIRA,8,3310,"RIO BRANCO, Acre, Brasil, ESCOLA SAMUEL BARREIRA"
2022,RIO BRANCO,9,44,TRIBUNAL DE CONTAS DO ESTADO DO ACRE,10,1490,"RIO BRANCO, Acre, Brasil, TRIBUNAL DE CONTAS DO ESTADO DO ACRE"
2022,RIO BRANCO,9,368,ESCOLA EUFROSINA SILVA OLIVEIRA,5,2224,"RIO BRANCO, Acre, Brasil, ESCOLA EUFROSINA SILVA OLIVEIRA"
2022,RIO BRANCO,1,791,ESCOLA MUNICIPAL CHICO MENDES,7,2933,"RIO BRANCO, Acre, Brasil, ESCOLA MUNICIPAL CHICO MENDES"
2022,RIO BRANCO,9,283,ESCOLA ARMANDO NOGUEIRA,9,1678,"RIO BRANCO, Acre, Brasil, ESCOLA ARMANDO NOGUEIRA"
2022,RIO BRANCO,9,335,CENTRO CULTURAL THAUMATURGO FILHO,7,2119,"RIO BRANCO, Acre, Brasil, CENTRO CULTURAL THAUMATURGO FILHO"
2022,RODRIGUES ALVES,4,193,ESCOLA FRANCISCO BRAGA DE SOUZA,1,1015,"RODRIGUES ALVES, Acre, Brasil, ESCOLA FRANCISCO BRAGA DE SOUZA"
2022,MANOEL URBANO,3,132,ESCOLA NAZIRA ANUTE DE LIMA,1,1244,"MANOEL URBANO, Acre, Brasil, ESCOLA NAZIRA ANUTE DE LIMA"
2022,PORTO ACRE,1,586,ESCOLA EDMUNDO PINTO DE ALMEIDA NETO,3,1023,"PORTO ACRE, Acre, Brasil, ESCOLA EDMUNDO PINTO DE ALMEIDA NETO"
2022,RIO BRANCO,1,766,ESCOLA DR. MARIO DE OLIVEIRA,6,3700,"RIO BRANCO, Acre, Brasil, ESCOLA DR. MARIO DE OLIVEIRA"
2022,RIO BRANCO,1,31,OCA RIO BRANCO,6,1066,"RIO BRANCO, Acre, Brasil, OCA RIO BRANCO"
2022,MANOEL URBANO,3,43,ESCOLA NAZIRA ANUTE DE LIMA,6,1244,"MANOEL URBANO, Acre, Brasil, ESCOLA NAZIRA ANUTE DE LIMA"
2022,ACRELÂNDIA,8,178,ESCOLA DE 1 GRAU MARIA DE JESUS RIBEIRO,4,1031,"ACRELÂNDIA, Acre, Brasil, ESCOLA DE 1 GRAU MARIA DE JESUS RIBEIRO"
2022,RIO BRANCO,1,534,COLÉGIO MILITAR DOM PEDRO II,3,3042,"RIO BRANCO, Acre, Brasil, COLÉGIO MILITAR DOM PEDRO II"
2022,XAPURI,2,58,ESCOLA ESTADUAL MADRE GABRIELA NARDI,1,1279,"XAPURI, Acre, Brasil, ESCOLA ESTADUAL MADRE GABRIELA NARDI"
2022,RIO BRANCO,1,263,ESCOLA ROBERTO SANCHES MUBARAC,9,1872,"RIO BRANCO, Acre, Brasil, ESCOLA ROBERTO SANCHES MUBARAC"
2022,ASSIS BRASIL,6,29,ESCOLA EDILSA MARIA BATISTA,1,1023,"ASSIS BRASIL, Acre, Brasil, ESCOLA EDILSA MARIA BATISTA"
2022,RIO BRANCO,1,64,ESCOLA DR. CARLOS VASCONCELOS,8,1236,"RIO BRANCO, Acre, Brasil, ESCOLA DR. CARLOS VASCONCELOS"
2022,RIO BRANCO,1,161,INSTITUTO SAO JOSE,10,1473,"RIO BRANCO, Acre, Brasil, INSTITUTO SAO JOSE"
2022,SENADOR GUIOMARD,8,149,ESCOLA ESTADUAL RURAL BOM DESTINO,2,1228,"SENADOR GUIOMARD, Acre, Brasil, ESCOLA ESTADUAL RURAL BOM DESTINO"
2022,RIO BRANCO,1,187,OCA RIO BRANCO,20,1066,"RIO BRANCO, Acre, Brasil, OCA RIO BRANCO"
2022,RIO BRANCO,9,265,ESCOLA ESTADUAL RURAL JORGE KALUME,48,1910,"RIO BRANCO, Acre, Brasil, ESCOLA ESTADUAL RURAL JORGE KALUME"
2022,RIO BRANCO,9,50,SECRETARIA DE ESTADO DE ASSISTENCIA SOCIAL - FUMBESA,5,1171,"RIO BRANCO, Acre, Brasil, SECRETARIA DE ESTADO DE ASSISTENCIA SOCIAL - FUMBESA"
2022,PORTO ACRE,1,607,ESCOLA MUNICIPAL NOVO HORIZONTE,2,1082,"PORTO ACRE, Acre, Brasil, ESCOLA MUNICIPAL NOVO HORIZONTE"
2022,RIO BRANCO,9,12,DEPARTAMENTO DE VIIGILÂNCIA SANITÁRIA (ANTIGA EMURB),5,1350,"RIO BRANCO, Acre, Brasil, DEPARTAMENTO DE VIIGILÂNCIA SANITÁRIA (ANTIGA EMURB)"
2022,MANOEL URBANO,3,52,CRECHE YÊDA,9,1279,"MANOEL URBANO, Acre, Brasil, CRECHE YÊDA"
2022,RIO BRANCO,1,468,ESCOLA BENFICA,4,2674,"RIO BRANCO, Acre, Brasil, ESCOLA BENFICA"
2022,RIO BRANCO,9,32,CENTRO ESTADUAL DE ATENDIMENTO AO DEFICIENTE VISUAL,7,1457,"RIO BRANCO, Acre, Brasil, CENTRO ESTADUAL DE ATENDIMENTO AO DEFICIENTE VISUAL"
2022,RIO BRANCO,9,287,ESCOLA ESTADUAL EDILSON FAÇANHA,7,1937,"RIO BRANCO, Acre, Brasil, ESCOLA ESTADUAL EDILSON FAÇANHA"
2022,TARAUACÁ,5,84,ESCOLA TUPANIR GAUDENCIO DA COSTA,1,1236,"TARAUACÁ, Acre, Brasil, ESCOLA TUPANIR GAUDENCIO DA COSTA"
2022,TARAUACÁ,5,13,ESCOLA TUPANIR GAUDENCIO DA COSTA,1,1236,"TARAUACÁ, Acre, Brasil, ESCOLA TUPANIR GAUDENCIO DA COSTA"
2022,RIO BRANCO,9,171,ESCOLA JOÃO PAULO I,5,1236,"RIO BRANCO, Acre, Brasil, ESCOLA JOÃO PAULO I"
2022,CAPIXABA,2,81,ESCOLA NOVA ESPERANCA,1,1066,"CAPIXABA, Acre, Brasil, ESCOLA NOVA ESPERANCA"
2022,RIO BRANCO,1,741,GABINETE DO VICE GOVERNADOR (ANTIGA SAI),2,3603,"RIO BRANCO, Acre, Brasil, GABINETE DO VICE GOVERNADOR (ANTIGA SAI)"
2022,RIO BRANCO,1,186,OCA RIO BRANCO,6,1066,"RIO BRANCO, Acre, Brasil, OCA RIO BRANCO"
2022,PLÁCIDO DE CASTRO,8,43,SESC PLACIDO DE CASTRO,4,1724,"PLÁCIDO DE CASTRO, Acre, Brasil, SESC PLACIDO DE CASTRO"
2022,SENADOR GUIOMARD,8,68,COLEGIO SANTO IZIDORO,3,1074,"SENADOR GUIOMARD, Acre, Brasil, COLEGIO SANTO IZIDORO"
2022,RIO BRANCO,9,390,ESCOLA AME (ASSOCIAÇÃO MODERNA DE ENSINO),9,2313,"RIO BRANCO, Acre, Brasil, ESCOLA AME (ASSOCIAÇÃO MODERNA DE ENSINO)"
2022,RIO BRANCO,1,649,ESCOLA RAIMUNDO MELO,8,3328,"RIO BRANCO, Acre, Brasil, ESCOLA RAIMUNDO MELO"
2022,RIO BRANCO,9,79,CENTRO CULTURAL E SOCIAL LYDIA HAMMES (ANTIGO INPA),8,1287,"RIO BRANCO, Acre, Brasil, CENTRO CULTURAL E SOCIAL LYDIA HAMMES (ANTIGO INPA)"
2022,RIO BRANCO,1,169,CONSELHO REGIONAL DE ENFERMAGEM - COREN,7,1554,"RIO BRANCO, Acre, Brasil, CONSELHO REGIONAL DE ENFERMAGEM - COREN"
2022,RIO BRANCO,9,178,CRAS - CENTRO DE REFERENCIA DE ASSISTENCIA SOCIAL,2,1775,"RIO BRANCO, Acre, Brasil, CRAS - CENTRO DE REFERENCIA DE ASSISTENCIA SOCIAL"
2022,RIO BRANCO,9,321,ASSOC. COMERCIAL - ACISA,3,2070,"RIO BRANCO, Acre, Brasil, ASSOC. COMERCIAL - ACISA"
2022,RIO BRANCO,1,661,ESCOLA JORGE FELIX LAVOCAT,8,3352,"RIO BRANCO, Acre, Brasil, ESCOLA JORGE FELIX LAVOCAT"
2022,RIO BRANCO,1,501,ESCOLA GEORGETE ELUAN KALUME,19,1929,"RIO BRANCO, Acre, Brasil, ESCOLA GEORGETE ELUAN KALUME"
2022,BRASILÉIA,6,18,ESCOLA VITORIA SALVATIERRA CESAR,1,1104,"BRASILÉIA, Acre, Brasil, ESCOLA VITORIA SALVATIERRA CESAR"
2022,RIO BRANCO,1,494,COLÉGIO MILITAR DOM PEDRO II,9,2542,"RIO BRANCO, Acre, Brasil, COLÉGIO MILITAR DOM PEDRO II"
2022,RIO BRANCO,1,531,MINISTÉRIO DA AGRICULTURA - MAPA,3,3034,"RIO BRANCO, Acre, Brasil, MINISTÉRIO DA AGRICULTURA - MAPA"
2022,RIO BRANCO,9,224,UFAC - UNIVERSIDADE FEDERAL DO ACRE,6,1198,"RIO BRANCO, Acre, Brasil, UFAC - UNIVERSIDADE FEDERAL DO ACRE"
2022,PLÁCIDO DE CASTRO,8,112,ESCOLA JOSE VALMIR,3,1082,"PLÁCIDO DE CASTRO, Acre, Brasil, ESCOLA JOSE VALMIR"
2022,RIO BRANCO,1,39,ESCOLA PROF JOSE RODRIGUES LEITE - ETICA,4,1317,"RIO BRANCO, Acre, Brasil, ESCOLA PROF JOSE RODRIGUES LEITE - ETICA"
2022,RIO BRANCO,1,171,PALACIO DAS SECRETARIAS,6,1490,"RIO BRANCO, Acre, Brasil, PALACIO DAS SECRETARIAS"
2022,BRASILÉIA,6,17,ESCOLA VITORIA SALVATIERRA CESAR,1,1104,"BRASILÉIA, Acre, Brasil, ESCOLA VITORIA SALVATIERRA CESAR"
2022,PLÁCIDO DE CASTRO,8,80,ESCOLA CARMELIA ALVES,5,1031,"PLÁCIDO DE CASTRO, Acre, Brasil, ESCOLA CARMELIA ALVES"
2022,XAPURI,2,53,IFAC - CAMPUS XAPURI,2,1082,"XAPURI, Acre, Brasil, IFAC - CAMPUS XAPURI"
2022,RIO BRANCO,1,485,ESCOLA PAULO FREIRE,7,2542,"RIO BRANCO, Acre, Brasil, ESCOLA PAULO FREIRE"
2022,RIO BRANCO,1,835,INSTITUTO DE EDUCACAO LOURENCO FILHO,6,3581,"RIO BRANCO, Acre, Brasil, INSTITUTO DE EDUCACAO LOURENCO FILHO"
2022,PORTO ACRE,1,613,ESCOLA PUBLICA JADER SARAIVA MACHADO,2,1104,"PORTO ACRE, Acre, Brasil, ESCOLA PUBLICA JADER SARAIVA MACHADO"
2022,RIO BRANCO,9,343,ESCOLA PROFESSORA IONE PORTELA DA COSTA CASAS,5,2135,"RIO BRANCO, Acre, Brasil, ESCOLA PROFESSORA IONE PORTELA DA COSTA CASAS"
2022,MÂNCIO LIMA,4,216,ESCOLA FRANCISCO FREIRE DE CARVALHO,1,1120,"MÂNCIO LIMA, Acre, Brasil, ESCOLA FRANCISCO FREIRE DE CARVALHO"
2022,SENADOR GUIOMARD,8,70,ESCOLA MANOEL DA COSTA SOBRINHO,2,1171,"SENADOR GUIOMARD, Acre, Brasil, ESCOLA MANOEL DA COSTA SOBRINHO"
2022,BUJARI,9,4,ESCOLA EDMUNDO PINTO DE ALMEIDA NETO,3,1104,"BUJARI, Acre, Brasil, ESCOLA EDMUNDO PINTO DE ALMEIDA NETO"
2022,RIO BRANCO,1,62,ESCOLA DR. CARLOS VASCONCELOS,4,1236,"RIO BRANCO, Acre, Brasil, ESCOLA DR. CARLOS VASCONCELOS"
2022,RIO BRANCO,9,211,ESCOLA LUIZA BATISTA DE SOUZA,6,1066,"RIO BRANCO, Acre, Brasil, ESCOLA LUIZA BATISTA DE SOUZA"
2022,RIO BRANCO,1,449,ESCOLA JOSE CHALUB LEITE,8,2577,"RIO BRANCO, Acre, Brasil, ESCOLA JOSE CHALUB LEITE"
2022,PORTO ACRE,1,587,ESCOLA EDMUNDO PINTO DE ALMEIDA NETO,3,1023,"PORTO ACRE, Acre, Brasil, ESCOLA EDMUNDO PINTO DE ALMEIDA NETO"
2022,RIO BRANCO,1,699,ESCOLA GLÓRIA PEREZ,11,3468,"RIO BRANCO, Acre, Brasil, ESCOLA GLÓRIA PEREZ"
2022,RIO BRANCO,9,213,ESCOLA RURAL ALTO ALEGRE I,2,1686,"RIO BRANCO, Acre, Brasil, ESCOLA RURAL ALTO ALEGRE I"
2022,BRASILÉIA,6,138,ESCOLA MARIA SOCORRO DE SOUZA FROTA,1,1040,"BRASILÉIA, Acre, Brasil, ESCOLA MARIA SOCORRO DE SOUZA FROTA"
2022,TARAUACÁ,5,11,ESCOLA PLACIDO DE CASTRO,3,1171,"TARAUACÁ, Acre, Brasil, ESCOLA PLACIDO DE CASTRO"
2022,XAPURI,2,10,ESCOLA LATIFE ZAINE KALUME,4,1252,"XAPURI, Acre, Brasil, ESCOLA LATIFE ZAINE KALUME"
2022,FEIJÓ,7,85,ESCOLA DE ENSINO FUNDAMENTAL SEVERINO CORDEIRO,2,1171,"FEIJÓ, Acre, Brasil, ESCOLA DE ENSINO FUNDAMENTAL SEVERINO CORDEIRO"
2022,BRASILÉIA,6,41,ESCOLA  KAIRALA JOSE KAIRALA,1,1066,"BRASILÉIA, Acre, Brasil, ESCOLA  KAIRALA JOSE KAIRALA"
2022,RIO BRANCO,9,191,INSTITUTO DE DESENV. DE EDUCAÇÃO PROF DOM MOACYR (COL.AGRÍCOLA),5,1180,"RIO BRANCO, Acre, Brasil, INSTITUTO DE DESENV. DE EDUCAÇÃO PROF DOM MOACYR (COL.AGRÍCOLA)"
2022,RIO BRANCO,1,28,PREFEITURA MUNICIPAL DE RIO BRANCO,8,1090,"RIO BRANCO, Acre, Brasil, PREFEITURA MUNICIPAL DE RIO BRANCO"
2022,PORTO ACRE,1,584,ESCOLA EDMUNDO PINTO DE ALMEIDA NETO,2,1023,"PORTO ACRE, Acre, Brasil, ESCOLA EDMUNDO PINTO DE ALMEIDA NETO"
2022,RIO BRANCO,1,647,ESCOLA SAMUEL BARREIRA,15,3310,"RIO BRANCO, Acre, Brasil, ESCOLA SAMUEL BARREIRA"
2022,BUJARI,9,3,ESCOLA EDMUNDO PINTO DE ALMEIDA NETO,2,1104,"BUJARI, Acre, Brasil, ESCOLA EDMUNDO PINTO DE ALMEIDA NETO"
2022,BRASILÉIA,6,3,CEDUP - CENTRO DE ESTUDOS EDUCAÇÃO PERMANENTE,1,2046,"BRASILÉIA, Acre, Brasil, CEDUP - CENTRO DE ESTUDOS EDUCAÇÃO PERMANENTE"
2022,RIO BRANCO,1,76,ESCOLA PROF. MARILENA MANSOUR (ANTIGA IRACEMA GOMES PEREIRA),9,1260,"RIO BRANCO, Acre, Brasil, ESCOLA PROF. MARILENA MANSOUR (ANTIGA IRACEMA GOMES PEREIRA)"
2022,SENADOR GUIOMARD,8,32,COLEGIO SANTO IZIDORO,3,1074,"SENADOR GUIOMARD, Acre, Brasil, COLEGIO SANTO IZIDORO"
2022,RIO BRANCO,1,524,ESCOLA MUNICIPAL CHICO MENDES,5,2933,"RIO BRANCO, Acre, Brasil, ESCOLA MUNICIPAL CHICO MENDES"
2022,RIO BRANCO,9,31,ESCOLA LUIZA BATISTA DE SOUZA,11,1066,"RIO BRANCO, Acre, Brasil, ESCOLA LUIZA BATISTA DE SOUZA"
2022,RIO BRANCO,9,405,FACULDADE UNINORTE,9,1899,"RIO BRANCO, Acre, Brasil, FACULDADE UNINORTE"
2022,BUJARI,9,419,ESCOLA EDMUNDO PINTO DE ALMEIDA NETO,4,1104,"BUJARI, Acre, Brasil, ESCOLA EDMUNDO PINTO DE ALMEIDA NETO"
2022,TARAUACÁ,5,34,ESCOLA JOSE AUGUSTO DE ARAUJO,2,1074,"TARAUACÁ, Acre, Brasil, ESCOLA JOSE AUGUSTO DE ARAUJO"
2022,RIO BRANCO,9,11,DEPARTAMENTO DE VIIGILÂNCIA SANITÁRIA (ANTIGA EMURB),7,1350,"RIO BRANCO, Acre, Brasil, DEPARTAMENTO DE VIIGILÂNCIA SANITÁRIA (ANTIGA EMURB)"
2022,RIO BRANCO,9,421,ESCOLA ESTADUAL EDILSON FAÇANHA,4,1937,"RIO BRANCO, Acre, Brasil, ESCOLA ESTADUAL EDILSON FAÇANHA"
2022,RIO BRANCO,9,193,ESCOLA PÚBLICA ÁUREA PIRES,6,1163,"RIO BRANCO, Acre, Brasil, ESCOLA PÚBLICA ÁUREA PIRES"
2022,RIO BRANCO,1,813,ESCOLA ESTADUAL IZA MELLO,4,3433,"RIO BRANCO, Acre, Brasil, ESCOLA ESTADUAL IZA MELLO"
2022,RIO BRANCO,1,99,ESCOLA MARIA ANGÉLICA DE CASTRO,2,2569,"RIO BRANCO, Acre, Brasil, ESCOLA MARIA ANGÉLICA DE CASTRO"
2022,RIO BRANCO,9,112,ESCOLA MUN PROF TEREZINHA MIGUÉIS (PROJ. FIGUEIRA - INCRA),3,1317,"RIO BRANCO, Acre, Brasil, ESCOLA MUN PROF TEREZINHA MIGUÉIS (PROJ. FIGUEIRA - INCRA)"
2022,RIO BRANCO,1,456,ESCOLA SANTO ANTONIO II,1,2666,"RIO BRANCO, Acre, Brasil, ESCOLA SANTO ANTONIO II"
2022,BRASILÉIA,6,57,ESCOLA VALERIA BISPO SABALA - KM 26,1,1180,"BRASILÉIA, Acre, Brasil, ESCOLA VALERIA BISPO SABALA - KM 26"
2022,RIO BRANCO,9,106,ESCOLA FLAVIANO FLÁVIO BAPTISTA,4,1635,"RIO BRANCO, Acre, Brasil, ESCOLA FLAVIANO FLÁVIO BAPTISTA"
2022,RIO BRANCO,9,294,COLÉGIO META III,11,1520,"RIO BRANCO, Acre, Brasil, COLÉGIO META III"
2022,RIO BRANCO,1,709,ESCOLA HUMBERTO SOARES,11,3492,"RIO BRANCO, Acre, Brasil, ESCOLA HUMBERTO SOARES"
2022,RIO BRANCO,9,295,ESCOLA LOURIVAL SOMBRA,8,1058,"RIO BRANCO, Acre, Brasil, ESCOLA LOURIVAL SOMBRA"
2022,RIO BRANCO,9,452,ASSOC. COMERCIAL - ACISA,2,2070,"RIO BRANCO, Acre, Brasil, ASSOC. COMERCIAL - ACISA"
2022,RIO BRANCO,9,358,ESCOLA MÁRIO LOBÃO,4,2194,"RIO BRANCO, Acre, Brasil, ESCOLA MÁRIO LOBÃO"
2022,PORTO ACRE,1,581,ESCOLA JOSE PLACIDO DE CASTRO,1,1015,"PORTO ACRE, Acre, Brasil, ESCOLA JOSE PLACIDO DE CASTRO"
2022,FEIJÓ,7,3,ESCOLA DE SEGUNDO GRAU JOSE GURGEL RABELO,1,1031,"FEIJÓ, Acre, Brasil, ESCOLA DE SEGUNDO GRAU JOSE GURGEL RABELO"
2022,RIO BRANCO,1,184,ESCOLA LOURIVAL PINHO,12,1643,"RIO BRANCO, Acre, Brasil, ESCOLA LOURIVAL PINHO"
2022,EPITACIOLÂNDIA,6,72,ESCOLA CASTELO BRANCO - KM 20,2,1317,"EPITACIOLÂNDIA, Acre, Brasil, ESCOLA CASTELO BRANCO - KM 20"
2022,RIO BRANCO,9,449,FUNDAÇÃO BRADESCO,3,1708,"RIO BRANCO, Acre, Brasil, FUNDAÇÃO BRADESCO"
2022,PLÁCIDO DE CASTRO,8,165,ESCOLA MUNICIPAL CARLOS JOSE DOS SANTOS,1,1597,"PLÁCIDO DE CASTRO, Acre, Brasil, ESCOLA MUNICIPAL CARLOS JOSE DOS SANTOS"
2022,SENA MADUREIRA,3,118,TRT - VARA DE SENA MADUREIRA,1,1465,"SENA MADUREIRA, Acre, Brasil, TRT - VARA DE SENA MADUREIRA"
2022,XAPURI,2,15,GRUPO ESCOLAR PLACIDO DE CASTRO,4,1074,"XAPURI, Acre, Brasil, GRUPO ESCOLAR PLACIDO DE CASTRO"
2022,RIO BRANCO,1,680,SERVIÇO SOCIAL DO COMÉRCIO (SESC BOSQUE),7,3395,"RIO BRANCO, Acre, Brasil, SERVIÇO SOCIAL DO COMÉRCIO (SESC BOSQUE)"
2022,PORTO ACRE,1,619,ESCOLA MUNICIPAL DE ENSINO FUNDAMENTAL VITÓRIA,5,1147,"PORTO ACRE, Acre, Brasil, ESCOLA MUNICIPAL DE ENSINO FUNDAMENTAL VITÓRIA"
2022,RIO BRANCO,1,164,SERVICO SOCIAL DO COMERCIO (SESC CENTRO),7,2100,"RIO BRANCO, Acre, Brasil, SERVICO SOCIAL DO COMERCIO (SESC CENTRO)"
2022,RIO BRANCO,1,753,SECRETARIA ESTADUAL ADJUNTA DE LICITAÇÕES (CPL),2,3689,"RIO BRANCO, Acre, Brasil, SECRETARIA ESTADUAL ADJUNTA DE LICITAÇÕES (CPL)"
2022,RIO BRANCO,1,151,OCA RIO BRANCO,10,1066,"RIO BRANCO, Acre, Brasil, OCA RIO BRANCO"
2022,CRUZEIRO DO SUL,4,5,ESCOLA COMANDANTE BRAZ DE AGUIAR,2,1015,"CRUZEIRO DO SUL, Acre, Brasil, ESCOLA COMANDANTE BRAZ DE AGUIAR"
2022,RIO BRANCO,9,34,CENTRO ESTADUAL DE ATENDIMENTO AO DEFICIENTE VISUAL,5,1457,"RIO BRANCO, Acre, Brasil, CENTRO ESTADUAL DE ATENDIMENTO AO DEFICIENTE VISUAL"
2022,CAPIXABA,2,67,ESCOLA ARGENTINA PEREIRA FEITOSA,2,1015,"CAPIXABA, Acre, Brasil, ESCOLA ARGENTINA PEREIRA FEITOSA"
2022,RIO BRANCO,1,734,INSTITUTO DE EDUCACAO LOURENCO FILHO,7,3581,"RIO BRANCO, Acre, Brasil, INSTITUTO DE EDUCACAO LOURENCO FILHO"
2022,MANOEL URBANO,3,41,ESCOLA DOM PRÓPERO BERNARD,4,1228,"MANOEL URBANO, Acre, Brasil, ESCOLA DOM PRÓPERO BERNARD"
2022,RIO BRANCO,9,166,INSTITUTO DE DESENV. DE EDUCAÇÃO PROF DOM MOACYR (COL.AGRÍCOLA),3,1180,"RIO BRANCO, Acre, Brasil, INSTITUTO DE DESENV. DE EDUCAÇÃO PROF DOM MOACYR (COL.AGRÍCOLA)"
2022,RIO BRANCO,9,450,ESCOLA DOUTOR JOAO AGUIAR,8,2186,"RIO BRANCO, Acre, Brasil, ESCOLA DOUTOR JOAO AGUIAR"
2022,RIO BRANCO,1,573,UNIDADE DE SAÚDE FRANCISCO RONEY MEIRELES,5,3263,"RIO BRANCO, Acre, Brasil, UNIDADE DE SAÚDE FRANCISCO RONEY MEIRELES"
2022,RIO BRANCO,9,243,ESCOLA MUN PROF TEREZINHA MIGUÉIS (PROJ. FIGUEIRA - INCRA),1,1848,"RIO BRANCO, Acre, Brasil, ESCOLA MUN PROF TEREZINHA MIGUÉIS (PROJ. FIGUEIRA - INCRA)"
2022,RIO BRANCO,9,266,ESCOLA ESTADUAL TEREZINHA KALUME,10,1961,"RIO BRANCO, Acre, Brasil, ESCOLA ESTADUAL TEREZINHA KALUME"
2022,RIO BRANCO,9,15,ESCOLA INFANTIL MONTEIRO LOBATO,13,1368,"RIO BRANCO, Acre, Brasil, ESCOLA INFANTIL MONTEIRO LOBATO"
2022,PLÁCIDO DE CASTRO,8,52,ESCOLA JOSE VALMIR,7,1082,"PLÁCIDO DE CASTRO, Acre, Brasil, ESCOLA JOSE VALMIR"
2022,RIO BRANCO,1,664,ESCOLA JORGE FELIX LAVOCAT,10,3352,"RIO BRANCO, Acre, Brasil, ESCOLA JORGE FELIX LAVOCAT"
2022,RIO BRANCO,9,26,ESCOLA LOURIVAL SOMBRA,8,1058,"RIO BRANCO, Acre, Brasil, ESCOLA LOURIVAL SOMBRA"
2022,RIO BRANCO,1,570,ESCOLA CASTELO BRANCO,9,3255,"RIO BRANCO, Acre, Brasil, ESCOLA CASTELO BRANCO"
2022,RIO BRANCO,9,216,ESCOLA BOA UNIÃO,4,1740,"RIO BRANCO, Acre, Brasil, ESCOLA BOA UNIÃO"
2022,RIO BRANCO,1,568,ESCOLA MUNICIPAL MONTE CASTELO,4,3247,"RIO BRANCO, Acre, Brasil, ESCOLA MUNICIPAL MONTE CASTELO"
2022,RIO BRANCO,9,307,ESCOLA ESTADUAL TEREZINHA KALUME,8,1961,"RIO BRANCO, Acre, Brasil, ESCOLA ESTADUAL TEREZINHA KALUME"
2022,RIO BRANCO,1,146,TRIBUNAL REGIONAL DO TRABALHO - TRT,7,2461,"RIO BRANCO, Acre, Brasil, TRIBUNAL REGIONAL DO TRABALHO - TRT"
2022,RIO BRANCO,9,36,ESCOLA NATALINO DA SILVEIRA BRITO,14,1074,"RIO BRANCO, Acre, Brasil, ESCOLA NATALINO DA SILVEIRA BRITO"
2022,ACRELÂNDIA,8,199,ESCOLA MUNICIPAL JAIME ALENCAR,4,1180,"ACRELÂNDIA, Acre, Brasil, ESCOLA MUNICIPAL JAIME ALENCAR"
2022,RIO BRANCO,9,355,ESCOLA DOUTOR JOAO AGUIAR,7,2186,"RIO BRANCO, Acre, Brasil, ESCOLA DOUTOR JOAO AGUIAR"
2022,CRUZEIRO DO SUL,4,420,ESCOLA PADRE CRISTÓVÃO FREIRE ARNAUD,2,1198,"CRUZEIRO DO SUL, Acre, Brasil, ESCOLA PADRE CRISTÓVÃO FREIRE ARNAUD"
2022,RIO BRANCO,1,543,ESCOLA PROF. SEBASTIÃO PEDROSA (ARENA DA FLORESTA),5,2550,"RIO BRANCO, Acre, Brasil, ESCOLA PROF. SEBASTIÃO PEDROSA (ARENA DA FLORESTA)"
2022,EPITACIOLÂNDIA,6,68,ESCOLA RAIMUNDA DA CUNHA AIRES,1,1058,"EPITACIOLÂNDIA, Acre, Brasil, ESCOLA RAIMUNDA DA CUNHA AIRES"
2022,RIO BRANCO,9,214,ESCOLA CLÍNIO BRANDÃO,1,1244,"RIO BRANCO, Acre, Brasil, ESCOLA CLÍNIO BRANDÃO"
2022,RIO BRANCO,9,158,ESCOLA TANCREDO NEVES,7,1104,"RIO BRANCO, Acre, Brasil, ESCOLA TANCREDO NEVES"
2022,RIO BRANCO,9,185,ESCOLA MARILDA GOUVEIA VIANA,5,1600,"RIO BRANCO, Acre, Brasil, ESCOLA MARILDA GOUVEIA VIANA"
2022,RIO BRANCO,9,407,ESCOLA MARINA VICENTE GOMES,2,2046,"RIO BRANCO, Acre, Brasil, ESCOLA MARINA VICENTE GOMES"
2022,RIO BRANCO,1,25,COLÉGIO ESTADUAL BARÃO DO RIO BRANCO,7,1031,"RIO BRANCO, Acre, Brasil, COLÉGIO ESTADUAL BARÃO DO RIO BRANCO"
2022,RIO BRANCO,1,75,ESCOLA PROF. MARILENA MANSOUR (ANTIGA IRACEMA GOMES PEREIRA),2,1260,"RIO BRANCO, Acre, Brasil, ESCOLA PROF. MARILENA MANSOUR (ANTIGA IRACEMA GOMES PEREIRA)"
2022,RIO BRANCO,9,244,ESCOLA PÚBLICA RAIMUNDO GOMES DE OLIVEIRA,4,1333,"RIO BRANCO, Acre, Brasil, ESCOLA PÚBLICA RAIMUNDO GOMES DE OLIVEIRA"
2022,RIO BRANCO,9,239,CRECHE HILDA BRAGA,7,1856,"RIO BRANCO, Acre, Brasil, CRECHE HILDA BRAGA"
2022,SENADOR GUIOMARD,8,33,ESCOLA VEIGA CABRAL,3,1082,"SENADOR GUIOMARD, Acre, Brasil, ESCOLA VEIGA CABRAL"
2022,RIO BRANCO,1,519,ESCOLA PROF. SEBASTIÃO PEDROSA (ARENA DA FLORESTA),7,2550,"RIO BRANCO, Acre, Brasil, ESCOLA PROF. SEBASTIÃO PEDROSA (ARENA DA FLORESTA)"
2022,RIO BRANCO,9,164,DEPARTAMENTO DE VIIGILÂNCIA SANITÁRIA (ANTIGA EMURB),10,1350,"RIO BRANCO, Acre, Brasil, DEPARTAMENTO DE VIIGILÂNCIA SANITÁRIA (ANTIGA EMURB)"
2022,RIO BRANCO,9,128,ESCOLA MARIA RAIMUNDA BALBINO DA SILVA,6,1295,"RIO BRANCO, Acre, Brasil, ESCOLA MARIA RAIMUNDA BALBINO DA SILVA"
2022,RIO BRANCO,1,369,ESCOLA PROF JOSE RODRIGUES LEITE - ETICA,4,1317,"RIO BRANCO, Acre, Brasil, ESCOLA PROF JOSE RODRIGUES LEITE - ETICA"
2022,RIO BRANCO,1,637,ESCOLA NEUTEL MAIA,12,3298,"RIO BRANCO, Acre, Brasil, ESCOLA NEUTEL MAIA"
2022,FEIJÓ,7,40,ESCOLA DE ENSINO FUNDAMENTAL DR. EIRALDO CARNEIRO DE FRANCA,1,1180,"FEIJÓ, Acre, Brasil, ESCOLA DE ENSINO FUNDAMENTAL DR. EIRALDO CARNEIRO DE FRANCA"
2022,RIO BRANCO,9,167,ESCOLA PÚBLICA ÁUREA PIRES,6,1163,"RIO BRANCO, Acre, Brasil, ESCOLA PÚBLICA ÁUREA PIRES"
2022,RIO BRANCO,9,238,FUNDAÇÃO BRADESCO,5,1708,"RIO BRANCO, Acre, Brasil, FUNDAÇÃO BRADESCO"
2022,TARAUACÁ,5,94,ESCOLA DE ENSINO FUND. PROF. RILZA MARIA DANIEL DO NASCIMENTO,1,1350,"TARAUACÁ, Acre, Brasil, ESCOLA DE ENSINO FUND. PROF. RILZA MARIA DANIEL DO NASCIMENTO"
2022,RIO BRANCO,1,173,ESCOLA PROF JOSE RODRIGUES LEITE - ETICA,7,1317,"RIO BRANCO, Acre, Brasil, ESCOLA PROF JOSE RODRIGUES LEITE - ETICA"
2022,RIO BRANCO,1,806,ESCOLA PIMENTEL GOMES,6,3336,"RIO BRANCO, Acre, Brasil, ESCOLA PIMENTEL GOMES"
2022,ACRELÂNDIA,8,232,ESC MUN CEN ENS FUN RITA BOCALON RODRIGUES,6,1120,"ACRELÂNDIA, Acre, Brasil, ESC MUN CEN ENS FUN RITA BOCALON RODRIGUES"
2022,RIO BRANCO,9,348,ESCOLA PROFESSOR ALVARO VIEIRA DA ROCHA,1,2160,"RIO BRANCO, Acre, Brasil, ESCOLA PROFESSOR ALVARO VIEIRA DA ROCHA"
2022,RIO BRANCO,9,90,ESCOLA SHEILA MARIA NASSERALA,9,1210,"RIO BRANCO, Acre, Brasil, ESCOLA SHEILA MARIA NASSERALA"
2022,SENADOR GUIOMARD,8,98,ESCOLA MARIA AUXILIADORA QUEIROZ,4,1201,"SENADOR GUIOMARD, Acre, Brasil, ESCOLA MARIA AUXILIADORA QUEIROZ"
2022,RIO BRANCO,1,316,ESCOLA RURAL ERCÍLIA FEITOSA GOMES,11,1759,"RIO BRANCO, Acre, Brasil, ESCOLA RURAL ERCÍLIA FEITOSA GOMES"
2022,RIO BRANCO,1,37,COLEGIO ACREANO,10,1139,"RIO BRANCO, Acre, Brasil, COLEGIO ACREANO"
2022,RIO BRANCO,1,35,ESCOLA PROF JOSE RODRIGUES LEITE - ETICA,11,1317,"RIO BRANCO, Acre, Brasil, ESCOLA PROF JOSE RODRIGUES LEITE - ETICA"
2022,RIO BRANCO,9,280,FACULDADE UNINORTE,7,1899,"RIO BRANCO, Acre, Brasil, FACULDADE UNINORTE"
2022,RIO BRANCO,1,506,SEST/SENAT,5,2690,"RIO BRANCO, Acre, Brasil, SEST/SENAT"
2022,EPITACIOLÂNDIA,6,22,ESCOLA JOAO PEDRO DA SILVA,1,1210,"EPITACIOLÂNDIA, Acre, Brasil, ESCOLA JOAO PEDRO DA SILVA"
2022,RIO BRANCO,1,401,SECRETARIA DE ESTADO DE EDUCAÇÃO (ANTIGO SEBRAE),9,1600,"RIO BRANCO, Acre, Brasil, SECRETARIA DE ESTADO DE EDUCAÇÃO (ANTIGO SEBRAE)"
2022,RIO BRANCO,9,220,URAP - AUGUSTO HIDALGO DE LIMA,5,1759,"RIO BRANCO, Acre, Brasil, URAP - AUGUSTO HIDALGO DE LIMA"
2022,RIO BRANCO,1,690,ESCOLA ESTADUAL IZA MELLO,4,3433,"RIO BRANCO, Acre, Brasil, ESCOLA ESTADUAL IZA MELLO"
2022,BRASILÉIA,6,128,ESCOLA VALDOMIRO FERREIRA BARROSO - KM 19,7,1074,"BRASILÉIA, Acre, Brasil, ESCOLA VALDOMIRO FERREIRA BARROSO - KM 19"
2022,RIO BRANCO,9,59,DEPARTAMENTO DE VIGILÂNCIA EPIDEMIOLÓGICA,10,1783,"RIO BRANCO, Acre, Brasil, DEPARTAMENTO DE VIGILÂNCIA EPIDEMIOLÓGICA"
2022,RIO BRANCO,9,197,ESCOLA  AFONSO PINTO DE MEDEIROS,4,1597,"RIO BRANCO, Acre, Brasil, ESCOLA  AFONSO PINTO DE MEDEIROS"
2022,TARAUACÁ,5,4,ESCOLA JOSE AUGUSTO DE ARAUJO,3,1074,"TARAUACÁ, Acre, Brasil, ESCOLA JOSE AUGUSTO DE ARAUJO"
2022,SENADOR GUIOMARD,8,40,COLEGIO SANTO IZIDORO,5,1074,"SENADOR GUIOMARD, Acre, Brasil, COLEGIO SANTO IZIDORO"
2022,RIO BRANCO,9,181,ESCOLA ACREANA DE MÚSICA (ANT CENTRO CULTURAL),10,1767,"RIO BRANCO, Acre, Brasil, ESCOLA ACREANA DE MÚSICA (ANT CENTRO CULTURAL)"
2022,RIO BRANCO,9,293,CENTRO DE TECNOLOGIA DA MADEIRA E DO MOBILIÁRIO (SESI),5,1554,"RIO BRANCO, Acre, Brasil, CENTRO DE TECNOLOGIA DA MADEIRA E DO MOBILIÁRIO (SESI)"
2022,RIO BRANCO,1,694,CENTRO DE SAÚDE VILA IVONETE,1,3450,"RIO BRANCO, Acre, Brasil, CENTRO DE SAÚDE VILA IVONETE"
2022,PLÁCIDO DE CASTRO,8,10,ESCOLA ELIAS MANSOUR SIMAO FILHO,2,1074,"PLÁCIDO DE CASTRO, Acre, Brasil, ESCOLA ELIAS MANSOUR SIMAO FILHO"
2022,PLÁCIDO DE CASTRO,8,151,ESCOLA ESTADUAL RURAL MANUEL DE BARROS,17,1562,"PLÁCIDO DE CASTRO, Acre, Brasil, ESCOLA ESTADUAL RURAL MANUEL DE BARROS"
2022,RIO BRANCO,9,291,COLÉGIO ALTERNATIVO,6,1422,"RIO BRANCO, Acre, Brasil, COLÉGIO ALTERNATIVO"
2022,RIO BRANCO,9,432,ESCOLA MARINA VICENTE GOMES,3,2046,"RIO BRANCO, Acre, Brasil, ESCOLA MARINA VICENTE GOMES"
2022,RIO BRANCO,1,148,ACREPREVIDÊNCIA,5,2828,"RIO BRANCO, Acre, Brasil, ACREPREVIDÊNCIA"
2022,PORTO ACRE,1,616,ESCOLA CRISTO REI,2,1139,"PORTO ACRE, Acre, Brasil, ESCOLA CRISTO REI"
2022,RIO BRANCO,1,36,COLEGIO ACREANO,11,1139,"RIO BRANCO, Acre, Brasil, COLEGIO ACREANO"
2022,RIO BRANCO,1,687,ESCOLA LINDAURA MARTINS LEITÃO,4,3425,"RIO BRANCO, Acre, Brasil, ESCOLA LINDAURA MARTINS LEITÃO"
2022,ACRELÂNDIA,8,99,ESCOLA NOVO HORIZONTE,3,1066,"ACRELÂNDIA, Acre, Brasil, ESCOLA NOVO HORIZONTE"
2022,RIO BRANCO,9,406,ESCOLA DOUTOR SANTIAGO DANTAS,9,1902,"RIO BRANCO, Acre, Brasil, ESCOLA DOUTOR SANTIAGO DANTAS"
2022,RIO BRANCO,9,301,ELETRONORTE,5,2011,"RIO BRANCO, Acre, Brasil, ELETRONORTE"
2022,BRASILÉIA,6,62,ESCOLA ODILON PRATAGI,1,1210,"BRASILÉIA, Acre, Brasil, ESCOLA ODILON PRATAGI"
2022,MÂNCIO LIMA,4,96,SECRETARIA DE ACAO SOCIAL,1,1023,"MÂNCIO LIMA, Acre, Brasil, SECRETARIA DE ACAO SOCIAL"
2022,CAPIXABA,2,93,ESC ENS FUN PROF NOELIA MARIA ALVES DE SOUZA,3,1120,"CAPIXABA, Acre, Brasil, ESC ENS FUN PROF NOELIA MARIA ALVES DE SOUZA"
2022,CRUZEIRO DO SUL,4,262,ESCOLA CIVICO-MILITAR MADRE ADELGUNDES BECKER,1,1295,"CRUZEIRO DO SUL, Acre, Brasil, ESCOLA CIVICO-MILITAR MADRE ADELGUNDES BECKER"
2022,ACRELÂNDIA,8,9,ESCOLA ALTINA MAGALHAES,1,1015,"ACRELÂNDIA, Acre, Brasil, ESCOLA ALTINA MAGALHAES"
2022,RIO BRANCO,9,42,CENTRO DIA PARA IDOSOS,7,1996,"RIO BRANCO, Acre, Brasil, CENTRO DIA PARA IDOSOS"
2022,RIO BRANCO,9,403,FACULDADE UNINORTE,8,1899,"RIO BRANCO, Acre, Brasil, FACULDADE UNINORTE"
2022,RIO BRANCO,1,43,CENTRO DE EDUCAÇÃO DE JOVENS E ADULTOS - CEJA,8,1074,"RIO BRANCO, Acre, Brasil, CENTRO DE EDUCAÇÃO DE JOVENS E ADULTOS - CEJA"
2022,BRASILÉIA,6,136,ESCOLA MENINO JESUS,1,1996,"BRASILÉIA, Acre, Brasil, ESCOLA MENINO JESUS"
2022,RIO BRANCO,9,445,COLÉGIO MILITAR TIRADENTES,2,2380,"RIO BRANCO, Acre, Brasil, COLÉGIO MILITAR TIRADENTES"
2022,SENADOR GUIOMARD,8,92,ESCOLA MODELO,2,1406,"SENADOR GUIOMARD, Acre, Brasil, ESCOLA MODELO"
2022,BRASILÉIA,6,81,ESCOLA FONTENELE DE CASTRO,4,1120,"BRASILÉIA, Acre, Brasil, ESCOLA FONTENELE DE CASTRO"
2022,PORTO ACRE,1,614,ESCOLA SÃO RAIMUNDO NONATO,4,1112,"PORTO ACRE, Acre, Brasil, ESCOLA SÃO RAIMUNDO NONATO"
2022,RIO BRANCO,1,702,SECRETARIA DE ESTADO DE PLANEJAMENTO E GESTÃO (SEPLAG - ANTIGA SDA),5,3611,"RIO BRANCO, Acre, Brasil, SECRETARIA DE ESTADO DE PLANEJAMENTO E GESTÃO (SEPLAG - ANTIGA SDA)"
2022,RIO BRANCO,1,671,ESCOLA BERTA VIEIRA DE ANDRADE,6,3379,"RIO BRANCO, Acre, Brasil, ESCOLA BERTA VIEIRA DE ANDRADE"
2022,RIO BRANCO,1,278,PALACIO DAS SECRETARIAS,6,1490,"RIO BRANCO, Acre, Brasil, PALACIO DAS SECRETARIAS"
2022,RIO BRANCO,9,456,COLÉGIO MILITAR TIRADENTES,4,2380,"RIO BRANCO, Acre, Brasil, COLÉGIO MILITAR TIRADENTES"
2022,EPITACIOLÂNDIA,6,47,ESCOLA BELA FLOR,1,1309,"EPITACIOLÂNDIA, Acre, Brasil, ESCOLA BELA FLOR"
2022,PLÁCIDO DE CASTRO,8,1,PREDIO DA SEAPROF - ANTIGA EMATER - ACRE,2,1040,"PLÁCIDO DE CASTRO, Acre, Brasil, PREDIO DA SEAPROF - ANTIGA EMATER - ACRE"
2022,SENADOR GUIOMARD,8,119,ESCOLA BRIGADEIRO EDUARDO GOMES,2,1090,"SENADOR GUIOMARD, Acre, Brasil, ESCOLA BRIGADEIRO EDUARDO GOMES"
2022,RIO BRANCO,1,459,ESCOLA BENFICA,4,2674,"RIO BRANCO, Acre, Brasil, ESCOLA BENFICA"
2022,RIO BRANCO,1,754,INSTITUTO ÁGUIAS DO SABER,6,3689,"RIO BRANCO, Acre, Brasil, INSTITUTO ÁGUIAS DO SABER"
2022,FEIJÓ,7,80,ESCOLA VICENTE CELSO BRANDAO,6,1163,"FEIJÓ, Acre, Brasil, ESCOLA VICENTE CELSO BRANDAO"
2022,SENA MADUREIRA,3,90,CEFPB - COMPLEXO ESCOLAR FRANCISCO PAULA BEZERRA,1,1252,"SENA MADUREIRA, Acre, Brasil, CEFPB - COMPLEXO ESCOLAR FRANCISCO PAULA BEZERRA"
2022,SENADOR GUIOMARD,8,29,ESCOLA FENELON MANOEL,2,1040,"SENADOR GUIOMARD, Acre, Brasil, ESCOLA FENELON MANOEL"
2022,RIO BRANCO,1,6,COLÉGIO ESTADUAL BARÃO DO RIO BRANCO,9,1031,"RIO BRANCO, Acre, Brasil, COLÉGIO ESTADUAL BARÃO DO RIO BRANCO"
2022,SENADOR GUIOMARD,8,265,ESCOLA ESTADUAL ELZIRA ANGÉLICA DO NASCIMENTO,1,1457,"SENADOR GUIOMARD, Acre, Brasil, ESCOLA ESTADUAL ELZIRA ANGÉLICA DO NASCIMENTO"
2022,RIO BRANCO,9,123,ESCOLA MARILDA GOUVEIA VIANA,6,1600,"RIO BRANCO, Acre, Brasil, ESCOLA MARILDA GOUVEIA VIANA"
2022,RIO BRANCO,1,470,ESCOLA ESTADUAL PROFESSORA TEREZINHA MIGUÉIS,6,1295,"RIO BRANCO, Acre, Brasil, ESCOLA ESTADUAL PROFESSORA TEREZINHA MIGUÉIS"
2022,RIO BRANCO,9,434,UFAC - UNIVERSIDADE FEDERAL DO ACRE,7,1198,"RIO BRANCO, Acre, Brasil, UFAC - UNIVERSIDADE FEDERAL DO ACRE"
2022,RIO BRANCO,1,701,INSTITUTO ÁGUIAS DO SABER,5,3611,"RIO BRANCO, Acre, Brasil, INSTITUTO ÁGUIAS DO SABER"
2022,RIO BRANCO,1,560,ESCOLA OSCAR FELICIO DE SOUZA,9,2534,"RIO BRANCO, Acre, Brasil, ESCOLA OSCAR FELICIO DE SOUZA"
2022,RIO BRANCO,9,187,ESCOLA DARCY VARGAS,19,1228,"RIO BRANCO, Acre, Brasil, ESCOLA DARCY VARGAS"
2022,RIO BRANCO,9,117,ESCOLA PÚBLICA HELOÍSA MOURÃO MARQUES,10,1015,"RIO BRANCO, Acre, Brasil, ESCOLA PÚBLICA HELOÍSA MOURÃO MARQUES"
2022,RIO BRANCO,1,288,SENAI,27,2054,"RIO BRANCO, Acre, Brasil, SENAI"
2022,TARAUACÁ,5,19,SECRETARIA MUNICIPAL DE EDUCACAO E CULTURA - SEMEC,1,1120,"TARAUACÁ, Acre, Brasil, SECRETARIA MUNICIPAL DE EDUCACAO E CULTURA - SEMEC"
2022,RIO BRANCO,1,767,ESCOLA DR. MARIO DE OLIVEIRA,10,3700,"RIO BRANCO, Acre, Brasil, ESCOLA DR. MARIO DE OLIVEIRA"
2022,BRASILÉIA,6,126,ESCOLA MARIA SOCORRO DE SOUZA FROTA,1,1040,"BRASILÉIA, Acre, Brasil, ESCOLA MARIA SOCORRO DE SOUZA FROTA"
2022,RIO BRANCO,1,762,SEME - SECRETARIA MUNICIPAL DE EDUCAÇÃO,2,3689,"RIO BRANCO, Acre, Brasil, SEME - SECRETARIA MUNICIPAL DE EDUCAÇÃO"
2022,XAPURI,2,18,COLÉGIO DIVINA PROVIDÊNCIA,5,1031,"XAPURI, Acre, Brasil, COLÉGIO DIVINA PROVIDÊNCIA"
2022,BRASILÉIA,6,112,ESCOLA FRANCISCO GERMANO DA SILVA - KM 68,2,1198,"BRASILÉIA, Acre, Brasil, ESCOLA FRANCISCO GERMANO DA SILVA - KM 68"
2022,RIO BRANCO,1,743,SECRETARIA ESTADUAL ADJUNTA DE LICITAÇÕES (CPL),8,3611,"RIO BRANCO, Acre, Brasil, SECRETARIA ESTADUAL ADJUNTA DE LICITAÇÕES (CPL)"
2022,BUJARI,9,2,ESCOLA EDMUNDO PINTO DE ALMEIDA NETO,5,1104,"BUJARI, Acre, Brasil, ESCOLA EDMUNDO PINTO DE ALMEIDA NETO"
2022,RIO BRANCO,1,508,ESCOLA DEPUTADO RAIMUNDO HERMINIO DE MELO,2,1848,"RIO BRANCO, Acre, Brasil, ESCOLA DEPUTADO RAIMUNDO HERMINIO DE MELO"
2022,RIO BRANCO,9,41,ESCOLA NATALINO DA SILVEIRA BRITO,6,1074,"RIO BRANCO, Acre, Brasil, ESCOLA NATALINO DA SILVEIRA BRITO"
2022,RIO BRANCO,1,796,IDAF - VILA ACRE,6,2810,"RIO BRANCO, Acre, Brasil, IDAF - VILA ACRE"
2022,RIO BRANCO,9,331,ESCOLA DE ENSINO FUNDAMENTAL DO SERVIÇO SOCIAL DA INDÚSTRIA - SESI,6,2100,"RIO BRANCO, Acre, Brasil, ESCOLA DE ENSINO FUNDAMENTAL DO SERVIÇO SOCIAL DA INDÚSTRIA - SESI"
2022,RIO BRANCO,1,792,INSTITUTO FEDERAL DO ACRE - IFAC,5,3751,"RIO BRANCO, Acre, Brasil, INSTITUTO FEDERAL DO ACRE - IFAC"
2022,SENADOR GUIOMARD,8,239,ESCOLA PADRE CARLOS CASAVECCHIA,2,1163,"SENADOR GUIOMARD, Acre, Brasil, ESCOLA PADRE CARLOS CASAVECCHIA"
2022,RIO BRANCO,9,334,ESCOLA DE ENSINO FUNDAMENTAL DO SERVIÇO SOCIAL DA INDÚSTRIA - SESI,2,2100,"RIO BRANCO, Acre, Brasil, ESCOLA DE ENSINO FUNDAMENTAL DO SERVIÇO SOCIAL DA INDÚSTRIA - SESI"
2022,RIO BRANCO,9,326,ESCOLA MUNICIPAL INFANTIL FRANCISCA ARAGAO DA SILVA,10,2089,"RIO BRANCO, Acre, Brasil, ESCOLA MUNICIPAL INFANTIL FRANCISCA ARAGAO DA SILVA"
2022,RIO BRANCO,9,173,ESCOLA ALMADA BRITO,7,1724,"RIO BRANCO, Acre, Brasil, ESCOLA ALMADA BRITO"
2022,RIO BRANCO,9,430,U VERSE (ANTIGA FAAO),4,1872,"RIO BRANCO, Acre, Brasil, U VERSE (ANTIGA FAAO)"
2022,RIO BRANCO,9,19,ESCOLA FRANCISCO SALGADO FILHO,8,1031,"RIO BRANCO, Acre, Brasil, ESCOLA FRANCISCO SALGADO FILHO"
2022,RIO BRANCO,1,773,ESCOLA HUMBERTO SOARES,7,3492,"RIO BRANCO, Acre, Brasil, ESCOLA HUMBERTO SOARES"
2022,EPITACIOLÂNDIA,6,70,ESCOLA CASTELO BRANCO - KM 20,1,1317,"EPITACIOLÂNDIA, Acre, Brasil, ESCOLA CASTELO BRANCO - KM 20"
2022,RIO BRANCO,1,176,SECRETARIA DE ESTADO DE EDUCAÇÃO (ANTIGO SEBRAE),6,1600,"RIO BRANCO, Acre, Brasil, SECRETARIA DE ESTADO DE EDUCAÇÃO (ANTIGO SEBRAE)"
2022,ACRELÂNDIA,8,64,ESCOLA  DE 1 GRAU PROF PEDRO DE CASTRO MEIRELES,2,1023,"ACRELÂNDIA, Acre, Brasil, ESCOLA  DE 1 GRAU PROF PEDRO DE CASTRO MEIRELES"
2022,SENADOR GUIOMARD,8,44,COLEGIO 15 DE JUNHO,5,1031,"SENADOR GUIOMARD, Acre, Brasil, COLEGIO 15 DE JUNHO"
2022,BRASILÉIA,6,1,ESCOLA  KAIRALA JOSE KAIRALA,2,2275,"BRASILÉIA, Acre, Brasil, ESCOLA  KAIRALA JOSE KAIRALA"
2022,RIO BRANCO,1,40,ESCOLA PROF JOSE RODRIGUES LEITE - ETICA,10,1317,"RIO BRANCO, Acre, Brasil, ESCOLA PROF JOSE RODRIGUES LEITE - ETICA"
2022,XAPURI,2,27,IFAC - CAMPUS XAPURI,3,1082,"XAPURI, Acre, Brasil, IFAC - CAMPUS XAPURI"
2022,PORTO ACRE,1,625,IFAC - POLO PORTO ACRE,2,1198,"PORTO ACRE, Acre, Brasil, IFAC - POLO PORTO ACRE"
2022,RIO BRANCO,1,554,ESCOLA LOURIVAL PINHO,11,1643,"RIO BRANCO, Acre, Brasil, ESCOLA LOURIVAL PINHO"
2022,RIO BRANCO,9,373,UNIDADE DE SAÚDE DA FAMÍLIA ELPÍDIO MOREIRA SOUZA,1,2240,"RIO BRANCO, Acre, Brasil, UNIDADE DE SAÚDE DA FAMÍLIA ELPÍDIO MOREIRA SOUZA"
2022,BRASILÉIA,6,38,ESCOLA GETULIO VARGAS,1,1082,"BRASILÉIA, Acre, Brasil, ESCOLA GETULIO VARGAS"
2022,ACRELÂNDIA,8,115,ESCOLA MARCILIO PONTES DOS SANTOS,3,1074,"ACRELÂNDIA, Acre, Brasil, ESCOLA MARCILIO PONTES DOS SANTOS"
2022,CAPIXABA,2,90,ESC ENS FUN PROF NOELIA MARIA ALVES DE SOUZA,1,1120,"CAPIXABA, Acre, Brasil, ESC ENS FUN PROF NOELIA MARIA ALVES DE SOUZA"
2022,RIO BRANCO,1,480,ESCOLA JOAO MARIANO,4,1856,"RIO BRANCO, Acre, Brasil, ESCOLA JOAO MARIANO"
2022,RIO BRANCO,1,27,COLÉGIO ESTADUAL BARÃO DO RIO BRANCO,8,1031,"RIO BRANCO, Acre, Brasil, COLÉGIO ESTADUAL BARÃO DO RIO BRANCO"
2022,RIO BRANCO,9,409,UFAC - UNIVERSIDADE FEDERAL DO ACRE,8,1198,"RIO BRANCO, Acre, Brasil, UFAC - UNIVERSIDADE FEDERAL DO ACRE"
2022,RIO BRANCO,1,818,ESCOLA MAURICILA SANTANA,1,2780,"RIO BRANCO, Acre, Brasil, ESCOLA MAURICILA SANTANA"
2022,RIO BRANCO,9,288,ESCOLA MUNICIPAL JOSE POTYGUARA,5,1929,"RIO BRANCO, Acre, Brasil, ESCOLA MUNICIPAL JOSE POTYGUARA"
2022,RIO BRANCO,9,188,ESCOLA MUNICIPAL ANGELINA GONÇALVES DE SOUZA,7,1040,"RIO BRANCO, Acre, Brasil, ESCOLA MUNICIPAL ANGELINA GONÇALVES DE SOUZA"
2022,RIO BRANCO,1,749,COHAB-ACRE,4,3646,"RIO BRANCO, Acre, Brasil, COHAB-ACRE"
2022,RIO BRANCO,1,715,SENAC,4,3522,"RIO BRANCO, Acre, Brasil, SENAC"
2022,TARAUACÁ,5,42,ESCOLA DE ENSINO FUND. PROF. RILZA MARIA DANIEL DO NASCIMENTO,2,1350,"TARAUACÁ, Acre, Brasil, ESCOLA DE ENSINO FUND. PROF. RILZA MARIA DANIEL DO NASCIMENTO"
2022,PORTO ACRE,1,626,IFAC - POLO PORTO ACRE,2,1198,"PORTO ACRE, Acre, Brasil, IFAC - POLO PORTO ACRE"
2022,MANOEL URBANO,3,154,ESCOLA NAZIRA ANUTE DE LIMA,5,1244,"MANOEL URBANO, Acre, Brasil, ESCOLA NAZIRA ANUTE DE LIMA"
2022,RIO BRANCO,1,83,ESCOLA ESTADUAL PROFESSORA TEREZINHA MIGUÉIS,6,1295,"RIO BRANCO, Acre, Brasil, ESCOLA ESTADUAL PROFESSORA TEREZINHA MIGUÉIS"
2022,RIO BRANCO,9,205,ESCOLA PÚBLICA ADALBERTO SENA,17,1139,"RIO BRANCO, Acre, Brasil, ESCOLA PÚBLICA ADALBERTO SENA"
2022,RIO BRANCO,1,472,ESCOLA DUQUE DE CAXIAS,8,2720,"RIO BRANCO, Acre, Brasil, ESCOLA DUQUE DE CAXIAS"
2022,RIO BRANCO,1,746,ESCOLA DOM GIOCONDO MARIA GROTTI,12,3638,"RIO BRANCO, Acre, Brasil, ESCOLA DOM GIOCONDO MARIA GROTTI"
2022,RIO BRANCO,1,757,ESCOLA LUIZ DE CARVALHO FONTENELLE,3,3662,"RIO BRANCO, Acre, Brasil, ESCOLA LUIZ DE CARVALHO FONTENELLE"
2022,RIO BRANCO,1,477,BIBLIOTECA PÚBLICA ESTADUAL,10,2488,"RIO BRANCO, Acre, Brasil, BIBLIOTECA PÚBLICA ESTADUAL"
2022,RIO BRANCO,9,259,INSTITUTO DE DESENV. DE EDUCAÇÃO PROF DOM MOACYR (COL.AGRÍCOLA),9,1180,"RIO BRANCO, Acre, Brasil, INSTITUTO DE DESENV. DE EDUCAÇÃO PROF DOM MOACYR (COL.AGRÍCOLA)"
2022,RIO BRANCO,1,532,ESCOLA GEORGETE ELUAN KALUME,13,1929,"RIO BRANCO, Acre, Brasil, ESCOLA GEORGETE ELUAN KALUME"
2022,RIO BRANCO,1,810,ESCOLA PROFESSOR JOSUÉ FERNANDES,3,2712,"RIO BRANCO, Acre, Brasil, ESCOLA PROFESSOR JOSUÉ FERNANDES"
2022,RIO BRANCO,1,206,ESCOLA RURAL CAPITÃO EDGARD CERQUEIRA FILHO,5,1783,"RIO BRANCO, Acre, Brasil, ESCOLA RURAL CAPITÃO EDGARD CERQUEIRA FILHO"
2022,BRASILÉIA,6,63,ESCOLA ELSON DIAS DANTAS,1,1228,"BRASILÉIA, Acre, Brasil, ESCOLA ELSON DIAS DANTAS"
2022,RIO BRANCO,1,30,OCA RIO BRANCO,5,1066,"RIO BRANCO, Acre, Brasil, OCA RIO BRANCO"
2022,CRUZEIRO DO SUL,4,25,ESCOLA VALÉRIO CALDAS DE MAGALHÃES,1,1120,"CRUZEIRO DO SUL, Acre, Brasil, ESCOLA VALÉRIO CALDAS DE MAGALHÃES"
2022,RIO BRANCO,1,547,ESCOLA MAURICILA SANTANA,4,2780,"RIO BRANCO, Acre, Brasil, ESCOLA MAURICILA SANTANA"
2022,RIO BRANCO,1,460,ESCOLA PAULO FREIRE,12,2542,"RIO BRANCO, Acre, Brasil, ESCOLA PAULO FREIRE"
2022,RIO BRANCO,9,195,ESCOLA JOSÉ RIBAMAR BATISTA,14,1570,"RIO BRANCO, Acre, Brasil, ESCOLA JOSÉ RIBAMAR BATISTA"
2022,BUJARI,9,10,ESCOLA JOSE CEZARIO DE FARIAS,1,1023,"BUJARI, Acre, Brasil, ESCOLA JOSE CEZARIO DE FARIAS"
2022,RIO BRANCO,9,318,INSTITUTO FEDERAL DO ACRE - IFAC -  BAIXADA,4,1023,"RIO BRANCO, Acre, Brasil, INSTITUTO FEDERAL DO ACRE - IFAC -  BAIXADA"
2022,ASSIS BRASIL,6,37,ESCOLA IRIS CELIA CABANELLAS ZANNINI,1,1031,"ASSIS BRASIL, Acre, Brasil, ESCOLA IRIS CELIA CABANELLAS ZANNINI"
2022,SENA MADUREIRA,3,9,SEME - SECRETARIA MUNICIPAL DE EDUCAÇÃO,1,1058,"SENA MADUREIRA, Acre, Brasil, SEME - SECRETARIA MUNICIPAL DE EDUCAÇÃO"
2022,TARAUACÁ,5,31,ESCOLA DE ENSINO MÉDIO DR. FRANCISCO DJALMA DA CUNHA BATISTA,2,1244,"TARAUACÁ, Acre, Brasil, ESCOLA DE ENSINO MÉDIO DR. FRANCISCO DJALMA DA CUNHA BATISTA"
2022,RIO BRANCO,1,465,ESCOLA JOSE CHALUB LEITE,2,2577,"RIO BRANCO, Acre, Brasil, ESCOLA JOSE CHALUB LEITE"
2022,RIO BRANCO,1,439,ESCOLA ESTADUAL PROFESSORA TEREZINHA MIGUÉIS,10,1295,"RIO BRANCO, Acre, Brasil, ESCOLA ESTADUAL PROFESSORA TEREZINHA MIGUÉIS"
2022,SENADOR GUIOMARD,8,127,CREAS - CENTRO DE REFERÊNCIA ESPECIALIZADO DE ASSISTÊNCIA SOCIAL,5,1376,"SENADOR GUIOMARD, Acre, Brasil, CREAS - CENTRO DE REFERÊNCIA ESPECIALIZADO DE ASSISTÊNCIA SOCIAL"
2022,XAPURI,2,39,ESCOLA ESPERANÇA DO POVO - FAZENDINHA,4,1201,"XAPURI, Acre, Brasil, ESCOLA ESPERANÇA DO POVO - FAZENDINHA"
2022,RIO BRANCO,9,175,ESCOLA PÚBLICA ALCIMAR LEITÃO,9,1147,"RIO BRANCO, Acre, Brasil, ESCOLA PÚBLICA ALCIMAR LEITÃO"
2022,RIO BRANCO,1,503,ESCOLA CLARISSE FECURY,10,3174,"RIO BRANCO, Acre, Brasil, ESCOLA CLARISSE FECURY"
2022,RIO BRANCO,1,774,COLÉGIO LATO SENSU,12,3735,"RIO BRANCO, Acre, Brasil, COLÉGIO LATO SENSU"
2022,RIO BRANCO,9,329,ESCOLA JOELMA OLIVEIRA DE LIMA,2,2097,"RIO BRANCO, Acre, Brasil, ESCOLA JOELMA OLIVEIRA DE LIMA"
2022,RIO BRANCO,9,93,ESCOLA JOÃO PAULO I,7,1236,"RIO BRANCO, Acre, Brasil, ESCOLA JOÃO PAULO I"
2022,RIO BRANCO,1,722,ESCOLA MARIA LÚCIA MOURA MARIN,11,3549,"RIO BRANCO, Acre, Brasil, ESCOLA MARIA LÚCIA MOURA MARIN"
2022,SENADOR GUIOMARD,8,208,ESCOLA MONTEIRO LOBATO,2,1392,"SENADOR GUIOMARD, Acre, Brasil, ESCOLA MONTEIRO LOBATO"
2022,RIO BRANCO,9,371,JUNTA COMERCIAL DO ESTADO DO ACRE - JUCEAC,7,2232,"RIO BRANCO, Acre, Brasil, JUNTA COMERCIAL DO ESTADO DO ACRE - JUCEAC"
2022,RIO BRANCO,9,147,DETRAN-AC (EM FRENTE AG BANCO DO BRASIL ESTILO),6,1406,"RIO BRANCO, Acre, Brasil, DETRAN-AC (EM FRENTE AG BANCO DO BRASIL ESTILO)"
2022,XAPURI,2,13,GRUPO ESCOLAR PLACIDO DE CASTRO,5,1074,"XAPURI, Acre, Brasil, GRUPO ESCOLAR PLACIDO DE CASTRO"
2022,RIO BRANCO,9,416,ESCOLA ESTADUAL MAJOR JOÃO CÂNCIO,3,2003,"RIO BRANCO, Acre, Brasil, ESCOLA ESTADUAL MAJOR JOÃO CÂNCIO"
2022,RIO BRANCO,9,363,ESCOLA ESTADUAL PROFESSORA ELOZIRA DOS SANTOS TOMÉ,5,2216,"RIO BRANCO, Acre, Brasil, ESCOLA ESTADUAL PROFESSORA ELOZIRA DOS SANTOS TOMÉ"
2022,RIO BRANCO,9,83,SECRETARIA DE ESTADO DE ASSISTENCIA SOCIAL - FUMBESA,8,1171,"RIO BRANCO, Acre, Brasil, SECRETARIA DE ESTADO DE ASSISTENCIA SOCIAL - FUMBESA"
2022,RIO BRANCO,1,667,ESCOLA  MOZART DONIZETE,4,3360,"RIO BRANCO, Acre, Brasil, ESCOLA  MOZART DONIZETE"
2022,XAPURI,2,9,COLÉGIO DIVINA PROVIDÊNCIA,3,1031,"XAPURI, Acre, Brasil, COLÉGIO DIVINA PROVIDÊNCIA"
2022,RIO BRANCO,1,730,ESCOLA MUNICIPAL LUIZA CARNEIRO DANTAS,2,3573,"RIO BRANCO, Acre, Brasil, ESCOLA MUNICIPAL LUIZA CARNEIRO DANTAS"
2022,PLÁCIDO DE CASTRO,8,156,POSTO DE SAUDE MARIO GOMES DA SILVA,2,1570,"PLÁCIDO DE CASTRO, Acre, Brasil, POSTO DE SAUDE MARIO GOMES DA SILVA"
2022,RIO BRANCO,1,739,ESCOLA VOVO MOCINHA,9,3590,"RIO BRANCO, Acre, Brasil, ESCOLA VOVO MOCINHA"
2022,RIO BRANCO,1,391,SENAI,24,2054,"RIO BRANCO, Acre, Brasil, SENAI"
2022,RIO BRANCO,1,676,IDAF - AVIÁRIO,3,3387,"RIO BRANCO, Acre, Brasil, IDAF - AVIÁRIO"
2022,RIO BRANCO,9,263,ESCOLA ESTADUAL PROFESSORA ILKA MARIA DE LIMA,6,1953,"RIO BRANCO, Acre, Brasil, ESCOLA ESTADUAL PROFESSORA ILKA MARIA DE LIMA"
2022,BUJARI,9,208,CENTRO DE CULTURA E FLORESTANIA (SECRET EDUCAÇÃO),2,1058,"BUJARI, Acre, Brasil, CENTRO DE CULTURA E FLORESTANIA (SECRET EDUCAÇÃO)"
2022,RIO BRANCO,9,366,ESCOLA ESTADUAL PROFESSORA ELOZIRA DOS SANTOS TOMÉ,9,2216,"RIO BRANCO, Acre, Brasil, ESCOLA ESTADUAL PROFESSORA ELOZIRA DOS SANTOS TOMÉ"
2022,RIO BRANCO,1,542,ESCOLA TUFIC ASSMAR,3,3115,"RIO BRANCO, Acre, Brasil, ESCOLA TUFIC ASSMAR"
2022,TARAUACÁ,5,110,ESCOLA DE ENSINO MÉDIO DR. FRANCISCO DJALMA DA CUNHA BATISTA,4,1244,"TARAUACÁ, Acre, Brasil, ESCOLA DE ENSINO MÉDIO DR. FRANCISCO DJALMA DA CUNHA BATISTA"
2022,RIO BRANCO,1,505,ESCOLA DUQUE DE CAXIAS,10,2720,"RIO BRANCO, Acre, Brasil, ESCOLA DUQUE DE CAXIAS"
2022,PLÁCIDO DE CASTRO,8,5,ESCOLA CARMELIA ALVES,5,1031,"PLÁCIDO DE CASTRO, Acre, Brasil, ESCOLA CARMELIA ALVES"
2022,SENADOR GUIOMARD,8,172,PRE ESC EST NUBIA MARIA FERNANDES,4,1309,"SENADOR GUIOMARD, Acre, Brasil, PRE ESC EST NUBIA MARIA FERNANDES"
2022,BRASILÉIA,6,24,CEDUP - CENTRO DE ESTUDOS EDUCAÇÃO PERMANENTE,2,2046,"BRASILÉIA, Acre, Brasil, CEDUP - CENTRO DE ESTUDOS EDUCAÇÃO PERMANENTE"
2022,RIO BRANCO,9,67,ESCOLA PÚBLICA RAIMUNDO GOMES DE OLIVEIRA,4,1333,"RIO BRANCO, Acre, Brasil, ESCOLA PÚBLICA RAIMUNDO GOMES DE OLIVEIRA"
2022,RIO BRANCO,1,479,FORUM BARAO DO RIO BRANCO,5,1708,"RIO BRANCO, Acre, Brasil, FORUM BARAO DO RIO BRANCO"
2022,PLÁCIDO DE CASTRO,8,61,SESC PLACIDO DE CASTRO,9,1724,"PLÁCIDO DE CASTRO, Acre, Brasil, SESC PLACIDO DE CASTRO"
2022,RIO BRANCO,1,491,SEST/SENAT,7,2690,"RIO BRANCO, Acre, Brasil, SEST/SENAT"
2022,RIO BRANCO,1,679,SERVIÇO SOCIAL DO COMÉRCIO (SESC BOSQUE),4,3395,"RIO BRANCO, Acre, Brasil, SERVIÇO SOCIAL DO COMÉRCIO (SESC BOSQUE)"
2022,CRUZEIRO DO SUL,4,68,ESCOLA PROF FLODOARDO CABRAL,1,1350,"CRUZEIRO DO SUL, Acre, Brasil, ESCOLA PROF FLODOARDO CABRAL"
2022,SENA MADUREIRA,3,56,PEIMC - PRE-ESCOLA IRACEMA MODESTO DA COSTA,1,1244,"SENA MADUREIRA, Acre, Brasil, PEIMC - PRE-ESCOLA IRACEMA MODESTO DA COSTA"
2022,RIO BRANCO,9,428,ESCOLA MARIA ADEIZA RODRIGUES PEREIRA,4,2356,"RIO BRANCO, Acre, Brasil, ESCOLA MARIA ADEIZA RODRIGUES PEREIRA"
2022,XAPURI,2,16,FÓRUM DE XAPURI,1,1139,"XAPURI, Acre, Brasil, FÓRUM DE XAPURI"
2022,PLÁCIDO DE CASTRO,8,24,ESC EST SAO LUIZ GONZAGA,3,1104,"PLÁCIDO DE CASTRO, Acre, Brasil, ESC EST SAO LUIZ GONZAGA"
2022,PLÁCIDO DE CASTRO,8,202,ESC EST SAO LUIZ GONZAGA,2,1104,"PLÁCIDO DE CASTRO, Acre, Brasil, ESC EST SAO LUIZ GONZAGA"
2022,BUJARI,9,5,ESCOLA SÃO JOÃO BATISTA,3,1112,"BUJARI, Acre, Brasil, ESCOLA SÃO JOÃO BATISTA"
2022,RIO BRANCO,1,435,DNIT - SUPERINTENDÊNCIA REGIONAL NO ACRE,5,2585,"RIO BRANCO, Acre, Brasil, DNIT - SUPERINTENDÊNCIA REGIONAL NO ACRE"
2022,RIO BRANCO,9,16,ESCOLA JOSÉ RIBAMAR BATISTA,7,1570,"RIO BRANCO, Acre, Brasil, ESCOLA JOSÉ RIBAMAR BATISTA"
2022,RIO BRANCO,1,685,ESCOLA LINDAURA MARTINS LEITÃO,2,3425,"RIO BRANCO, Acre, Brasil, ESCOLA LINDAURA MARTINS LEITÃO"
2022,SENADOR GUIOMARD,8,100,ESCOLA PADRE CARLOS CASAVECCHIA,6,1163,"SENADOR GUIOMARD, Acre, Brasil, ESCOLA PADRE CARLOS CASAVECCHIA"
2022,RIO BRANCO,1,481,ESCOLA SANTO ANTONIO II,1,2666,"RIO BRANCO, Acre, Brasil, ESCOLA SANTO ANTONIO II"
2022,RIO BRANCO,1,280,INSTITUTO DO MEIO AMBIENTE DO ACRE-IMAC,8,1988,"RIO BRANCO, Acre, Brasil, INSTITUTO DO MEIO AMBIENTE DO ACRE-IMAC"
2022,RIO BRANCO,9,389,ESCOLA ESTADUAL MARIA CHALUB LEITE,9,2305,"RIO BRANCO, Acre, Brasil, ESCOLA ESTADUAL MARIA CHALUB LEITE"
2022,RIO BRANCO,9,414,ESCOLA JOELMA OLIVEIRA DE LIMA,4,2097,"RIO BRANCO, Acre, Brasil, ESCOLA JOELMA OLIVEIRA DE LIMA"
2022,SENADOR GUIOMARD,8,53,ESCOLA FENELON MANOEL,1,1040,"SENADOR GUIOMARD, Acre, Brasil, ESCOLA FENELON MANOEL"
2022,SENADOR GUIOMARD,8,90,ESCOLA DIVA PEREIRA DE SOUZA,4,1155,"SENADOR GUIOMARD, Acre, Brasil, ESCOLA DIVA PEREIRA DE SOUZA"
2022,RIO BRANCO,9,129,UFAC - UNIVERSIDADE FEDERAL DO ACRE,7,1198,"RIO BRANCO, Acre, Brasil, UFAC - UNIVERSIDADE FEDERAL DO ACRE"
2022,JORDÃO,5,67,ESCOLA PRÉ ESCOLAR 12 DE OUTUBRO,1,1104,"JORDÃO, Acre, Brasil, ESCOLA PRÉ ESCOLAR 12 DE OUTUBRO"
2022,RIO BRANCO,9,330,ESCOLA JOELMA OLIVEIRA DE LIMA,7,2097,"RIO BRANCO, Acre, Brasil, ESCOLA JOELMA OLIVEIRA DE LIMA"
2022,RIO BRANCO,9,215,DETRAN-AC (EM FRENTE AG BANCO DO BRASIL ESTILO),9,1406,"RIO BRANCO, Acre, Brasil, DETRAN-AC (EM FRENTE AG BANCO DO BRASIL ESTILO)"
2022,RIO BRANCO,9,378,HORTO FLORESTAL (SECRETARIA MUNICIPAL DE MEIO AMBIENTE - SEMEIA),3,2267,"RIO BRANCO, Acre, Brasil, HORTO FLORESTAL (SECRETARIA MUNICIPAL DE MEIO AMBIENTE - SEMEIA)"
2022,RIO BRANCO,1,452,ESCOLA PAULO FREIRE,11,2542,"RIO BRANCO, Acre, Brasil, ESCOLA PAULO FREIRE"
2022,RIO BRANCO,1,771,UNIDADE DE SAÚDE DA FAMÍLIA - VITÓRIA,4,3719,"RIO BRANCO, Acre, Brasil, UNIDADE DE SAÚDE DA FAMÍLIA - VITÓRIA"
2022,RIO BRANCO,9,182,ESCOLA MUN PROF TEREZINHA MIGUÉIS (PROJ. FIGUEIRA - INCRA),3,1317,"RIO BRANCO, Acre, Brasil, ESCOLA MUN PROF TEREZINHA MIGUÉIS (PROJ. FIGUEIRA - INCRA)"
2022,ASSIS BRASIL,6,95,ESCOLA SIMON BOLIVAR,1,1015,"ASSIS BRASIL, Acre, Brasil, ESCOLA SIMON BOLIVAR"
2022,RIO BRANCO,9,196,ESCOLA PROFESSORA RAMONA M P DE CASTRO,7,1619,"RIO BRANCO, Acre, Brasil, ESCOLA PROFESSORA RAMONA M P DE CASTRO"
2022,RIO BRANCO,1,808,MINISTÉRIO DA AGRICULTURA - MAPA,3,3034,"RIO BRANCO, Acre, Brasil, MINISTÉRIO DA AGRICULTURA - MAPA"
2022,CRUZEIRO DO SUL,4,398,ESCOLA PROF. ANTONIO DE BARROS FREIRE,2,1392,"CRUZEIRO DO SUL, Acre, Brasil, ESCOLA PROF. ANTONIO DE BARROS FREIRE"
2022,RIO BRANCO,9,463,ESCOLA PROFESSOR PEDRO MARTINELLO,2,2127,"RIO BRANCO, Acre, Brasil, ESCOLA PROFESSOR PEDRO MARTINELLO"
2022,RIO BRANCO,1,250,PREFEITURA MUNICIPAL DE RIO BRANCO,4,1090,"RIO BRANCO, Acre, Brasil, PREFEITURA MUNICIPAL DE RIO BRANCO"
2022,RIO BRANCO,9,341,ESCOLA PROFESSORA IONE PORTELA DA COSTA CASAS,4,2135,"RIO BRANCO, Acre, Brasil, ESCOLA PROFESSORA IONE PORTELA DA COSTA CASAS"
2022,PLÁCIDO DE CASTRO,8,155,ESCOLA ESTADUAL RURAL FLAVIA BARROS PIMENTEL,6,1589,"PLÁCIDO DE CASTRO, Acre, Brasil, ESCOLA ESTADUAL RURAL FLAVIA BARROS PIMENTEL"
2022,RIO BRANCO,9,177,ESCOLA PÚBLICA ADALBERTO SENA,11,1139,"RIO BRANCO, Acre, Brasil, ESCOLA PÚBLICA ADALBERTO SENA"
2022,RIO BRANCO,1,13,SUPERINTENDÊNCIA DO MINISTERIO DO TRABALHO,9,1961,"RIO BRANCO, Acre, Brasil, SUPERINTENDÊNCIA DO MINISTERIO DO TRABALHO"
2022,RIO BRANCO,9,360,ESCOLA PROFESSOR ALVARO VIEIRA DA ROCHA,8,2160,"RIO BRANCO, Acre, Brasil, ESCOLA PROFESSOR ALVARO VIEIRA DA ROCHA"
2022,EPITACIOLÂNDIA,6,151,ESCOLA BELO PORVIR,1,1368,"EPITACIOLÂNDIA, Acre, Brasil, ESCOLA BELO PORVIR"
2022,RIO BRANCO,9,76,ESCOLA PÚBLICA ÁUREA PIRES,9,1163,"RIO BRANCO, Acre, Brasil, ESCOLA PÚBLICA ÁUREA PIRES"
2022,RIO BRANCO,1,660,ESCOLA PROFESSORA CLÍCIA GADELHA,3,3344,"RIO BRANCO, Acre, Brasil, ESCOLA PROFESSORA CLÍCIA GADELHA"
2022,PORTO ACRE,1,592,ESCOLA PUBLICA JADER SARAIVA MACHADO,2,1031,"PORTO ACRE, Acre, Brasil, ESCOLA PUBLICA JADER SARAIVA MACHADO"
2022,RIO BRANCO,9,251,ESCOLA HENRIQUE LIMA,5,1201,"RIO BRANCO, Acre, Brasil, ESCOLA HENRIQUE LIMA"
2022,MANOEL URBANO,3,44,ESCOLA NAZIRA ANUTE DE LIMA,12,1244,"MANOEL URBANO, Acre, Brasil, ESCOLA NAZIRA ANUTE DE LIMA"
2022,RIO BRANCO,1,698,ESCOLA GLÓRIA PEREZ,6,3468,"RIO BRANCO, Acre, Brasil, ESCOLA GLÓRIA PEREZ"
2022,PLÁCIDO DE CASTRO,8,201,ESCOLA ESTADUAL RURAL FLAVIA BARROS PIMENTEL,3,1589,"PLÁCIDO DE CASTRO, Acre, Brasil, ESCOLA ESTADUAL RURAL FLAVIA BARROS PIMENTEL"
2022,TARAUACÁ,5,106,ESCOLA JOSE AUGUSTO DE ARAUJO,3,1074,"TARAUACÁ, Acre, Brasil, ESCOLA JOSE AUGUSTO DE ARAUJO"
2022,SENA MADUREIRA,3,20,ESCOLA ELIZIARIO TAVORA,1,1104,"SENA MADUREIRA, Acre, Brasil, ESCOLA ELIZIARIO TAVORA"
2022,BUJARI,9,252,CRECHE PROFESSORA DONA BELA,1,1090,"BUJARI, Acre, Brasil, CRECHE PROFESSORA DONA BELA"
2022,RIO BRANCO,1,688,ESCOLA LINDAURA MARTINS LEITÃO,1,3425,"RIO BRANCO, Acre, Brasil, ESCOLA LINDAURA MARTINS LEITÃO"
2022,FEIJÓ,7,25,ESCOLA FRANCISCO NUNES LEITÃO,3,1112,"FEIJÓ, Acre, Brasil, ESCOLA FRANCISCO NUNES LEITÃO"
2022,SENADOR GUIOMARD,8,227,ESCOLA BRIGADEIRO EDUARDO GOMES,3,1090,"SENADOR GUIOMARD, Acre, Brasil, ESCOLA BRIGADEIRO EDUARDO GOMES"
2022,MANOEL URBANO,3,45,ESCOLA NAZIRA ANUTE DE LIMA,12,1244,"MANOEL URBANO, Acre, Brasil, ESCOLA NAZIRA ANUTE DE LIMA"
2022,CAPIXABA,2,80,ESCOLA NOVA ESPERANCA,3,1066,"CAPIXABA, Acre, Brasil, ESCOLA NOVA ESPERANCA"
2022,XAPURI,2,51,ESCOLA MUNICIPAL CAMINHO DO SABER,7,1244,"XAPURI, Acre, Brasil, ESCOLA MUNICIPAL CAMINHO DO SABER"
2022,PLÁCIDO DE CASTRO,8,55,ESCOLA JOSE FRANCISCO DA SILVA,3,1546,"PLÁCIDO DE CASTRO, Acre, Brasil, ESCOLA JOSE FRANCISCO DA SILVA"
2022,RIO BRANCO,9,455,ESCOLA DE ENSINO FUNDAMENTAL DO SERVIÇO SOCIAL DA INDÚSTRIA - SESI,4,2100,"RIO BRANCO, Acre, Brasil, ESCOLA DE ENSINO FUNDAMENTAL DO SERVIÇO SOCIAL DA INDÚSTRIA - SESI"
2022,EPITACIOLÂNDIA,6,51,ESCOLA RAIMUNDA DA CUNHA AIRES,2,1058,"EPITACIOLÂNDIA, Acre, Brasil, ESCOLA RAIMUNDA DA CUNHA AIRES"
2022,PORTO ACRE,1,596,ESCOLA MUNICIPAL SANTA INÊS,25,1040,"PORTO ACRE, Acre, Brasil, ESCOLA MUNICIPAL SANTA INÊS"
2022,RIO BRANCO,1,662,ESCOLA JORGE FELIX LAVOCAT,8,3352,"RIO BRANCO, Acre, Brasil, ESCOLA JORGE FELIX LAVOCAT"
2022,FEIJÓ,7,19,GRUPO ESCOLAR PREFEITO RAIMUNDO AUGUSTO DE ARAUJO,2,1058,"FEIJÓ, Acre, Brasil, GRUPO ESCOLAR PREFEITO RAIMUNDO AUGUSTO DE ARAUJO"
2022,RIO BRANCO,1,490,ESCOLA SANTA MARIA II,13,2801,"RIO BRANCO, Acre, Brasil, ESCOLA SANTA MARIA II"
2022,RIO BRANCO,1,529,ESCOLA DE EDUCAÇÃO INFANTIL WILLY VIANA DAS NEVES,6,3018,"RIO BRANCO, Acre, Brasil, ESCOLA DE EDUCAÇÃO INFANTIL WILLY VIANA DAS NEVES"
2022,EPITACIOLÂNDIA,6,48,ESCOLA BELA FLOR,1,1309,"EPITACIOLÂNDIA, Acre, Brasil, ESCOLA BELA FLOR"
2022,RODRIGUES ALVES,4,84,ESCOLA PEDRO DE MELO CORREIA,2,1031,"RODRIGUES ALVES, Acre, Brasil, ESCOLA PEDRO DE MELO CORREIA"
2022,RIO BRANCO,1,781,ESCOLA PADRE CARLOS CASAVECCHIA,5,3743,"RIO BRANCO, Acre, Brasil, ESCOLA PADRE CARLOS CASAVECCHIA"
2022,RIO BRANCO,1,41,SECRETARIA DE ESTADO DE SAÚDE - SESACRE,4,1180,"RIO BRANCO, Acre, Brasil, SECRETARIA DE ESTADO DE SAÚDE - SESACRE"
2022,RIO BRANCO,1,777,COLÉGIO LATO SENSU,9,3735,"RIO BRANCO, Acre, Brasil, COLÉGIO LATO SENSU"
2022,SENADOR GUIOMARD,8,35,ESCOLA BRIGADEIRO EDUARDO GOMES,3,1090,"SENADOR GUIOMARD, Acre, Brasil, ESCOLA BRIGADEIRO EDUARDO GOMES"
2022,SENADOR GUIOMARD,8,223,ESCOLA ESTADUAL RAIMUNDO HERMINIO DE MELO II,1,1236,"SENADOR GUIOMARD, Acre, Brasil, ESCOLA ESTADUAL RAIMUNDO HERMINIO DE MELO II"
2022,PORTO ACRE,1,590,ESCOLA PUBLICA JADER SARAIVA MACHADO,5,1031,"PORTO ACRE, Acre, Brasil, ESCOLA PUBLICA JADER SARAIVA MACHADO"
2022,RODRIGUES ALVES,4,440,ESCOLA MARIA DIONE BERNARDO MOTA,1,1236,"RODRIGUES ALVES, Acre, Brasil, ESCOLA MARIA DIONE BERNARDO MOTA"
2022,RIO BRANCO,9,39,SEAPROF,7,1155,"RIO BRANCO, Acre, Brasil, SEAPROF"
2022,RIO BRANCO,9,92,ESCOLA DARCY VARGAS,10,1228,"RIO BRANCO, Acre, Brasil, ESCOLA DARCY VARGAS"
2022,PORTO ACRE,1,615,ESCOLA SÃO RAIMUNDO NONATO,6,1112,"PORTO ACRE, Acre, Brasil, ESCOLA SÃO RAIMUNDO NONATO"
2022,RIO BRANCO,1,634,INCRA - INSTITUTO NACIONAL DE COLONIZAÇÃO E REFORMA AGRÁRIA,12,3280,"RIO BRANCO, Acre, Brasil, INCRA - INSTITUTO NACIONAL DE COLONIZAÇÃO E REFORMA AGRÁRIA"
2022,SENADOR GUIOMARD,8,30,COLEGIO 15 DE JUNHO,3,1031,"SENADOR GUIOMARD, Acre, Brasil, COLEGIO 15 DE JUNHO"
2022,MANOEL URBANO,3,135,ESCOLA DOM PRÓPERO BERNARD,9,1228,"MANOEL URBANO, Acre, Brasil, ESCOLA DOM PRÓPERO BERNARD"
2022,ACRELÂNDIA,8,198,COLÉGIO AGRÍCOLA,1,1198,"ACRELÂNDIA, Acre, Brasil, COLÉGIO AGRÍCOLA"
2022,EPITACIOLÂNDIA,6,125,ESCOLA JOSÉ HASSEM HALL FILHO,2,1287,"EPITACIOLÂNDIA, Acre, Brasil, ESCOLA JOSÉ HASSEM HALL FILHO"
2022,RIO BRANCO,1,467,SENAI,25,2054,"RIO BRANCO, Acre, Brasil, SENAI"
2022,PORTO ACRE,1,593,ESCOLA PUBLICA JADER SARAIVA MACHADO,3,1031,"PORTO ACRE, Acre, Brasil, ESCOLA PUBLICA JADER SARAIVA MACHADO"
2022,CAPIXABA,2,74,CAMARA MUNICIPAL,1,1031,"CAPIXABA, Acre, Brasil, CAMARA MUNICIPAL"
2022,RIO BRANCO,1,162,FORUM BARAO DO RIO BRANCO,11,1708,"RIO BRANCO, Acre, Brasil, FORUM BARAO DO RIO BRANCO"
2022,RODRIGUES ALVES,4,83,ESCOLA CUNHA VASCONCELOS,1,1023,"RODRIGUES ALVES, Acre, Brasil, ESCOLA CUNHA VASCONCELOS"
2022,FEIJÓ,7,39,ESCOLA VICENTE CELSO BRANDAO,1,1163,"FEIJÓ, Acre, Brasil, ESCOLA VICENTE CELSO BRANDAO"
2022,PLÁCIDO DE CASTRO,8,13,ESC EST SAO LUIZ GONZAGA,3,1104,"PLÁCIDO DE CASTRO, Acre, Brasil, ESC EST SAO LUIZ GONZAGA"
2022,RIO BRANCO,1,249,ESCOLA DR. CARLOS VASCONCELOS,6,1236,"RIO BRANCO, Acre, Brasil, ESCOLA DR. CARLOS VASCONCELOS"
2022,CAPIXABA,2,91,ESC ENS FUN PROF NOELIA MARIA ALVES DE SOUZA,3,1120,"CAPIXABA, Acre, Brasil, ESC ENS FUN PROF NOELIA MARIA ALVES DE SOUZA"
2022,RODRIGUES ALVES,4,302,ESCOLA SÃO JOSÉ II,3,1180,"RODRIGUES ALVES, Acre, Brasil, ESCOLA SÃO JOSÉ II"
2022,RIO BRANCO,1,574,UNIDADE DE SAÚDE FRANCISCO RONEY MEIRELES,8,3263,"RIO BRANCO, Acre, Brasil, UNIDADE DE SAÚDE FRANCISCO RONEY MEIRELES"
2022,RIO BRANCO,9,23,ESCOLA FRANCISCO AUGUSTO BACURAU,8,1384,"RIO BRANCO, Acre, Brasil, ESCOLA FRANCISCO AUGUSTO BACURAU"
2022,ASSIS BRASIL,6,28,ESCOLA SIMON BOLIVAR,2,1015,"ASSIS BRASIL, Acre, Brasil, ESCOLA SIMON BOLIVAR"
2022,CRUZEIRO DO SUL,4,191,ESCOLA ANTÔNIO FERREIRA GOMES,1,1783,"CRUZEIRO DO SUL, Acre, Brasil, ESCOLA ANTÔNIO FERREIRA GOMES"
2022,RIO BRANCO,9,458,COLÉGIO META III,7,1520,"RIO BRANCO, Acre, Brasil, COLÉGIO META III"
2022,RIO BRANCO,1,669,ESCOLA  MOZART DONIZETE,9,3360,"RIO BRANCO, Acre, Brasil, ESCOLA  MOZART DONIZETE"
2022,PLÁCIDO DE CASTRO,8,128,ESCOLA JOSE FRANCISCO DA SILVA,3,1546,"PLÁCIDO DE CASTRO, Acre, Brasil, ESCOLA JOSE FRANCISCO DA SILVA"
2022,SENADOR GUIOMARD,8,49,ESCOLA MUNICIPAL MANOEL GONZAGA BEZERRA SOBRINHO,5,1333,"SENADOR GUIOMARD, Acre, Brasil, ESCOLA MUNICIPAL MANOEL GONZAGA BEZERRA SOBRINHO"
2022,EPITACIOLÂNDIA,6,69,ESCOLA CASTELO BRANCO - KM 20,1,1317,"EPITACIOLÂNDIA, Acre, Brasil, ESCOLA CASTELO BRANCO - KM 20"
2022,BUJARI,9,8,ESCOLA JOSE CEZARIO DE FARIAS,2,1023,"BUJARI, Acre, Brasil, ESCOLA JOSE CEZARIO DE FARIAS"
2022,SENADOR GUIOMARD,8,225,PRE ESC EST NUBIA MARIA FERNANDES,2,1309,"SENADOR GUIOMARD, Acre, Brasil, PRE ESC EST NUBIA MARIA FERNANDES"
2022,JORDÃO,5,122,CAMARA MUNICIPAL,1,1040,"JORDÃO, Acre, Brasil, CAMARA MUNICIPAL"
2022,PORTO ACRE,1,589,ESCOLA PUBLICA JADER SARAIVA MACHADO,2,1031,"PORTO ACRE, Acre, Brasil, ESCOLA PUBLICA JADER SARAIVA MACHADO"
2022,SANTA ROSA DO PURUS,3,152,ESCOLA FRANCISCO RABELO SÁ,1,1023,"SANTA ROSA DO PURUS, Acre, Brasil, ESCOLA FRANCISCO RABELO SÁ"
2022,RIO BRANCO,9,393,ESCOLA AME (ASSOCIAÇÃO MODERNA DE ENSINO),10,2313,"RIO BRANCO, Acre, Brasil, ESCOLA AME (ASSOCIAÇÃO MODERNA DE ENSINO)"
2022,RIO BRANCO,9,189,ESCOLA PADRE DIOGO FEIJÓ,14,1082,"RIO BRANCO, Acre, Brasil, ESCOLA PADRE DIOGO FEIJÓ"
2022,RIO BRANCO,1,482,ESCOLA MARIA ANGÉLICA DE CASTRO,7,2569,"RIO BRANCO, Acre, Brasil, ESCOLA MARIA ANGÉLICA DE CASTRO"
2022,RIO BRANCO,9,254,ESCOLA AYRTON SENNA DA SILVA,9,1660,"RIO BRANCO, Acre, Brasil, ESCOLA AYRTON SENNA DA SILVA"
2022,RIO BRANCO,9,55,SECRETARIA DE EDUCAÇÃO E CULTURA,5,1112,"RIO BRANCO, Acre, Brasil, SECRETARIA DE EDUCAÇÃO E CULTURA"
2022,RIO BRANCO,1,814,ESCOLA FREI ANDRÉ MARIA FICARELLI,12,3778,"RIO BRANCO, Acre, Brasil, ESCOLA FREI ANDRÉ MARIA FICARELLI"
2022,RIO BRANCO,1,271,COLEGIO ACREANO,10,1139,"RIO BRANCO, Acre, Brasil, COLEGIO ACREANO"
2022,RIO BRANCO,9,431,ESCOLA ILSON RIBEIRO,3,2054,"RIO BRANCO, Acre, Brasil, ESCOLA ILSON RIBEIRO"
2022,RIO BRANCO,9,127,ESCOLA CLÍNIO BRANDÃO,7,1244,"RIO BRANCO, Acre, Brasil, ESCOLA CLÍNIO BRANDÃO"
2022,PORTO ACRE,1,594,ESCOLA PUBLICA JADER SARAIVA MACHADO,2,1031,"PORTO ACRE, Acre, Brasil, ESCOLA PUBLICA JADER SARAIVA MACHADO"
2022,RIO BRANCO,1,744,ESCOLA HUMBERTO SOARES,9,3620,"RIO BRANCO, Acre, Brasil, ESCOLA HUMBERTO SOARES"
2022,TARAUACÁ,5,16,CEDUP - UFAC,2,1112,"TARAUACÁ, Acre, Brasil, CEDUP - UFAC"
2022,RIO BRANCO,1,487,ESCOLA DR. JOSÉ CARVALHO,5,2763,"RIO BRANCO, Acre, Brasil, ESCOLA DR. JOSÉ CARVALHO"
2022,RIO BRANCO,1,779,ESCOLA PADRE CARLOS CASAVECCHIA,11,3743,"RIO BRANCO, Acre, Brasil, ESCOLA PADRE CARLOS CASAVECCHIA"
2022,RIO BRANCO,9,311,ESCOLA TÉCNICA DE SAÚDE MARIA MOREIRA DA ROCHA,4,1880,"RIO BRANCO, Acre, Brasil, ESCOLA TÉCNICA DE SAÚDE MARIA MOREIRA DA ROCHA"
2022,XAPURI,2,17,GINASIO ANTHERO SOARES BEZERRA,3,1015,"XAPURI, Acre, Brasil, GINASIO ANTHERO SOARES BEZERRA"
2022,FEIJÓ,7,2,ESCOLA DE SEGUNDO GRAU JOSE GURGEL RABELO,2,1031,"FEIJÓ, Acre, Brasil, ESCOLA DE SEGUNDO GRAU JOSE GURGEL RABELO"
2022,BUJARI,9,1,ESCOLA EDMUNDO PINTO DE ALMEIDA NETO,1,1104,"BUJARI, Acre, Brasil, ESCOLA EDMUNDO PINTO DE ALMEIDA NETO"
2022,RIO BRANCO,9,313,UFAC - UNIVERSIDADE FEDERAL DO ACRE,7,1198,"RIO BRANCO, Acre, Brasil, UFAC - UNIVERSIDADE FEDERAL DO ACRE"
2022,RIO BRANCO,1,640,ESCOLA NEUTEL MAIA,8,3298,"RIO BRANCO, Acre, Brasil, ESCOLA NEUTEL MAIA"
2022,RIO BRANCO,9,388,ESCOLA ESTADUAL MARIA CHALUB LEITE,5,2305,"RIO BRANCO, Acre, Brasil, ESCOLA ESTADUAL MARIA CHALUB LEITE"
2022,RIO BRANCO,9,392,ESCOLA AME (ASSOCIAÇÃO MODERNA DE ENSINO),7,2313,"RIO BRANCO, Acre, Brasil, ESCOLA AME (ASSOCIAÇÃO MODERNA DE ENSINO)"
2022,RIO BRANCO,9,401,ESCOLA ISMAEL GOMES DE CARVALHO,2,2330,"RIO BRANCO, Acre, Brasil, ESCOLA ISMAEL GOMES DE CARVALHO"
2022,RIO BRANCO,9,448,UFAC - UNIVERSIDADE FEDERAL DO ACRE,7,1198,"RIO BRANCO, Acre, Brasil, UFAC - UNIVERSIDADE FEDERAL DO ACRE"
2022,RIO BRANCO,9,80,CENTRO CULTURAL E SOCIAL LYDIA HAMMES (ANTIGO INPA),4,1287,"RIO BRANCO, Acre, Brasil, CENTRO CULTURAL E SOCIAL LYDIA HAMMES (ANTIGO INPA)"
2022,RIO BRANCO,9,52,ESCOLA SERAFIM DA SILVA SALGADO,4,1090,"RIO BRANCO, Acre, Brasil, ESCOLA SERAFIM DA SILVA SALGADO"
2022,RIO BRANCO,1,374,DERACRE,6,1171,"RIO BRANCO, Acre, Brasil, DERACRE"
2022,RIO BRANCO,1,789,ESCOLA PROF RAIMUNDA SILVA PARÁ,3,2895,"RIO BRANCO, Acre, Brasil, ESCOLA PROF RAIMUNDA SILVA PARÁ"
2022,TARAUACÁ,5,51,ESCOLA DE PRIMEIRO GRAU JOAO RIBEIRO,1,1015,"TARAUACÁ, Acre, Brasil, ESCOLA DE PRIMEIRO GRAU JOAO RIBEIRO"
2022,RIO BRANCO,9,377,CONAB - COMPANHIA NACIONAL DE ABASTECIMENTO,8,2259,"RIO BRANCO, Acre, Brasil, CONAB - COMPANHIA NACIONAL DE ABASTECIMENTO"
2022,TARAUACÁ,5,41,ESCOLA JOSE AUGUSTO DE ARAUJO,4,1074,"TARAUACÁ, Acre, Brasil, ESCOLA JOSE AUGUSTO DE ARAUJO"
2022,XAPURI,2,25,IFAC - CAMPUS XAPURI,4,1082,"XAPURI, Acre, Brasil, IFAC - CAMPUS XAPURI"
2022,RIO BRANCO,1,515,OCA RIO BRANCO,7,1066,"RIO BRANCO, Acre, Brasil, OCA RIO BRANCO"
2022,RIO BRANCO,9,20,COLÉGIO ALTERNATIVO,16,1422,"RIO BRANCO, Acre, Brasil, COLÉGIO ALTERNATIVO"
2022,RIO BRANCO,9,261,ESCOLA ESTADUAL EDILSON FAÇANHA,3,1937,"RIO BRANCO, Acre, Brasil, ESCOLA ESTADUAL EDILSON FAÇANHA"
2022,RIO BRANCO,1,447,ESCOLA ZULEIDE PEREIRA DE SOUZA,9,1996,"RIO BRANCO, Acre, Brasil, ESCOLA ZULEIDE PEREIRA DE SOUZA"
2022,MANOEL URBANO,3,111,ESCOLA NAZIRA ANUTE DE LIMA,11,1244,"MANOEL URBANO, Acre, Brasil, ESCOLA NAZIRA ANUTE DE LIMA"
2022,RIO BRANCO,9,121,INSTITUTO FEDERAL DO ACRE - IFAC -  BAIXADA,8,1023,"RIO BRANCO, Acre, Brasil, INSTITUTO FEDERAL DO ACRE - IFAC -  BAIXADA"
2022,ACRELÂNDIA,8,77,ESCOLA  DE 1 GRAU PROF PEDRO DE CASTRO MEIRELES,3,1023,"ACRELÂNDIA, Acre, Brasil, ESCOLA  DE 1 GRAU PROF PEDRO DE CASTRO MEIRELES"
2022,SENADOR GUIOMARD,8,126,ESCOLA MARIA AUXILIADORA QUEIROZ,4,1201,"SENADOR GUIOMARD, Acre, Brasil, ESCOLA MARIA AUXILIADORA QUEIROZ"
2022,RIO BRANCO,1,788,ESCOLA PIMENTEL GOMES,3,3336,"RIO BRANCO, Acre, Brasil, ESCOLA PIMENTEL GOMES"
2022,RIO BRANCO,9,320,ESCOLA SAO FRANCISCO DE ASSIS,4,2062,"RIO BRANCO, Acre, Brasil, ESCOLA SAO FRANCISCO DE ASSIS"
2022,RIO BRANCO,9,124,ESCOLA PROFESSORA RAMONA M P DE CASTRO,5,1619,"RIO BRANCO, Acre, Brasil, ESCOLA PROFESSORA RAMONA M P DE CASTRO"
2022,RIO BRANCO,1,350,SECRETARIA DE ESTADO DE EDUCAÇÃO (ANTIGO SEBRAE),7,1600,"RIO BRANCO, Acre, Brasil, SECRETARIA DE ESTADO DE EDUCAÇÃO (ANTIGO SEBRAE)"
2022,RIO BRANCO,1,268,ESCOLA GEORGETE ELUAN KALUME,24,1929,"RIO BRANCO, Acre, Brasil, ESCOLA GEORGETE ELUAN KALUME"
2022,BRASILÉIA,6,25,ESCOLA VALERIA BISPO SABALA - KM 26,3,1180,"BRASILÉIA, Acre, Brasil, ESCOLA VALERIA BISPO SABALA - KM 26"
2022,SANTA ROSA DO PURUS,3,72,ESCOLA MUNICIPAL  DR. CELSO COSME SALGADO,3,1031,"SANTA ROSA DO PURUS, Acre, Brasil, ESCOLA MUNICIPAL  DR. CELSO COSME SALGADO"
2022,RODRIGUES ALVES,4,309,ESCOLA GODOFREDO SAMPAIO,2,1201,"RODRIGUES ALVES, Acre, Brasil, ESCOLA GODOFREDO SAMPAIO"
2022,RIO BRANCO,9,274,FUNDAÇÃO BRADESCO,5,1708,"RIO BRANCO, Acre, Brasil, FUNDAÇÃO BRADESCO"
2022,RIO BRANCO,1,674,ESCOLA BERTA VIEIRA DE ANDRADE,6,3379,"RIO BRANCO, Acre, Brasil, ESCOLA BERTA VIEIRA DE ANDRADE"
2022,RIO BRANCO,9,349,DEFENSORIA PÚBLICA DO ESTADO - DPE,3,2364,"RIO BRANCO, Acre, Brasil, DEFENSORIA PÚBLICA DO ESTADO - DPE"
2022,TARAUACÁ,5,64,ESCOLA DE ENSINO FUNDAMENTAL GOVERNADOR EDMUNDO PINTO DE ALMEIDA,2,1252,"TARAUACÁ, Acre, Brasil, ESCOLA DE ENSINO FUNDAMENTAL GOVERNADOR EDMUNDO PINTO DE ALMEIDA"
2022,RIO BRANCO,9,109,ESCOLA MARIA RAIMUNDA BALBINO DA SILVA,5,1295,"RIO BRANCO, Acre, Brasil, ESCOLA MARIA RAIMUNDA BALBINO DA SILVA"
2022,RIO BRANCO,9,370,ESCOLA EUFROSINA SILVA OLIVEIRA,3,2224,"RIO BRANCO, Acre, Brasil, ESCOLA EUFROSINA SILVA OLIVEIRA"
2022,SENADOR GUIOMARD,8,91,ESCOLA DIVA PEREIRA DE SOUZA,4,1155,"SENADOR GUIOMARD, Acre, Brasil, ESCOLA DIVA PEREIRA DE SOUZA"
2022,RIO BRANCO,9,427,ESCOLA MARILDA GOUVEIA VIANA,11,1600,"RIO BRANCO, Acre, Brasil, ESCOLA MARILDA GOUVEIA VIANA"
2022,RODRIGUES ALVES,4,233,ESCOLA MARECHAL RONDON,1,1082,"RODRIGUES ALVES, Acre, Brasil, ESCOLA MARECHAL RONDON"
2022,RIO BRANCO,9,162,ESCOLA IRMÃ MARIA GABRIELA SOARES,7,1643,"RIO BRANCO, Acre, Brasil, ESCOLA IRMÃ MARIA GABRIELA SOARES"
2022,PLÁCIDO DE CASTRO,8,81,ESCOLA JOSE FRANCISCO DA SILVA,3,1546,"PLÁCIDO DE CASTRO, Acre, Brasil, ESCOLA JOSE FRANCISCO DA SILVA"
2022,RIO BRANCO,1,52,SECRETARIA DE ESTADO DE SAÚDE - SESACRE,4,1180,"RIO BRANCO, Acre, Brasil, SECRETARIA DE ESTADO DE SAÚDE - SESACRE"
2022,RIO BRANCO,9,119,ESCOLA JOSÉ SALES DE ARAÚJO,5,1260,"RIO BRANCO, Acre, Brasil, ESCOLA JOSÉ SALES DE ARAÚJO"
2022,MANOEL URBANO,3,145,ESCOLA DOM PRÓPERO BERNARD,11,1228,"MANOEL URBANO, Acre, Brasil, ESCOLA DOM PRÓPERO BERNARD"
2022,RIO BRANCO,1,457,ESCOLA CLARISSE FECURY,5,3174,"RIO BRANCO, Acre, Brasil, ESCOLA CLARISSE FECURY"
2022,RIO BRANCO,1,663,ESCOLA JORGE FELIX LAVOCAT,4,3352,"RIO BRANCO, Acre, Brasil, ESCOLA JORGE FELIX LAVOCAT"
2022,RIO BRANCO,1,553,IDAF - VILA ACRE,2,2810,"RIO BRANCO, Acre, Brasil, IDAF - VILA ACRE"
2022,CRUZEIRO DO SUL,4,383,ESCOLA CIVICO-MILITAR MADRE ADELGUNDES BECKER,1,1295,"CRUZEIRO DO SUL, Acre, Brasil, ESCOLA CIVICO-MILITAR MADRE ADELGUNDES BECKER"
2022,RIO BRANCO,9,418,ESCOLA DE ENSINO FUNDAMENTAL DO SERVIÇO SOCIAL DA INDÚSTRIA - SESI,6,2100,"RIO BRANCO, Acre, Brasil, ESCOLA DE ENSINO FUNDAMENTAL DO SERVIÇO SOCIAL DA INDÚSTRIA - SESI"
2022,RIO BRANCO,1,65,ESCOLA DR. CARLOS VASCONCELOS,6,1236,"RIO BRANCO, Acre, Brasil, ESCOLA DR. CARLOS VASCONCELOS"
2022,BUJARI,9,212,SECRETARIA DE ESTADO DE PRODUÇÃO E AGRONEGÓCIO - SEPA ( SEAPROF BUJARI,6,1082,"BUJARI, Acre, Brasil, SECRETARIA DE ESTADO DE PRODUÇÃO E AGRONEGÓCIO - SEPA ( SEAPROF BUJARI"
2022,BRASILÉIA,6,89,ESCOLA ODILON PRATAGI,2,1210,"BRASILÉIA, Acre, Brasil, ESCOLA ODILON PRATAGI"
2022,RIO BRANCO,9,277,ESCOLA BOA UNIÃO,2,1740,"RIO BRANCO, Acre, Brasil, ESCOLA BOA UNIÃO"
2022,RIO BRANCO,9,77,ESCOLA PÚBLICA ÁUREA PIRES,9,1163,"RIO BRANCO, Acre, Brasil, ESCOLA PÚBLICA ÁUREA PIRES"
2022,MANOEL URBANO,3,130,CRECHE YÊDA,4,1309,"MANOEL URBANO, Acre, Brasil, CRECHE YÊDA"
2022,SENADOR GUIOMARD,8,69,ESCOLA PADRE CARLOS CASAVECCHIA,2,1163,"SENADOR GUIOMARD, Acre, Brasil, ESCOLA PADRE CARLOS CASAVECCHIA"
2022,RIO BRANCO,1,745,ESCOLA HUMBERTO SOARES,8,3620,"RIO BRANCO, Acre, Brasil, ESCOLA HUMBERTO SOARES"
2022,RIO BRANCO,1,95,SUPERINTENDÊNCIA DO MINISTÉRIO DO TRABALHO,8,1325,"RIO BRANCO, Acre, Brasil, SUPERINTENDÊNCIA DO MINISTÉRIO DO TRABALHO"
2022,RIO BRANCO,9,384,ESCOLA CHRIZARUBINA LEITÃO ABRAÃO,5,2283,"RIO BRANCO, Acre, Brasil, ESCOLA CHRIZARUBINA LEITÃO ABRAÃO"
2022,RIO BRANCO,1,803,ESCOLA ZULEIDE PEREIRA DE SOUZA,2,1996,"RIO BRANCO, Acre, Brasil, ESCOLA ZULEIDE PEREIRA DE SOUZA"
2022,RIO BRANCO,1,703,IDAF - AVIÁRIO,4,3611,"RIO BRANCO, Acre, Brasil, IDAF - AVIÁRIO"
2022,RODRIGUES ALVES,4,387,ESCOLA PADRE RAIMUNDO AGNALDO PEREIRA TRINDADE,1,1066,"RODRIGUES ALVES, Acre, Brasil, ESCOLA PADRE RAIMUNDO AGNALDO PEREIRA TRINDADE"
2022,RIO BRANCO,1,784,INSTITUTO FEDERAL DO ACRE - IFAC,6,3751,"RIO BRANCO, Acre, Brasil, INSTITUTO FEDERAL DO ACRE - IFAC"
2022,RIO BRANCO,9,317,ESCOLA DE EDUCAÇÃO INFANTIL FREI PELEGRINO,3,1716,"RIO BRANCO, Acre, Brasil, ESCOLA DE EDUCAÇÃO INFANTIL FREI PELEGRINO"
2022,FEIJÓ,7,23,ESCOLA DE SEGUNDO GRAU JOSE GURGEL RABELO,2,1031,"FEIJÓ, Acre, Brasil, ESCOLA DE SEGUNDO GRAU JOSE GURGEL RABELO"
2022,EPITACIOLÂNDIA,6,144,ESCOLA BRASIL BOLIVIA,2,1015,"EPITACIOLÂNDIA, Acre, Brasil, ESCOLA BRASIL BOLIVIA"
2022,TARAUACÁ,5,14,ESCOLA ROSAURA MOURAO DA ROCHA,1,1031,"TARAUACÁ, Acre, Brasil, ESCOLA ROSAURA MOURAO DA ROCHA"
2022,RIO BRANCO,1,714,FEDERAÇÃO DO COMÉRCIO - FECOMÉRCIO/AC,6,3514,"RIO BRANCO, Acre, Brasil, FEDERAÇÃO DO COMÉRCIO - FECOMÉRCIO/AC"
2022,RIO BRANCO,1,489,ESCOLA RURAL SÃO PEDRO I,1,2771,"RIO BRANCO, Acre, Brasil, ESCOLA RURAL SÃO PEDRO I"
2022,SENADOR GUIOMARD,8,36,ESCOLA BRIGADEIRO EDUARDO GOMES,4,1090,"SENADOR GUIOMARD, Acre, Brasil, ESCOLA BRIGADEIRO EDUARDO GOMES"
2022,RIO BRANCO,1,471,ESCOLA LEONCIO DE CARVALHO,6,2313,"RIO BRANCO, Acre, Brasil, ESCOLA LEONCIO DE CARVALHO"
2022,RIO BRANCO,1,469,ESCOLA DUQUE DE CAXIAS,8,2720,"RIO BRANCO, Acre, Brasil, ESCOLA DUQUE DE CAXIAS"
2022,RIO BRANCO,9,58,ESCOLA TANCREDO NEVES,4,1104,"RIO BRANCO, Acre, Brasil, ESCOLA TANCREDO NEVES"
2022,RIO BRANCO,9,84,SECRETARIA DE ESTADO DE ASSISTENCIA SOCIAL - FUMBESA,9,1171,"RIO BRANCO, Acre, Brasil, SECRETARIA DE ESTADO DE ASSISTENCIA SOCIAL - FUMBESA"
2022,BRASILÉIA,6,87,ESCOLA FONTENELE DE CASTRO,2,1120,"BRASILÉIA, Acre, Brasil, ESCOLA FONTENELE DE CASTRO"
2022,RIO BRANCO,1,756,ESCOLA LUIZ DE CARVALHO FONTENELLE,8,3662,"RIO BRANCO, Acre, Brasil, ESCOLA LUIZ DE CARVALHO FONTENELLE"
2022,PORTO ACRE,1,604,ESCOLA MUNICIPAL NOVO HORIZONTE,1,1082,"PORTO ACRE, Acre, Brasil, ESCOLA MUNICIPAL NOVO HORIZONTE"
2022,SENADOR GUIOMARD,8,242,SESC - UNIDADE DE SENADOR GUIOMARD,2,1422,"SENADOR GUIOMARD, Acre, Brasil, SESC - UNIDADE DE SENADOR GUIOMARD"
2022,RIO BRANCO,1,742,SECRETARIA DE ESTADO DE PLANEJAMENTO E GESTÃO (SEPLAG - ANTIGA SDA),5,3611,"RIO BRANCO, Acre, Brasil, SECRETARIA DE ESTADO DE PLANEJAMENTO E GESTÃO (SEPLAG - ANTIGA SDA)"
2022,RIO BRANCO,9,424,ESCOLA MUNICIPAL ANICE DIB JATENE,6,2208,"RIO BRANCO, Acre, Brasil, ESCOLA MUNICIPAL ANICE DIB JATENE"
2022,RIO BRANCO,9,308,FACULDADE UNINORTE,6,1899,"RIO BRANCO, Acre, Brasil, FACULDADE UNINORTE"
2022,SENADOR GUIOMARD,8,188,ESCOLA MODELO,5,1023,"SENADOR GUIOMARD, Acre, Brasil, ESCOLA MODELO"
2022,RIO BRANCO,1,552,SENAI,29,2054,"RIO BRANCO, Acre, Brasil, SENAI"
2022,RIO BRANCO,9,176,UFAC - UNIVERSIDADE FEDERAL DO ACRE,12,1198,"RIO BRANCO, Acre, Brasil, UFAC - UNIVERSIDADE FEDERAL DO ACRE"
2022,PLÁCIDO DE CASTRO,8,18,ESCOLA JOSE FRANCISCO DA SILVA,4,1546,"PLÁCIDO DE CASTRO, Acre, Brasil, ESCOLA JOSE FRANCISCO DA SILVA"
2022,RIO BRANCO,1,190,SECRETARIA DE ESTADO DE EDUCAÇÃO (ANTIGO SEBRAE),7,1694,"RIO BRANCO, Acre, Brasil, SECRETARIA DE ESTADO DE EDUCAÇÃO (ANTIGO SEBRAE)"
2022,RIO BRANCO,1,434,ESCOLA JOSE CHALUB LEITE,1,2577,"RIO BRANCO, Acre, Brasil, ESCOLA JOSE CHALUB LEITE"
2022,RIO BRANCO,1,23,PREFEITURA MUNICIPAL DE RIO BRANCO,6,1090,"RIO BRANCO, Acre, Brasil, PREFEITURA MUNICIPAL DE RIO BRANCO"
2022,CAPIXABA,2,95,CENTRO DE FLORESTANIA,2,1155,"CAPIXABA, Acre, Brasil, CENTRO DE FLORESTANIA"
2022,RIO BRANCO,9,396,ESCOLA ISMAEL GOMES DE CARVALHO,4,2330,"RIO BRANCO, Acre, Brasil, ESCOLA ISMAEL GOMES DE CARVALHO"
2022,RIO BRANCO,1,46,ESCOLA MENINO JESUS,10,1279,"RIO BRANCO, Acre, Brasil, ESCOLA MENINO JESUS"
2022,PORTO ACRE,1,605,ESCOLA MUNICIPAL NOVO HORIZONTE,1,1082,"PORTO ACRE, Acre, Brasil, ESCOLA MUNICIPAL NOVO HORIZONTE"
2022,ACRELÂNDIA,8,124,ESCOLA NOVO HORIZONTE,3,1066,"ACRELÂNDIA, Acre, Brasil, ESCOLA NOVO HORIZONTE"
2022,RIO BRANCO,9,235,ESCOLA HENRIQUE LIMA,7,1201,"RIO BRANCO, Acre, Brasil, ESCOLA HENRIQUE LIMA"
2022,FEIJÓ,7,72,ESCOLA MUNICIPAL DE EDUCACAO INFANTIL MENINO JESUS,1,1244,"FEIJÓ, Acre, Brasil, ESCOLA MUNICIPAL DE EDUCACAO INFANTIL MENINO JESUS"
2022,CAPIXABA,2,94,CENTRO DE FLORESTANIA,2,1155,"CAPIXABA, Acre, Brasil, CENTRO DE FLORESTANIA"
2022,ACRELÂNDIA,8,142,ESCOLA MARCILIO PONTES DOS SANTOS,5,1074,"ACRELÂNDIA, Acre, Brasil, ESCOLA MARCILIO PONTES DOS SANTOS"
2022,RIO BRANCO,9,429,ESCOLA PROFESSOR ALVARO VIEIRA DA ROCHA,1,2160,"RIO BRANCO, Acre, Brasil, ESCOLA PROFESSOR ALVARO VIEIRA DA ROCHA"
2022,RIO BRANCO,1,88,ESCOLA ANA TURAM MACHADO FALCAO,6,2402,"RIO BRANCO, Acre, Brasil, ESCOLA ANA TURAM MACHADO FALCAO"
2022,PORTO ACRE,1,602,ESCOLA MUNICIPAL JOAQUIM FALCAO MACEDO,1,1074,"PORTO ACRE, Acre, Brasil, ESCOLA MUNICIPAL JOAQUIM FALCAO MACEDO"
2022,RIO BRANCO,1,473,ESCOLA PROFESSOR JOSUÉ FERNANDES,1,2712,"RIO BRANCO, Acre, Brasil, ESCOLA PROFESSOR JOSUÉ FERNANDES"
2022,RIO BRANCO,1,801,COLÉGIO MILITAR DOM PEDRO II,6,3042,"RIO BRANCO, Acre, Brasil, COLÉGIO MILITAR DOM PEDRO II"
2022,RIO BRANCO,9,229,ESCOLA JOÃO PAULO II,4,1252,"RIO BRANCO, Acre, Brasil, ESCOLA JOÃO PAULO II"
2022,RIO BRANCO,1,390,ESCOLA ZULEIDE PEREIRA DE SOUZA,7,1996,"RIO BRANCO, Acre, Brasil, ESCOLA ZULEIDE PEREIRA DE SOUZA"
2022,RIO BRANCO,9,241,ESCOLA FREI THIAGO MARIA MATIOLI,3,1627,"RIO BRANCO, Acre, Brasil, ESCOLA FREI THIAGO MARIA MATIOLI"
2022,RIO BRANCO,1,786,INSTITUTO FEDERAL DO ACRE - IFAC,12,3751,"RIO BRANCO, Acre, Brasil, INSTITUTO FEDERAL DO ACRE - IFAC"
2022,RIO BRANCO,9,356,ESCOLA DOUTOR JOAO AGUIAR,13,2186,"RIO BRANCO, Acre, Brasil, ESCOLA DOUTOR JOAO AGUIAR"
2022,PLÁCIDO DE CASTRO,8,86,ESCOLA FRANKLIN ROOSEVELT,7,1112,"PLÁCIDO DE CASTRO, Acre, Brasil, ESCOLA FRANKLIN ROOSEVELT"
2022,MANOEL URBANO,3,47,ESCOLA ANTONIA MENDES,11,1252,"MANOEL URBANO, Acre, Brasil, ESCOLA ANTONIA MENDES"
2022,BRASILÉIA,6,6,ESCOLA  KAIRALA JOSE KAIRALA,1,1066,"BRASILÉIA, Acre, Brasil, ESCOLA  KAIRALA JOSE KAIRALA"
2022,RIO BRANCO,1,812,ESCOLA THEODOLINA FALCAO MACEDO,1,3506,"RIO BRANCO, Acre, Brasil, ESCOLA THEODOLINA FALCAO MACEDO"
2022,MANOEL URBANO,3,107,ESCOLA ANTONIA MENDES,7,1252,"MANOEL URBANO, Acre, Brasil, ESCOLA ANTONIA MENDES"
2022,XAPURI,2,30,GRUPO ESCOLAR PLACIDO DE CASTRO,7,1074,"XAPURI, Acre, Brasil, GRUPO ESCOLAR PLACIDO DE CASTRO"
2022,RIO BRANCO,9,387,ESCOLA ESTADUAL MARIA CHALUB LEITE,5,2305,"RIO BRANCO, Acre, Brasil, ESCOLA ESTADUAL MARIA CHALUB LEITE"
2022,RIO BRANCO,1,769,ESCOLA DR. MARIO DE OLIVEIRA,12,3700,"RIO BRANCO, Acre, Brasil, ESCOLA DR. MARIO DE OLIVEIRA"
2022,RIO BRANCO,1,26,FORUM BARAO DO RIO BRANCO,8,1708,"RIO BRANCO, Acre, Brasil, FORUM BARAO DO RIO BRANCO"
2022,RIO BRANCO,9,435,COLÉGIO MILITAR TIRADENTES,5,2380,"RIO BRANCO, Acre, Brasil, COLÉGIO MILITAR TIRADENTES"
2022,RIO BRANCO,1,665,ESCOLA  MOZART DONIZETE,4,3360,"RIO BRANCO, Acre, Brasil, ESCOLA  MOZART DONIZETE"
2022,RIO BRANCO,9,95,ESCOLA JOÃO PAULO I,3,1236,"RIO BRANCO, Acre, Brasil, ESCOLA JOÃO PAULO I"
2022,RIO BRANCO,1,638,ESCOLA NEUTEL MAIA,10,3298,"RIO BRANCO, Acre, Brasil, ESCOLA NEUTEL MAIA"
2022,EPITACIOLÂNDIA,6,107,ESCOLA JOAO PEDRO DA SILVA,1,1210,"EPITACIOLÂNDIA, Acre, Brasil, ESCOLA JOAO PEDRO DA SILVA"
2022,RIO BRANCO,1,682,FEDERAÇÃO DO COMÉRCIO - FECOMÉRCIO/AC,7,3409,"RIO BRANCO, Acre, Brasil, FEDERAÇÃO DO COMÉRCIO - FECOMÉRCIO/AC"
2022,ACRELÂNDIA,8,205,ESCOLA SANTA LUCIA III,3,1040,"ACRELÂNDIA, Acre, Brasil, ESCOLA SANTA LUCIA III"
2022,CRUZEIRO DO SUL,4,336,ESCOLA ARTHUR MAIA,1,1481,"CRUZEIRO DO SUL, Acre, Brasil, ESCOLA ARTHUR MAIA"
2022,FEIJÓ,7,59,COMPLEXO ESCOLAR NANZIO MAGALHAES,1,1074,"FEIJÓ, Acre, Brasil, COMPLEXO ESCOLAR NANZIO MAGALHAES"
2022,XAPURI,2,36,ESCOLA ESTADUAL BÁRBARA VIEIRA DE SANTANA - SGAL SÃO JOSÉ,3,1210,"XAPURI, Acre, Brasil, ESCOLA ESTADUAL BÁRBARA VIEIRA DE SANTANA - SGAL SÃO JOSÉ"
2022,RIO BRANCO,9,105,ESCOLA FREI THIAGO MARIA MATIOLI,9,1627,"RIO BRANCO, Acre, Brasil, ESCOLA FREI THIAGO MARIA MATIOLI"
2022,RIO BRANCO,1,478,ESCOLA PAULO FREIRE,5,2542,"RIO BRANCO, Acre, Brasil, ESCOLA PAULO FREIRE"
2022,RIO BRANCO,1,422,ESCOLA MARIA ANGÉLICA DE CASTRO,14,2569,"RIO BRANCO, Acre, Brasil, ESCOLA MARIA ANGÉLICA DE CASTRO"
2022,FEIJÓ,7,37,ESCOLA VICENTE CELSO BRANDAO,1,1163,"FEIJÓ, Acre, Brasil, ESCOLA VICENTE CELSO BRANDAO"
2022,RIO BRANCO,9,101,ESCOLA  AFONSO PINTO DE MEDEIROS,7,1597,"RIO BRANCO, Acre, Brasil, ESCOLA  AFONSO PINTO DE MEDEIROS"
2022,RIO BRANCO,9,386,ESCOLA ESTADUAL MARIA CHALUB LEITE,4,2305,"RIO BRANCO, Acre, Brasil, ESCOLA ESTADUAL MARIA CHALUB LEITE"
2022,RIO BRANCO,1,179,SEINFRA - SECRETARIA DE ESTADO DE INFRAESTRUTURA,4,1589,"RIO BRANCO, Acre, Brasil, SEINFRA - SECRETARIA DE ESTADO DE INFRAESTRUTURA"
2022,RIO BRANCO,9,138,ESCOLA PÚBLICA RAIMUNDO GOMES DE OLIVEIRA,7,1333,"RIO BRANCO, Acre, Brasil, ESCOLA PÚBLICA RAIMUNDO GOMES DE OLIVEIRA"
2022,RIO BRANCO,1,567,ESCOLA MUNICIPAL MONTE CASTELO,2,3247,"RIO BRANCO, Acre, Brasil, ESCOLA MUNICIPAL MONTE CASTELO"
2022,RIO BRANCO,1,733,INSTITUTO DE EDUCACAO LOURENCO FILHO,12,3581,"RIO BRANCO, Acre, Brasil, INSTITUTO DE EDUCACAO LOURENCO FILHO"
2022,BRASILÉIA,6,5,SEMED - SECRETARIA MUNICIPAL DE EDUCAÇÃO,1,1112,"BRASILÉIA, Acre, Brasil, SEMED - SECRETARIA MUNICIPAL DE EDUCAÇÃO"
2022,PLÁCIDO DE CASTRO,8,2,ESCOLA JOSE FRANCISCO DA SILVA,6,1546,"PLÁCIDO DE CASTRO, Acre, Brasil, ESCOLA JOSE FRANCISCO DA SILVA"
2022,FEIJÓ,7,10,GINASIO IMACULADA CONCEICAO,1,1040,"FEIJÓ, Acre, Brasil, GINASIO IMACULADA CONCEICAO"
2022,RIO BRANCO,1,557,ESCOLA SANTO ANTONIO II,2,2666,"RIO BRANCO, Acre, Brasil, ESCOLA SANTO ANTONIO II"
2022,SENADOR GUIOMARD,8,219,ESCOLA ALDACI SIMOES DA COSTA,5,1481,"SENADOR GUIOMARD, Acre, Brasil, ESCOLA ALDACI SIMOES DA COSTA"
2022,RIO BRANCO,9,104,ESCOLA FREI THIAGO MARIA MATIOLI,9,1627,"RIO BRANCO, Acre, Brasil, ESCOLA FREI THIAGO MARIA MATIOLI"
2022,MANOEL URBANO,3,48,ESCOLA ANTONIA MENDES,7,1252,"MANOEL URBANO, Acre, Brasil, ESCOLA ANTONIA MENDES"
2022,RIO BRANCO,1,653,ESCOLA RAIMUNDO MELO,7,3328,"RIO BRANCO, Acre, Brasil, ESCOLA RAIMUNDO MELO"
2022,RIO BRANCO,9,144,ESCOLA JUVENAL ANTUNES,8,1589,"RIO BRANCO, Acre, Brasil, ESCOLA JUVENAL ANTUNES"
2022,RIO BRANCO,9,150,COLÉGIO ALTERNATIVO,14,1422,"RIO BRANCO, Acre, Brasil, COLÉGIO ALTERNATIVO"
2022,RIO BRANCO,9,297,ESCOLA ILSON RIBEIRO,2,2054,"RIO BRANCO, Acre, Brasil, ESCOLA ILSON RIBEIRO"
2022,ACRELÂNDIA,8,256,ESC MUN CEN ENS FUN RITA BOCALON RODRIGUES,2,1120,"ACRELÂNDIA, Acre, Brasil, ESC MUN CEN ENS FUN RITA BOCALON RODRIGUES"
2022,RIO BRANCO,9,114,ESCOLA PÚBLICA HELOÍSA MOURÃO MARQUES,7,1015,"RIO BRANCO, Acre, Brasil, ESCOLA PÚBLICA HELOÍSA MOURÃO MARQUES"
2022,RIO BRANCO,9,135,ESCOLA PÚBLICA RAIMUNDO GOMES DE OLIVEIRA,5,1333,"RIO BRANCO, Acre, Brasil, ESCOLA PÚBLICA RAIMUNDO GOMES DE OLIVEIRA"
2022,RIO BRANCO,1,571,ESCOLA CASTELO BRANCO,13,3255,"RIO BRANCO, Acre, Brasil, ESCOLA CASTELO BRANCO"
2022,RIO BRANCO,1,100,SEINFRA - SECRETARIA DE ESTADO DE INFRAESTRUTURA,6,1589,"RIO BRANCO, Acre, Brasil, SEINFRA - SECRETARIA DE ESTADO DE INFRAESTRUTURA"
2022,RIO BRANCO,1,87,ESCOLA ANA TURAM MACHADO FALCAO,4,2402,"RIO BRANCO, Acre, Brasil, ESCOLA ANA TURAM MACHADO FALCAO"
2022,RIO BRANCO,9,279,ESCOLA ESTADUAL MAJOR JOÃO CÂNCIO,5,2003,"RIO BRANCO, Acre, Brasil, ESCOLA ESTADUAL MAJOR JOÃO CÂNCIO"
2022,RIO BRANCO,9,43,TRIBUNAL DE CONTAS DO ESTADO DO ACRE,7,1490,"RIO BRANCO, Acre, Brasil, TRIBUNAL DE CONTAS DO ESTADO DO ACRE"
2022,TARAUACÁ,5,43,ESCOLA DE ENSINO FUNDAMENTAL DELZUÍTE BARROSO BRAGA DE ARAÚJO,1,1082,"TARAUACÁ, Acre, Brasil, ESCOLA DE ENSINO FUNDAMENTAL DELZUÍTE BARROSO BRAGA DE ARAÚJO"
2022,SENA MADUREIRA,3,18,IDAF,1,1090,"SENA MADUREIRA, Acre, Brasil, IDAF"
2022,RIO BRANCO,9,140,ESCOLA FREI THIAGO MARIA MATIOLI,6,1627,"RIO BRANCO, Acre, Brasil, ESCOLA FREI THIAGO MARIA MATIOLI"
2022,RIO BRANCO,1,555,ESCOLA PROFESSOR JOSUÉ FERNANDES,5,2712,"RIO BRANCO, Acre, Brasil, ESCOLA PROFESSOR JOSUÉ FERNANDES"
2022,RIO BRANCO,9,336,CENTRO CULTURAL THAUMATURGO FILHO,5,2119,"RIO BRANCO, Acre, Brasil, CENTRO CULTURAL THAUMATURGO FILHO"
2022,RIO BRANCO,9,438,FACULDADE UNINORTE,6,1899,"RIO BRANCO, Acre, Brasil, FACULDADE UNINORTE"
2022,RIO BRANCO,1,451,DNIT - SUPERINTENDÊNCIA REGIONAL NO ACRE,3,2585,"RIO BRANCO, Acre, Brasil, DNIT - SUPERINTENDÊNCIA REGIONAL NO ACRE"
2022,RIO BRANCO,9,260,ESCOLA GOVERNADOR JOSÉ AUGUSTO,3,1732,"RIO BRANCO, Acre, Brasil, ESCOLA GOVERNADOR JOSÉ AUGUSTO"
2022,RIO BRANCO,1,444,SENAI,27,2054,"RIO BRANCO, Acre, Brasil, SENAI"
2022,PLÁCIDO DE CASTRO,8,111,CENTRO DE FLORESTANIA,4,1627,"PLÁCIDO DE CASTRO, Acre, Brasil, CENTRO DE FLORESTANIA"
2022,RIO BRANCO,9,367,ESCOLA EUFROSINA SILVA OLIVEIRA,4,2224,"RIO BRANCO, Acre, Brasil, ESCOLA EUFROSINA SILVA OLIVEIRA"
2022,RIO BRANCO,1,523,UNIDADE DE SAÚDE MARIA DE JESUS DE ANDRADE,4,2950,"RIO BRANCO, Acre, Brasil, UNIDADE DE SAÚDE MARIA DE JESUS DE ANDRADE"
2022,RIO BRANCO,1,77,ESCOLA MENINO JESUS,6,1279,"RIO BRANCO, Acre, Brasil, ESCOLA MENINO JESUS"
2022,RIO BRANCO,9,275,ESCOLA IRENE DANTAS DO NASCIMENTO,1,1970,"RIO BRANCO, Acre, Brasil, ESCOLA IRENE DANTAS DO NASCIMENTO"
2022,RIO BRANCO,1,147,ACREPREVIDÊNCIA,9,2828,"RIO BRANCO, Acre, Brasil, ACREPREVIDÊNCIA"
2022,RIO BRANCO,9,149,ASSOCIAÇÃO DE PAIS E AMIGOS DOS EXCEPCIONAIS - APAE,9,1430,"RIO BRANCO, Acre, Brasil, ASSOCIAÇÃO DE PAIS E AMIGOS DOS EXCEPCIONAIS - APAE"
2022,RIO BRANCO,9,236,SEAPROF,2,1155,"RIO BRANCO, Acre, Brasil, SEAPROF"
2022,SENADOR GUIOMARD,8,31,ESCOLA  ALBERTO ZAIRE,4,1066,"SENADOR GUIOMARD, Acre, Brasil, ESCOLA  ALBERTO ZAIRE"
2022,RIO BRANCO,1,551,ESCOLA DR. JOSÉ CARVALHO,1,2763,"RIO BRANCO, Acre, Brasil, ESCOLA DR. JOSÉ CARVALHO"
2022,PLÁCIDO DE CASTRO,8,76,ESCOLA JOSE FRANCISCO DA SILVA,7,1546,"PLÁCIDO DE CASTRO, Acre, Brasil, ESCOLA JOSE FRANCISCO DA SILVA"
2022,BUJARI,9,304,ESCOLA SÃO JOÃO BATISTA,3,1112,"BUJARI, Acre, Brasil, ESCOLA SÃO JOÃO BATISTA"
2022,SENA MADUREIRA,3,117,UNIDADE BÁSICA DE SAÚDE FLORENTINO FLORIANO,1,1430,"SENA MADUREIRA, Acre, Brasil, UNIDADE BÁSICA DE SAÚDE FLORENTINO FLORIANO"
2022,RIO BRANCO,1,330,ESCOLA MADRE HILDEBRANDA DO PRA,5,2089,"RIO BRANCO, Acre, Brasil, ESCOLA MADRE HILDEBRANDA DO PRA"
2022,RIO BRANCO,9,357,ESCOLA DOUTOR JOAO AGUIAR,7,2186,"RIO BRANCO, Acre, Brasil, ESCOLA DOUTOR JOAO AGUIAR"
2022,RIO BRANCO,9,53,ESCOLA SERAFIM DA SILVA SALGADO,1,1090,"RIO BRANCO, Acre, Brasil, ESCOLA SERAFIM DA SILVA SALGADO"
2022,SENADOR GUIOMARD,8,82,ESCOLA DIVA PEREIRA DE SOUZA,2,1155,"SENADOR GUIOMARD, Acre, Brasil, ESCOLA DIVA PEREIRA DE SOUZA"
2022,SENA MADUREIRA,3,79,ESCOLA ELIZIARIO TAVORA,2,1104,"SENA MADUREIRA, Acre, Brasil, ESCOLA ELIZIARIO TAVORA"
2022,RIO BRANCO,1,381,GABINETE DO VICE GOVERNADOR (ANTIGA SAI),9,1694,"RIO BRANCO, Acre, Brasil, GABINETE DO VICE GOVERNADOR (ANTIGA SAI)"
2022,RIO BRANCO,9,28,SECRETARIA DE ESTADO DE ASSISTENCIA SOCIAL - FUMBESA,3,1171,"RIO BRANCO, Acre, Brasil, SECRETARIA DE ESTADO DE ASSISTENCIA SOCIAL - FUMBESA"
2022,RIO BRANCO,1,440,ESCOLA ZULEIDE PEREIRA DE SOUZA,5,1996,"RIO BRANCO, Acre, Brasil, ESCOLA ZULEIDE PEREIRA DE SOUZA"
2022,TARAUACÁ,5,23,ESCOLA ESTADUAL INSTITUTO SÃO JOSÉ,2,1449,"TARAUACÁ, Acre, Brasil, ESCOLA ESTADUAL INSTITUTO SÃO JOSÉ"
2022,RIO BRANCO,1,426,ESCOLA ELIAS MANSOUR,3,2526,"RIO BRANCO, Acre, Brasil, ESCOLA ELIAS MANSOUR"
2022,RIO BRANCO,1,747,ESCOLA DOM GIOCONDO MARIA GROTTI,10,3638,"RIO BRANCO, Acre, Brasil, ESCOLA DOM GIOCONDO MARIA GROTTI"
2022,RIO BRANCO,1,800,INSTITUTO FEDERAL DO ACRE - IFAC,10,3751,"RIO BRANCO, Acre, Brasil, INSTITUTO FEDERAL DO ACRE - IFAC"
2022,XAPURI,2,3,GINASIO ANTHERO SOARES BEZERRA,1,1015,"XAPURI, Acre, Brasil, GINASIO ANTHERO SOARES BEZERRA"
2022,RIO BRANCO,9,332,ESCOLA DE ENSINO FUNDAMENTAL DO SERVIÇO SOCIAL DA INDÚSTRIA - SESI,10,2100,"RIO BRANCO, Acre, Brasil, ESCOLA DE ENSINO FUNDAMENTAL DO SERVIÇO SOCIAL DA INDÚSTRIA - SESI"
2022,TARAUACÁ,5,25,ESCOLA PLACIDO DE CASTRO,4,1171,"TARAUACÁ, Acre, Brasil, ESCOLA PLACIDO DE CASTRO"
2022,PORTO ACRE,1,611,CENTRO DE SAUDE DE PORTO ACRE,1,1090,"PORTO ACRE, Acre, Brasil, CENTRO DE SAUDE DE PORTO ACRE"
2022,RIO BRANCO,9,323,ASSOC. COMERCIAL - ACISA,7,2070,"RIO BRANCO, Acre, Brasil, ASSOC. COMERCIAL - ACISA"
2022,SANTA ROSA DO PURUS,3,65,ESC. EST. ENSINO MÉDIO PADRE PAOLINO MARIA BALDASSARI,3,1015,"SANTA ROSA DO PURUS, Acre, Brasil, ESC. EST. ENSINO MÉDIO PADRE PAOLINO MARIA BALDASSARI"
2022,RIO BRANCO,9,342,ESCOLA PROFESSORA IONE PORTELA DA COSTA CASAS,12,2135,"RIO BRANCO, Acre, Brasil, ESCOLA PROFESSORA IONE PORTELA DA COSTA CASAS"
2022,RIO BRANCO,9,21,FEDERAÇÃO DAS INDÚSTRIAS DO ESTADO DO ACRE - FIEAC,13,1376,"RIO BRANCO, Acre, Brasil, FEDERAÇÃO DAS INDÚSTRIAS DO ESTADO DO ACRE - FIEAC"
2022,RIO BRANCO,1,7,ASSEMBLEIA LEGISLATIVA DO ACRE,9,2321,"RIO BRANCO, Acre, Brasil, ASSEMBLEIA LEGISLATIVA DO ACRE"
2022,RIO BRANCO,1,723,ESCOLA MARIA LÚCIA MOURA MARIN,9,3549,"RIO BRANCO, Acre, Brasil, ESCOLA MARIA LÚCIA MOURA MARIN"
2022,RIO BRANCO,1,5,COLÉGIO ESTADUAL BARÃO DO RIO BRANCO,8,1031,"RIO BRANCO, Acre, Brasil, COLÉGIO ESTADUAL BARÃO DO RIO BRANCO"
2022,RIO BRANCO,1,807,SENAC,6,3697,"RIO BRANCO, Acre, Brasil, SENAC"
2022,RIO BRANCO,1,658,ESCOLA PROFESSORA CLÍCIA GADELHA,12,3344,"RIO BRANCO, Acre, Brasil, ESCOLA PROFESSORA CLÍCIA GADELHA"
2022,RIO BRANCO,9,256,ESCOLA JOÃO PAULO II,1,1252,"RIO BRANCO, Acre, Brasil, ESCOLA JOÃO PAULO II"
2022,FEIJÓ,7,49,ESCOLA DE ENSINO FUNDAMENTAL SEVERINO CORDEIRO,3,1171,"FEIJÓ, Acre, Brasil, ESCOLA DE ENSINO FUNDAMENTAL SEVERINO CORDEIRO"
2022,RIO BRANCO,1,517,ESCOLA DR. JOSÉ CARVALHO,4,2763,"RIO BRANCO, Acre, Brasil, ESCOLA DR. JOSÉ CARVALHO"
2022,RIO BRANCO,1,697,ESCOLA GLÓRIA PEREZ,9,3468,"RIO BRANCO, Acre, Brasil, ESCOLA GLÓRIA PEREZ"
2022,PORTO ACRE,1,630,UNIDADE DE SAÚDE DA FAMÍLIA ÁLVARO ARAÚJO NOBRE,6,1210,"PORTO ACRE, Acre, Brasil, UNIDADE DE SAÚDE DA FAMÍLIA ÁLVARO ARAÚJO NOBRE"
2022,RIO BRANCO,1,815,ESCOLA FREI ANDRÉ MARIA FICARELLI,8,3786,"RIO BRANCO, Acre, Brasil, ESCOLA FREI ANDRÉ MARIA FICARELLI"
2022,RIO BRANCO,1,24,CENTRO DE EDUCAÇÃO DE JOVENS E ADULTOS - CEJA,5,1074,"RIO BRANCO, Acre, Brasil, CENTRO DE EDUCAÇÃO DE JOVENS E ADULTOS - CEJA"
2022,RIO BRANCO,1,29,PREFEITURA MUNICIPAL DE RIO BRANCO,9,1090,"RIO BRANCO, Acre, Brasil, PREFEITURA MUNICIPAL DE RIO BRANCO"
2022,RIO BRANCO,9,151,ESCOLA FRANCISCO AUGUSTO BACURAU,10,1384,"RIO BRANCO, Acre, Brasil, ESCOLA FRANCISCO AUGUSTO BACURAU"
2022,RIO BRANCO,9,139,ESCOLA FLAVIANO FLÁVIO BAPTISTA,3,1635,"RIO BRANCO, Acre, Brasil, ESCOLA FLAVIANO FLÁVIO BAPTISTA"
2022,RIO BRANCO,1,34,INSTITUTO DO MEIO AMBIENTE DO ACRE-IMAC,6,1988,"RIO BRANCO, Acre, Brasil, INSTITUTO DO MEIO AMBIENTE DO ACRE-IMAC"
2022,RIO BRANCO,1,518,ESCOLA PROF RAIMUNDA SILVA PARÁ,6,2895,"RIO BRANCO, Acre, Brasil, ESCOLA PROF RAIMUNDA SILVA PARÁ"
2022,RIO BRANCO,9,415,FACULDADE UNINORTE,4,1899,"RIO BRANCO, Acre, Brasil, FACULDADE UNINORTE"
2022,RIO BRANCO,9,344,ESCOLA PROFESSORA IONE PORTELA DA COSTA CASAS,9,2135,"RIO BRANCO, Acre, Brasil, ESCOLA PROFESSORA IONE PORTELA DA COSTA CASAS"
2022,TARAUACÁ,5,39,ESCOLA TUPANIR GAUDENCIO DA COSTA,2,1236,"TARAUACÁ, Acre, Brasil, ESCOLA TUPANIR GAUDENCIO DA COSTA"
2022,XAPURI,2,6,COLÉGIO DIVINA PROVIDÊNCIA,6,1031,"XAPURI, Acre, Brasil, COLÉGIO DIVINA PROVIDÊNCIA"
2022,PLÁCIDO DE CASTRO,8,66,ESCOLA MUNICIPAL INFANTIL CENIRA DOS SANTOS,7,1651,"PLÁCIDO DE CASTRO, Acre, Brasil, ESCOLA MUNICIPAL INFANTIL CENIRA DOS SANTOS"
2022,TARAUACÁ,5,130,ESCOLA DE ENSINO FUNDAMENTAL GOVERNADOR EDMUNDO PINTO DE ALMEIDA,3,1252,"TARAUACÁ, Acre, Brasil, ESCOLA DE ENSINO FUNDAMENTAL GOVERNADOR EDMUNDO PINTO DE ALMEIDA"
2022,RIO BRANCO,1,193,INSS - AGÊNCIA CENTRO,6,2500,"RIO BRANCO, Acre, Brasil, INSS - AGÊNCIA CENTRO"
2022,RIO BRANCO,1,752,SEME - SECRETARIA MUNICIPAL DE EDUCAÇÃO,5,3689,"RIO BRANCO, Acre, Brasil, SEME - SECRETARIA MUNICIPAL DE EDUCAÇÃO"
2022,RIO BRANCO,1,738,ESCOLA VOVO MOCINHA,11,3590,"RIO BRANCO, Acre, Brasil, ESCOLA VOVO MOCINHA"
2022,RIO BRANCO,1,183,ESCOLA LOURIVAL PINHO,7,1643,"RIO BRANCO, Acre, Brasil, ESCOLA LOURIVAL PINHO"
2022,RIO BRANCO,1,780,ESCOLA PADRE CARLOS CASAVECCHIA,10,3743,"RIO BRANCO, Acre, Brasil, ESCOLA PADRE CARLOS CASAVECCHIA"
2022,BUJARI,9,237,SECRETARIA DE ESTADO DE PRODUÇÃO E AGRONEGÓCIO - SEPA ( SEAPROF BUJARI,4,1082,"BUJARI, Acre, Brasil, SECRETARIA DE ESTADO DE PRODUÇÃO E AGRONEGÓCIO - SEPA ( SEAPROF BUJARI"
2022,TARAUACÁ,5,1,ESCOLA DE PRIMEIRO GRAU JOAO RIBEIRO,1,1015,"TARAUACÁ, Acre, Brasil, ESCOLA DE PRIMEIRO GRAU JOAO RIBEIRO"
2022,RIO BRANCO,9,86,UFAC - UNIVERSIDADE FEDERAL DO ACRE,7,1198,"RIO BRANCO, Acre, Brasil, UFAC - UNIVERSIDADE FEDERAL DO ACRE"
2022,RIO BRANCO,1,96,TRIBUNAL REGIONAL DO TRABALHO - TRT,11,1325,"RIO BRANCO, Acre, Brasil, TRIBUNAL REGIONAL DO TRABALHO - TRT"
2022,MANOEL URBANO,3,100,POSTO DE SAÚDE,8,1287,"MANOEL URBANO, Acre, Brasil, POSTO DE SAÚDE"
2022,RIO BRANCO,1,14,CENTRO DE EDUCAÇÃO DE JOVENS E ADULTOS - CEJA,8,1074,"RIO BRANCO, Acre, Brasil, CENTRO DE EDUCAÇÃO DE JOVENS E ADULTOS - CEJA"
2022,RIO BRANCO,9,296,U VERSE (ANTIGA FAAO),15,1872,"RIO BRANCO, Acre, Brasil, U VERSE (ANTIGA FAAO)"
2022,PLÁCIDO DE CASTRO,8,16,ESCOLA FRANKLIN ROOSEVELT,4,1112,"PLÁCIDO DE CASTRO, Acre, Brasil, ESCOLA FRANKLIN ROOSEVELT"
2022,RIO BRANCO,9,165,ESCOLA HENRIQUE LIMA,6,1201,"RIO BRANCO, Acre, Brasil, ESCOLA HENRIQUE LIMA"
2022,RIO BRANCO,1,537,ESCOLA MARIA IZALIZ CORREIA TEIXEIRA,4,2917,"RIO BRANCO, Acre, Brasil, ESCOLA MARIA IZALIZ CORREIA TEIXEIRA"
2022,RIO BRANCO,1,335,ESCOLA PROF. MARILENA MANSOUR (ANTIGA IRACEMA GOMES PEREIRA),10,1260,"RIO BRANCO, Acre, Brasil, ESCOLA PROF. MARILENA MANSOUR (ANTIGA IRACEMA GOMES PEREIRA)"
2022,RIO BRANCO,1,172,PALACIO DAS SECRETARIAS,9,1490,"RIO BRANCO, Acre, Brasil, PALACIO DAS SECRETARIAS"
2022,RIO BRANCO,9,38,ESCOLA NATALINO DA SILVEIRA BRITO,5,1074,"RIO BRANCO, Acre, Brasil, ESCOLA NATALINO DA SILVEIRA BRITO"
2022,RODRIGUES ALVES,4,212,ESCOLA PADRE RAIMUNDO AGNALDO PEREIRA TRINDADE,2,1066,"RODRIGUES ALVES, Acre, Brasil, ESCOLA PADRE RAIMUNDO AGNALDO PEREIRA TRINDADE"
2022,EPITACIOLÂNDIA,6,135,ESCOLA BELO PORVIR,1,1368,"EPITACIOLÂNDIA, Acre, Brasil, ESCOLA BELO PORVIR"
2022,RIO BRANCO,1,827,SEST/SENAT,7,2690,"RIO BRANCO, Acre, Brasil, SEST/SENAT"
2022,RIO BRANCO,9,170,ESCOLA INFANTIL VALDIVA DE CASTRO DOS SANTOS,7,2038,"RIO BRANCO, Acre, Brasil, ESCOLA INFANTIL VALDIVA DE CASTRO DOS SANTOS"
2022,RIO BRANCO,1,406,ESCOLA MADRE HILDEBRANDA DO PRA,3,2089,"RIO BRANCO, Acre, Brasil, ESCOLA MADRE HILDEBRANDA DO PRA"
2022,TARAUACÁ,5,36,ESCOLA TUPANIR GAUDENCIO DA COSTA,1,1236,"TARAUACÁ, Acre, Brasil, ESCOLA TUPANIR GAUDENCIO DA COSTA"
2022,RIO BRANCO,1,750,COHAB-ACRE,5,3646,"RIO BRANCO, Acre, Brasil, COHAB-ACRE"
2022,XAPURI,2,46,ESCOLA MUNICIPAL ALCIMAR NUNES LEITÃO,2,1236,"XAPURI, Acre, Brasil, ESCOLA MUNICIPAL ALCIMAR NUNES LEITÃO"
2022,TARAUACÁ,5,80,ESCOLA TUPANIR GAUDENCIO DA COSTA,5,1236,"TARAUACÁ, Acre, Brasil, ESCOLA TUPANIR GAUDENCIO DA COSTA"
2022,RIO BRANCO,9,98,ESCOLA CLÍNIO BRANDÃO,2,1244,"RIO BRANCO, Acre, Brasil, ESCOLA CLÍNIO BRANDÃO"
2022,RIO BRANCO,1,303,INSTITUTO DO MEIO AMBIENTE DO ACRE-IMAC,9,1988,"RIO BRANCO, Acre, Brasil, INSTITUTO DO MEIO AMBIENTE DO ACRE-IMAC"
2022,RIO BRANCO,1,287,SESC - SERVICO SOCIAL DO COMERCIO,7,1651,"RIO BRANCO, Acre, Brasil, SESC - SERVICO SOCIAL DO COMERCIO"
2022,SENADOR GUIOMARD,8,57,COLEGIO SANTO IZIDORO,2,1074,"SENADOR GUIOMARD, Acre, Brasil, COLEGIO SANTO IZIDORO"
2022,MANOEL URBANO,3,46,ESCOLA NAZIRA ANUTE DE LIMA,10,1244,"MANOEL URBANO, Acre, Brasil, ESCOLA NAZIRA ANUTE DE LIMA"
2022,RIO BRANCO,9,372,JUNTA COMERCIAL DO ESTADO DO ACRE - JUCEAC,8,2232,"RIO BRANCO, Acre, Brasil, JUNTA COMERCIAL DO ESTADO DO ACRE - JUCEAC"
2022,RIO BRANCO,1,705,ESCOLA SAMUEL BARREIRA,9,3310,"RIO BRANCO, Acre, Brasil, ESCOLA SAMUEL BARREIRA"
2022,RIO BRANCO,9,289,ESCOLA ALMADA BRITO,2,1724,"RIO BRANCO, Acre, Brasil, ESCOLA ALMADA BRITO"
2022,RIO BRANCO,9,314,ESCOLA ESTADUAL PROFESSORA ILKA MARIA DE LIMA,6,1953,"RIO BRANCO, Acre, Brasil, ESCOLA ESTADUAL PROFESSORA ILKA MARIA DE LIMA"
2022,RIO BRANCO,9,459,ESCOLA JOSÉ SALES DE ARAÚJO,1,1260,"RIO BRANCO, Acre, Brasil, ESCOLA JOSÉ SALES DE ARAÚJO"
2022,RIO BRANCO,1,695,ESCOLA GLÓRIA PEREZ,8,3468,"RIO BRANCO, Acre, Brasil, ESCOLA GLÓRIA PEREZ"
2022,RIO BRANCO,9,457,ESCOLA MÁRIO LOBÃO,3,2194,"RIO BRANCO, Acre, Brasil, ESCOLA MÁRIO LOBÃO"
2022,RIO BRANCO,1,194,FORUM BARAO DO RIO BRANCO,6,1708,"RIO BRANCO, Acre, Brasil, FORUM BARAO DO RIO BRANCO"
2022,EPITACIOLÂNDIA,6,98,ESCOLA LAGO - KM 05 MAIS 28 DE RAMAL (SERINGAL PORONGABA),1,1376,"EPITACIOLÂNDIA, Acre, Brasil, ESCOLA LAGO - KM 05 MAIS 28 DE RAMAL (SERINGAL PORONGABA)"
2022,SENADOR GUIOMARD,8,27,ESCOLA MODELO,4,1023,"SENADOR GUIOMARD, Acre, Brasil, ESCOLA MODELO"
2022,RIO BRANCO,9,100,ESCOLA JOÃO PAULO II,3,1252,"RIO BRANCO, Acre, Brasil, ESCOLA JOÃO PAULO II"
2022,RIO BRANCO,9,183,ESCOLA JUVENAL ANTUNES,10,1589,"RIO BRANCO, Acre, Brasil, ESCOLA JUVENAL ANTUNES"
2022,FEIJÓ,7,12,GRUPO ESCOLAR PREFEITO RAIMUNDO AUGUSTO DE ARAUJO,5,1058,"FEIJÓ, Acre, Brasil, GRUPO ESCOLAR PREFEITO RAIMUNDO AUGUSTO DE ARAUJO"
2022,MÂNCIO LIMA,4,97,ESCOLA BELARMINO DE MENDONCA,1,1139,"MÂNCIO LIMA, Acre, Brasil, ESCOLA BELARMINO DE MENDONCA"
2022,MÂNCIO LIMA,4,181,ESCOLA PEDRO ANTONIO DE OLIVEIRA,1,1163,"MÂNCIO LIMA, Acre, Brasil, ESCOLA PEDRO ANTONIO DE OLIVEIRA"
2022,ACRELÂNDIA,8,164,CENTRO DE TRABALHADORES DA AMAZÔNIA,2,1112,"ACRELÂNDIA, Acre, Brasil, CENTRO DE TRABALHADORES DA AMAZÔNIA"
2022,RIO BRANCO,9,49,DETRAN,5,1503,"RIO BRANCO, Acre, Brasil, DETRAN"
2022,RIO BRANCO,9,168,SECRETARIA DE EDUCAÇÃO E CULTURA,9,1112,"RIO BRANCO, Acre, Brasil, SECRETARIA DE EDUCAÇÃO E CULTURA"
2022,EPITACIOLÂNDIA,6,105,ESCOLA JOANA RIBEIRO AMED,1,1031,"EPITACIOLÂNDIA, Acre, Brasil, ESCOLA JOANA RIBEIRO AMED"
2022,BRASILÉIA,6,94,DIVISÃO DE CONTROLE DAS ENDEMIAS,1,2127,"BRASILÉIA, Acre, Brasil, DIVISÃO DE CONTROLE DAS ENDEMIAS"
2022,RIO BRANCO,9,204,ESCOLA ARMANDO NOGUEIRA,6,1678,"RIO BRANCO, Acre, Brasil, ESCOLA ARMANDO NOGUEIRA"
2022,RIO BRANCO,9,425,DEFENSORIA PÚBLICA DO ESTADO - DPE,2,2364,"RIO BRANCO, Acre, Brasil, DEFENSORIA PÚBLICA DO ESTADO - DPE"
2022,RIO BRANCO,9,115,ESCOLA PÚBLICA HELOÍSA MOURÃO MARQUES,7,1015,"RIO BRANCO, Acre, Brasil, ESCOLA PÚBLICA HELOÍSA MOURÃO MARQUES"
2022,RIO BRANCO,9,423,ESCOLA SAO FRANCISCO DE ASSIS,4,2062,"RIO BRANCO, Acre, Brasil, ESCOLA SAO FRANCISCO DE ASSIS"
2022,RIO BRANCO,1,751,COHAB-ACRE,8,3646,"RIO BRANCO, Acre, Brasil, COHAB-ACRE"
2022,SENADOR GUIOMARD,8,73,ESCOLA DIVA PEREIRA DE SOUZA,1,1155,"SENADOR GUIOMARD, Acre, Brasil, ESCOLA DIVA PEREIRA DE SOUZA"
2022,RIO BRANCO,9,141,ESCOLA PROFESSORA RAMONA M P DE CASTRO,4,1619,"RIO BRANCO, Acre, Brasil, ESCOLA PROFESSORA RAMONA M P DE CASTRO"
2022,RIO BRANCO,1,569,ESCOLA CASTELO BRANCO,11,3255,"RIO BRANCO, Acre, Brasil, ESCOLA CASTELO BRANCO"
2022,BUJARI,9,437,ESCOLA ESTADUAL PEDRO GOMES,1,1120,"BUJARI, Acre, Brasil, ESCOLA ESTADUAL PEDRO GOMES"
2022,BRASILÉIA,6,118,ESCOLA FONTENELE DE CASTRO,1,1120,"BRASILÉIA, Acre, Brasil, ESCOLA FONTENELE DE CASTRO"
2022,RIO BRANCO,1,450,ESCOLA ELIAS MANSOUR,6,2526,"RIO BRANCO, Acre, Brasil, ESCOLA ELIAS MANSOUR"
2022,RIO BRANCO,9,62,COLÉGIO META III,8,1520,"RIO BRANCO, Acre, Brasil, COLÉGIO META III"
2022,RIO BRANCO,9,169,ESCOLA FRANCISCO SALGADO FILHO,9,1031,"RIO BRANCO, Acre, Brasil, ESCOLA FRANCISCO SALGADO FILHO"
2022,PORTO ACRE,1,617,ESCOLA CRISTO REI,1,1139,"PORTO ACRE, Acre, Brasil, ESCOLA CRISTO REI"
2022,BRASILÉIA,6,99,ESCOLA VALDOMIRO FERREIRA BARROSO - KM 19,1,1074,"BRASILÉIA, Acre, Brasil, ESCOLA VALDOMIRO FERREIRA BARROSO - KM 19"
2022,RIO BRANCO,9,122,ESCOLA JUVENAL ANTUNES,3,1589,"RIO BRANCO, Acre, Brasil, ESCOLA JUVENAL ANTUNES"
2022,RIO BRANCO,9,245,ESCOLA TANCREDO NEVES,3,1104,"RIO BRANCO, Acre, Brasil, ESCOLA TANCREDO NEVES"
2022,BRASILÉIA,6,53,ESCOLA VALDOMIRO FERREIRA BARROSO - KM 19,4,1074,"BRASILÉIA, Acre, Brasil, ESCOLA VALDOMIRO FERREIRA BARROSO - KM 19"
2022,TARAUACÁ,5,68,ESCOLA DE PRIMEIRO GRAU JOAO RIBEIRO,2,1015,"TARAUACÁ, Acre, Brasil, ESCOLA DE PRIMEIRO GRAU JOAO RIBEIRO"
2022,RIO BRANCO,1,475,ESCOLA ANTONIA FERNANDES DE FREITAS,2,2470,"RIO BRANCO, Acre, Brasil, ESCOLA ANTONIA FERNANDES DE FREITAS"
2022,RIO BRANCO,1,400,ESCOLA ANITA GARIBALDI,3,1384,"RIO BRANCO, Acre, Brasil, ESCOLA ANITA GARIBALDI"
2022,RIO BRANCO,9,74,IBAMA,13,1562,"RIO BRANCO, Acre, Brasil, IBAMA"
2022,MANOEL URBANO,3,49,ESCOLA MARIA DAS GRAÇAS ALVES DA ROCHA,9,1260,"MANOEL URBANO, Acre, Brasil, ESCOLA MARIA DAS GRAÇAS ALVES DA ROCHA"
2022,RIO BRANCO,1,12,OCA RIO BRANCO,6,1066,"RIO BRANCO, Acre, Brasil, OCA RIO BRANCO"
2022,RIO BRANCO,1,507,CENTRO DE SAUDE CLAUDIA VITORINO,6,2836,"RIO BRANCO, Acre, Brasil, CENTRO DE SAUDE CLAUDIA VITORINO"
2022,SANTA ROSA DO PURUS,3,60,ESC. EST. ENSINO MÉDIO PADRE PAOLINO MARIA BALDASSARI,3,1015,"SANTA ROSA DO PURUS, Acre, Brasil, ESC. EST. ENSINO MÉDIO PADRE PAOLINO MARIA BALDASSARI"
2022,PLÁCIDO DE CASTRO,8,45,ESCOLA ELIAS MANSOUR SIMAO FILHO,2,1074,"PLÁCIDO DE CASTRO, Acre, Brasil, ESCOLA ELIAS MANSOUR SIMAO FILHO"
2022,RIO BRANCO,1,474,ESCOLA CLARISSE FECURY,9,3174,"RIO BRANCO, Acre, Brasil, ESCOLA CLARISSE FECURY"
2022,CRUZEIRO DO SUL,4,358,ESCOLA PROF. ANTONIO DE BARROS FREIRE,1,1392,"CRUZEIRO DO SUL, Acre, Brasil, ESCOLA PROF. ANTONIO DE BARROS FREIRE"
2022,XAPURI,2,54,IFAC - CAMPUS XAPURI,4,1082,"XAPURI, Acre, Brasil, IFAC - CAMPUS XAPURI"
2022,RIO BRANCO,9,37,ESCOLA NATALINO DA SILVEIRA BRITO,8,1074,"RIO BRANCO, Acre, Brasil, ESCOLA NATALINO DA SILVEIRA BRITO"
2022,RIO BRANCO,1,509,ESCOLA PROFESSOR JOSUÉ FERNANDES,3,2712,"RIO BRANCO, Acre, Brasil, ESCOLA PROFESSOR JOSUÉ FERNANDES"
2022,ACRELÂNDIA,8,93,CRECHE MUNICIPAL,5,1058,"ACRELÂNDIA, Acre, Brasil, CRECHE MUNICIPAL"
2022,RIO BRANCO,1,549,ESCOLA BELO JARDIM,5,2798,"RIO BRANCO, Acre, Brasil, ESCOLA BELO JARDIM"
2022,RIO BRANCO,1,530,ESCOLA CARMELITA BARBOSA MONTENEGRO,4,2968,"RIO BRANCO, Acre, Brasil, ESCOLA CARMELITA BARBOSA MONTENEGRO"
2022,SENADOR GUIOMARD,8,168,PRÉDIO DA SEATER - BOCA DO RAMAL AREIA BRANCA,3,1295,"SENADOR GUIOMARD, Acre, Brasil, PRÉDIO DA SEATER - BOCA DO RAMAL AREIA BRANCA"
2022,PORTO ACRE,1,612,ESCOLA PUBLICA JADER SARAIVA MACHADO,1,1104,"PORTO ACRE, Acre, Brasil, ESCOLA PUBLICA JADER SARAIVA MACHADO"
2022,RIO BRANCO,9,172,ESCOLA LUIZA BATISTA DE SOUZA,8,1066,"RIO BRANCO, Acre, Brasil, ESCOLA LUIZA BATISTA DE SOUZA"
2022,RIO BRANCO,9,347,ESCOLA PROFESSOR ALVARO VIEIRA DA ROCHA,3,2160,"RIO BRANCO, Acre, Brasil, ESCOLA PROFESSOR ALVARO VIEIRA DA ROCHA"
2022,RIO BRANCO,1,84,ESCOLA ESTADUAL PROFESSORA TEREZINHA MIGUÉIS,5,1295,"RIO BRANCO, Acre, Brasil, ESCOLA ESTADUAL PROFESSORA TEREZINHA MIGUÉIS"
2022,RIO BRANCO,9,46,ESCOLA PADRE DIOGO FEIJÓ,15,1082,"RIO BRANCO, Acre, Brasil, ESCOLA PADRE DIOGO FEIJÓ"
2022,BRASILÉIA,6,11,ESCOLA GETULIO VARGAS,1,1082,"BRASILÉIA, Acre, Brasil, ESCOLA GETULIO VARGAS"
2022,RIO BRANCO,9,327,ESCOLA MUNICIPAL INFANTIL FRANCISCA ARAGAO DA SILVA,8,2089,"RIO BRANCO, Acre, Brasil, ESCOLA MUNICIPAL INFANTIL FRANCISCA ARAGAO DA SILVA"
2022,RIO BRANCO,9,61,COLÉGIO META III,11,1520,"RIO BRANCO, Acre, Brasil, COLÉGIO META III"
2022,RIO BRANCO,9,102,ESCOLA PROFESSORA RAMONA M P DE CASTRO,7,1619,"RIO BRANCO, Acre, Brasil, ESCOLA PROFESSORA RAMONA M P DE CASTRO"
2022,XAPURI,2,64,ESCOLA MUNICIPAL CAMINHO DO SABER,4,1244,"XAPURI, Acre, Brasil, ESCOLA MUNICIPAL CAMINHO DO SABER"
2022,MANOEL URBANO,3,150,ESCOLA DOM PRÓPERO BERNARD,8,1228,"MANOEL URBANO, Acre, Brasil, ESCOLA DOM PRÓPERO BERNARD"
2022,RIO BRANCO,1,811,ESCOLA LOURIVAL PINHO,2,1643,"RIO BRANCO, Acre, Brasil, ESCOLA LOURIVAL PINHO"
2022,TARAUACÁ,5,116,ESCOLA DE PRIMEIRO GRAU JOAO RIBEIRO,3,1015,"TARAUACÁ, Acre, Brasil, ESCOLA DE PRIMEIRO GRAU JOAO RIBEIRO"
2022,RIO BRANCO,1,681,SERVIÇO SOCIAL DO COMÉRCIO (SESC BOSQUE),4,3395,"RIO BRANCO, Acre, Brasil, SERVIÇO SOCIAL DO COMÉRCIO (SESC BOSQUE)"
2022,TARAUACÁ,5,82,ESCOLA DE ENSINO FUND. PROF. RILZA MARIA DANIEL DO NASCIMENTO,2,1350,"TARAUACÁ, Acre, Brasil, ESCOLA DE ENSINO FUND. PROF. RILZA MARIA DANIEL DO NASCIMENTO"
2022,CAPIXABA,2,77,PRE-ESCOLA MUNDO ENCANTADO,1,1058,"CAPIXABA, Acre, Brasil, PRE-ESCOLA MUNDO ENCANTADO"
2022,RIO BRANCO,1,205,ESCOLA RURAL CAPITÃO EDGARD CERQUEIRA FILHO,2,1783,"RIO BRANCO, Acre, Brasil, ESCOLA RURAL CAPITÃO EDGARD CERQUEIRA FILHO"
2022,RIO BRANCO,1,809,UNIDADE BÁSICA DE SAÚDE MARIA DA CONCEIÇÃO,7,3026,"RIO BRANCO, Acre, Brasil, UNIDADE BÁSICA DE SAÚDE MARIA DA CONCEIÇÃO"
2022,RIO BRANCO,1,521,ESCOLA MARIA IZALIZ CORREIA TEIXEIRA,4,2917,"RIO BRANCO, Acre, Brasil, ESCOLA MARIA IZALIZ CORREIA TEIXEIRA"
2022,RIO BRANCO,1,182,ESCOLA LOURIVAL PINHO,9,1643,"RIO BRANCO, Acre, Brasil, ESCOLA LOURIVAL PINHO"
2022,RIO BRANCO,1,659,ESCOLA PROFESSORA CLÍCIA GADELHA,6,3344,"RIO BRANCO, Acre, Brasil, ESCOLA PROFESSORA CLÍCIA GADELHA"
2022,PORTO ACRE,1,628,ESCOLA MUNICIPAL PEQUENO PRÍNCIPE,2,1201,"PORTO ACRE, Acre, Brasil, ESCOLA MUNICIPAL PEQUENO PRÍNCIPE"
2022,RIO BRANCO,1,692,ESCOLA MARIANA DA SILVA OLIVEIRA (ANTIGA NAZARÉ DOURADO),9,3441,"RIO BRANCO, Acre, Brasil, ESCOLA MARIANA DA SILVA OLIVEIRA (ANTIGA NAZARÉ DOURADO)"
2022,TARAUACÁ,5,53,ESCOLA DE ENSINO MÉDIO DR. FRANCISCO DJALMA DA CUNHA BATISTA,1,1244,"TARAUACÁ, Acre, Brasil, ESCOLA DE ENSINO MÉDIO DR. FRANCISCO DJALMA DA CUNHA BATISTA"
2022,RIO BRANCO,9,207,COLÉGIO ALTERNATIVO,12,1422,"RIO BRANCO, Acre, Brasil, COLÉGIO ALTERNATIVO"
2022,RIO BRANCO,9,233,ESCOLA SERAFIM DA SILVA SALGADO,10,1090,"RIO BRANCO, Acre, Brasil, ESCOLA SERAFIM DA SILVA SALGADO"
2022,RIO BRANCO,9,130,ESCOLA JOSÉ SALES DE ARAÚJO,7,1260,"RIO BRANCO, Acre, Brasil, ESCOLA JOSÉ SALES DE ARAÚJO"
2022,RIO BRANCO,1,4,COLEGIO ACREANO,10,1139,"RIO BRANCO, Acre, Brasil, COLEGIO ACREANO"
2022,MÂNCIO LIMA,4,93,ESCOLA ANTONIO DE OLIVEIRA DANTAS,1,1058,"MÂNCIO LIMA, Acre, Brasil, ESCOLA ANTONIO DE OLIVEIRA DANTAS"
2022,RIO BRANCO,9,337,ESCOLA PROFESSOR PEDRO MARTINELLO,5,2127,"RIO BRANCO, Acre, Brasil, ESCOLA PROFESSOR PEDRO MARTINELLO"
2022,RIO BRANCO,9,319,ESCOLA SAO FRANCISCO DE ASSIS,7,2062,"RIO BRANCO, Acre, Brasil, ESCOLA SAO FRANCISCO DE ASSIS"
2022,RIO BRANCO,9,292,FACULDADE UNINORTE,7,1899,"RIO BRANCO, Acre, Brasil, FACULDADE UNINORTE"
2022,RIO BRANCO,1,770,ESCOLA DR. MARIO DE OLIVEIRA,13,3700,"RIO BRANCO, Acre, Brasil, ESCOLA DR. MARIO DE OLIVEIRA"
2022,PLÁCIDO DE CASTRO,8,173,ESC MUN JOAO BATISTA LOPES DE LIMA,2,1600,"PLÁCIDO DE CASTRO, Acre, Brasil, ESC MUN JOAO BATISTA LOPES DE LIMA"
2022,RIO BRANCO,1,453,ESCOLA GEORGETE ELUAN KALUME,19,1929,"RIO BRANCO, Acre, Brasil, ESCOLA GEORGETE ELUAN KALUME"
2022,XAPURI,2,42,COLÉGIO DIVINA PROVIDÊNCIA,6,1031,"XAPURI, Acre, Brasil, COLÉGIO DIVINA PROVIDÊNCIA"
2022,EPITACIOLÂNDIA,6,60,ESCOLA JOANA RIBEIRO AMED,2,1031,"EPITACIOLÂNDIA, Acre, Brasil, ESCOLA JOANA RIBEIRO AMED"
2022,RIO BRANCO,1,130,ESCOLA ANITA GARIBALDI,5,1384,"RIO BRANCO, Acre, Brasil, ESCOLA ANITA GARIBALDI"
2022,RIO BRANCO,1,558,ESCOLA PROF. SEBASTIÃO PEDROSA (ARENA DA FLORESTA),7,2550,"RIO BRANCO, Acre, Brasil, ESCOLA PROF. SEBASTIÃO PEDROSA (ARENA DA FLORESTA)"
2022,SENADOR GUIOMARD,8,63,COLEGIO SANTO IZIDORO,1,1074,"SENADOR GUIOMARD, Acre, Brasil, COLEGIO SANTO IZIDORO"
2022,RIO BRANCO,9,446,FACULDADE UNINORTE,7,1899,"RIO BRANCO, Acre, Brasil, FACULDADE UNINORTE"
2022,RIO BRANCO,9,359,ESCOLA MUNICIPAL ANICE DIB JATENE,4,2208,"RIO BRANCO, Acre, Brasil, ESCOLA MUNICIPAL ANICE DIB JATENE"
2022,RIO BRANCO,1,476,SEST/SENAT,15,2690,"RIO BRANCO, Acre, Brasil, SEST/SENAT"
2022,RIO BRANCO,9,148,ESCOLA INFANTIL BEM-TE-VI,8,1449,"RIO BRANCO, Acre, Brasil, ESCOLA INFANTIL BEM-TE-VI"
2022,RIO BRANCO,1,736,ESCOLA VOVO MOCINHA,15,3590,"RIO BRANCO, Acre, Brasil, ESCOLA VOVO MOCINHA"
2022,RIO BRANCO,1,38,COLEGIO ACREANO,7,1139,"RIO BRANCO, Acre, Brasil, COLEGIO ACREANO"
2022,PLÁCIDO DE CASTRO,8,46,ESCOLA MUNICIPAL INFANTIL CENIRA DOS SANTOS,2,1651,"PLÁCIDO DE CASTRO, Acre, Brasil, ESCOLA MUNICIPAL INFANTIL CENIRA DOS SANTOS"
2022,RIO BRANCO,9,13,ESCOLA IRMÃ MARIA GABRIELA SOARES,3,1643,"RIO BRANCO, Acre, Brasil, ESCOLA IRMÃ MARIA GABRIELA SOARES"
2022,FEIJÓ,7,48,ESCOLA DE ENSINO FUNDAMENTAL DR. EIRALDO CARNEIRO DE FRANCA,1,1180,"FEIJÓ, Acre, Brasil, ESCOLA DE ENSINO FUNDAMENTAL DR. EIRALDO CARNEIRO DE FRANCA"
2022,RIO BRANCO,1,168,SECRETARIA DA FAZENDA,7,1546,"RIO BRANCO, Acre, Brasil, SECRETARIA DA FAZENDA"
2022,SENADOR GUIOMARD,8,161,ESCOLA ESTADUAL MARIA JOSE BEZERRA DOS REIS,1,1260,"SENADOR GUIOMARD, Acre, Brasil, ESCOLA ESTADUAL MARIA JOSE BEZERRA DOS REIS"
2022,ACRELÂNDIA,8,181,ESC MUN CEN ENS FUN RITA BOCALON RODRIGUES,2,1120,"ACRELÂNDIA, Acre, Brasil, ESC MUN CEN ENS FUN RITA BOCALON RODRIGUES"
2022,XAPURI,2,19,FÓRUM DE XAPURI,1,1139,"XAPURI, Acre, Brasil, FÓRUM DE XAPURI"
2022,PORTO ACRE,1,631,UNIDADE DE SAÚDE DA FAMÍLIA ÁLVARO ARAÚJO NOBRE,2,1210,"PORTO ACRE, Acre, Brasil, UNIDADE DE SAÚDE DA FAMÍLIA ÁLVARO ARAÚJO NOBRE"
2022,PLÁCIDO DE CASTRO,8,23,ESCOLA JOAO RICARDO DE FREITAS (COLEGIO AGRICOLA),3,1155,"PLÁCIDO DE CASTRO, Acre, Brasil, ESCOLA JOAO RICARDO DE FREITAS (COLEGIO AGRICOLA)"
2022,CRUZEIRO DO SUL,4,63,ESCOLA RÊGO BARROS,2,1600,"CRUZEIRO DO SUL, Acre, Brasil, ESCOLA RÊGO BARROS"
2022,SENA MADUREIRA,3,147,CRECHE PADRE PAOLINO MARIA BALDASSARI,1,1015,"SENA MADUREIRA, Acre, Brasil, CRECHE PADRE PAOLINO MARIA BALDASSARI"
2022,RIO BRANCO,1,716,SENAC,7,3522,"RIO BRANCO, Acre, Brasil, SENAC"
2022,FEIJÓ,7,81,ESCOLA DE ENSINO FUNDAMENTAL SEVERINO CORDEIRO,1,1171,"FEIJÓ, Acre, Brasil, ESCOLA DE ENSINO FUNDAMENTAL SEVERINO CORDEIRO"
2022,RIO BRANCO,1,349,CONSELHO REGIONAL DE ENFERMAGEM - COREN,10,1554,"RIO BRANCO, Acre, Brasil, CONSELHO REGIONAL DE ENFERMAGEM - COREN"
2022,RIO BRANCO,9,48,DETRAN,4,1503,"RIO BRANCO, Acre, Brasil, DETRAN"
2022,RIO BRANCO,1,565,ESCOLA MUNICIPAL MONTE CASTELO,1,3247,"RIO BRANCO, Acre, Brasil, ESCOLA MUNICIPAL MONTE CASTELO"
2022,RIO BRANCO,9,81,SECRETARIA DE ESTADO DE ASSISTENCIA SOCIAL - FUMBESA,4,1171,"RIO BRANCO, Acre, Brasil, SECRETARIA DE ESTADO DE ASSISTENCIA SOCIAL - FUMBESA"
2022,RIO BRANCO,1,51,DERACRE,4,1171,"RIO BRANCO, Acre, Brasil, DERACRE"
2022,XAPURI,2,26,IFAC - CAMPUS XAPURI,6,1082,"XAPURI, Acre, Brasil, IFAC - CAMPUS XAPURI"
2022,TARAUACÁ,5,44,CEDUP - UFAC,2,1112,"TARAUACÁ, Acre, Brasil, CEDUP - UFAC"
2022,RIO BRANCO,1,740,GABINETE DO VICE GOVERNADOR (ANTIGA SAI),5,3603,"RIO BRANCO, Acre, Brasil, GABINETE DO VICE GOVERNADOR (ANTIGA SAI)"
2022,XAPURI,2,1,GINASIO ANTHERO SOARES BEZERRA,6,1015,"XAPURI, Acre, Brasil, GINASIO ANTHERO SOARES BEZERRA"
2022,RIO BRANCO,9,73,SEAPROF,8,1155,"RIO BRANCO, Acre, Brasil, SEAPROF"
2022,RIO BRANCO,9,391,ESCOLA AME (ASSOCIAÇÃO MODERNA DE ENSINO),9,2313,"RIO BRANCO, Acre, Brasil, ESCOLA AME (ASSOCIAÇÃO MODERNA DE ENSINO)"
2022,RIO BRANCO,9,381,ESCOLA ESTADUAL DJALMA TELES GALDINO,2,2275,"RIO BRANCO, Acre, Brasil, ESCOLA ESTADUAL DJALMA TELES GALDINO"
2022,RIO BRANCO,9,157,ESCOLA INFANTIL MONTEIRO LOBATO,12,1368,"RIO BRANCO, Acre, Brasil, ESCOLA INFANTIL MONTEIRO LOBATO"
2022,RIO BRANCO,1,755,ESCOLA DOM GIOCONDO MARIA GROTTI,10,3638,"RIO BRANCO, Acre, Brasil, ESCOLA DOM GIOCONDO MARIA GROTTI"
2022,RIO BRANCO,9,225,SEAPROF,8,1503,"RIO BRANCO, Acre, Brasil, SEAPROF"
2022,ACRELÂNDIA,8,186,ESC MUN CEN ENS FUN RITA BOCALON RODRIGUES,5,1120,"ACRELÂNDIA, Acre, Brasil, ESC MUN CEN ENS FUN RITA BOCALON RODRIGUES"
2022,FEIJÓ,7,20,ESCOLA DE SEGUNDO GRAU JOSE GURGEL RABELO,1,1031,"FEIJÓ, Acre, Brasil, ESCOLA DE SEGUNDO GRAU JOSE GURGEL RABELO"
2022,RIO BRANCO,9,40,DETRAN,5,1503,"RIO BRANCO, Acre, Brasil, DETRAN"
2022,XAPURI,2,29,IFAC - CAMPUS XAPURI,7,1082,"XAPURI, Acre, Brasil, IFAC - CAMPUS XAPURI"
2022,TARAUACÁ,5,85,ESCOLA DONIZETE MOTA,5,1147,"TARAUACÁ, Acre, Brasil, ESCOLA DONIZETE MOTA"
2022,BUJARI,9,413,ESCOLA RURAL MARIA DO CARMO RAMOS,1,1074,"BUJARI, Acre, Brasil, ESCOLA RURAL MARIA DO CARMO RAMOS"
2022,ACRELÂNDIA,8,215,POLO UNIVERSITARIO DA UAB,4,1139,"ACRELÂNDIA, Acre, Brasil, POLO UNIVERSITARIO DA UAB"
2022,ACRELÂNDIA,8,169,ESC MUN CEN ENS FUN RITA BOCALON RODRIGUES,3,1120,"ACRELÂNDIA, Acre, Brasil, ESC MUN CEN ENS FUN RITA BOCALON RODRIGUES"
2022,BRASILÉIA,6,44,ESCOLA  KAIRALA JOSE KAIRALA,1,1066,"BRASILÉIA, Acre, Brasil, ESCOLA  KAIRALA JOSE KAIRALA"
2022,RIO BRANCO,9,352,ESCOLA MUNICIPAL JESSÉ SANTIAGO,3,2178,"RIO BRANCO, Acre, Brasil, ESCOLA MUNICIPAL JESSÉ SANTIAGO"
2022,FEIJÓ,7,44,ESCOLA DE ENSINO FUNDAMENTAL SEVERINO CORDEIRO,1,1171,"FEIJÓ, Acre, Brasil, ESCOLA DE ENSINO FUNDAMENTAL SEVERINO CORDEIRO"
2022,BRASILÉIA,6,80,ESCOLA ODILON PRATAGI,1,1210,"BRASILÉIA, Acre, Brasil, ESCOLA ODILON PRATAGI"
2022,SENA MADUREIRA,3,70,EAV - ESCOLA ASSIS VASCONCELOS,1,1031,"SENA MADUREIRA, Acre, Brasil, EAV - ESCOLA ASSIS VASCONCELOS"
2022,RIO BRANCO,9,133,ESCOLA MUNICIPAL ANGELINA GONÇALVES DE SOUZA,9,1040,"RIO BRANCO, Acre, Brasil, ESCOLA MUNICIPAL ANGELINA GONÇALVES DE SOUZA"
2022,RIO BRANCO,1,94,ESCOLA PROF JOSE RODRIGUES LEITE - ETICA,7,1317,"RIO BRANCO, Acre, Brasil, ESCOLA PROF JOSE RODRIGUES LEITE - ETICA"
2022,FEIJÓ,7,32,GRUPO ESCOLAR PREFEITO RAIMUNDO AUGUSTO DE ARAUJO,1,1058,"FEIJÓ, Acre, Brasil, GRUPO ESCOLAR PREFEITO RAIMUNDO AUGUSTO DE ARAUJO"
2022,RIO BRANCO,9,146,COLÉGIO META III,17,1520,"RIO BRANCO, Acre, Brasil, COLÉGIO META III"
2022,RIO BRANCO,9,125,ESCOLA MUNICIPAL ANGELINA GONÇALVES DE SOUZA,12,1040,"RIO BRANCO, Acre, Brasil, ESCOLA MUNICIPAL ANGELINA GONÇALVES DE SOUZA"
2022,RIO BRANCO,1,737,ESCOLA VOVO MOCINHA,15,3590,"RIO BRANCO, Acre, Brasil, ESCOLA VOVO MOCINHA"
2022,RIO BRANCO,1,163,PALACIO DAS SECRETARIAS,4,1490,"RIO BRANCO, Acre, Brasil, PALACIO DAS SECRETARIAS"
2022,MANOEL URBANO,3,42,ESCOLA DOM PRÓPERO BERNARD,7,1228,"MANOEL URBANO, Acre, Brasil, ESCOLA DOM PRÓPERO BERNARD"
2022,RIO BRANCO,1,299,ESCOLA MADRE HILDEBRANDA DO PRA,1,2089,"RIO BRANCO, Acre, Brasil, ESCOLA MADRE HILDEBRANDA DO PRA"
2022,RIO BRANCO,9,159,ESCOLA TANCREDO NEVES,4,1104,"RIO BRANCO, Acre, Brasil, ESCOLA TANCREDO NEVES"
2022,RIO BRANCO,1,802,ESCOLA MARIA LÚCIA MOURA MARIN,3,3549,"RIO BRANCO, Acre, Brasil, ESCOLA MARIA LÚCIA MOURA MARIN"
2022,CRUZEIRO DO SUL,4,269,ESCOLA MARIA DE NAZARÉ SANTIAGO,1,1210,"CRUZEIRO DO SUL, Acre, Brasil, ESCOLA MARIA DE NAZARÉ SANTIAGO"
2022,SENA MADUREIRA,3,136,CRECHE CRIANÇA FELIZ,1,1473,"SENA MADUREIRA, Acre, Brasil, CRECHE CRIANÇA FELIZ"
2022,CRUZEIRO DO SUL,4,287,ESCOLA DOM HENRIQUE RUTH,1,1155,"CRUZEIRO DO SUL, Acre, Brasil, ESCOLA DOM HENRIQUE RUTH"
2022,RIO BRANCO,1,645,ESCOLA SAMUEL BARREIRA,9,3310,"RIO BRANCO, Acre, Brasil, ESCOLA SAMUEL BARREIRA"
2022,MANOEL URBANO,3,59,ESCOLA NAZIRA ANUTE DE LIMA,12,1244,"MANOEL URBANO, Acre, Brasil, ESCOLA NAZIRA ANUTE DE LIMA"
2022,RIO BRANCO,9,199,ESCOLA FRANCISCO AUGUSTO BACURAU,9,1384,"RIO BRANCO, Acre, Brasil, ESCOLA FRANCISCO AUGUSTO BACURAU"
2022,PLÁCIDO DE CASTRO,8,42,ESCOLA CASINHA DO SABER,5,1058,"PLÁCIDO DE CASTRO, Acre, Brasil, ESCOLA CASINHA DO SABER"
2022,SENADOR GUIOMARD,8,67,ESCOLA DIVA PEREIRA DE SOUZA,5,1155,"SENADOR GUIOMARD, Acre, Brasil, ESCOLA DIVA PEREIRA DE SOUZA"
2022,RIO BRANCO,9,339,ESCOLA PROFESSOR PEDRO MARTINELLO,5,2127,"RIO BRANCO, Acre, Brasil, ESCOLA PROFESSOR PEDRO MARTINELLO"
2022,RIO BRANCO,9,365,ESCOLA ESTADUAL PROFESSORA ELOZIRA DOS SANTOS TOMÉ,4,2216,"RIO BRANCO, Acre, Brasil, ESCOLA ESTADUAL PROFESSORA ELOZIRA DOS SANTOS TOMÉ"
2022,RIO BRANCO,1,718,SENAC,2,3522,"RIO BRANCO, Acre, Brasil, SENAC"
2022,RIO BRANCO,1,785,INSTITUTO FEDERAL DO ACRE - IFAC,4,3751,"RIO BRANCO, Acre, Brasil, INSTITUTO FEDERAL DO ACRE - IFAC"
2022,RIO BRANCO,1,673,ESCOLA BERTA VIEIRA DE ANDRADE,3,3379,"RIO BRANCO, Acre, Brasil, ESCOLA BERTA VIEIRA DE ANDRADE"
2022,RIO BRANCO,1,546,ESCOLA PROF RAIMUNDA SILVA PARÁ,7,2895,"RIO BRANCO, Acre, Brasil, ESCOLA PROF RAIMUNDA SILVA PARÁ"
2022,RIO BRANCO,9,63,ESCOLA FRANCISCO DE PAULA LEITE OITICICA,3,1538,"RIO BRANCO, Acre, Brasil, ESCOLA FRANCISCO DE PAULA LEITE OITICICA"
2022,SENADOR GUIOMARD,8,118,COLEGIO SANTO IZIDORO,1,1074,"SENADOR GUIOMARD, Acre, Brasil, COLEGIO SANTO IZIDORO"
2022,RIO BRANCO,1,488,ESCOLA MAURICILA SANTANA,2,2780,"RIO BRANCO, Acre, Brasil, ESCOLA MAURICILA SANTANA"
2022,RIO BRANCO,9,110,ESCOLA MARIA RAIMUNDA BALBINO DA SILVA,3,1295,"RIO BRANCO, Acre, Brasil, ESCOLA MARIA RAIMUNDA BALBINO DA SILVA"
2022,RIO BRANCO,1,527,ESCOLA MANOEL MACHADO,8,3093,"RIO BRANCO, Acre, Brasil, ESCOLA MANOEL MACHADO"
2022,RIO BRANCO,9,240,CRAS - CENTRO DE REFERENCIA DE ASSISTENCIA SOCIAL,2,1830,"RIO BRANCO, Acre, Brasil, CRAS - CENTRO DE REFERENCIA DE ASSISTENCIA SOCIAL"
2022,BRASILÉIA,6,91,ESCOLA FONTENELE DE CASTRO,1,1120,"BRASILÉIA, Acre, Brasil, ESCOLA FONTENELE DE CASTRO"
2022,FEIJÓ,7,27,CENTRO DE REFERÊNCIA DE ASSISTÊNCIA SOCIAL - CRAS,2,1325,"FEIJÓ, Acre, Brasil, CENTRO DE REFERÊNCIA DE ASSISTÊNCIA SOCIAL - CRAS"
2022,BRASILÉIA,6,152,ESCOLA FONTENELE DE CASTRO,2,1120,"BRASILÉIA, Acre, Brasil, ESCOLA FONTENELE DE CASTRO"
2022,RIO BRANCO,9,302,ESCOLA PÚBLICA RAIMUNDO GOMES DE OLIVEIRA,5,1333,"RIO BRANCO, Acre, Brasil, ESCOLA PÚBLICA RAIMUNDO GOMES DE OLIVEIRA"
2022,SENADOR GUIOMARD,8,25,CAMARA MUNICIPAL,6,1015,"SENADOR GUIOMARD, Acre, Brasil, CAMARA MUNICIPAL"
2022,RIO BRANCO,9,257,U VERSE (ANTIGA FAAO),15,1872,"RIO BRANCO, Acre, Brasil, U VERSE (ANTIGA FAAO)"
2022,XAPURI,2,11,CLUBE MUNICIPAL - ASSEMUX,3,1058,"XAPURI, Acre, Brasil, CLUBE MUNICIPAL - ASSEMUX"
2022,RIO BRANCO,1,672,ESCOLA BERTA VIEIRA DE ANDRADE,2,3379,"RIO BRANCO, Acre, Brasil, ESCOLA BERTA VIEIRA DE ANDRADE"
2022,MANOEL URBANO,3,126,CRECHE YÊDA,8,1309,"MANOEL URBANO, Acre, Brasil, CRECHE YÊDA"
2022,PLÁCIDO DE CASTRO,8,114,ESCOLA FRANKLIN ROOSEVELT,6,1112,"PLÁCIDO DE CASTRO, Acre, Brasil, ESCOLA FRANKLIN ROOSEVELT"
2022,RIO BRANCO,9,306,URAP - AUGUSTO HIDALGO DE LIMA,3,1759,"RIO BRANCO, Acre, Brasil, URAP - AUGUSTO HIDALGO DE LIMA"
2022,TARAUACÁ,5,2,ESCOLA DE PRIMEIRO GRAU JOAO RIBEIRO,4,1015,"TARAUACÁ, Acre, Brasil, ESCOLA DE PRIMEIRO GRAU JOAO RIBEIRO"
2022,RIO BRANCO,1,261,ESCOLA JOAO MARIANO,2,1856,"RIO BRANCO, Acre, Brasil, ESCOLA JOAO MARIANO"
2022,FEIJÓ,7,35,COMPLEXO ESCOLAR NANZIO MAGALHAES,1,1074,"FEIJÓ, Acre, Brasil, COMPLEXO ESCOLAR NANZIO MAGALHAES"
2022,RIO BRANCO,1,787,INSTITUTO FEDERAL DO ACRE - IFAC,4,3751,"RIO BRANCO, Acre, Brasil, INSTITUTO FEDERAL DO ACRE - IFAC"
2022,RIO BRANCO,1,639,ESCOLA NEUTEL MAIA,7,3298,"RIO BRANCO, Acre, Brasil, ESCOLA NEUTEL MAIA"
2022,RIO BRANCO,9,400,ESCOLA ISMAEL GOMES DE CARVALHO,3,2330,"RIO BRANCO, Acre, Brasil, ESCOLA ISMAEL GOMES DE CARVALHO"
2022,ACRELÂNDIA,8,85,ESCOLA DE 1 GRAU MARIA DE JESUS RIBEIRO,4,1031,"ACRELÂNDIA, Acre, Brasil, ESCOLA DE 1 GRAU MARIA DE JESUS RIBEIRO"
2022,RIO BRANCO,1,633,INCRA - INSTITUTO NACIONAL DE COLONIZAÇÃO E REFORMA AGRÁRIA,10,3280,"RIO BRANCO, Acre, Brasil, INCRA - INSTITUTO NACIONAL DE COLONIZAÇÃO E REFORMA AGRÁRIA"
2022,FEIJÓ,7,17,COMPLEXO ESCOLAR NANZIO MAGALHAES,3,1074,"FEIJÓ, Acre, Brasil, COMPLEXO ESCOLAR NANZIO MAGALHAES"
2022,RIO BRANCO,1,729,ESCOLA MUNICIPAL LUIZA CARNEIRO DANTAS,3,3573,"RIO BRANCO, Acre, Brasil, ESCOLA MUNICIPAL LUIZA CARNEIRO DANTAS"
2022,RIO BRANCO,9,103,ESCOLA JOSÉ SALES DE ARAÚJO,8,1260,"RIO BRANCO, Acre, Brasil, ESCOLA JOSÉ SALES DE ARAÚJO"
2022,RIO BRANCO,1,492,DNIT - SUPERINTENDÊNCIA REGIONAL NO ACRE,7,2585,"RIO BRANCO, Acre, Brasil, DNIT - SUPERINTENDÊNCIA REGIONAL NO ACRE"
2022,RIO BRANCO,9,309,ESCOLA DE ENSINO FUNDAMENTAL E MÉDIO ESTADUAL NOVA ESPERANÇA,1,1791,"RIO BRANCO, Acre, Brasil, ESCOLA DE ENSINO FUNDAMENTAL E MÉDIO ESTADUAL NOVA ESPERANÇA"
2022,RIO BRANCO,1,758,FUNDAÇÃO NACIONAL DE SAUDE - FUNASA,3,3670,"RIO BRANCO, Acre, Brasil, FUNDAÇÃO NACIONAL DE SAUDE - FUNASA"
2022,RIO BRANCO,1,727,CEJA - SÃO FRANCISCO,4,3565,"RIO BRANCO, Acre, Brasil, CEJA - SÃO FRANCISCO"
2022,ACRELÂNDIA,8,83,ESCOLA ALTINA MAGALHAES,2,1015,"ACRELÂNDIA, Acre, Brasil, ESCOLA ALTINA MAGALHAES"
2022,RIO BRANCO,1,308,SERVICO SOCIAL DO COMERCIO (SESC CENTRO),5,2100,"RIO BRANCO, Acre, Brasil, SERVICO SOCIAL DO COMERCIO (SESC CENTRO)"
2022,RIO BRANCO,9,71,SEAPROF,4,1155,"RIO BRANCO, Acre, Brasil, SEAPROF"
2022,MANOEL URBANO,3,153,ESCOLA DOM PRÓPERO BERNARD,2,1260,"MANOEL URBANO, Acre, Brasil, ESCOLA DOM PRÓPERO BERNARD"
2022,RIO BRANCO,1,711,ESCOLA THEODOLINA FALCAO MACEDO,11,3506,"RIO BRANCO, Acre, Brasil, ESCOLA THEODOLINA FALCAO MACEDO"
2022,TARAUACÁ,5,134,ESCOLA  MUNICIPAL ALMIRANTE BARROSO,1,1465,"TARAUACÁ, Acre, Brasil, ESCOLA  MUNICIPAL ALMIRANTE BARROSO"
2022,CAPIXABA,2,75,CAMARA MUNICIPAL,2,1031,"CAPIXABA, Acre, Brasil, CAMARA MUNICIPAL"
2022,RIO BRANCO,9,328,ESCOLA JOELMA OLIVEIRA DE LIMA,5,2097,"RIO BRANCO, Acre, Brasil, ESCOLA JOELMA OLIVEIRA DE LIMA"
2022,RIO BRANCO,9,362,ESCOLA MUNICIPAL ANICE DIB JATENE,2,2208,"RIO BRANCO, Acre, Brasil, ESCOLA MUNICIPAL ANICE DIB JATENE"
2022,RIO BRANCO,9,354,ESCOLA DOUTOR JOAO AGUIAR,6,2186,"RIO BRANCO, Acre, Brasil, ESCOLA DOUTOR JOAO AGUIAR"
2022,RIO BRANCO,1,689,ESCOLA ESTADUAL IZA MELLO,2,3433,"RIO BRANCO, Acre, Brasil, ESCOLA ESTADUAL IZA MELLO"
2022,RIO BRANCO,1,778,ESCOLA PADRE CARLOS CASAVECCHIA,8,3743,"RIO BRANCO, Acre, Brasil, ESCOLA PADRE CARLOS CASAVECCHIA"
2022,RIO BRANCO,9,451,ESCOLA LUIZA BATISTA DE SOUZA,5,1066,"RIO BRANCO, Acre, Brasil, ESCOLA LUIZA BATISTA DE SOUZA"
2022,RIO BRANCO,9,96,ESCOLA MARIA ADEIZA RODRIGUES PEREIRA,3,2356,"RIO BRANCO, Acre, Brasil, ESCOLA MARIA ADEIZA RODRIGUES PEREIRA"
2022,RIO BRANCO,9,383,ESCOLA CHRIZARUBINA LEITÃO ABRAÃO,8,2283,"RIO BRANCO, Acre, Brasil, ESCOLA CHRIZARUBINA LEITÃO ABRAÃO"
2022,ACRELÂNDIA,8,185,ESC MUN CEN ENS FUN RITA BOCALON RODRIGUES,2,1120,"ACRELÂNDIA, Acre, Brasil, ESC MUN CEN ENS FUN RITA BOCALON RODRIGUES"
2022,RIO BRANCO,1,708,ESCOLA HUMBERTO SOARES,8,3492,"RIO BRANCO, Acre, Brasil, ESCOLA HUMBERTO SOARES"
2022,MANOEL URBANO,3,139,ESCOLA MARIA DAS GRAÇAS ALVES DA ROCHA,4,1260,"MANOEL URBANO, Acre, Brasil, ESCOLA MARIA DAS GRAÇAS ALVES DA ROCHA"
2022,RIO BRANCO,1,3,ESCOLA MENINO JESUS,9,1279,"RIO BRANCO, Acre, Brasil, ESCOLA MENINO JESUS"
2022,RIO BRANCO,1,728,CEJA - SÃO FRANCISCO,3,3565,"RIO BRANCO, Acre, Brasil, CEJA - SÃO FRANCISCO"
2022,XAPURI,2,31,IFAC - CAMPUS XAPURI,4,1082,"XAPURI, Acre, Brasil, IFAC - CAMPUS XAPURI"
2022,SENADOR GUIOMARD,8,268,COLEGIO 15 DE JUNHO,3,1031,"SENADOR GUIOMARD, Acre, Brasil, COLEGIO 15 DE JUNHO"
2022,ACRELÂNDIA,8,235,CRECHE MUNICIPAL,9,1058,"ACRELÂNDIA, Acre, Brasil, CRECHE MUNICIPAL"
2022,RIO BRANCO,9,161,ESCOLA JOÃO PAULO II,4,1252,"RIO BRANCO, Acre, Brasil, ESCOLA JOÃO PAULO II"
2022,RIO BRANCO,9,361,ESCOLA MUNICIPAL ANICE DIB JATENE,6,2208,"RIO BRANCO, Acre, Brasil, ESCOLA MUNICIPAL ANICE DIB JATENE"
2022,FEIJÓ,7,82,ESCOLA MUNICIPAL DE EDUCACAO INFANTIL MENINO JESUS,1,1244,"FEIJÓ, Acre, Brasil, ESCOLA MUNICIPAL DE EDUCACAO INFANTIL MENINO JESUS"
2022,RIO BRANCO,1,513,ESCOLA BELO JARDIM,9,2798,"RIO BRANCO, Acre, Brasil, ESCOLA BELO JARDIM"
2022,RIO BRANCO,9,298,ESCOLA MARINA VICENTE GOMES,5,2046,"RIO BRANCO, Acre, Brasil, ESCOLA MARINA VICENTE GOMES"
2022,RIO BRANCO,9,118,ESCOLA DARCY VARGAS,11,1228,"RIO BRANCO, Acre, Brasil, ESCOLA DARCY VARGAS"
2022,RIO BRANCO,9,57,ESCOLA TANCREDO NEVES,5,1104,"RIO BRANCO, Acre, Brasil, ESCOLA TANCREDO NEVES"
2022,TARAUACÁ,5,10,ESCOLA PLACIDO DE CASTRO,3,1171,"TARAUACÁ, Acre, Brasil, ESCOLA PLACIDO DE CASTRO"
2022,RIO BRANCO,1,85,ESCOLA ESTADUAL PROFESSORA TEREZINHA MIGUÉIS,4,1295,"RIO BRANCO, Acre, Brasil, ESCOLA ESTADUAL PROFESSORA TEREZINHA MIGUÉIS"
2022,RIO BRANCO,1,429,FORUM BARAO DO RIO BRANCO,10,1708,"RIO BRANCO, Acre, Brasil, FORUM BARAO DO RIO BRANCO"
2022,BUJARI,9,186,ESCOLA SÃO JOÃO BATISTA,2,1112,"BUJARI, Acre, Brasil, ESCOLA SÃO JOÃO BATISTA"
2022,RIO BRANCO,1,86,ESCOLA ESTADUAL PROFESSORA TEREZINHA MIGUÉIS,3,1295,"RIO BRANCO, Acre, Brasil, ESCOLA ESTADUAL PROFESSORA TEREZINHA MIGUÉIS"
2022,EPITACIOLÂNDIA,6,64,ESCOLA JOAO PEDRO DA SILVA,3,1210,"EPITACIOLÂNDIA, Acre, Brasil, ESCOLA JOAO PEDRO DA SILVA"
2022,BUJARI,9,242,CRECHE PROFESSORA DONA BELA,6,1090,"BUJARI, Acre, Brasil, CRECHE PROFESSORA DONA BELA"
2022,RIO BRANCO,1,497,IDAF - VILA ACRE,3,2810,"RIO BRANCO, Acre, Brasil, IDAF - VILA ACRE"
2022,BRASILÉIA,6,76,ESCOLA ODILON PRATAGI,1,1210,"BRASILÉIA, Acre, Brasil, ESCOLA ODILON PRATAGI"
2022,RIO BRANCO,1,668,ESCOLA  MOZART DONIZETE,4,3360,"RIO BRANCO, Acre, Brasil, ESCOLA  MOZART DONIZETE"
2022,JORDÃO,5,32,ESCOLA JAIRO DE FIGUEIREDO MELO,1,1112,"JORDÃO, Acre, Brasil, ESCOLA JAIRO DE FIGUEIREDO MELO"
2022,PLÁCIDO DE CASTRO,8,113,ESCOLA JOSE FRANCISCO DA SILVA,2,1546,"PLÁCIDO DE CASTRO, Acre, Brasil, ESCOLA JOSE FRANCISCO DA SILVA"
2022,RIO BRANCO,9,394,UNIDADE DE SAÚDE DA FAMÍLIA PLATILDE OLIVEIRA DA SILVA,3,2321,"RIO BRANCO, Acre, Brasil, UNIDADE DE SAÚDE DA FAMÍLIA PLATILDE OLIVEIRA DA SILVA"
2022,PORTO ACRE,1,608,ESCOLA MUNICIPAL NOVO HORIZONTE,3,1082,"PORTO ACRE, Acre, Brasil, ESCOLA MUNICIPAL NOVO HORIZONTE"
2022,RIO BRANCO,9,209,ESCOLA ALMADA BRITO,6,1724,"RIO BRANCO, Acre, Brasil, ESCOLA ALMADA BRITO"
2022,SENA MADUREIRA,3,3,EEEFISJ - ESCOLA ESTADUAL ENSINO FUNDAMENTAL INSTITUTO SANTA JULIANA,2,1023,"SENA MADUREIRA, Acre, Brasil, EEEFISJ - ESCOLA ESTADUAL ENSINO FUNDAMENTAL INSTITUTO SANTA JULIANA"
2022,PLÁCIDO DE CASTRO,8,253,ESCOLA ELIAS MANSOUR SIMAO FILHO,5,1074,"PLÁCIDO DE CASTRO, Acre, Brasil, ESCOLA ELIAS MANSOUR SIMAO FILHO"
2022,RIO BRANCO,9,116,ESCOLA PÚBLICA HELOÍSA MOURÃO MARQUES,2,1015,"RIO BRANCO, Acre, Brasil, ESCOLA PÚBLICA HELOÍSA MOURÃO MARQUES"
2022,FEIJÓ,7,21,ESCOLA DE SEGUNDO GRAU JOSE GURGEL RABELO,2,1031,"FEIJÓ, Acre, Brasil, ESCOLA DE SEGUNDO GRAU JOSE GURGEL RABELO"
2022,RIO BRANCO,1,707,ESCOLA HUMBERTO SOARES,9,3492,"RIO BRANCO, Acre, Brasil, ESCOLA HUMBERTO SOARES"
2022,RIO BRANCO,1,826,ESCOLA PADRE CARLOS CASAVECCHIA,1,3743,"RIO BRANCO, Acre, Brasil, ESCOLA PADRE CARLOS CASAVECCHIA"
2022,RIO BRANCO,1,725,ESCOLA AGNALDO MORENO (ANTIGA MARILENA MANSOUR),1,3557,"RIO BRANCO, Acre, Brasil, ESCOLA AGNALDO MORENO (ANTIGA MARILENA MANSOUR)"
2022,RIO BRANCO,9,315,SECRETARIA DE EDUCAÇÃO E CULTURA,7,1112,"RIO BRANCO, Acre, Brasil, SECRETARIA DE EDUCAÇÃO E CULTURA"
2022,RIO BRANCO,1,89,ESCOLA ANA TURAM MACHADO FALCAO,4,2402,"RIO BRANCO, Acre, Brasil, ESCOLA ANA TURAM MACHADO FALCAO"
2022,RIO BRANCO,1,545,ESCOLA PROF RAIMUNDA SILVA PARÁ,4,2895,"RIO BRANCO, Acre, Brasil, ESCOLA PROF RAIMUNDA SILVA PARÁ"
2022,ACRELÂNDIA,8,224,ESCOLA  DE 1 GRAU PROF PEDRO DE CASTRO MEIRELES,1,1023,"ACRELÂNDIA, Acre, Brasil, ESCOLA  DE 1 GRAU PROF PEDRO DE CASTRO MEIRELES"
2022,RIO BRANCO,1,724,ESCOLA MARIA LÚCIA MOURA MARIN,5,3549,"RIO BRANCO, Acre, Brasil, ESCOLA MARIA LÚCIA MOURA MARIN"
2022,RIO BRANCO,1,656,ESCOLA PIMENTEL GOMES,11,3336,"RIO BRANCO, Acre, Brasil, ESCOLA PIMENTEL GOMES"
2022,RIO BRANCO,1,446,ESCOLA LEONCIO DE CARVALHO,6,2313,"RIO BRANCO, Acre, Brasil, ESCOLA LEONCIO DE CARVALHO"
2022,SENADOR GUIOMARD,8,39,COLEGIO 15 DE JUNHO,3,1031,"SENADOR GUIOMARD, Acre, Brasil, COLEGIO 15 DE JUNHO"
2022,RIO BRANCO,1,443,ESCOLA OSCAR FELICIO DE SOUZA,28,2534,"RIO BRANCO, Acre, Brasil, ESCOLA OSCAR FELICIO DE SOUZA"
2022,RIO BRANCO,9,300,ESCOLA INFANTIL VALDIVA DE CASTRO DOS SANTOS,8,2038,"RIO BRANCO, Acre, Brasil, ESCOLA INFANTIL VALDIVA DE CASTRO DOS SANTOS"
2022,ACRELÂNDIA,8,72,ESCOLA  DE 1 GRAU PROF PEDRO DE CASTRO MEIRELES,5,1023,"ACRELÂNDIA, Acre, Brasil, ESCOLA  DE 1 GRAU PROF PEDRO DE CASTRO MEIRELES"
2022,XAPURI,2,8,COLÉGIO DIVINA PROVIDÊNCIA,4,1031,"XAPURI, Acre, Brasil, COLÉGIO DIVINA PROVIDÊNCIA"
2022,RIO BRANCO,1,67,ESCOLA DR. CARLOS VASCONCELOS,4,1236,"RIO BRANCO, Acre, Brasil, ESCOLA DR. CARLOS VASCONCELOS"
2022,RIO BRANCO,9,232,ESCOLA ACREANA DE MÚSICA (ANT CENTRO CULTURAL),5,1767,"RIO BRANCO, Acre, Brasil, ESCOLA ACREANA DE MÚSICA (ANT CENTRO CULTURAL)"
2022,RIO BRANCO,1,351,ESCOLA ROBERTO SANCHES MUBARAC,2,1872,"RIO BRANCO, Acre, Brasil, ESCOLA ROBERTO SANCHES MUBARAC"
2022,FEIJÓ,7,89,ESCOLA VICENTE CELSO BRANDAO,2,1163,"FEIJÓ, Acre, Brasil, ESCOLA VICENTE CELSO BRANDAO"
2022,RIO BRANCO,1,556,ESCOLA MARIA ANGÉLICA DE CASTRO,3,2569,"RIO BRANCO, Acre, Brasil, ESCOLA MARIA ANGÉLICA DE CASTRO"
2022,RIO BRANCO,1,675,ESCOLA BERTA VIEIRA DE ANDRADE,4,3379,"RIO BRANCO, Acre, Brasil, ESCOLA BERTA VIEIRA DE ANDRADE"
2022,RIO BRANCO,1,650,ESCOLA RAIMUNDO MELO,6,3328,"RIO BRANCO, Acre, Brasil, ESCOLA RAIMUNDO MELO"
2022,RIO BRANCO,9,345,CENTRO DE REFERÊNCIA DE ASSISTÊNCIA SOCIAL - CRAS (TANCREDO NEVES),1,2143,"RIO BRANCO, Acre, Brasil, CENTRO DE REFERÊNCIA DE ASSISTÊNCIA SOCIAL - CRAS (TANCREDO NEVES)"
2022,RIO BRANCO,9,65,ESCOLA PÚBLICA ADALBERTO SENA,11,1139,"RIO BRANCO, Acre, Brasil, ESCOLA PÚBLICA ADALBERTO SENA"
2022,RIO BRANCO,9,312,ESCOLA MARINA VICENTE GOMES,3,2046,"RIO BRANCO, Acre, Brasil, ESCOLA MARINA VICENTE GOMES"
2022,TARAUACÁ,5,5,CAMARA MUNICIPAL,1,1023,"TARAUACÁ, Acre, Brasil, CAMARA MUNICIPAL"
2022,RIO BRANCO,9,153,DEPARTAMENTO DE VIIGILÂNCIA SANITÁRIA (ANTIGA EMURB),4,1350,"RIO BRANCO, Acre, Brasil, DEPARTAMENTO DE VIIGILÂNCIA SANITÁRIA (ANTIGA EMURB)"
2022,RIO BRANCO,1,310,ESCOLA ZULEIDE PEREIRA DE SOUZA,2,1996,"RIO BRANCO, Acre, Brasil, ESCOLA ZULEIDE PEREIRA DE SOUZA"
2022,EPITACIOLÂNDIA,6,71,ESCOLA LUIZ GONZAGA DA ROCHA - KM 09 VILA PROGRESSO,1,1252,"EPITACIOLÂNDIA, Acre, Brasil, ESCOLA LUIZ GONZAGA DA ROCHA - KM 09 VILA PROGRESSO"
2022,RIO BRANCO,1,174,ESCOLA ROBERTO SANCHES MUBARAC,8,1872,"RIO BRANCO, Acre, Brasil, ESCOLA ROBERTO SANCHES MUBARAC"
2022,RIO BRANCO,9,69,ESCOLA PÚBLICA ALCIMAR LEITÃO,8,1147,"RIO BRANCO, Acre, Brasil, ESCOLA PÚBLICA ALCIMAR LEITÃO"
2022,SENA MADUREIRA,3,1,EMR - ESCOLA MESSIAS RODRIGUES,1,1015,"SENA MADUREIRA, Acre, Brasil, EMR - ESCOLA MESSIAS RODRIGUES"
2022,RIO BRANCO,9,108,ESCOLA FLAVIANO FLÁVIO BAPTISTA,6,1635,"RIO BRANCO, Acre, Brasil, ESCOLA FLAVIANO FLÁVIO BAPTISTA"
2020,RIO BRANCO,9,93,ESCOLA JOÃO PAULO I,2,1236,"RIO BRANCO, Acre, Brasil, ESCOLA JOÃO PAULO I"
2020,RIO BRANCO,9,273,ESCOLA IRMÃ MARIA GABRIELA SOARES,1,1643,"RIO BRANCO, Acre, Brasil, ESCOLA IRMÃ MARIA GABRIELA SOARES"
2020,RIO BRANCO,1,760,FUNDAÇÃO NACIONAL DE SAUDE - FUNASA,6,3670,"RIO BRANCO, Acre, Brasil, FUNDAÇÃO NACIONAL DE SAUDE - FUNASA"
2020,RIO BRANCO,1,727,CEJA - SÃO FRANCISCO,3,3565,"RIO BRANCO, Acre, Brasil, CEJA - SÃO FRANCISCO"
2020,RIO BRANCO,9,317,ESCOLA DE EDUCAÇÃO INFANTIL FREI PELEGRINO,2,1716,"RIO BRANCO, Acre, Brasil, ESCOLA DE EDUCAÇÃO INFANTIL FREI PELEGRINO"
2020,RIO BRANCO,1,785,INSTITUTO FEDERAL DO ACRE - IFAC,4,3751,"RIO BRANCO, Acre, Brasil, INSTITUTO FEDERAL DO ACRE - IFAC"
2020,RIO BRANCO,9,349,DEFENSORIA PÚBLICA DO ESTADO - DPE,2,2364,"RIO BRANCO, Acre, Brasil, DEFENSORIA PÚBLICA DO ESTADO - DPE"
2020,RIO BRANCO,9,339,ESCOLA PROFESSOR PEDRO MARTINELLO,2,2127,"RIO BRANCO, Acre, Brasil, ESCOLA PROFESSOR PEDRO MARTINELLO"
2020,RIO BRANCO,9,329,ESCOLA JOELMA OLIVEIRA DE LIMA,5,2097,"RIO BRANCO, Acre, Brasil, ESCOLA JOELMA OLIVEIRA DE LIMA"
2020,RIO BRANCO,1,774,CENTRO EDUCACIONAL LATU-SENSU(ANTIGO COLÉGIO SANTA MARIA),12,3735,"RIO BRANCO, Acre, Brasil, CENTRO EDUCACIONAL LATU-SENSU(ANTIGO COLÉGIO SANTA MARIA)"
2020,RIO BRANCO,1,163,PALACIO DAS SECRETARIAS,7,1490,"RIO BRANCO, Acre, Brasil, PALACIO DAS SECRETARIAS"
2020,RIO BRANCO,9,94,ESCOLA JOÃO PAULO I,2,1236,"RIO BRANCO, Acre, Brasil, ESCOLA JOÃO PAULO I"
2020,RIO BRANCO,9,438,FACULDADE UNINORTE,5,1899,"RIO BRANCO, Acre, Brasil, FACULDADE UNINORTE"
2020,RIO BRANCO,1,498,ESCOLA RURAL BEIJA-FLOR,1,2844,"RIO BRANCO, Acre, Brasil, ESCOLA RURAL BEIJA-FLOR"
2020,RIO BRANCO,9,55,SECRETARIA DE EDUCAÇÃO E CULTURA,3,1112,"RIO BRANCO, Acre, Brasil, SECRETARIA DE EDUCAÇÃO E CULTURA"
2020,RIO BRANCO,9,71,SEAPROF,4,1155,"RIO BRANCO, Acre, Brasil, SEAPROF"
2020,RIO BRANCO,1,173,ESCOLA PROF JOSE RODRIGUES LEITE - ETICA,12,1317,"RIO BRANCO, Acre, Brasil, ESCOLA PROF JOSE RODRIGUES LEITE - ETICA"
2020,RIO BRANCO,9,393,ESCOLA AME (ASSOCIAÇÃO MODERNA DE ENSINO),13,2313,"RIO BRANCO, Acre, Brasil, ESCOLA AME (ASSOCIAÇÃO MODERNA DE ENSINO)"
2020,RIO BRANCO,1,5,COLÉGIO ESTADUAL BARÃO DO RIO BRANCO,4,1031,"RIO BRANCO, Acre, Brasil, COLÉGIO ESTADUAL BARÃO DO RIO BRANCO"
2020,RIO BRANCO,1,438,ESCOLA ANTONIA FERNANDES DE FREITAS,3,2470,"RIO BRANCO, Acre, Brasil, ESCOLA ANTONIA FERNANDES DE FREITAS"
2020,RIO BRANCO,9,30,ESCOLA LUIZA BATISTA DE SOUZA,2,1066,"RIO BRANCO, Acre, Brasil, ESCOLA LUIZA BATISTA DE SOUZA"
2020,RIO BRANCO,1,566,ESCOLA MUNICIPAL MONTE CASTELO,6,3247,"RIO BRANCO, Acre, Brasil, ESCOLA MUNICIPAL MONTE CASTELO"
2020,RIO BRANCO,9,32,CENTRO ESTADUAL DE ATENDIMENTO AO DEFICIENTE VISUAL,4,1457,"RIO BRANCO, Acre, Brasil, CENTRO ESTADUAL DE ATENDIMENTO AO DEFICIENTE VISUAL"
2020,RIO BRANCO,1,350,"SECRETARIA DE ESTADO DE EDUCAÇÃO, CULTURA E ESPORTE",10,1600,"RIO BRANCO, Acre, Brasil, SECRETARIA DE ESTADO DE EDUCAÇÃO, CULTURA E ESPORTE"
2020,RIO BRANCO,1,784,INSTITUTO FEDERAL DO ACRE - IFAC,6,3751,"RIO BRANCO, Acre, Brasil, INSTITUTO FEDERAL DO ACRE - IFAC"
2020,RIO BRANCO,9,37,ESCOLA NATALINO DA SILVEIRA BRITO,5,1074,"RIO BRANCO, Acre, Brasil, ESCOLA NATALINO DA SILVEIRA BRITO"
2020,RIO BRANCO,1,738,ESCOLA VOVO MOCINHA,6,3590,"RIO BRANCO, Acre, Brasil, ESCOLA VOVO MOCINHA"
2020,RIO BRANCO,9,99,ESCOLA JOÃO PAULO II,3,1252,"RIO BRANCO, Acre, Brasil, ESCOLA JOÃO PAULO II"
2020,RIO BRANCO,1,88,ESCOLA ANA TURAM MACHADO FALCAO,1,2402,"RIO BRANCO, Acre, Brasil, ESCOLA ANA TURAM MACHADO FALCAO"
2020,RIO BRANCO,1,780,ESCOLA PADRE CARLOS CASAVECCHIA,5,3743,"RIO BRANCO, Acre, Brasil, ESCOLA PADRE CARLOS CASAVECCHIA"
2020,RIO BRANCO,1,453,ESCOLA GEORGETE ELUAN KALUME,16,1929,"RIO BRANCO, Acre, Brasil, ESCOLA GEORGETE ELUAN KALUME"
2020,RIO BRANCO,1,689,ESCOLA ESTADUAL IZA MELLO,1,3433,"RIO BRANCO, Acre, Brasil, ESCOLA ESTADUAL IZA MELLO"
2020,RIO BRANCO,1,638,ESCOLA NEUTEL MAIA,9,3298,"RIO BRANCO, Acre, Brasil, ESCOLA NEUTEL MAIA"
2020,RIO BRANCO,1,666,ESCOLA  MOZART DONIZETE,10,3360,"RIO BRANCO, Acre, Brasil, ESCOLA  MOZART DONIZETE"
2020,RIO BRANCO,1,77,ESCOLA MENINO JESUS,5,1279,"RIO BRANCO, Acre, Brasil, ESCOLA MENINO JESUS"
2020,RIO BRANCO,1,562,ESCOLA SANTA MARIA II,3,2801,"RIO BRANCO, Acre, Brasil, ESCOLA SANTA MARIA II"
2020,RIO BRANCO,1,441,ESCOLA PROF. SEBASTIÃO PEDROSA (ARENA DA FLORESTA),6,2550,"RIO BRANCO, Acre, Brasil, ESCOLA PROF. SEBASTIÃO PEDROSA (ARENA DA FLORESTA)"
2020,RIO BRANCO,1,781,ESCOLA PADRE CARLOS CASAVECCHIA,2,3743,"RIO BRANCO, Acre, Brasil, ESCOLA PADRE CARLOS CASAVECCHIA"
2020,RIO BRANCO,1,632,INCRA - INSTITUTO NACIONAL DE COLONIZAÇÃO E REFORMA AGRÁRIA,9,3280,"RIO BRANCO, Acre, Brasil, INCRA - INSTITUTO NACIONAL DE COLONIZAÇÃO E REFORMA AGRÁRIA"
2020,RIO BRANCO,1,497,IDAF - VILA ACRE,4,2810,"RIO BRANCO, Acre, Brasil, IDAF - VILA ACRE"
2020,RIO BRANCO,1,484,ESCOLA BENFICA,3,2674,"RIO BRANCO, Acre, Brasil, ESCOLA BENFICA"
2020,RIO BRANCO,1,637,ESCOLA NEUTEL MAIA,9,3298,"RIO BRANCO, Acre, Brasil, ESCOLA NEUTEL MAIA"
2020,RIO BRANCO,1,510,ESCOLA SANTA MARIA II,2,2801,"RIO BRANCO, Acre, Brasil, ESCOLA SANTA MARIA II"
2020,RIO BRANCO,1,191,COLEGIO DE APLICACAO DA UFAC,8,1694,"RIO BRANCO, Acre, Brasil, COLEGIO DE APLICACAO DA UFAC"
2020,RIO BRANCO,1,735,INSTITUTO DE EDUCACAO LOURENCO FILHO,3,3581,"RIO BRANCO, Acre, Brasil, INSTITUTO DE EDUCACAO LOURENCO FILHO"
2020,RIO BRANCO,1,709,ESCOLA HUMBERTO SOARES,9,3492,"RIO BRANCO, Acre, Brasil, ESCOLA HUMBERTO SOARES"
2020,RIO BRANCO,1,746,ESCOLA DOM GIOCONDO MARIA GROTTI,5,3638,"RIO BRANCO, Acre, Brasil, ESCOLA DOM GIOCONDO MARIA GROTTI"
2020,RIO BRANCO,1,634,INCRA - INSTITUTO NACIONAL DE COLONIZAÇÃO E REFORMA AGRÁRIA,4,3280,"RIO BRANCO, Acre, Brasil, INCRA - INSTITUTO NACIONAL DE COLONIZAÇÃO E REFORMA AGRÁRIA"
2020,RIO BRANCO,1,574,UNIDADE DE SAÚDE FRANCISCO RONEY MEIRELES,7,3263,"RIO BRANCO, Acre, Brasil, UNIDADE DE SAÚDE FRANCISCO RONEY MEIRELES"
2020,RIO BRANCO,1,757,ESCOLA LUIZ DE CARVALHO FONTENELLE,5,3662,"RIO BRANCO, Acre, Brasil, ESCOLA LUIZ DE CARVALHO FONTENELLE"
2020,RIO BRANCO,1,663,ESCOLA JORGE FELIX LAVOCAT,5,3352,"RIO BRANCO, Acre, Brasil, ESCOLA JORGE FELIX LAVOCAT"
2020,RIO BRANCO,1,160,INSTITUTO SAO JOSE,9,1473,"RIO BRANCO, Acre, Brasil, INSTITUTO SAO JOSE"
2020,RIO BRANCO,1,436,ESCOLA GEORGETE ELUAN KALUME,22,1929,"RIO BRANCO, Acre, Brasil, ESCOLA GEORGETE ELUAN KALUME"
2020,RIO BRANCO,1,734,INSTITUTO DE EDUCACAO LOURENCO FILHO,2,3581,"RIO BRANCO, Acre, Brasil, INSTITUTO DE EDUCACAO LOURENCO FILHO"
2020,RIO BRANCO,1,169,CONSELHO REGIONAL DE ENFERMAGEM - COREN,3,1554,"RIO BRANCO, Acre, Brasil, CONSELHO REGIONAL DE ENFERMAGEM - COREN"
2020,RIO BRANCO,1,327,SECRETARIA DE ESTADO DE COMUNICAÇÃO - SECOM,2,2615,"RIO BRANCO, Acre, Brasil, SECRETARIA DE ESTADO DE COMUNICAÇÃO - SECOM"
2020,RIO BRANCO,1,434,ESCOLA JOSE CHALUB LEITE,3,2577,"RIO BRANCO, Acre, Brasil, ESCOLA JOSE CHALUB LEITE"
2020,RIO BRANCO,1,385,ESCOLA ELIAS MANSOUR,1,2526,"RIO BRANCO, Acre, Brasil, ESCOLA ELIAS MANSOUR"
2020,RIO BRANCO,1,640,ESCOLA NEUTEL MAIA,6,3298,"RIO BRANCO, Acre, Brasil, ESCOLA NEUTEL MAIA"
2020,RIO BRANCO,1,10,PREFEITURA MUNICIPAL DE RIO BRANCO,9,1090,"RIO BRANCO, Acre, Brasil, PREFEITURA MUNICIPAL DE RIO BRANCO"
2020,RIO BRANCO,1,36,COLEGIO ACREANO,7,1139,"RIO BRANCO, Acre, Brasil, COLEGIO ACREANO"
2020,RIO BRANCO,1,779,ESCOLA PADRE CARLOS CASAVECCHIA,3,3743,"RIO BRANCO, Acre, Brasil, ESCOLA PADRE CARLOS CASAVECCHIA"
2020,RIO BRANCO,1,690,ESCOLA ESTADUAL IZA MELLO,2,3433,"RIO BRANCO, Acre, Brasil, ESCOLA ESTADUAL IZA MELLO"
2020,RIO BRANCO,1,65,ESCOLA DR. CARLOS VASCONCELOS,9,1236,"RIO BRANCO, Acre, Brasil, ESCOLA DR. CARLOS VASCONCELOS"
2020,RIO BRANCO,1,186,OCA RIO BRANCO,2,1066,"RIO BRANCO, Acre, Brasil, OCA RIO BRANCO"
2020,RIO BRANCO,1,491,SEST/SENAT,7,2690,"RIO BRANCO, Acre, Brasil, SEST/SENAT"
2020,RIO BRANCO,1,192,INSS - AGÊNCIA CENTRO,6,2500,"RIO BRANCO, Acre, Brasil, INSS - AGÊNCIA CENTRO"
2020,RIO BRANCO,1,645,ESCOLA SAMUEL BARREIRA,7,3310,"RIO BRANCO, Acre, Brasil, ESCOLA SAMUEL BARREIRA"
2020,RIO BRANCO,1,660,ESCOLA PROFESSORA CLÍCIA GADELHA,1,3344,"RIO BRANCO, Acre, Brasil, ESCOLA PROFESSORA CLÍCIA GADELHA"
2020,RIO BRANCO,1,459,ESCOLA BENFICA,1,2674,"RIO BRANCO, Acre, Brasil, ESCOLA BENFICA"
2020,RIO BRANCO,1,748,ESCOLA DOM GIOCONDO MARIA GROTTI,2,3638,"RIO BRANCO, Acre, Brasil, ESCOLA DOM GIOCONDO MARIA GROTTI"
2020,RIO BRANCO,1,444,SENAI,33,2054,"RIO BRANCO, Acre, Brasil, SENAI"
2020,RIO BRANCO,1,553,IDAF - VILA ACRE,3,2810,"RIO BRANCO, Acre, Brasil, IDAF - VILA ACRE"
2020,RIO BRANCO,1,542,ESCOLA TUFIC ASSMAR,1,3115,"RIO BRANCO, Acre, Brasil, ESCOLA TUFIC ASSMAR"
2020,RIO BRANCO,1,635,INCRA - INSTITUTO NACIONAL DE COLONIZAÇÃO E REFORMA AGRÁRIA,4,3280,"RIO BRANCO, Acre, Brasil, INCRA - INSTITUTO NACIONAL DE COLONIZAÇÃO E REFORMA AGRÁRIA"
2020,RIO BRANCO,1,504,ESCOLA DJANIRA BEZERRA DOS REIS,1,2860,"RIO BRANCO, Acre, Brasil, ESCOLA DJANIRA BEZERRA DOS REIS"
2020,RIO BRANCO,1,23,PREFEITURA MUNICIPAL DE RIO BRANCO,7,1090,"RIO BRANCO, Acre, Brasil, PREFEITURA MUNICIPAL DE RIO BRANCO"
2020,RIO BRANCO,1,9,INSTITUTO BRASILEIRO DE GEOGRAFIA E ESTATISTICA - IBGE,8,1058,"RIO BRANCO, Acre, Brasil, INSTITUTO BRASILEIRO DE GEOGRAFIA E ESTATISTICA - IBGE"
2020,RIO BRANCO,1,429,FORUM BARAO DO RIO BRANCO,5,1708,"RIO BRANCO, Acre, Brasil, FORUM BARAO DO RIO BRANCO"
2020,RIO BRANCO,1,653,ESCOLA RAIMUNDO MELO,2,3328,"RIO BRANCO, Acre, Brasil, ESCOLA RAIMUNDO MELO"
2020,RIO BRANCO,9,41,ESCOLA NATALINO DA SILVEIRA BRITO,5,1074,"RIO BRANCO, Acre, Brasil, ESCOLA NATALINO DA SILVEIRA BRITO"
2020,RIO BRANCO,9,92,ESCOLA DARCY VARGAS,5,1228,"RIO BRANCO, Acre, Brasil, ESCOLA DARCY VARGAS"
2020,RIO BRANCO,1,652,ESCOLA RAIMUNDO MELO,8,3328,"RIO BRANCO, Acre, Brasil, ESCOLA RAIMUNDO MELO"
2020,RIO BRANCO,9,330,ESCOLA JOELMA OLIVEIRA DE LIMA,5,2097,"RIO BRANCO, Acre, Brasil, ESCOLA JOELMA OLIVEIRA DE LIMA"
2020,RIO BRANCO,1,179,SECRETARIA DE ESTADO DE OBRAS PÚBLICAS - SEOP,4,1589,"RIO BRANCO, Acre, Brasil, SECRETARIA DE ESTADO DE OBRAS PÚBLICAS - SEOP"
2020,RIO BRANCO,9,378,HORTO FLORESTAL (SECRETARIA MUNICIPAL DE MEIO AMBIENTE - SEMEIA),3,2267,"RIO BRANCO, Acre, Brasil, HORTO FLORESTAL (SECRETARIA MUNICIPAL DE MEIO AMBIENTE - SEMEIA)"
2020,RIO BRANCO,1,8,COLÉGIO ESTADUAL BARÃO DO RIO BRANCO,5,1031,"RIO BRANCO, Acre, Brasil, COLÉGIO ESTADUAL BARÃO DO RIO BRANCO"
2020,RIO BRANCO,1,487,ESCOLA DR. JOSÉ CARVALHO,2,2763,"RIO BRANCO, Acre, Brasil, ESCOLA DR. JOSÉ CARVALHO"
2020,RIO BRANCO,1,194,FORUM BARAO DO RIO BRANCO,4,1708,"RIO BRANCO, Acre, Brasil, FORUM BARAO DO RIO BRANCO"
2020,RIO BRANCO,9,153,DEPARTAMENTO DE VIIGILÂNCIA SANITÁRIA (ANTIGA EMURB),6,1350,"RIO BRANCO, Acre, Brasil, DEPARTAMENTO DE VIIGILÂNCIA SANITÁRIA (ANTIGA EMURB)"
2020,RIO BRANCO,1,775,CENTRO EDUCACIONAL LATU-SENSU(ANTIGO COLÉGIO SANTA MARIA),7,3735,"RIO BRANCO, Acre, Brasil, CENTRO EDUCACIONAL LATU-SENSU(ANTIGO COLÉGIO SANTA MARIA)"
2020,RIO BRANCO,9,47,ESCOLA PADRE DIOGO FEIJÓ,10,1082,"RIO BRANCO, Acre, Brasil, ESCOLA PADRE DIOGO FEIJÓ"
2020,RIO BRANCO,9,222,ESCOLA GOVERNADOR JOSÉ AUGUSTO,3,1732,"RIO BRANCO, Acre, Brasil, ESCOLA GOVERNADOR JOSÉ AUGUSTO"
2020,RIO BRANCO,9,215,DETRAN-AC (EM FRENTE AG BANCO DO BRASIL ESTILO),5,1406,"RIO BRANCO, Acre, Brasil, DETRAN-AC (EM FRENTE AG BANCO DO BRASIL ESTILO)"
2020,RIO BRANCO,9,372,JUNTA COMERCIAL DO ESTADO DO ACRE - JUCEAC,9,2232,"RIO BRANCO, Acre, Brasil, JUNTA COMERCIAL DO ESTADO DO ACRE - JUCEAC"
2020,RIO BRANCO,9,245,ESCOLA TANCREDO NEVES,5,1104,"RIO BRANCO, Acre, Brasil, ESCOLA TANCREDO NEVES"
2020,RIO BRANCO,1,739,ESCOLA VOVO MOCINHA,6,3590,"RIO BRANCO, Acre, Brasil, ESCOLA VOVO MOCINHA"
2020,RIO BRANCO,9,230,ESCOLA MANOEL TIAGO LINDOZO,1,1805,"RIO BRANCO, Acre, Brasil, ESCOLA MANOEL TIAGO LINDOZO"
2020,RIO BRANCO,1,650,ESCOLA RAIMUNDO MELO,2,3328,"RIO BRANCO, Acre, Brasil, ESCOLA RAIMUNDO MELO"
2020,RIO BRANCO,9,100,ESCOLA JOÃO PAULO II,3,1252,"RIO BRANCO, Acre, Brasil, ESCOLA JOÃO PAULO II"
2020,RIO BRANCO,9,203,ESCOLA ACREANA DE MÚSICA (ANT CENTRO CULTURAL),5,1767,"RIO BRANCO, Acre, Brasil, ESCOLA ACREANA DE MÚSICA (ANT CENTRO CULTURAL)"
2020,RIO BRANCO,9,354,ESCOLA DOUTOR JOAO AGUIAR,4,2186,"RIO BRANCO, Acre, Brasil, ESCOLA DOUTOR JOAO AGUIAR"
2020,RIO BRANCO,1,488,ESCOLA MAURICILA SANTANA,2,2780,"RIO BRANCO, Acre, Brasil, ESCOLA MAURICILA SANTANA"
2020,RIO BRANCO,9,206,ESCOLA JOÃO PAULO I,1,1236,"RIO BRANCO, Acre, Brasil, ESCOLA JOÃO PAULO I"
2020,RIO BRANCO,1,446,ESCOLA LEONCIO DE CARVALHO,2,2313,"RIO BRANCO, Acre, Brasil, ESCOLA LEONCIO DE CARVALHO"
2020,RIO BRANCO,1,83,ESCOLA ESTADUAL PROFESSORA TEREZINHA MIGUÉIS,7,1295,"RIO BRANCO, Acre, Brasil, ESCOLA ESTADUAL PROFESSORA TEREZINHA MIGUÉIS"
2020,RIO BRANCO,9,149,ASSOCIAÇÃO DE PAIS E AMIGOS DOS EXCEPCIONAIS - APAE,1,1430,"RIO BRANCO, Acre, Brasil, ASSOCIAÇÃO DE PAIS E AMIGOS DOS EXCEPCIONAIS - APAE"
2020,RIO BRANCO,9,396,ESCOLA ISMAEL GOMES DE CARVALHO,3,2330,"RIO BRANCO, Acre, Brasil, ESCOLA ISMAEL GOMES DE CARVALHO"
2020,RIO BRANCO,9,154,ESCOLA JOSÉ RIBAMAR BATISTA,2,1570,"RIO BRANCO, Acre, Brasil, ESCOLA JOSÉ RIBAMAR BATISTA"
2020,RIO BRANCO,9,362,ESCOLA MUNICIPAL ANICE DIB JATENE,3,2208,"RIO BRANCO, Acre, Brasil, ESCOLA MUNICIPAL ANICE DIB JATENE"
2020,RIO BRANCO,9,415,FACULDADE UNINORTE,6,1899,"RIO BRANCO, Acre, Brasil, FACULDADE UNINORTE"
2020,RIO BRANCO,1,98,ESCOLA MARIA ANGÉLICA DE CASTRO,3,2569,"RIO BRANCO, Acre, Brasil, ESCOLA MARIA ANGÉLICA DE CASTRO"
2020,RIO BRANCO,1,676,IDAF - AVIÁRIO,1,3387,"RIO BRANCO, Acre, Brasil, IDAF - AVIÁRIO"
2020,RIO BRANCO,9,184,ESCOLA ALMADA BRITO,7,1724,"RIO BRANCO, Acre, Brasil, ESCOLA ALMADA BRITO"
2020,RIO BRANCO,9,210,ESCOLA LOURIVAL SOMBRA,8,1058,"RIO BRANCO, Acre, Brasil, ESCOLA LOURIVAL SOMBRA"
2020,RIO BRANCO,9,395,UNIDADE DE SAÚDE DA FAMÍLIA PLATILDE OLIVEIRA DA SILVA,8,2321,"RIO BRANCO, Acre, Brasil, UNIDADE DE SAÚDE DA FAMÍLIA PLATILDE OLIVEIRA DA SILVA"
2020,RIO BRANCO,9,165,ESCOLA HENRIQUE LIMA,7,1201,"RIO BRANCO, Acre, Brasil, ESCOLA HENRIQUE LIMA"
2020,RIO BRANCO,9,82,SECRETARIA DE ESTADO DE ASSISTENCIA SOCIAL - FUMBESA,7,1171,"RIO BRANCO, Acre, Brasil, SECRETARIA DE ESTADO DE ASSISTENCIA SOCIAL - FUMBESA"
2020,RIO BRANCO,9,435,COLÉGIO MILITAR TIRADENTES,3,2380,"RIO BRANCO, Acre, Brasil, COLÉGIO MILITAR TIRADENTES"
2020,RIO BRANCO,1,471,ESCOLA LEONCIO DE CARVALHO,3,2313,"RIO BRANCO, Acre, Brasil, ESCOLA LEONCIO DE CARVALHO"
2020,RIO BRANCO,9,312,ESCOLA MARINA VICENTE GOMES,2,2046,"RIO BRANCO, Acre, Brasil, ESCOLA MARINA VICENTE GOMES"
2020,RIO BRANCO,9,346,CRECHE MUNICIPAL JAIRO JUNIOR,2,2151,"RIO BRANCO, Acre, Brasil, CRECHE MUNICIPAL JAIRO JUNIOR"
2020,RIO BRANCO,9,301,ELETRONORTE,2,2011,"RIO BRANCO, Acre, Brasil, ELETRONORTE"
2020,RIO BRANCO,9,298,ESCOLA MARINA VICENTE GOMES,4,2046,"RIO BRANCO, Acre, Brasil, ESCOLA MARINA VICENTE GOMES"
2020,RIO BRANCO,9,271,UNIDADE DE SAÚDE SEBASTIÃO PRADO (TRANSACREANA),3,1988,"RIO BRANCO, Acre, Brasil, UNIDADE DE SAÚDE SEBASTIÃO PRADO (TRANSACREANA)"
2020,RIO BRANCO,9,171,ESCOLA JOÃO PAULO I,2,1236,"RIO BRANCO, Acre, Brasil, ESCOLA JOÃO PAULO I"
2020,RIO BRANCO,9,288,ESCOLA MUNICIPAL JOSE POTYGUARA,7,1929,"RIO BRANCO, Acre, Brasil, ESCOLA MUNICIPAL JOSE POTYGUARA"
2020,RIO BRANCO,9,63,ESCOLA FRANCISCO DE PAULA LEITE OITICICA,6,1538,"RIO BRANCO, Acre, Brasil, ESCOLA FRANCISCO DE PAULA LEITE OITICICA"
2020,RIO BRANCO,1,89,ESCOLA ANA TURAM MACHADO FALCAO,2,2402,"RIO BRANCO, Acre, Brasil, ESCOLA ANA TURAM MACHADO FALCAO"
2020,RIO BRANCO,9,83,SECRETARIA DE ESTADO DE ASSISTENCIA SOCIAL - FUMBESA,5,1171,"RIO BRANCO, Acre, Brasil, SECRETARIA DE ESTADO DE ASSISTENCIA SOCIAL - FUMBESA"
2020,RIO BRANCO,9,231,ESCOLA PÚBLICA ALCIMAR LEITÃO,7,1147,"RIO BRANCO, Acre, Brasil, ESCOLA PÚBLICA ALCIMAR LEITÃO"
2020,RIO BRANCO,9,358,ESCOLA MÁRIO LOBÃO,1,2194,"RIO BRANCO, Acre, Brasil, ESCOLA MÁRIO LOBÃO"
2020,RIO BRANCO,1,416,ESCOLA ANTONIA FERNANDES DE FREITAS,3,2470,"RIO BRANCO, Acre, Brasil, ESCOLA ANTONIA FERNANDES DE FREITAS"
2020,RIO BRANCO,1,347,DERACRE,2,1171,"RIO BRANCO, Acre, Brasil, DERACRE"
2020,RIO BRANCO,9,291,COLÉGIO ALTERNATIVO,8,1422,"RIO BRANCO, Acre, Brasil, COLÉGIO ALTERNATIVO"
2020,RIO BRANCO,1,52,SECRETARIA DE ESTADO DE SAÚDE - SESACRE,4,1180,"RIO BRANCO, Acre, Brasil, SECRETARIA DE ESTADO DE SAÚDE - SESACRE"
2020,RIO BRANCO,9,81,SECRETARIA DE ESTADO DE ASSISTENCIA SOCIAL - FUMBESA,6,1171,"RIO BRANCO, Acre, Brasil, SECRETARIA DE ESTADO DE ASSISTENCIA SOCIAL - FUMBESA"
2020,RIO BRANCO,9,88,ESCOLA HENRIQUE LIMA,6,1201,"RIO BRANCO, Acre, Brasil, ESCOLA HENRIQUE LIMA"
2020,RIO BRANCO,9,22,FEDERAÇÃO DAS INDÚSTRIAS DO ESTADO DO ACRE - FIEAC,13,1376,"RIO BRANCO, Acre, Brasil, FEDERAÇÃO DAS INDÚSTRIAS DO ESTADO DO ACRE - FIEAC"
2020,RIO BRANCO,1,759,FUNDAÇÃO NACIONAL DE SAUDE - FUNASA,2,3670,"RIO BRANCO, Acre, Brasil, FUNDAÇÃO NACIONAL DE SAUDE - FUNASA"
2020,RIO BRANCO,9,296,U VERSE (ANTIGA FAAO),5,1872,"RIO BRANCO, Acre, Brasil, U VERSE (ANTIGA FAAO)"
2020,RIO BRANCO,1,445,ESCOLA DEPUTADO RAIMUNDO HERMINIO DE MELO,4,1848,"RIO BRANCO, Acre, Brasil, ESCOLA DEPUTADO RAIMUNDO HERMINIO DE MELO"
2020,RIO BRANCO,1,460,ESCOLA PAULO FREIRE,2,2542,"RIO BRANCO, Acre, Brasil, ESCOLA PAULO FREIRE"
2020,RIO BRANCO,9,250,ESCOLA TANCREDO NEVES,4,1104,"RIO BRANCO, Acre, Brasil, ESCOLA TANCREDO NEVES"
2020,RIO BRANCO,9,104,ESCOLA FREI THIAGO MARIA MATIOLI,2,1627,"RIO BRANCO, Acre, Brasil, ESCOLA FREI THIAGO MARIA MATIOLI"
2020,RIO BRANCO,1,96,CÂMARA MUNICIPAL DE RIO BRANCO,3,1325,"RIO BRANCO, Acre, Brasil, CÂMARA MUNICIPAL DE RIO BRANCO"
2020,RIO BRANCO,9,199,ESCOLA FRANCISCO AUGUSTO BACURAU,5,1384,"RIO BRANCO, Acre, Brasil, ESCOLA FRANCISCO AUGUSTO BACURAU"
2020,RIO BRANCO,9,402,ESCOLA ISMAEL GOMES DE CARVALHO,1,2330,"RIO BRANCO, Acre, Brasil, ESCOLA ISMAEL GOMES DE CARVALHO"
2020,RIO BRANCO,9,334,ESCOLA DE ENSINO FUNDAMENTAL DO SERVIÇO SOCIAL DA INDÚSTRIA - SESI,2,2100,"RIO BRANCO, Acre, Brasil, ESCOLA DE ENSINO FUNDAMENTAL DO SERVIÇO SOCIAL DA INDÚSTRIA - SESI"
2020,RIO BRANCO,9,308,FACULDADE UNINORTE,8,1899,"RIO BRANCO, Acre, Brasil, FACULDADE UNINORTE"
2020,RIO BRANCO,9,406,ESCOLA DOUTOR SANTIAGO DANTAS,14,1902,"RIO BRANCO, Acre, Brasil, ESCOLA DOUTOR SANTIAGO DANTAS"
2020,RIO BRANCO,9,388,ESCOLA ESTADUAL MARIA CHALUB LEITE,5,2305,"RIO BRANCO, Acre, Brasil, ESCOLA ESTADUAL MARIA CHALUB LEITE"
2020,RIO BRANCO,9,117,ESCOLA PÚBLICA HELOÍSA MOURÃO MARQUES,2,1015,"RIO BRANCO, Acre, Brasil, ESCOLA PÚBLICA HELOÍSA MOURÃO MARQUES"
2020,RIO BRANCO,9,27,ESCOLA LOURIVAL SOMBRA,6,1058,"RIO BRANCO, Acre, Brasil, ESCOLA LOURIVAL SOMBRA"
2020,RIO BRANCO,1,550,CGU,1,2909,"RIO BRANCO, Acre, Brasil, CGU"
2020,RIO BRANCO,1,573,UNIDADE DE SAÚDE FRANCISCO RONEY MEIRELES,4,3263,"RIO BRANCO, Acre, Brasil, UNIDADE DE SAÚDE FRANCISCO RONEY MEIRELES"
2020,RIO BRANCO,1,450,ESCOLA ELIAS MANSOUR,3,2526,"RIO BRANCO, Acre, Brasil, ESCOLA ELIAS MANSOUR"
2020,RIO BRANCO,1,182,ESCOLA LOURIVAL PINHO,12,1643,"RIO BRANCO, Acre, Brasil, ESCOLA LOURIVAL PINHO"
2020,RIO BRANCO,1,509,ESCOLA PROFESSOR JOSUÉ FERNANDES,3,2712,"RIO BRANCO, Acre, Brasil, ESCOLA PROFESSOR JOSUÉ FERNANDES"
2020,RIO BRANCO,1,528,ESCOLA DE EDUCAÇÃO INFANTIL WILLY VIANA DAS NEVES,1,2984,"RIO BRANCO, Acre, Brasil, ESCOLA DE EDUCAÇÃO INFANTIL WILLY VIANA DAS NEVES"
2020,RIO BRANCO,1,636,INCRA - INSTITUTO NACIONAL DE COLONIZAÇÃO E REFORMA AGRÁRIA,5,3280,"RIO BRANCO, Acre, Brasil, INCRA - INSTITUTO NACIONAL DE COLONIZAÇÃO E REFORMA AGRÁRIA"
2020,RIO BRANCO,1,505,ESCOLA DUQUE DE CAXIAS,1,2720,"RIO BRANCO, Acre, Brasil, ESCOLA DUQUE DE CAXIAS"
2020,RIO BRANCO,1,654,ESCOLA PIMENTEL GOMES,2,3336,"RIO BRANCO, Acre, Brasil, ESCOLA PIMENTEL GOMES"
2020,RIO BRANCO,1,778,ESCOLA PADRE CARLOS CASAVECCHIA,2,3743,"RIO BRANCO, Acre, Brasil, ESCOLA PADRE CARLOS CASAVECCHIA"
2020,RIO BRANCO,1,204,ESCOLA RURAL CAPITÃO EDGARD CERQUEIRA FILHO,1,1783,"RIO BRANCO, Acre, Brasil, ESCOLA RURAL CAPITÃO EDGARD CERQUEIRA FILHO"
2020,RIO BRANCO,1,174,ESCOLA ROBERTO SANCHES MUBARAC,2,1872,"RIO BRANCO, Acre, Brasil, ESCOLA ROBERTO SANCHES MUBARAC"
2020,RIO BRANCO,1,400,ESCOLA ANITA GARIBALDI,2,1384,"RIO BRANCO, Acre, Brasil, ESCOLA ANITA GARIBALDI"
2020,RIO BRANCO,1,330,ESCOLA MADRE HILDEBRANDA DO PRA,1,2089,"RIO BRANCO, Acre, Brasil, ESCOLA MADRE HILDEBRANDA DO PRA"
2020,RIO BRANCO,1,391,SENAI,31,2054,"RIO BRANCO, Acre, Brasil, SENAI"
2020,RIO BRANCO,1,639,ESCOLA NEUTEL MAIA,6,3298,"RIO BRANCO, Acre, Brasil, ESCOLA NEUTEL MAIA"
2020,RIO BRANCO,1,28,CADES (ANTIGA SECTAS),8,2658,"RIO BRANCO, Acre, Brasil, CADES (ANTIGA SECTAS)"
2020,RIO BRANCO,1,697,ESCOLA GLÓRIA PEREZ,6,3468,"RIO BRANCO, Acre, Brasil, ESCOLA GLÓRIA PEREZ"
2020,RIO BRANCO,1,564,MINISTÉRIO DA AGRICULTURA - MAPA,5,3034,"RIO BRANCO, Acre, Brasil, MINISTÉRIO DA AGRICULTURA - MAPA"
2020,RIO BRANCO,1,648,ESCOLA SAMUEL BARREIRA,5,3310,"RIO BRANCO, Acre, Brasil, ESCOLA SAMUEL BARREIRA"
2020,RIO BRANCO,1,662,ESCOLA JORGE FELIX LAVOCAT,3,3352,"RIO BRANCO, Acre, Brasil, ESCOLA JORGE FELIX LAVOCAT"
2020,RIO BRANCO,9,409,UFAC - UNIVERSIDADE FEDERAL DO ACRE,1,1198,"RIO BRANCO, Acre, Brasil, UFAC - UNIVERSIDADE FEDERAL DO ACRE"
2020,RIO BRANCO,1,171,PALACIO DAS SECRETARIAS,4,1490,"RIO BRANCO, Acre, Brasil, PALACIO DAS SECRETARIAS"
2020,RIO BRANCO,9,122,ESCOLA JUVENAL ANTUNES,12,1589,"RIO BRANCO, Acre, Brasil, ESCOLA JUVENAL ANTUNES"
2020,RIO BRANCO,1,790,ESCOLA MUNICIPAL LUIZA CARNEIRO DANTAS,2,3573,"RIO BRANCO, Acre, Brasil, ESCOLA MUNICIPAL LUIZA CARNEIRO DANTAS"
2020,RIO BRANCO,9,380,ESCOLA ESTADUAL DJALMA TELES GALDINO,1,2275,"RIO BRANCO, Acre, Brasil, ESCOLA ESTADUAL DJALMA TELES GALDINO"
2020,RIO BRANCO,1,755,ELETROACRE,4,3654,"RIO BRANCO, Acre, Brasil, ELETROACRE"
2020,RIO BRANCO,9,172,ESCOLA LUIZA BATISTA DE SOUZA,8,1066,"RIO BRANCO, Acre, Brasil, ESCOLA LUIZA BATISTA DE SOUZA"
2020,RIO BRANCO,9,285,ASSOCIAÇÃO DE PAIS E AMIGOS DOS EXCEPCIONAIS - APAE,1,1430,"RIO BRANCO, Acre, Brasil, ASSOCIAÇÃO DE PAIS E AMIGOS DOS EXCEPCIONAIS - APAE"
2020,RIO BRANCO,9,214,ESCOLA CLÍNIO BRANDÃO,6,1244,"RIO BRANCO, Acre, Brasil, ESCOLA CLÍNIO BRANDÃO"
2020,RIO BRANCO,9,400,ESCOLA ISMAEL GOMES DE CARVALHO,2,2330,"RIO BRANCO, Acre, Brasil, ESCOLA ISMAEL GOMES DE CARVALHO"
2020,RIO BRANCO,9,57,ESCOLA TANCREDO NEVES,4,1104,"RIO BRANCO, Acre, Brasil, ESCOLA TANCREDO NEVES"
2020,RIO BRANCO,9,356,ESCOLA DOUTOR JOAO AGUIAR,2,2186,"RIO BRANCO, Acre, Brasil, ESCOLA DOUTOR JOAO AGUIAR"
2020,RIO BRANCO,9,351,ESCOLA MUNICIPAL JESSÉ SANTIAGO,3,2178,"RIO BRANCO, Acre, Brasil, ESCOLA MUNICIPAL JESSÉ SANTIAGO"
2020,RIO BRANCO,1,567,ESCOLA MUNICIPAL MONTE CASTELO,5,3247,"RIO BRANCO, Acre, Brasil, ESCOLA MUNICIPAL MONTE CASTELO"
2020,RIO BRANCO,9,343,ESCOLA PROFESSORA IONE PORTELA DA COSTA CASAS,2,2135,"RIO BRANCO, Acre, Brasil, ESCOLA PROFESSORA IONE PORTELA DA COSTA CASAS"
2020,RIO BRANCO,9,190,ESCOLA PÚBLICA ALCIMAR LEITÃO,14,1147,"RIO BRANCO, Acre, Brasil, ESCOLA PÚBLICA ALCIMAR LEITÃO"
2020,RIO BRANCO,1,7,ASSEMBLEIA LEGISLATIVA DO ACRE,5,2321,"RIO BRANCO, Acre, Brasil, ASSEMBLEIA LEGISLATIVA DO ACRE"
2020,RIO BRANCO,1,93,ESCOLA PROF JOSE RODRIGUES LEITE - ETICA,9,1317,"RIO BRANCO, Acre, Brasil, ESCOLA PROF JOSE RODRIGUES LEITE - ETICA"
2020,RIO BRANCO,1,677,IDAF - AVIÁRIO,5,3387,"RIO BRANCO, Acre, Brasil, IDAF - AVIÁRIO"
2020,RIO BRANCO,9,79,CENTRO CULTURAL E SOCIAL LYDIA HAMMES (ANTIGO INPA),5,1287,"RIO BRANCO, Acre, Brasil, CENTRO CULTURAL E SOCIAL LYDIA HAMMES (ANTIGO INPA)"
2020,RIO BRANCO,1,719,UMARB - UNIÃO MUNICIPAL DAS ASSOCIAÇÕES DE MORADORES DE RIO BRANCO,1,3530,"RIO BRANCO, Acre, Brasil, UMARB - UNIÃO MUNICIPAL DAS ASSOCIAÇÕES DE MORADORES DE RIO BRANCO"
2020,RIO BRANCO,9,263,ESCOLA ESTADUAL PROFESSORA ILKA MARIA DE LIMA,6,1953,"RIO BRANCO, Acre, Brasil, ESCOLA ESTADUAL PROFESSORA ILKA MARIA DE LIMA"
2020,RIO BRANCO,9,394,UNIDADE DE SAÚDE DA FAMÍLIA PLATILDE OLIVEIRA DA SILVA,4,2321,"RIO BRANCO, Acre, Brasil, UNIDADE DE SAÚDE DA FAMÍLIA PLATILDE OLIVEIRA DA SILVA"
2020,RIO BRANCO,1,546,ESCOLA PROF RAIMUNDA SILVA PARÁ,5,2895,"RIO BRANCO, Acre, Brasil, ESCOLA PROF RAIMUNDA SILVA PARÁ"
2020,RIO BRANCO,9,197,ESCOLA  AFONSO PINTO DE MEDEIROS,3,1597,"RIO BRANCO, Acre, Brasil, ESCOLA  AFONSO PINTO DE MEDEIROS"
2020,RIO BRANCO,1,159,INSTITUTO IMACULADA CONCEICAO - CENEC,7,1465,"RIO BRANCO, Acre, Brasil, INSTITUTO IMACULADA CONCEICAO - CENEC"
2020,RIO BRANCO,9,233,ESCOLA SERAFIM SILVA SALGADO,6,1090,"RIO BRANCO, Acre, Brasil, ESCOLA SERAFIM SILVA SALGADO"
2020,RIO BRANCO,9,278,ESCOLA ARACY CERQUEIRA,9,1694,"RIO BRANCO, Acre, Brasil, ESCOLA ARACY CERQUEIRA"
2020,RIO BRANCO,1,765,PROCURADORIA GERAL DO ESTADO DO ACRE - PGE/AC,7,3697,"RIO BRANCO, Acre, Brasil, PROCURADORIA GERAL DO ESTADO DO ACRE - PGE/AC"
2020,RIO BRANCO,9,59,DEPARTAMENTO DE VIGILÂNCIA EPIDEMIOLÓGICA,9,1783,"RIO BRANCO, Acre, Brasil, DEPARTAMENTO DE VIGILÂNCIA EPIDEMIOLÓGICA"
2020,RIO BRANCO,9,315,SECRETARIA DE EDUCAÇÃO E CULTURA,4,1112,"RIO BRANCO, Acre, Brasil, SECRETARIA DE EDUCAÇÃO E CULTURA"
2020,RIO BRANCO,1,789,ESCOLA PROF RAIMUNDA SILVA PARÁ,2,2895,"RIO BRANCO, Acre, Brasil, ESCOLA PROF RAIMUNDA SILVA PARÁ"
2020,RIO BRANCO,9,145,ESCOLA FRANCISCO DE PAULA LEITE OITICICA,3,1538,"RIO BRANCO, Acre, Brasil, ESCOLA FRANCISCO DE PAULA LEITE OITICICA"
2020,RIO BRANCO,1,26,FORUM BARAO DO RIO BRANCO,4,1708,"RIO BRANCO, Acre, Brasil, FORUM BARAO DO RIO BRANCO"
2020,RIO BRANCO,9,162,ESCOLA IRMÃ MARIA GABRIELA SOARES,2,1643,"RIO BRANCO, Acre, Brasil, ESCOLA IRMÃ MARIA GABRIELA SOARES"
2020,RIO BRANCO,9,344,ESCOLA PROFESSORA IONE PORTELA DA COSTA CASAS,4,2135,"RIO BRANCO, Acre, Brasil, ESCOLA PROFESSORA IONE PORTELA DA COSTA CASAS"
2020,RIO BRANCO,9,91,ESCOLA SHEILA MARIA NASSERALA,2,1210,"RIO BRANCO, Acre, Brasil, ESCOLA SHEILA MARIA NASSERALA"
2020,RIO BRANCO,1,97,ESCOLA MARIA ANGÉLICA DE CASTRO,3,2569,"RIO BRANCO, Acre, Brasil, ESCOLA MARIA ANGÉLICA DE CASTRO"
2020,RIO BRANCO,1,728,CEJA - SÃO FRANCISCO,3,3565,"RIO BRANCO, Acre, Brasil, CEJA - SÃO FRANCISCO"
2020,RIO BRANCO,9,241,ESCOLA FREI THIAGO MARIA MATIOLI,7,1627,"RIO BRANCO, Acre, Brasil, ESCOLA FREI THIAGO MARIA MATIOLI"
2020,RIO BRANCO,9,325,ESCOLA MUNICIPAL INFANTIL FRANCISCA ARAGAO DA SILVA,6,2089,"RIO BRANCO, Acre, Brasil, ESCOLA MUNICIPAL INFANTIL FRANCISCA ARAGAO DA SILVA"
2020,RIO BRANCO,9,276,ESCOLA AYRTON SENNA DA SILVA,2,1660,"RIO BRANCO, Acre, Brasil, ESCOLA AYRTON SENNA DA SILVA"
2020,RIO BRANCO,9,318,INSTITUTO FEDERAL DO ACRE - IFAC -  BAIXADA,3,1023,"RIO BRANCO, Acre, Brasil, INSTITUTO FEDERAL DO ACRE - IFAC -  BAIXADA"
2020,RIO BRANCO,9,138,ESCOLA PÚBLICA RAIMUNDO GOMES DE OLIVEIRA,10,1333,"RIO BRANCO, Acre, Brasil, ESCOLA PÚBLICA RAIMUNDO GOMES DE OLIVEIRA"
2020,RIO BRANCO,9,183,ESCOLA JUVENAL ANTUNES,7,1589,"RIO BRANCO, Acre, Brasil, ESCOLA JUVENAL ANTUNES"
2020,RIO BRANCO,1,671,ESCOLA BERTA VIEIRA DE ANDRADE,3,3379,"RIO BRANCO, Acre, Brasil, ESCOLA BERTA VIEIRA DE ANDRADE"
2020,RIO BRANCO,9,322,ASSOC. COMERCIAL - ACISA,7,2070,"RIO BRANCO, Acre, Brasil, ASSOC. COMERCIAL - ACISA"
2020,RIO BRANCO,1,682,"SEC. EST. DE DESENV. FLORESTAL, DA IND., DO COM., E SERV. SUSTENTÁVEIS",9,3409,"RIO BRANCO, Acre, Brasil, SEC. EST. DE DESENV. FLORESTAL, DA IND., DO COM., E SERV. SUSTENTÁVEIS"
2020,RIO BRANCO,9,35,ESCOLA MUNICIPAL ANGELINA GONÇALVES DE SOUZA,8,1040,"RIO BRANCO, Acre, Brasil, ESCOLA MUNICIPAL ANGELINA GONÇALVES DE SOUZA"
2020,RIO BRANCO,9,108,ESCOLA FLAVIANO FLÁVIO BAPTISTA,1,1635,"RIO BRANCO, Acre, Brasil, ESCOLA FLAVIANO FLÁVIO BAPTISTA"
2020,RIO BRANCO,1,6,COLÉGIO ESTADUAL BARÃO DO RIO BRANCO,7,1031,"RIO BRANCO, Acre, Brasil, COLÉGIO ESTADUAL BARÃO DO RIO BRANCO"
2020,RIO BRANCO,9,320,ESCOLA SAO FRANCISCO DE ASSIS,5,2062,"RIO BRANCO, Acre, Brasil, ESCOLA SAO FRANCISCO DE ASSIS"
2020,RIO BRANCO,1,468,ESCOLA BENFICA,1,2674,"RIO BRANCO, Acre, Brasil, ESCOLA BENFICA"
2020,RIO BRANCO,1,658,ESCOLA PROFESSORA CLÍCIA GADELHA,5,3344,"RIO BRANCO, Acre, Brasil, ESCOLA PROFESSORA CLÍCIA GADELHA"
2020,RIO BRANCO,1,486,ESCOLA BELO JARDIM,3,2798,"RIO BRANCO, Acre, Brasil, ESCOLA BELO JARDIM"
2020,RIO BRANCO,1,187,OCA RIO BRANCO,16,1066,"RIO BRANCO, Acre, Brasil, OCA RIO BRANCO"
2020,RIO BRANCO,1,268,ESCOLA GEORGETE ELUAN KALUME,24,1929,"RIO BRANCO, Acre, Brasil, ESCOLA GEORGETE ELUAN KALUME"
2020,RIO BRANCO,1,795,ESCOLA CARMELITA BARBOSA MONTENEGRO,3,2968,"RIO BRANCO, Acre, Brasil, ESCOLA CARMELITA BARBOSA MONTENEGRO"
2020,RIO BRANCO,1,466,ESCOLA PROF. SEBASTIÃO PEDROSA (ARENA DA FLORESTA),4,2550,"RIO BRANCO, Acre, Brasil, ESCOLA PROF. SEBASTIÃO PEDROSA (ARENA DA FLORESTA)"
2020,RIO BRANCO,1,519,ESCOLA PROF. SEBASTIÃO PEDROSA (ARENA DA FLORESTA),10,2550,"RIO BRANCO, Acre, Brasil, ESCOLA PROF. SEBASTIÃO PEDROSA (ARENA DA FLORESTA)"
2020,RIO BRANCO,1,38,COLEGIO ACREANO,7,1139,"RIO BRANCO, Acre, Brasil, COLEGIO ACREANO"
2020,RIO BRANCO,1,50,DERACRE,10,1171,"RIO BRANCO, Acre, Brasil, DERACRE"
2020,RIO BRANCO,1,303,INSTITUTO DO MEIO AMBIENTE DO ACRE-IMAC,6,1988,"RIO BRANCO, Acre, Brasil, INSTITUTO DO MEIO AMBIENTE DO ACRE-IMAC"
2020,RIO BRANCO,1,680,INSS - AGÊNCIA DO BOSQUE,3,3395,"RIO BRANCO, Acre, Brasil, INSS - AGÊNCIA DO BOSQUE"
2020,RIO BRANCO,9,272,SMZC - SECRETARIA MUNICIPAL E ZELADORIA DA CIDADE,2,1325,"RIO BRANCO, Acre, Brasil, SMZC - SECRETARIA MUNICIPAL E ZELADORIA DA CIDADE"
2020,RIO BRANCO,9,232,ESCOLA ACREANA DE MÚSICA (ANT CENTRO CULTURAL),7,1767,"RIO BRANCO, Acre, Brasil, ESCOLA ACREANA DE MÚSICA (ANT CENTRO CULTURAL)"
2020,RIO BRANCO,9,365,ESCOLA ESTADUAL PROFESSORA ELOZIRA DOS SANTOS TOMÉ,1,2216,"RIO BRANCO, Acre, Brasil, ESCOLA ESTADUAL PROFESSORA ELOZIRA DOS SANTOS TOMÉ"
2020,RIO BRANCO,9,370,ESCOLA EUFROSINA SILVA OLIVEIRA,5,2224,"RIO BRANCO, Acre, Brasil, ESCOLA EUFROSINA SILVA OLIVEIRA"
2020,RIO BRANCO,1,681,INSS - AGÊNCIA DO BOSQUE,6,3395,"RIO BRANCO, Acre, Brasil, INSS - AGÊNCIA DO BOSQUE"
2020,RIO BRANCO,9,336,CENTRO CULTURAL THAUMATURGO FILHO,6,2119,"RIO BRANCO, Acre, Brasil, CENTRO CULTURAL THAUMATURGO FILHO"
2020,RIO BRANCO,9,350,DEFENSORIA PÚBLICA DO ESTADO - DPE,4,2364,"RIO BRANCO, Acre, Brasil, DEFENSORIA PÚBLICA DO ESTADO - DPE"
2020,RIO BRANCO,9,289,ESCOLA ALMADA BRITO,2,1724,"RIO BRANCO, Acre, Brasil, ESCOLA ALMADA BRITO"
2020,RIO BRANCO,9,374,UNIDADE DE SAÚDE DA FAMÍLIA ELPÍDIO MOREIRA SOUZA,3,2240,"RIO BRANCO, Acre, Brasil, UNIDADE DE SAÚDE DA FAMÍLIA ELPÍDIO MOREIRA SOUZA"
2020,RIO BRANCO,1,782,INSTITUTO FEDERAL DO ACRE - IFAC,9,3751,"RIO BRANCO, Acre, Brasil, INSTITUTO FEDERAL DO ACRE - IFAC"
2020,RIO BRANCO,9,64,ESCOLA PÚBLICA ADALBERTO SENA,9,1139,"RIO BRANCO, Acre, Brasil, ESCOLA PÚBLICA ADALBERTO SENA"
2020,RIO BRANCO,1,448,ESCOLA ANTONIA FERNANDES DE FREITAS,2,2470,"RIO BRANCO, Acre, Brasil, ESCOLA ANTONIA FERNANDES DE FREITAS"
2020,RIO BRANCO,9,58,ESCOLA TANCREDO NEVES,5,1104,"RIO BRANCO, Acre, Brasil, ESCOLA TANCREDO NEVES"
2020,RIO BRANCO,9,385,ESCOLA JOELMA OLIVEIRA DE LIMA,1,2097,"RIO BRANCO, Acre, Brasil, ESCOLA JOELMA OLIVEIRA DE LIMA"
2020,RIO BRANCO,9,313,UFAC - UNIVERSIDADE FEDERAL DO ACRE,6,1198,"RIO BRANCO, Acre, Brasil, UFAC - UNIVERSIDADE FEDERAL DO ACRE"
2020,RIO BRANCO,9,397,ESCOLA ISMAEL GOMES DE CARVALHO,1,2330,"RIO BRANCO, Acre, Brasil, ESCOLA ISMAEL GOMES DE CARVALHO"
2020,RIO BRANCO,1,390,ESCOLA ZULEIDE PEREIRA DE SOUZA,3,1996,"RIO BRANCO, Acre, Brasil, ESCOLA ZULEIDE PEREIRA DE SOUZA"
2020,RIO BRANCO,1,447,ESCOLA ZULEIDE PEREIRA DE SOUZA,8,1996,"RIO BRANCO, Acre, Brasil, ESCOLA ZULEIDE PEREIRA DE SOUZA"
2020,RIO BRANCO,1,422,ESCOLA MARIA ANGÉLICA DE CASTRO,5,2569,"RIO BRANCO, Acre, Brasil, ESCOLA MARIA ANGÉLICA DE CASTRO"
2020,RIO BRANCO,9,254,ESCOLA AYRTON SENNA DA SILVA,3,1660,"RIO BRANCO, Acre, Brasil, ESCOLA AYRTON SENNA DA SILVA"
2020,RIO BRANCO,9,277,ESCOLA BOA UNIÃO,2,1740,"RIO BRANCO, Acre, Brasil, ESCOLA BOA UNIÃO"
2020,RIO BRANCO,1,270,ESCOLA DEPUTADO RAIMUNDO HERMINIO DE MELO,3,1848,"RIO BRANCO, Acre, Brasil, ESCOLA DEPUTADO RAIMUNDO HERMINIO DE MELO"
2020,RIO BRANCO,1,13,DELEGACIA DO MINISTERIO DO TRABALHO,8,1961,"RIO BRANCO, Acre, Brasil, DELEGACIA DO MINISTERIO DO TRABALHO"
2020,RIO BRANCO,1,750,COHAB-ACRE,7,3646,"RIO BRANCO, Acre, Brasil, COHAB-ACRE"
2020,RIO BRANCO,9,176,UFAC - UNIVERSIDADE FEDERAL DO ACRE,5,1198,"RIO BRANCO, Acre, Brasil, UFAC - UNIVERSIDADE FEDERAL DO ACRE"
2020,RIO BRANCO,1,713,ESCOLA TEODOLINA FALCAO MACEDO,4,3506,"RIO BRANCO, Acre, Brasil, ESCOLA TEODOLINA FALCAO MACEDO"
2020,RIO BRANCO,9,164,DEPARTAMENTO DE VIIGILÂNCIA SANITÁRIA (ANTIGA EMURB),9,1350,"RIO BRANCO, Acre, Brasil, DEPARTAMENTO DE VIIGILÂNCIA SANITÁRIA (ANTIGA EMURB)"
2020,RIO BRANCO,1,439,ESCOLA ESTADUAL PROFESSORA TEREZINHA MIGUÉIS,5,1295,"RIO BRANCO, Acre, Brasil, ESCOLA ESTADUAL PROFESSORA TEREZINHA MIGUÉIS"
2020,RIO BRANCO,9,193,ESCOLA PÚBLICA ÁUREA PIRES,2,1163,"RIO BRANCO, Acre, Brasil, ESCOLA PÚBLICA ÁUREA PIRES"
2020,RIO BRANCO,9,300,ESCOLA INFANTIL VALDIVA DE CASTRO DOS SANTOS,5,2038,"RIO BRANCO, Acre, Brasil, ESCOLA INFANTIL VALDIVA DE CASTRO DOS SANTOS"
2020,RIO BRANCO,9,384,ESCOLA CHRIZARUBINA LEITÃO ABRAÃO,2,2283,"RIO BRANCO, Acre, Brasil, ESCOLA CHRIZARUBINA LEITÃO ABRAÃO"
2020,RIO BRANCO,9,405,FACULDADE UNINORTE,9,1899,"RIO BRANCO, Acre, Brasil, FACULDADE UNINORTE"
2020,RIO BRANCO,9,410,FAMETA,5,2020,"RIO BRANCO, Acre, Brasil, FAMETA"
2020,RIO BRANCO,9,251,ESCOLA HENRIQUE LIMA,5,1201,"RIO BRANCO, Acre, Brasil, ESCOLA HENRIQUE LIMA"
2020,RIO BRANCO,9,360,ESCOLA PROFESSOR ALVARO VIEIRA DA ROCHA,1,2160,"RIO BRANCO, Acre, Brasil, ESCOLA PROFESSOR ALVARO VIEIRA DA ROCHA"
2020,RIO BRANCO,9,125,ESCOLA MUNICIPAL ANGELINA GONÇALVES DE SOUZA,7,1040,"RIO BRANCO, Acre, Brasil, ESCOLA MUNICIPAL ANGELINA GONÇALVES DE SOUZA"
2020,RIO BRANCO,9,386,ESCOLA ESTADUAL MARIA CHALUB LEITE,5,2305,"RIO BRANCO, Acre, Brasil, ESCOLA ESTADUAL MARIA CHALUB LEITE"
2020,RIO BRANCO,9,287,ESCOLA ESTADUAL EDILSON FAÇANHA,4,1937,"RIO BRANCO, Acre, Brasil, ESCOLA ESTADUAL EDILSON FAÇANHA"
2020,RIO BRANCO,9,132,ESCOLA FRANCISCO DE PAULA LEITE OITICICA,3,1538,"RIO BRANCO, Acre, Brasil, ESCOLA FRANCISCO DE PAULA LEITE OITICICA"
2020,RIO BRANCO,1,745,IAPEN - INSTITUTO DE ADMINISTRAÇÃO PENITENCIÁRIA ESTADUAL,2,3620,"RIO BRANCO, Acre, Brasil, IAPEN - INSTITUTO DE ADMINISTRAÇÃO PENITENCIÁRIA ESTADUAL"
2020,RIO BRANCO,9,13,ESCOLA IRMÃ MARIA GABRIELA SOARES,2,1643,"RIO BRANCO, Acre, Brasil, ESCOLA IRMÃ MARIA GABRIELA SOARES"
2020,RIO BRANCO,9,86,UFAC - UNIVERSIDADE FEDERAL DO ACRE,5,1198,"RIO BRANCO, Acre, Brasil, UFAC - UNIVERSIDADE FEDERAL DO ACRE"
2020,RIO BRANCO,9,319,ESCOLA SAO FRANCISCO DE ASSIS,8,2062,"RIO BRANCO, Acre, Brasil, ESCOLA SAO FRANCISCO DE ASSIS"
2020,RIO BRANCO,9,49,DETRAN,10,1503,"RIO BRANCO, Acre, Brasil, DETRAN"
2020,RIO BRANCO,9,128,ESCOLA MARIA RAIMUNDA BALBINO DA SILVA,4,1295,"RIO BRANCO, Acre, Brasil, ESCOLA MARIA RAIMUNDA BALBINO DA SILVA"
2020,RIO BRANCO,9,268,ESCOLA MUNICIPAL JOSE POTYGUARA,3,1929,"RIO BRANCO, Acre, Brasil, ESCOLA MUNICIPAL JOSE POTYGUARA"
2020,RIO BRANCO,9,198,ESCOLA AYRTON SENNA DA SILVA,3,1660,"RIO BRANCO, Acre, Brasil, ESCOLA AYRTON SENNA DA SILVA"
2020,RIO BRANCO,1,672,ESCOLA BERTA VIEIRA DE ANDRADE,3,3379,"RIO BRANCO, Acre, Brasil, ESCOLA BERTA VIEIRA DE ANDRADE"
2020,RIO BRANCO,9,328,ESCOLA JOELMA OLIVEIRA DE LIMA,5,2097,"RIO BRANCO, Acre, Brasil, ESCOLA JOELMA OLIVEIRA DE LIMA"
2020,RIO BRANCO,9,119,ESCOLA JOSÉ SALES DE ARAÚJO,7,1260,"RIO BRANCO, Acre, Brasil, ESCOLA JOSÉ SALES DE ARAÚJO"
2020,RIO BRANCO,9,218,FUNDAÇÃO BRADESCO,4,1708,"RIO BRANCO, Acre, Brasil, FUNDAÇÃO BRADESCO"
2020,RIO BRANCO,9,39,SEAPROF,4,1155,"RIO BRANCO, Acre, Brasil, SEAPROF"
2020,RIO BRANCO,9,90,ESCOLA SHEILA MARIA NASSERALA,7,1210,"RIO BRANCO, Acre, Brasil, ESCOLA SHEILA MARIA NASSERALA"
2020,RIO BRANCO,9,306,URAP - AUGUSTO HIDALGO DE LIMA,2,1759,"RIO BRANCO, Acre, Brasil, URAP - AUGUSTO HIDALGO DE LIMA"
2020,RIO BRANCO,1,786,INSTITUTO FEDERAL DO ACRE - IFAC,5,3751,"RIO BRANCO, Acre, Brasil, INSTITUTO FEDERAL DO ACRE - IFAC"
2020,RIO BRANCO,9,408,ESCOLA FRANCISCO SALGADO FILHO,11,1031,"RIO BRANCO, Acre, Brasil, ESCOLA FRANCISCO SALGADO FILHO"
2020,RIO BRANCO,9,381,ESCOLA ESTADUAL DJALMA TELES GALDINO,1,2275,"RIO BRANCO, Acre, Brasil, ESCOLA ESTADUAL DJALMA TELES GALDINO"
2020,RIO BRANCO,9,282,ESCOLA FRANCISCO SALGADO FILHO,4,1031,"RIO BRANCO, Acre, Brasil, ESCOLA FRANCISCO SALGADO FILHO"
2020,RIO BRANCO,9,227,CENTRO DE REFERÊNCIA DA REGIONAL VI,3,1775,"RIO BRANCO, Acre, Brasil, CENTRO DE REFERÊNCIA DA REGIONAL VI"
2020,RIO BRANCO,9,80,CENTRO CULTURAL E SOCIAL LYDIA HAMMES (ANTIGO INPA),1,1287,"RIO BRANCO, Acre, Brasil, CENTRO CULTURAL E SOCIAL LYDIA HAMMES (ANTIGO INPA)"
2020,RIO BRANCO,9,180,ESCOLA JOSÉ SALES DE ARAÚJO,7,1260,"RIO BRANCO, Acre, Brasil, ESCOLA JOSÉ SALES DE ARAÚJO"
2020,RIO BRANCO,1,480,ESCOLA JOAO MARIANO,6,1856,"RIO BRANCO, Acre, Brasil, ESCOLA JOAO MARIANO"
2020,RIO BRANCO,9,266,ESCOLA ESTADUAL TEREZINHA KALUME,6,1961,"RIO BRANCO, Acre, Brasil, ESCOLA ESTADUAL TEREZINHA KALUME"
2020,RIO BRANCO,1,736,ESCOLA VOVO MOCINHA,2,3590,"RIO BRANCO, Acre, Brasil, ESCOLA VOVO MOCINHA"
2020,RIO BRANCO,9,260,ESCOLA GOVERNADOR JOSÉ AUGUSTO,1,1732,"RIO BRANCO, Acre, Brasil, ESCOLA GOVERNADOR JOSÉ AUGUSTO"
2020,RIO BRANCO,1,443,ESCOLA OSCAR FELICIO DE SOUZA,25,2534,"RIO BRANCO, Acre, Brasil, ESCOLA OSCAR FELICIO DE SOUZA"
2020,RIO BRANCO,9,173,ESCOLA ALMADA BRITO,6,1724,"RIO BRANCO, Acre, Brasil, ESCOLA ALMADA BRITO"
2020,RIO BRANCO,9,366,ESCOLA ESTADUAL PROFESSORA ELOZIRA DOS SANTOS TOMÉ,8,2216,"RIO BRANCO, Acre, Brasil, ESCOLA ESTADUAL PROFESSORA ELOZIRA DOS SANTOS TOMÉ"
2020,RIO BRANCO,9,46,ESCOLA PADRE DIOGO FEIJÓ,15,1082,"RIO BRANCO, Acre, Brasil, ESCOLA PADRE DIOGO FEIJÓ"
2020,RIO BRANCO,9,265,ESCOLA ESTADUAL RURAL JORGE KALUME,25,1910,"RIO BRANCO, Acre, Brasil, ESCOLA ESTADUAL RURAL JORGE KALUME"
2020,RIO BRANCO,1,494,ESCOLA PAULO FREIRE,3,2542,"RIO BRANCO, Acre, Brasil, ESCOLA PAULO FREIRE"
2020,RIO BRANCO,9,284,ESCOLA BOA UNIÃO,1,1740,"RIO BRANCO, Acre, Brasil, ESCOLA BOA UNIÃO"
2020,RIO BRANCO,1,86,ESCOLA ESTADUAL PROFESSORA TEREZINHA MIGUÉIS,5,1295,"RIO BRANCO, Acre, Brasil, ESCOLA ESTADUAL PROFESSORA TEREZINHA MIGUÉIS"
2020,RIO BRANCO,1,368,SECRETARIA DA FAZENDA,5,1546,"RIO BRANCO, Acre, Brasil, SECRETARIA DA FAZENDA"
2020,RIO BRANCO,9,244,ESCOLA PÚBLICA RAIMUNDO GOMES DE OLIVEIRA,2,1333,"RIO BRANCO, Acre, Brasil, ESCOLA PÚBLICA RAIMUNDO GOMES DE OLIVEIRA"
2020,RIO BRANCO,9,102,ESCOLA PROFESSORA RAMONA M P DE CASTRO,4,1619,"RIO BRANCO, Acre, Brasil, ESCOLA PROFESSORA RAMONA M P DE CASTRO"
2020,RIO BRANCO,9,220,URAP - AUGUSTO HIDALGO DE LIMA,3,1759,"RIO BRANCO, Acre, Brasil, URAP - AUGUSTO HIDALGO DE LIMA"
2020,RIO BRANCO,9,391,ESCOLA AME (ASSOCIAÇÃO MODERNA DE ENSINO),7,2313,"RIO BRANCO, Acre, Brasil, ESCOLA AME (ASSOCIAÇÃO MODERNA DE ENSINO)"
2020,RIO BRANCO,9,67,ESCOLA PÚBLICA RAIMUNDO GOMES DE OLIVEIRA,2,1333,"RIO BRANCO, Acre, Brasil, ESCOLA PÚBLICA RAIMUNDO GOMES DE OLIVEIRA"
2020,RIO BRANCO,9,418,ESCOLA DE ENSINO FUNDAMENTAL DO SERVIÇO SOCIAL DA INDÚSTRIA - SESI,3,2100,"RIO BRANCO, Acre, Brasil, ESCOLA DE ENSINO FUNDAMENTAL DO SERVIÇO SOCIAL DA INDÚSTRIA - SESI"
2020,RIO BRANCO,9,15,ESCOLA INFANTIL MONTEIRO LOBATO,7,1368,"RIO BRANCO, Acre, Brasil, ESCOLA INFANTIL MONTEIRO LOBATO"
2020,RIO BRANCO,9,376,CONAB - SUP. MUNICIPAL DE TRANSPORTE E TRÂNSITO,6,2259,"RIO BRANCO, Acre, Brasil, CONAB - SUP. MUNICIPAL DE TRANSPORTE E TRÂNSITO"
2020,RIO BRANCO,9,414,ESCOLA JOELMA OLIVEIRA DE LIMA,1,2097,"RIO BRANCO, Acre, Brasil, ESCOLA JOELMA OLIVEIRA DE LIMA"
2020,RIO BRANCO,9,387,ESCOLA ESTADUAL MARIA CHALUB LEITE,4,2305,"RIO BRANCO, Acre, Brasil, ESCOLA ESTADUAL MARIA CHALUB LEITE"
2020,RIO BRANCO,9,327,ESCOLA MUNICIPAL INFANTIL FRANCISCA ARAGAO DA SILVA,6,2089,"RIO BRANCO, Acre, Brasil, ESCOLA MUNICIPAL INFANTIL FRANCISCA ARAGAO DA SILVA"
2020,RIO BRANCO,9,269,ESCOLA BOA UNIÃO,4,1740,"RIO BRANCO, Acre, Brasil, ESCOLA BOA UNIÃO"
2020,RIO BRANCO,1,477,BIBLIOTECA PÚBLICA ESTADUAL,7,2488,"RIO BRANCO, Acre, Brasil, BIBLIOTECA PÚBLICA ESTADUAL"
2020,RIO BRANCO,1,541,CRAS CIDADE NOVA,2,3000,"RIO BRANCO, Acre, Brasil, CRAS CIDADE NOVA"
2020,RIO BRANCO,1,299,ESCOLA MADRE HILDEBRANDA DO PRA,2,2089,"RIO BRANCO, Acre, Brasil, ESCOLA MADRE HILDEBRANDA DO PRA"
2020,RIO BRANCO,1,449,ESCOLA JOSE CHALUB LEITE,2,2577,"RIO BRANCO, Acre, Brasil, ESCOLA JOSE CHALUB LEITE"
2020,RIO BRANCO,1,15,PREFEITURA MUNICIPAL DE RIO BRANCO,9,1090,"RIO BRANCO, Acre, Brasil, PREFEITURA MUNICIPAL DE RIO BRANCO"
2020,RIO BRANCO,1,151,OCA RIO BRANCO,7,1066,"RIO BRANCO, Acre, Brasil, OCA RIO BRANCO"
2020,RIO BRANCO,1,467,SENAI,28,2054,"RIO BRANCO, Acre, Brasil, SENAI"
2020,RIO BRANCO,1,129,ESCOLA ANITA GARIBALDI,1,1384,"RIO BRANCO, Acre, Brasil, ESCOLA ANITA GARIBALDI"
2020,RIO BRANCO,1,530,ESCOLA CARMELITA BARBOSA MONTENEGRO,1,2968,"RIO BRANCO, Acre, Brasil, ESCOLA CARMELITA BARBOSA MONTENEGRO"
2020,RIO BRANCO,1,665,ESCOLA  MOZART DONIZETE,7,3360,"RIO BRANCO, Acre, Brasil, ESCOLA  MOZART DONIZETE"
2020,RIO BRANCO,1,62,ESCOLA DR. CARLOS VASCONCELOS,6,1236,"RIO BRANCO, Acre, Brasil, ESCOLA DR. CARLOS VASCONCELOS"
2020,RIO BRANCO,1,47,CENTRO DE SAUDE SOUZA ARAUJO,2,1155,"RIO BRANCO, Acre, Brasil, CENTRO DE SAUDE SOUZA ARAUJO"
2020,RIO BRANCO,1,694,CENTRO DE SAÚDE VILA IVONETE,3,3450,"RIO BRANCO, Acre, Brasil, CENTRO DE SAÚDE VILA IVONETE"
2020,RIO BRANCO,1,633,INCRA - INSTITUTO NACIONAL DE COLONIZAÇÃO E REFORMA AGRÁRIA,2,3280,"RIO BRANCO, Acre, Brasil, INCRA - INSTITUTO NACIONAL DE COLONIZAÇÃO E REFORMA AGRÁRIA"
2020,RIO BRANCO,1,308,ESCOLA ALEXANDRE DOS SANTOS LEITAO,8,2100,"RIO BRANCO, Acre, Brasil, ESCOLA ALEXANDRE DOS SANTOS LEITAO"
2020,RIO BRANCO,1,706,ESCOLA HUMBERTO SOARES,10,3492,"RIO BRANCO, Acre, Brasil, ESCOLA HUMBERTO SOARES"
2020,RIO BRANCO,1,501,ESCOLA GEORGETE ELUAN KALUME,27,1929,"RIO BRANCO, Acre, Brasil, ESCOLA GEORGETE ELUAN KALUME"
2020,RIO BRANCO,1,67,ESCOLA DR. CARLOS VASCONCELOS,2,1236,"RIO BRANCO, Acre, Brasil, ESCOLA DR. CARLOS VASCONCELOS"
2020,RIO BRANCO,1,63,ESCOLA DR. CARLOS VASCONCELOS,2,1236,"RIO BRANCO, Acre, Brasil, ESCOLA DR. CARLOS VASCONCELOS"
2020,RIO BRANCO,1,24,CENTRO DE EDUCAÇÃO DE JOVENS E ADULTOS - CEJA,8,1074,"RIO BRANCO, Acre, Brasil, CENTRO DE EDUCAÇÃO DE JOVENS E ADULTOS - CEJA"
2020,RIO BRANCO,1,659,ESCOLA PROFESSORA CLÍCIA GADELHA,2,3344,"RIO BRANCO, Acre, Brasil, ESCOLA PROFESSORA CLÍCIA GADELHA"
2020,RIO BRANCO,1,707,ESCOLA HUMBERTO SOARES,7,3492,"RIO BRANCO, Acre, Brasil, ESCOLA HUMBERTO SOARES"
2020,RIO BRANCO,1,515,OCA RIO BRANCO,11,1066,"RIO BRANCO, Acre, Brasil, OCA RIO BRANCO"
2020,RIO BRANCO,1,532,ESCOLA GEORGETE ELUAN KALUME,24,1929,"RIO BRANCO, Acre, Brasil, ESCOLA GEORGETE ELUAN KALUME"
2020,RIO BRANCO,1,463,ESCOLA DUQUE DE CAXIAS,1,2720,"RIO BRANCO, Acre, Brasil, ESCOLA DUQUE DE CAXIAS"
2020,RIO BRANCO,1,555,ESCOLA PROFESSOR JOSUÉ FERNANDES,2,2712,"RIO BRANCO, Acre, Brasil, ESCOLA PROFESSOR JOSUÉ FERNANDES"
2020,RIO BRANCO,1,277,INSTITUTO SAO JOSE,6,1473,"RIO BRANCO, Acre, Brasil, INSTITUTO SAO JOSE"
2020,RIO BRANCO,1,698,ESCOLA GLÓRIA PEREZ,3,3468,"RIO BRANCO, Acre, Brasil, ESCOLA GLÓRIA PEREZ"
2020,RIO BRANCO,1,184,ESCOLA LOURIVAL PINHO,9,1643,"RIO BRANCO, Acre, Brasil, ESCOLA LOURIVAL PINHO"
2020,RIO BRANCO,1,535,CENTRO DE EDUCAÇÃO SUPERIOR DO ACRE (ANTIGA FACULDADE BETEL),1,3050,"RIO BRANCO, Acre, Brasil, CENTRO DE EDUCAÇÃO SUPERIOR DO ACRE (ANTIGA FACULDADE BETEL)"
2020,RIO BRANCO,1,75,ESCOLA PROF. MARILENA MANSOUR (ANTIGA IRACEMA GOMES PEREIRA),2,1260,"RIO BRANCO, Acre, Brasil, ESCOLA PROF. MARILENA MANSOUR (ANTIGA IRACEMA GOMES PEREIRA)"
2020,RIO BRANCO,1,655,ESCOLA PIMENTEL GOMES,3,3336,"RIO BRANCO, Acre, Brasil, ESCOLA PIMENTEL GOMES"
2020,RIO BRANCO,1,351,ESCOLA ROBERTO SANCHES MUBARAC,3,1872,"RIO BRANCO, Acre, Brasil, ESCOLA ROBERTO SANCHES MUBARAC"
2020,RIO BRANCO,1,46,ESCOLA MENINO JESUS,3,1279,"RIO BRANCO, Acre, Brasil, ESCOLA MENINO JESUS"
2020,RIO BRANCO,1,801,FACULDADE DE TEOLOGIA E FILOSOFIA SINAL,3,3042,"RIO BRANCO, Acre, Brasil, FACULDADE DE TEOLOGIA E FILOSOFIA SINAL"
2020,RIO BRANCO,1,464,SEST/SENAT,6,2690,"RIO BRANCO, Acre, Brasil, SEST/SENAT"
2020,RIO BRANCO,9,196,ESCOLA PROFESSORA RAMONA M P DE CASTRO,4,1619,"RIO BRANCO, Acre, Brasil, ESCOLA PROFESSORA RAMONA M P DE CASTRO"
2020,RIO BRANCO,9,238,FUNDAÇÃO BRADESCO,6,1708,"RIO BRANCO, Acre, Brasil, FUNDAÇÃO BRADESCO"
2020,RIO BRANCO,1,379,INSTITUTO IMACULADA CONCEICAO - CENEC,8,1465,"RIO BRANCO, Acre, Brasil, INSTITUTO IMACULADA CONCEICAO - CENEC"
2020,RIO BRANCO,9,404,FAMETA,4,2020,"RIO BRANCO, Acre, Brasil, FAMETA"
2020,RIO BRANCO,9,407,ESCOLA MARINA VICENTE GOMES,3,2046,"RIO BRANCO, Acre, Brasil, ESCOLA MARINA VICENTE GOMES"
2020,RIO BRANCO,9,281,ESCOLA ESTADUAL PROFESSORA ILKA MARIA DE LIMA,5,1953,"RIO BRANCO, Acre, Brasil, ESCOLA ESTADUAL PROFESSORA ILKA MARIA DE LIMA"
2020,RIO BRANCO,9,16,ESCOLA JOSÉ RIBAMAR BATISTA,1,1570,"RIO BRANCO, Acre, Brasil, ESCOLA JOSÉ RIBAMAR BATISTA"
2020,RIO BRANCO,9,383,ESCOLA CHRIZARUBINA LEITÃO ABRAÃO,3,2283,"RIO BRANCO, Acre, Brasil, ESCOLA CHRIZARUBINA LEITÃO ABRAÃO"
2020,RIO BRANCO,9,161,ESCOLA JOÃO PAULO II,4,1252,"RIO BRANCO, Acre, Brasil, ESCOLA JOÃO PAULO II"
2020,RIO BRANCO,9,69,ESCOLA PÚBLICA ALCIMAR LEITÃO,15,1147,"RIO BRANCO, Acre, Brasil, ESCOLA PÚBLICA ALCIMAR LEITÃO"
2020,RIO BRANCO,1,25,COLÉGIO ESTADUAL BARÃO DO RIO BRANCO,9,1031,"RIO BRANCO, Acre, Brasil, COLÉGIO ESTADUAL BARÃO DO RIO BRANCO"
2020,RIO BRANCO,1,744,IAPEN - INSTITUTO DE ADMINISTRAÇÃO PENITENCIÁRIA ESTADUAL,4,3620,"RIO BRANCO, Acre, Brasil, IAPEN - INSTITUTO DE ADMINISTRAÇÃO PENITENCIÁRIA ESTADUAL"
2020,RIO BRANCO,9,33,ESCOLA INFANTIL BEM-TE-VI,4,1449,"RIO BRANCO, Acre, Brasil, ESCOLA INFANTIL BEM-TE-VI"
2020,RIO BRANCO,1,730,ESCOLA MUNICIPAL LUIZA CARNEIRO DANTAS,1,3573,"RIO BRANCO, Acre, Brasil, ESCOLA MUNICIPAL LUIZA CARNEIRO DANTAS"
2020,RIO BRANCO,9,84,SECRETARIA DE ESTADO DE ASSISTENCIA SOCIAL - FUMBESA,6,1171,"RIO BRANCO, Acre, Brasil, SECRETARIA DE ESTADO DE ASSISTENCIA SOCIAL - FUMBESA"
2020,RIO BRANCO,9,421,ESCOLA ESTADUAL EDILSON FAÇANHA,2,1937,"RIO BRANCO, Acre, Brasil, ESCOLA ESTADUAL EDILSON FAÇANHA"
2020,RIO BRANCO,9,114,ESCOLA PÚBLICA HELOÍSA MOURÃO MARQUES,5,1015,"RIO BRANCO, Acre, Brasil, ESCOLA PÚBLICA HELOÍSA MOURÃO MARQUES"
2020,RIO BRANCO,9,52,ESCOLA SERAFIM SILVA SALGADO,3,1090,"RIO BRANCO, Acre, Brasil, ESCOLA SERAFIM SILVA SALGADO"
2020,RIO BRANCO,9,326,ESCOLA MUNICIPAL INFANTIL FRANCISCA ARAGAO DA SILVA,8,2089,"RIO BRANCO, Acre, Brasil, ESCOLA MUNICIPAL INFANTIL FRANCISCA ARAGAO DA SILVA"
2020,RIO BRANCO,9,25,ESCOLA LOURIVAL SOMBRA,4,1058,"RIO BRANCO, Acre, Brasil, ESCOLA LOURIVAL SOMBRA"
2020,RIO BRANCO,9,19,ESCOLA FRANCISCO SALGADO FILHO,2,1031,"RIO BRANCO, Acre, Brasil, ESCOLA FRANCISCO SALGADO FILHO"
2020,RIO BRANCO,9,43,TRIBUNAL DE CONTAS DO ESTADO DO ACRE,5,1490,"RIO BRANCO, Acre, Brasil, TRIBUNAL DE CONTAS DO ESTADO DO ACRE"
2020,RIO BRANCO,1,495,CENTRO DE SAUDE CLAUDIA VITORINO,3,2836,"RIO BRANCO, Acre, Brasil, CENTRO DE SAUDE CLAUDIA VITORINO"
2020,RIO BRANCO,9,337,ESCOLA PROFESSOR PEDRO MARTINELLO,3,2127,"RIO BRANCO, Acre, Brasil, ESCOLA PROFESSOR PEDRO MARTINELLO"
2020,RIO BRANCO,9,338,ESCOLA PROFESSOR PEDRO MARTINELLO,3,2127,"RIO BRANCO, Acre, Brasil, ESCOLA PROFESSOR PEDRO MARTINELLO"
2020,RIO BRANCO,9,167,ESCOLA PÚBLICA ÁUREA PIRES,6,1163,"RIO BRANCO, Acre, Brasil, ESCOLA PÚBLICA ÁUREA PIRES"
2020,RIO BRANCO,9,191,INSTITUTO DE DESENV. DE EDUCAÇÃO PROF DOM MOACYR (COL.AGRÍCOLA),10,1180,"RIO BRANCO, Acre, Brasil, INSTITUTO DE DESENV. DE EDUCAÇÃO PROF DOM MOACYR (COL.AGRÍCOLA)"
2020,RIO BRANCO,9,257,U VERSE (ANTIGA FAAO),8,1872,"RIO BRANCO, Acre, Brasil, U VERSE (ANTIGA FAAO)"
2020,RIO BRANCO,1,673,ESCOLA BERTA VIEIRA DE ANDRADE,2,3379,"RIO BRANCO, Acre, Brasil, ESCOLA BERTA VIEIRA DE ANDRADE"
2020,RIO BRANCO,9,216,ESCOLA BOA UNIÃO,6,1740,"RIO BRANCO, Acre, Brasil, ESCOLA BOA UNIÃO"
2020,RIO BRANCO,9,66,ESCOLA PÚBLICA ADALBERTO SENA,13,1139,"RIO BRANCO, Acre, Brasil, ESCOLA PÚBLICA ADALBERTO SENA"
2020,RIO BRANCO,1,492,ESCOLA MUNICIPAL CHICO MENDES,6,2585,"RIO BRANCO, Acre, Brasil, ESCOLA MUNICIPAL CHICO MENDES"
2020,RIO BRANCO,9,151,ESCOLA FRANCISCO AUGUSTO BACURAU,5,1384,"RIO BRANCO, Acre, Brasil, ESCOLA FRANCISCO AUGUSTO BACURAU"
2020,RIO BRANCO,9,129,UFAC - UNIVERSIDADE FEDERAL DO ACRE,6,1198,"RIO BRANCO, Acre, Brasil, UFAC - UNIVERSIDADE FEDERAL DO ACRE"
2020,RIO BRANCO,9,303,INSTITUTO FEDERAL DO ACRE - IFAC -  BAIXADA,1,1023,"RIO BRANCO, Acre, Brasil, INSTITUTO FEDERAL DO ACRE - IFAC -  BAIXADA"
2020,RIO BRANCO,9,12,DEPARTAMENTO DE VIIGILÂNCIA SANITÁRIA (ANTIGA EMURB),10,1350,"RIO BRANCO, Acre, Brasil, DEPARTAMENTO DE VIIGILÂNCIA SANITÁRIA (ANTIGA EMURB)"
2020,RIO BRANCO,9,24,ESCOLA FRANCISCO AUGUSTO BACURAU,5,1384,"RIO BRANCO, Acre, Brasil, ESCOLA FRANCISCO AUGUSTO BACURAU"
2020,RIO BRANCO,1,84,ESCOLA ESTADUAL PROFESSORA TEREZINHA MIGUÉIS,3,1295,"RIO BRANCO, Acre, Brasil, ESCOLA ESTADUAL PROFESSORA TEREZINHA MIGUÉIS"
2020,RIO BRANCO,1,99,ESCOLA MARIA ANGÉLICA DE CASTRO,1,2569,"RIO BRANCO, Acre, Brasil, ESCOLA MARIA ANGÉLICA DE CASTRO"
2020,RIO BRANCO,9,299,FAMETA,7,2020,"RIO BRANCO, Acre, Brasil, FAMETA"
2020,RIO BRANCO,9,340,ESCOLA PROFESSOR PEDRO MARTINELLO,3,2127,"RIO BRANCO, Acre, Brasil, ESCOLA PROFESSOR PEDRO MARTINELLO"
2020,RIO BRANCO,9,226,ESCOLA ARMANDO NOGUEIRA,5,1678,"RIO BRANCO, Acre, Brasil, ESCOLA ARMANDO NOGUEIRA"
2020,RIO BRANCO,9,355,ESCOLA DOUTOR JOAO AGUIAR,5,2186,"RIO BRANCO, Acre, Brasil, ESCOLA DOUTOR JOAO AGUIAR"
2020,RIO BRANCO,9,62,COLÉGIO META III,4,1520,"RIO BRANCO, Acre, Brasil, COLÉGIO META III"
2020,RIO BRANCO,1,716,SENAC,10,3522,"RIO BRANCO, Acre, Brasil, SENAC"
2020,RIO BRANCO,9,113,SMZC - SECRETARIA MUNICIPAL E ZELADORIA DA CIDADE,2,1325,"RIO BRANCO, Acre, Brasil, SMZC - SECRETARIA MUNICIPAL E ZELADORIA DA CIDADE"
2020,RIO BRANCO,1,787,INSTITUTO FEDERAL DO ACRE - IFAC,3,3751,"RIO BRANCO, Acre, Brasil, INSTITUTO FEDERAL DO ACRE - IFAC"
2020,RIO BRANCO,1,454,ESCOLA MARIA ANGÉLICA DE CASTRO,3,2569,"RIO BRANCO, Acre, Brasil, ESCOLA MARIA ANGÉLICA DE CASTRO"
2020,RIO BRANCO,1,316,ESCOLA RURAL ERCÍLIA FEITOSA GOMES,7,1759,"RIO BRANCO, Acre, Brasil, ESCOLA RURAL ERCÍLIA FEITOSA GOMES"
2020,RIO BRANCO,9,297,ESCOLA ILSON RIBEIRO,3,2054,"RIO BRANCO, Acre, Brasil, ESCOLA ILSON RIBEIRO"
2020,RIO BRANCO,9,229,ESCOLA JOÃO PAULO II,2,1252,"RIO BRANCO, Acre, Brasil, ESCOLA JOÃO PAULO II"
2020,RIO BRANCO,9,221,ESCOLA ALMADA BRITO,4,1724,"RIO BRANCO, Acre, Brasil, ESCOLA ALMADA BRITO"
2020,RIO BRANCO,9,204,ESCOLA ARMANDO NOGUEIRA,4,1678,"RIO BRANCO, Acre, Brasil, ESCOLA ARMANDO NOGUEIRA"
2020,RIO BRANCO,1,649,ESCOLA RAIMUNDO MELO,5,3328,"RIO BRANCO, Acre, Brasil, ESCOLA RAIMUNDO MELO"
2020,RIO BRANCO,9,256,ESCOLA JOÃO PAULO II,2,1252,"RIO BRANCO, Acre, Brasil, ESCOLA JOÃO PAULO II"
2020,RIO BRANCO,9,195,ESCOLA JOSÉ RIBAMAR BATISTA,3,1570,"RIO BRANCO, Acre, Brasil, ESCOLA JOSÉ RIBAMAR BATISTA"
2020,RIO BRANCO,9,332,ESCOLA DE ENSINO FUNDAMENTAL DO SERVIÇO SOCIAL DA INDÚSTRIA - SESI,9,2100,"RIO BRANCO, Acre, Brasil, ESCOLA DE ENSINO FUNDAMENTAL DO SERVIÇO SOCIAL DA INDÚSTRIA - SESI"
2020,RIO BRANCO,9,159,ESCOLA TANCREDO NEVES,4,1104,"RIO BRANCO, Acre, Brasil, ESCOLA TANCREDO NEVES"
2020,RIO BRANCO,9,147,DETRAN-AC (EM FRENTE AG BANCO DO BRASIL ESTILO),4,1406,"RIO BRANCO, Acre, Brasil, DETRAN-AC (EM FRENTE AG BANCO DO BRASIL ESTILO)"
2020,RIO BRANCO,9,44,TRIBUNAL DE CONTAS DO ESTADO DO ACRE,6,1490,"RIO BRANCO, Acre, Brasil, TRIBUNAL DE CONTAS DO ESTADO DO ACRE"
2020,RIO BRANCO,9,185,ESCOLA MARILDA GOUVEIA VIANA,7,1600,"RIO BRANCO, Acre, Brasil, ESCOLA MARILDA GOUVEIA VIANA"
2020,RIO BRANCO,9,77,ESCOLA PÚBLICA ÁUREA PIRES,4,1163,"RIO BRANCO, Acre, Brasil, ESCOLA PÚBLICA ÁUREA PIRES"
2020,RIO BRANCO,9,143,ESCOLA  AFONSO PINTO DE MEDEIROS,3,1597,"RIO BRANCO, Acre, Brasil, ESCOLA  AFONSO PINTO DE MEDEIROS"
2020,RIO BRANCO,1,792,INSTITUTO FEDERAL DO ACRE - IFAC,4,3751,"RIO BRANCO, Acre, Brasil, INSTITUTO FEDERAL DO ACRE - IFAC"
2020,RIO BRANCO,1,731,ESCOLA MUNICIPAL LUIZA CARNEIRO DANTAS,2,3573,"RIO BRANCO, Acre, Brasil, ESCOLA MUNICIPAL LUIZA CARNEIRO DANTAS"
2020,RIO BRANCO,9,420,TRIBUNAL DE JUSTIÇA,8,1880,"RIO BRANCO, Acre, Brasil, TRIBUNAL DE JUSTIÇA"
2020,RIO BRANCO,9,235,ESCOLA HENRIQUE LIMA,8,1201,"RIO BRANCO, Acre, Brasil, ESCOLA HENRIQUE LIMA"
2020,RIO BRANCO,9,56,SECRETARIA DE EDUCAÇÃO E CULTURA,2,1112,"RIO BRANCO, Acre, Brasil, SECRETARIA DE EDUCAÇÃO E CULTURA"
2020,RIO BRANCO,9,258,ESCOLA HENRIQUE LIMA,2,1201,"RIO BRANCO, Acre, Brasil, ESCOLA HENRIQUE LIMA"
2020,RIO BRANCO,9,61,COLÉGIO META III,9,1520,"RIO BRANCO, Acre, Brasil, COLÉGIO META III"
2020,RIO BRANCO,9,181,ESCOLA ACREANA DE MÚSICA (ANT CENTRO CULTURAL),6,1767,"RIO BRANCO, Acre, Brasil, ESCOLA ACREANA DE MÚSICA (ANT CENTRO CULTURAL)"
2020,RIO BRANCO,9,311,TRIBUNAL DE JUSTIÇA,6,1880,"RIO BRANCO, Acre, Brasil, TRIBUNAL DE JUSTIÇA"
2020,RIO BRANCO,1,527,ESCOLA MANOEL MACHADO,2,3093,"RIO BRANCO, Acre, Brasil, ESCOLA MANOEL MACHADO"
2020,RIO BRANCO,1,741,SECRETARIA DE ARTICULAÇÃO INSTITUCIONAL - SAI (ANTIGO PEQ. NEGOCIOS),6,3603,"RIO BRANCO, Acre, Brasil, SECRETARIA DE ARTICULAÇÃO INSTITUCIONAL - SAI (ANTIGO PEQ. NEGOCIOS)"
2020,RIO BRANCO,9,18,ESCOLA FRANCISCO SALGADO FILHO,5,1031,"RIO BRANCO, Acre, Brasil, ESCOLA FRANCISCO SALGADO FILHO"
2020,RIO BRANCO,1,572,ESCOLA CASTELO BRANCO,12,3255,"RIO BRANCO, Acre, Brasil, ESCOLA CASTELO BRANCO"
2020,RIO BRANCO,9,294,COLÉGIO META III,11,1520,"RIO BRANCO, Acre, Brasil, COLÉGIO META III"
2020,RIO BRANCO,9,189,ESCOLA PADRE DIOGO FEIJÓ,11,1082,"RIO BRANCO, Acre, Brasil, ESCOLA PADRE DIOGO FEIJÓ"
2020,RIO BRANCO,9,31,ESCOLA LUIZA BATISTA DE SOUZA,3,1066,"RIO BRANCO, Acre, Brasil, ESCOLA LUIZA BATISTA DE SOUZA"
2020,RIO BRANCO,1,670,ESCOLA BERTA VIEIRA DE ANDRADE,1,3379,"RIO BRANCO, Acre, Brasil, ESCOLA BERTA VIEIRA DE ANDRADE"
2020,RIO BRANCO,1,776,CENTRO EDUCACIONAL LATU-SENSU(ANTIGO COLÉGIO SANTA MARIA),6,3735,"RIO BRANCO, Acre, Brasil, CENTRO EDUCACIONAL LATU-SENSU(ANTIGO COLÉGIO SANTA MARIA)"
2020,RIO BRANCO,9,361,ESCOLA MUNICIPAL ANICE DIB JATENE,2,2208,"RIO BRANCO, Acre, Brasil, ESCOLA MUNICIPAL ANICE DIB JATENE"
2020,RIO BRANCO,9,157,ESCOLA INFANTIL MONTEIRO LOBATO,12,1368,"RIO BRANCO, Acre, Brasil, ESCOLA INFANTIL MONTEIRO LOBATO"
2020,RIO BRANCO,1,164,EMPRESA BRASILEIRA DE CORREIOS E TELEGRÁFOS,3,1503,"RIO BRANCO, Acre, Brasil, EMPRESA BRASILEIRA DE CORREIOS E TELEGRÁFOS"
2020,RIO BRANCO,1,767,ESCOLA DR. MARIO DE OLIVEIRA,12,3700,"RIO BRANCO, Acre, Brasil, ESCOLA DR. MARIO DE OLIVEIRA"
2020,RIO BRANCO,9,123,ESCOLA MARILDA GOUVEIA VIANA,2,1600,"RIO BRANCO, Acre, Brasil, ESCOLA MARILDA GOUVEIA VIANA"
2020,RIO BRANCO,9,17,ESCOLA JOSÉ RIBAMAR BATISTA,1,1570,"RIO BRANCO, Acre, Brasil, ESCOLA JOSÉ RIBAMAR BATISTA"
2020,RIO BRANCO,9,124,ESCOLA PROFESSORA RAMONA M P DE CASTRO,2,1619,"RIO BRANCO, Acre, Brasil, ESCOLA PROFESSORA RAMONA M P DE CASTRO"
2020,RIO BRANCO,9,42,CENTRO DIA PARA IDOSOS,6,1996,"RIO BRANCO, Acre, Brasil, CENTRO DIA PARA IDOSOS"
2020,RIO BRANCO,9,72,SEAPROF,5,1155,"RIO BRANCO, Acre, Brasil, SEAPROF"
2020,RIO BRANCO,9,255,FUNDAÇÃO BRADESCO,7,1708,"RIO BRANCO, Acre, Brasil, FUNDAÇÃO BRADESCO"
2020,RIO BRANCO,1,451,ESCOLA MUNICIPAL CHICO MENDES,3,2585,"RIO BRANCO, Acre, Brasil, ESCOLA MUNICIPAL CHICO MENDES"
2020,RIO BRANCO,1,526,UNIDADE BÁSICA DE SAÚDE MARIA DA CONCEIÇÃO,3,3026,"RIO BRANCO, Acre, Brasil, UNIDADE BÁSICA DE SAÚDE MARIA DA CONCEIÇÃO"
2020,RIO BRANCO,1,732,INSTITUTO DE EDUCACAO LOURENCO FILHO,4,3581,"RIO BRANCO, Acre, Brasil, INSTITUTO DE EDUCACAO LOURENCO FILHO"
2020,RIO BRANCO,1,664,ESCOLA JORGE FELIX LAVOCAT,3,3352,"RIO BRANCO, Acre, Brasil, ESCOLA JORGE FELIX LAVOCAT"
2020,RIO BRANCO,1,699,ESCOLA GLÓRIA PEREZ,3,3468,"RIO BRANCO, Acre, Brasil, ESCOLA GLÓRIA PEREZ"
2020,RIO BRANCO,1,465,ESCOLA JOSE CHALUB LEITE,1,2577,"RIO BRANCO, Acre, Brasil, ESCOLA JOSE CHALUB LEITE"
2020,RIO BRANCO,1,35,GABINETE MILITAR DO GOVERNO DO ACRE,3,1120,"RIO BRANCO, Acre, Brasil, GABINETE MILITAR DO GOVERNO DO ACRE"
2020,RIO BRANCO,1,661,ESCOLA JORGE FELIX LAVOCAT,5,3352,"RIO BRANCO, Acre, Brasil, ESCOLA JORGE FELIX LAVOCAT"
2020,RIO BRANCO,1,499,ESCOLA PROFESSOR JOSUÉ FERNANDES,2,2712,"RIO BRANCO, Acre, Brasil, ESCOLA PROFESSOR JOSUÉ FERNANDES"
2020,RIO BRANCO,1,503,ESCOLA CLARICE FECURY,3,3174,"RIO BRANCO, Acre, Brasil, ESCOLA CLARICE FECURY"
2020,RIO BRANCO,1,703,SDA - DEPART. DE PRODUCAO ANIMAL,9,3476,"RIO BRANCO, Acre, Brasil, SDA - DEPART. DE PRODUCAO ANIMAL"
2020,RIO BRANCO,1,747,ESCOLA DOM GIOCONDO MARIA GROTTI,8,3638,"RIO BRANCO, Acre, Brasil, ESCOLA DOM GIOCONDO MARIA GROTTI"
2020,RIO BRANCO,1,76,ESCOLA PROF. MARILENA MANSOUR (ANTIGA IRACEMA GOMES PEREIRA),4,1260,"RIO BRANCO, Acre, Brasil, ESCOLA PROF. MARILENA MANSOUR (ANTIGA IRACEMA GOMES PEREIRA)"
2020,RIO BRANCO,1,516,OCA RIO BRANCO,15,1066,"RIO BRANCO, Acre, Brasil, OCA RIO BRANCO"
2020,RIO BRANCO,1,476,SEST/SENAT,4,2690,"RIO BRANCO, Acre, Brasil, SEST/SENAT"
2020,RIO BRANCO,1,37,COLEGIO ACREANO,3,1139,"RIO BRANCO, Acre, Brasil, COLEGIO ACREANO"
2020,RIO BRANCO,1,462,ESCOLA CLARICE FECURY,4,3174,"RIO BRANCO, Acre, Brasil, ESCOLA CLARICE FECURY"
2020,RIO BRANCO,1,647,ESCOLA SAMUEL BARREIRA,4,3310,"RIO BRANCO, Acre, Brasil, ESCOLA SAMUEL BARREIRA"
2020,RIO BRANCO,1,667,ESCOLA  MOZART DONIZETE,6,3360,"RIO BRANCO, Acre, Brasil, ESCOLA  MOZART DONIZETE"
2020,RIO BRANCO,1,646,ESCOLA SAMUEL BARREIRA,8,3310,"RIO BRANCO, Acre, Brasil, ESCOLA SAMUEL BARREIRA"
2020,RIO BRANCO,1,513,ESCOLA BELO JARDIM,1,2798,"RIO BRANCO, Acre, Brasil, ESCOLA BELO JARDIM"
2020,RIO BRANCO,1,457,ESCOLA CLARICE FECURY,4,3174,"RIO BRANCO, Acre, Brasil, ESCOLA CLARICE FECURY"
2020,RIO BRANCO,1,696,ESCOLA GLÓRIA PEREZ,9,3468,"RIO BRANCO, Acre, Brasil, ESCOLA GLÓRIA PEREZ"
2020,RIO BRANCO,1,742,UNOPAR (ANTIGO COLÉGIO RENASCER),10,3611,"RIO BRANCO, Acre, Brasil, UNOPAR (ANTIGO COLÉGIO RENASCER)"
2020,RIO BRANCO,1,549,ESCOLA BELO JARDIM,1,2798,"RIO BRANCO, Acre, Brasil, ESCOLA BELO JARDIM"
2020,RIO BRANCO,1,178,SECRETARIA DE ESTADO DE OBRAS PÚBLICAS - SEOP,5,1589,"RIO BRANCO, Acre, Brasil, SECRETARIA DE ESTADO DE OBRAS PÚBLICAS - SEOP"
2020,RIO BRANCO,9,148,ESCOLA INFANTIL BEM-TE-VI,4,1449,"RIO BRANCO, Acre, Brasil, ESCOLA INFANTIL BEM-TE-VI"
2020,RIO BRANCO,9,65,ESCOLA PÚBLICA ADALBERTO SENA,7,1139,"RIO BRANCO, Acre, Brasil, ESCOLA PÚBLICA ADALBERTO SENA"
2020,RIO BRANCO,1,507,CENTRO DE SAUDE CLAUDIA VITORINO,2,2836,"RIO BRANCO, Acre, Brasil, CENTRO DE SAUDE CLAUDIA VITORINO"
2020,RIO BRANCO,1,788,POSTO DE SAÚDE DO SÃO FRANCISCO - URAP,1,3760,"RIO BRANCO, Acre, Brasil, POSTO DE SAÚDE DO SÃO FRANCISCO - URAP"
2020,RIO BRANCO,9,106,ESCOLA FLAVIANO FLÁVIO BAPTISTA,2,1635,"RIO BRANCO, Acre, Brasil, ESCOLA FLAVIANO FLÁVIO BAPTISTA"
2020,RIO BRANCO,1,398,ESCOLA LEONCIO DE CARVALHO,4,2313,"RIO BRANCO, Acre, Brasil, ESCOLA LEONCIO DE CARVALHO"
2020,RIO BRANCO,9,293,INSTITUTO SENAI DE TECNOLOGIA MADEIRA E MOVEL,7,1554,"RIO BRANCO, Acre, Brasil, INSTITUTO SENAI DE TECNOLOGIA MADEIRA E MOVEL"
2020,RIO BRANCO,9,155,INSTITUTO SENAI DE TECNOLOGIA MADEIRA E MOVEL,6,1554,"RIO BRANCO, Acre, Brasil, INSTITUTO SENAI DE TECNOLOGIA MADEIRA E MOVEL"
2020,RIO BRANCO,1,651,ESCOLA RAIMUNDO MELO,2,3328,"RIO BRANCO, Acre, Brasil, ESCOLA RAIMUNDO MELO"
2020,RIO BRANCO,1,711,ESCOLA TEODOLINA FALCAO MACEDO,5,3506,"RIO BRANCO, Acre, Brasil, ESCOLA TEODOLINA FALCAO MACEDO"
2020,RIO BRANCO,1,722,ESCOLA MARIA LÚCIA MOURA MARIN,8,3549,"RIO BRANCO, Acre, Brasil, ESCOLA MARIA LÚCIA MOURA MARIN"
2020,RIO BRANCO,1,419,SECRETARIA DE ESTADO DE MEIO AMBIENTE - SEMA,1,2755,"RIO BRANCO, Acre, Brasil, SECRETARIA DE ESTADO DE MEIO AMBIENTE - SEMA"
2020,RIO BRANCO,9,116,ESCOLA PÚBLICA HELOÍSA MOURÃO MARQUES,5,1015,"RIO BRANCO, Acre, Brasil, ESCOLA PÚBLICA HELOÍSA MOURÃO MARQUES"
2020,RIO BRANCO,9,142,ESCOLA MARILDA GOUVEIA VIANA,4,1600,"RIO BRANCO, Acre, Brasil, ESCOLA MARILDA GOUVEIA VIANA"
2020,RIO BRANCO,9,302,ESCOLA PÚBLICA RAIMUNDO GOMES DE OLIVEIRA,2,1333,"RIO BRANCO, Acre, Brasil, ESCOLA PÚBLICA RAIMUNDO GOMES DE OLIVEIRA"
2020,RIO BRANCO,9,209,ESCOLA ALMADA BRITO,8,1724,"RIO BRANCO, Acre, Brasil, ESCOLA ALMADA BRITO"
2020,RIO BRANCO,9,115,ESCOLA PÚBLICA HELOÍSA MOURÃO MARQUES,3,1015,"RIO BRANCO, Acre, Brasil, ESCOLA PÚBLICA HELOÍSA MOURÃO MARQUES"
2020,RIO BRANCO,1,517,ESCOLA DR. JOSÉ CARVALHO,2,2763,"RIO BRANCO, Acre, Brasil, ESCOLA DR. JOSÉ CARVALHO"
2020,RIO BRANCO,1,723,ESCOLA MARIA LÚCIA MOURA MARIN,5,3549,"RIO BRANCO, Acre, Brasil, ESCOLA MARIA LÚCIA MOURA MARIN"
2020,RIO BRANCO,9,239,CRECHE HILDA BRAGA,8,1856,"RIO BRANCO, Acre, Brasil, CRECHE HILDA BRAGA"
2020,RIO BRANCO,1,674,ESCOLA BERTA VIEIRA DE ANDRADE,3,3379,"RIO BRANCO, Acre, Brasil, ESCOLA BERTA VIEIRA DE ANDRADE"
2020,RIO BRANCO,1,185,SESC - SERVICO SOCIAL DO COMERCIO,6,1651,"RIO BRANCO, Acre, Brasil, SESC - SERVICO SOCIAL DO COMERCIO"
2020,RIO BRANCO,1,688,ESCOLA LINDAURA MARTINS LEITÃO,1,3425,"RIO BRANCO, Acre, Brasil, ESCOLA LINDAURA MARTINS LEITÃO"
2020,RIO BRANCO,9,144,ESCOLA JUVENAL ANTUNES,8,1589,"RIO BRANCO, Acre, Brasil, ESCOLA JUVENAL ANTUNES"
2020,RIO BRANCO,9,207,COLÉGIO ALTERNATIVO,12,1422,"RIO BRANCO, Acre, Brasil, COLÉGIO ALTERNATIVO"
2020,RIO BRANCO,1,712,ESCOLA TEODOLINA FALCAO MACEDO,9,3506,"RIO BRANCO, Acre, Brasil, ESCOLA TEODOLINA FALCAO MACEDO"
2020,RIO BRANCO,9,109,ESCOLA MARIA RAIMUNDA BALBINO DA SILVA,4,1295,"RIO BRANCO, Acre, Brasil, ESCOLA MARIA RAIMUNDA BALBINO DA SILVA"
2020,RIO BRANCO,1,729,ESCOLA MUNICIPAL LUIZA CARNEIRO DANTAS,2,3573,"RIO BRANCO, Acre, Brasil, ESCOLA MUNICIPAL LUIZA CARNEIRO DANTAS"
2020,RIO BRANCO,1,523,UNIDADE DE SAÚDE MARIA DE JESUS DE ANDRADE,2,2950,"RIO BRANCO, Acre, Brasil, UNIDADE DE SAÚDE MARIA DE JESUS DE ANDRADE"
2020,RIO BRANCO,9,98,ESCOLA CLÍNIO BRANDÃO,2,1244,"RIO BRANCO, Acre, Brasil, ESCOLA CLÍNIO BRANDÃO"
2020,RIO BRANCO,1,753,ELETROACRE,4,3654,"RIO BRANCO, Acre, Brasil, ELETROACRE"
2020,RIO BRANCO,9,213,ESCOLA RURAL ALTO ALEGRE II,1,1686,"RIO BRANCO, Acre, Brasil, ESCOLA RURAL ALTO ALEGRE II"
2020,RIO BRANCO,1,803,ESCOLA ZULEIDE PEREIRA DE SOUZA,3,1996,"RIO BRANCO, Acre, Brasil, ESCOLA ZULEIDE PEREIRA DE SOUZA"
2020,RIO BRANCO,9,110,ESCOLA MARIA RAIMUNDA BALBINO DA SILVA,3,1295,"RIO BRANCO, Acre, Brasil, ESCOLA MARIA RAIMUNDA BALBINO DA SILVA"
2020,RIO BRANCO,9,118,ESCOLA DARCY VARGAS,9,1228,"RIO BRANCO, Acre, Brasil, ESCOLA DARCY VARGAS"
2020,RIO BRANCO,1,668,ESCOLA  MOZART DONIZETE,4,3360,"RIO BRANCO, Acre, Brasil, ESCOLA  MOZART DONIZETE"
2020,RIO BRANCO,9,217,ESCOLA ARACY CERQUEIRA,2,1694,"RIO BRANCO, Acre, Brasil, ESCOLA ARACY CERQUEIRA"
2020,RIO BRANCO,1,512,IDAF - VILA ACRE,6,2810,"RIO BRANCO, Acre, Brasil, IDAF - VILA ACRE"
2020,RIO BRANCO,1,386,ESCOLA ROBERTO SANCHES MUBARAC,4,1872,"RIO BRANCO, Acre, Brasil, ESCOLA ROBERTO SANCHES MUBARAC"
2020,RIO BRANCO,1,3,ESCOLA MENINO JESUS,5,1279,"RIO BRANCO, Acre, Brasil, ESCOLA MENINO JESUS"
2020,RIO BRANCO,9,403,FACULDADE UNINORTE,7,1899,"RIO BRANCO, Acre, Brasil, FACULDADE UNINORTE"
2020,RIO BRANCO,1,490,ESCOLA SANTA MARIA II,1,2801,"RIO BRANCO, Acre, Brasil, ESCOLA SANTA MARIA II"
2020,RIO BRANCO,1,508,ESCOLA DEPUTADO RAIMUNDO HERMINIO DE MELO,2,1848,"RIO BRANCO, Acre, Brasil, ESCOLA DEPUTADO RAIMUNDO HERMINIO DE MELO"
2020,RIO BRANCO,1,426,ESCOLA ELIAS MANSOUR,3,2526,"RIO BRANCO, Acre, Brasil, ESCOLA ELIAS MANSOUR"
2020,RIO BRANCO,1,261,ESCOLA JOAO MARIANO,2,1856,"RIO BRANCO, Acre, Brasil, ESCOLA JOAO MARIANO"
2020,RIO BRANCO,1,51,DERACRE,8,1171,"RIO BRANCO, Acre, Brasil, DERACRE"
2020,RIO BRANCO,1,42,SECRETARIA DE ESTADO DE SAÚDE - SESACRE,6,1180,"RIO BRANCO, Acre, Brasil, SECRETARIA DE ESTADO DE SAÚDE - SESACRE"
2020,RIO BRANCO,1,545,ESCOLA PROF RAIMUNDA SILVA PARÁ,2,2895,"RIO BRANCO, Acre, Brasil, ESCOLA PROF RAIMUNDA SILVA PARÁ"
2020,RIO BRANCO,9,60,COLÉGIO META III,15,1520,"RIO BRANCO, Acre, Brasil, COLÉGIO META III"
2020,RIO BRANCO,1,724,ESCOLA MARIA LÚCIA MOURA MARIN,1,3549,"RIO BRANCO, Acre, Brasil, ESCOLA MARIA LÚCIA MOURA MARIN"
2020,RIO BRANCO,1,485,ESCOLA PAULO FREIRE,1,2542,"RIO BRANCO, Acre, Brasil, ESCOLA PAULO FREIRE"
2020,RIO BRANCO,1,754,ELETROACRE,9,3654,"RIO BRANCO, Acre, Brasil, ELETROACRE"
2020,RIO BRANCO,9,127,ESCOLA CLÍNIO BRANDÃO,4,1244,"RIO BRANCO, Acre, Brasil, ESCOLA CLÍNIO BRANDÃO"
2020,RIO BRANCO,9,101,ESCOLA  AFONSO PINTO DE MEDEIROS,2,1597,"RIO BRANCO, Acre, Brasil, ESCOLA  AFONSO PINTO DE MEDEIROS"
2020,RIO BRANCO,9,38,ESCOLA NATALINO DA SILVEIRA BRITO,6,1074,"RIO BRANCO, Acre, Brasil, ESCOLA NATALINO DA SILVEIRA BRITO"
2020,RIO BRANCO,9,307,ESCOLA ESTADUAL TEREZINHA KALUME,6,1961,"RIO BRANCO, Acre, Brasil, ESCOLA ESTADUAL TEREZINHA KALUME"
2020,RIO BRANCO,1,769,ESCOLA DR. MARIO DE OLIVEIRA,11,3700,"RIO BRANCO, Acre, Brasil, ESCOLA DR. MARIO DE OLIVEIRA"
2020,RIO BRANCO,1,280,INSTITUTO DO MEIO AMBIENTE DO ACRE-IMAC,7,1988,"RIO BRANCO, Acre, Brasil, INSTITUTO DO MEIO AMBIENTE DO ACRE-IMAC"
2020,RIO BRANCO,1,800,INSTITUTO FEDERAL DO ACRE - IFAC,2,3751,"RIO BRANCO, Acre, Brasil, INSTITUTO FEDERAL DO ACRE - IFAC"
2020,RIO BRANCO,9,390,ESCOLA AME (ASSOCIAÇÃO MODERNA DE ENSINO),4,2313,"RIO BRANCO, Acre, Brasil, ESCOLA AME (ASSOCIAÇÃO MODERNA DE ENSINO)"
2020,RIO BRANCO,9,97,ESCOLA MARIA ADEIZA RODRIGUES PEREIRA,2,2356,"RIO BRANCO, Acre, Brasil, ESCOLA MARIA ADEIZA RODRIGUES PEREIRA"
2020,RIO BRANCO,9,107,ESCOLA FLAVIANO FLÁVIO BAPTISTA,3,1635,"RIO BRANCO, Acre, Brasil, ESCOLA FLAVIANO FLÁVIO BAPTISTA"
2020,RIO BRANCO,9,401,ESCOLA ISMAEL GOMES DE CARVALHO,5,2330,"RIO BRANCO, Acre, Brasil, ESCOLA ISMAEL GOMES DE CARVALHO"
2020,RIO BRANCO,9,194,ESCOLA GOVERNADOR JOSÉ AUGUSTO,1,1732,"RIO BRANCO, Acre, Brasil, ESCOLA GOVERNADOR JOSÉ AUGUSTO"
2020,RIO BRANCO,9,398,ESCOLA ISMAEL GOMES DE CARVALHO,3,2330,"RIO BRANCO, Acre, Brasil, ESCOLA ISMAEL GOMES DE CARVALHO"
2020,RIO BRANCO,9,141,ESCOLA PROFESSORA RAMONA M P DE CASTRO,2,1619,"RIO BRANCO, Acre, Brasil, ESCOLA PROFESSORA RAMONA M P DE CASTRO"
2020,RIO BRANCO,1,310,ESCOLA ZULEIDE PEREIRA DE SOUZA,3,1996,"RIO BRANCO, Acre, Brasil, ESCOLA ZULEIDE PEREIRA DE SOUZA"
2020,RIO BRANCO,1,571,ESCOLA CASTELO BRANCO,9,3255,"RIO BRANCO, Acre, Brasil, ESCOLA CASTELO BRANCO"
2020,RIO BRANCO,9,152,FEDERAÇÃO DAS INDÚSTRIAS DO ESTADO DO ACRE - FIEAC,7,1376,"RIO BRANCO, Acre, Brasil, FEDERAÇÃO DAS INDÚSTRIAS DO ESTADO DO ACRE - FIEAC"
2020,RIO BRANCO,9,316,ESCOLA ESTADUAL EDILSON FAÇANHA,3,1937,"RIO BRANCO, Acre, Brasil, ESCOLA ESTADUAL EDILSON FAÇANHA"
2020,RIO BRANCO,9,224,UFAC - UNIVERSIDADE FEDERAL DO ACRE,7,1198,"RIO BRANCO, Acre, Brasil, UFAC - UNIVERSIDADE FEDERAL DO ACRE"
2020,RIO BRANCO,9,177,ESCOLA PÚBLICA ADALBERTO SENA,3,1139,"RIO BRANCO, Acre, Brasil, ESCOLA PÚBLICA ADALBERTO SENA"
2020,RIO BRANCO,1,95,CÂMARA MUNICIPAL DE RIO BRANCO,1,1325,"RIO BRANCO, Acre, Brasil, CÂMARA MUNICIPAL DE RIO BRANCO"
2020,RIO BRANCO,1,511,ESCOLA RURAL ERCÍLIA FEITOSA GOMES,3,1759,"RIO BRANCO, Acre, Brasil, ESCOLA RURAL ERCÍLIA FEITOSA GOMES"
2020,RIO BRANCO,1,27,COLÉGIO ESTADUAL BARÃO DO RIO BRANCO,2,1031,"RIO BRANCO, Acre, Brasil, COLÉGIO ESTADUAL BARÃO DO RIO BRANCO"
2020,RIO BRANCO,1,437,ESCOLA LEONCIO DE CARVALHO,1,2313,"RIO BRANCO, Acre, Brasil, ESCOLA LEONCIO DE CARVALHO"
2020,RIO BRANCO,9,135,ESCOLA PÚBLICA RAIMUNDO GOMES DE OLIVEIRA,2,1333,"RIO BRANCO, Acre, Brasil, ESCOLA PÚBLICA RAIMUNDO GOMES DE OLIVEIRA"
2020,RIO BRANCO,9,368,ESCOLA EUFROSINA SILVA OLIVEIRA,2,2224,"RIO BRANCO, Acre, Brasil, ESCOLA EUFROSINA SILVA OLIVEIRA"
2020,RIO BRANCO,9,377,CONAB - SUP. MUNICIPAL DE TRANSPORTE E TRÂNSITO,7,2259,"RIO BRANCO, Acre, Brasil, CONAB - SUP. MUNICIPAL DE TRANSPORTE E TRÂNSITO"
2020,RIO BRANCO,9,96,ESCOLA MARIA ADEIZA RODRIGUES PEREIRA,1,2356,"RIO BRANCO, Acre, Brasil, ESCOLA MARIA ADEIZA RODRIGUES PEREIRA"
2020,RIO BRANCO,9,168,SECRETARIA DE EDUCAÇÃO E CULTURA,3,1112,"RIO BRANCO, Acre, Brasil, SECRETARIA DE EDUCAÇÃO E CULTURA"
2020,RIO BRANCO,1,715,SENAC,1,3522,"RIO BRANCO, Acre, Brasil, SENAC"
2020,RIO BRANCO,9,130,ESCOLA JOSÉ SALES DE ARAÚJO,3,1260,"RIO BRANCO, Acre, Brasil, ESCOLA JOSÉ SALES DE ARAÚJO"
2020,RIO BRANCO,1,440,ESCOLA ZULEIDE PEREIRA DE SOUZA,1,1996,"RIO BRANCO, Acre, Brasil, ESCOLA ZULEIDE PEREIRA DE SOUZA"
2020,RIO BRANCO,1,701,SDA - DEPART. DE PRODUCAO ANIMAL,6,3476,"RIO BRANCO, Acre, Brasil, SDA - DEPART. DE PRODUCAO ANIMAL"
2020,RIO BRANCO,1,189,COLEGIO DE APLICACAO DA UFAC,5,1694,"RIO BRANCO, Acre, Brasil, COLEGIO DE APLICACAO DA UFAC"
2020,RIO BRANCO,9,74,IBAMA,4,1562,"RIO BRANCO, Acre, Brasil, IBAMA"
2020,RIO BRANCO,1,777,CENTRO EDUCACIONAL LATU-SENSU(ANTIGO COLÉGIO SANTA MARIA),7,3735,"RIO BRANCO, Acre, Brasil, CENTRO EDUCACIONAL LATU-SENSU(ANTIGO COLÉGIO SANTA MARIA)"
2020,RIO BRANCO,9,160,ESCOLA ACREANA DE MÚSICA (ANT CENTRO CULTURAL),6,1767,"RIO BRANCO, Acre, Brasil, ESCOLA ACREANA DE MÚSICA (ANT CENTRO CULTURAL)"
2020,RIO BRANCO,1,452,ESCOLA PAULO FREIRE,2,2542,"RIO BRANCO, Acre, Brasil, ESCOLA PAULO FREIRE"
2020,RIO BRANCO,1,474,ESCOLA CLARICE FECURY,5,3174,"RIO BRANCO, Acre, Brasil, ESCOLA CLARICE FECURY"
2020,RIO BRANCO,1,768,ESCOLA DR. MARIO DE OLIVEIRA,17,3700,"RIO BRANCO, Acre, Brasil, ESCOLA DR. MARIO DE OLIVEIRA"
2020,RIO BRANCO,1,791,CRAS SANTA INÊS,3,2933,"RIO BRANCO, Acre, Brasil, CRAS SANTA INÊS"
2020,RIO BRANCO,1,263,ESCOLA ROBERTO SANCHES MUBARAC,3,1872,"RIO BRANCO, Acre, Brasil, ESCOLA ROBERTO SANCHES MUBARAC"
2020,RIO BRANCO,9,134,ESCOLA PÚBLICA RAIMUNDO GOMES DE OLIVEIRA,7,1333,"RIO BRANCO, Acre, Brasil, ESCOLA PÚBLICA RAIMUNDO GOMES DE OLIVEIRA"
2020,RIO BRANCO,1,518,ESCOLA PROF RAIMUNDA SILVA PARÁ,3,2895,"RIO BRANCO, Acre, Brasil, ESCOLA PROF RAIMUNDA SILVA PARÁ"
2020,RIO BRANCO,1,657,ESCOLA PROFESSORA CLÍCIA GADELHA,9,3344,"RIO BRANCO, Acre, Brasil, ESCOLA PROFESSORA CLÍCIA GADELHA"
2020,RIO BRANCO,9,40,DETRAN,10,1503,"RIO BRANCO, Acre, Brasil, DETRAN"
2020,RIO BRANCO,1,691,ESCOLA MARIANA DA SILVA OLIVEIRA (ANTIGA NAZARÉ DOURADO),3,3441,"RIO BRANCO, Acre, Brasil, ESCOLA MARIANA DA SILVA OLIVEIRA (ANTIGA NAZARÉ DOURADO)"
2020,RIO BRANCO,1,469,ESCOLA DUQUE DE CAXIAS,1,2720,"RIO BRANCO, Acre, Brasil, ESCOLA DUQUE DE CAXIAS"
2020,RIO BRANCO,1,531,MINISTÉRIO DA AGRICULTURA - MAPA,5,3034,"RIO BRANCO, Acre, Brasil, MINISTÉRIO DA AGRICULTURA - MAPA"
2020,RIO BRANCO,1,524,CRAS SANTA INÊS,3,2933,"RIO BRANCO, Acre, Brasil, CRAS SANTA INÊS"
2020,RIO BRANCO,9,219,ESCOLA ACREANA DE MÚSICA (ANT CENTRO CULTURAL),6,1767,"RIO BRANCO, Acre, Brasil, ESCOLA ACREANA DE MÚSICA (ANT CENTRO CULTURAL)"
2020,RIO BRANCO,9,363,ESCOLA ESTADUAL PROFESSORA ELOZIRA DOS SANTOS TOMÉ,4,2216,"RIO BRANCO, Acre, Brasil, ESCOLA ESTADUAL PROFESSORA ELOZIRA DOS SANTOS TOMÉ"
2020,RIO BRANCO,1,756,ESCOLA LUIZ DE CARVALHO FONTENELLE,6,3662,"RIO BRANCO, Acre, Brasil, ESCOLA LUIZ DE CARVALHO FONTENELLE"
2020,RIO BRANCO,1,146,TRIBUNAL REGIONAL DO TRABALHO - TRT,3,2461,"RIO BRANCO, Acre, Brasil, TRIBUNAL REGIONAL DO TRABALHO - TRT"
2020,RIO BRANCO,1,749,COHAB-ACRE,4,3646,"RIO BRANCO, Acre, Brasil, COHAB-ACRE"
2020,RIO BRANCO,1,461,ESCOLA ROBERTO SANCHES MUBARAC,3,1872,"RIO BRANCO, Acre, Brasil, ESCOLA ROBERTO SANCHES MUBARAC"
2020,RIO BRANCO,1,771,UNIDADE DE SAÚDE DA FAMÍLIA - VITÓRIA,1,3719,"RIO BRANCO, Acre, Brasil, UNIDADE DE SAÚDE DA FAMÍLIA - VITÓRIA"
2020,RIO BRANCO,1,708,ESCOLA HUMBERTO SOARES,8,3492,"RIO BRANCO, Acre, Brasil, ESCOLA HUMBERTO SOARES"
2020,RIO BRANCO,1,733,INSTITUTO DE EDUCACAO LOURENCO FILHO,10,3581,"RIO BRANCO, Acre, Brasil, INSTITUTO DE EDUCACAO LOURENCO FILHO"
2020,RIO BRANCO,1,64,ESCOLA DR. CARLOS VASCONCELOS,6,1236,"RIO BRANCO, Acre, Brasil, ESCOLA DR. CARLOS VASCONCELOS"
2020,RIO BRANCO,9,347,ESCOLA PROFESSOR ALVARO VIEIRA DA ROCHA,4,2160,"RIO BRANCO, Acre, Brasil, ESCOLA PROFESSOR ALVARO VIEIRA DA ROCHA"
2020,RIO BRANCO,1,43,CENTRO DE EDUCAÇÃO DE JOVENS E ADULTOS - CEJA,5,1074,"RIO BRANCO, Acre, Brasil, CENTRO DE EDUCAÇÃO DE JOVENS E ADULTOS - CEJA"
2020,RIO BRANCO,9,335,CENTRO CULTURAL THAUMATURGO FILHO,8,2119,"RIO BRANCO, Acre, Brasil, CENTRO CULTURAL THAUMATURGO FILHO"
2020,RIO BRANCO,1,693,ESCOLA MARIANA DA SILVA OLIVEIRA (ANTIGA NAZARÉ DOURADO),5,3441,"RIO BRANCO, Acre, Brasil, ESCOLA MARIANA DA SILVA OLIVEIRA (ANTIGA NAZARÉ DOURADO)"
2020,RIO BRANCO,9,274,FUNDAÇÃO BRADESCO,4,1708,"RIO BRANCO, Acre, Brasil, FUNDAÇÃO BRADESCO"
2020,RIO BRANCO,1,176,"SECRETARIA DE ESTADO DE EDUCAÇÃO, CULTURA E ESPORTE",8,1600,"RIO BRANCO, Acre, Brasil, SECRETARIA DE ESTADO DE EDUCAÇÃO, CULTURA E ESPORTE"
2020,RIO BRANCO,1,569,ESCOLA CASTELO BRANCO,11,3255,"RIO BRANCO, Acre, Brasil, ESCOLA CASTELO BRANCO"
2020,RIO BRANCO,9,246,ESCOLA PÚBLICA RAIMUNDO GOMES DE OLIVEIRA,6,1333,"RIO BRANCO, Acre, Brasil, ESCOLA PÚBLICA RAIMUNDO GOMES DE OLIVEIRA"
2020,RIO BRANCO,1,435,ESCOLA MUNICIPAL CHICO MENDES,3,2585,"RIO BRANCO, Acre, Brasil, ESCOLA MUNICIPAL CHICO MENDES"
2020,RIO BRANCO,9,261,ESCOLA ESTADUAL EDILSON FAÇANHA,4,1937,"RIO BRANCO, Acre, Brasil, ESCOLA ESTADUAL EDILSON FAÇANHA"
2020,RIO BRANCO,9,133,ESCOLA MUNICIPAL ANGELINA GONÇALVES DE SOUZA,5,1040,"RIO BRANCO, Acre, Brasil, ESCOLA MUNICIPAL ANGELINA GONÇALVES DE SOUZA"
2020,RIO BRANCO,9,158,ESCOLA TANCREDO NEVES,2,1104,"RIO BRANCO, Acre, Brasil, ESCOLA TANCREDO NEVES"
2020,RIO BRANCO,9,75,IBAMA,4,1562,"RIO BRANCO, Acre, Brasil, IBAMA"
2020,RIO BRANCO,1,570,ESCOLA CASTELO BRANCO,5,3255,"RIO BRANCO, Acre, Brasil, ESCOLA CASTELO BRANCO"
2020,RIO BRANCO,1,45,COLEGIO DE APLICACAO DA UFAC,7,1694,"RIO BRANCO, Acre, Brasil, COLEGIO DE APLICACAO DA UFAC"
2020,RIO BRANCO,9,323,ASSOC. COMERCIAL - ACISA,9,2070,"RIO BRANCO, Acre, Brasil, ASSOC. COMERCIAL - ACISA"
2020,RIO BRANCO,9,333,ESCOLA DE ENSINO FUNDAMENTAL DO SERVIÇO SOCIAL DA INDÚSTRIA - SESI,4,2100,"RIO BRANCO, Acre, Brasil, ESCOLA DE ENSINO FUNDAMENTAL DO SERVIÇO SOCIAL DA INDÚSTRIA - SESI"
2020,RIO BRANCO,1,751,COHAB-ACRE,6,3646,"RIO BRANCO, Acre, Brasil, COHAB-ACRE"
2020,RIO BRANCO,1,40,ESCOLA PROF JOSE RODRIGUES LEITE - ETICA,11,1317,"RIO BRANCO, Acre, Brasil, ESCOLA PROF JOSE RODRIGUES LEITE - ETICA"
2020,RIO BRANCO,9,53,ESCOLA SERAFIM SILVA SALGADO,5,1090,"RIO BRANCO, Acre, Brasil, ESCOLA SERAFIM SILVA SALGADO"
2020,RIO BRANCO,9,26,ESCOLA LOURIVAL SOMBRA,5,1058,"RIO BRANCO, Acre, Brasil, ESCOLA LOURIVAL SOMBRA"
2020,RIO BRANCO,9,121,INSTITUTO FEDERAL DO ACRE - IFAC -  BAIXADA,1,1023,"RIO BRANCO, Acre, Brasil, INSTITUTO FEDERAL DO ACRE - IFAC -  BAIXADA"
2020,RIO BRANCO,1,87,ESCOLA ANA TURAM MACHADO FALCAO,7,2402,"RIO BRANCO, Acre, Brasil, ESCOLA ANA TURAM MACHADO FALCAO"
2020,RIO BRANCO,1,85,ESCOLA ESTADUAL PROFESSORA TEREZINHA MIGUÉIS,3,1295,"RIO BRANCO, Acre, Brasil, ESCOLA ESTADUAL PROFESSORA TEREZINHA MIGUÉIS"
2020,RIO BRANCO,1,783,INSTITUTO FEDERAL DO ACRE - IFAC,3,3751,"RIO BRANCO, Acre, Brasil, INSTITUTO FEDERAL DO ACRE - IFAC"
2020,RIO BRANCO,1,337,ESCOLA JOAO MARIANO,4,1856,"RIO BRANCO, Acre, Brasil, ESCOLA JOAO MARIANO"
2020,RIO BRANCO,9,382,ESCOLA ESTADUAL DJALMA TELES GALDINO,2,2275,"RIO BRANCO, Acre, Brasil, ESCOLA ESTADUAL DJALMA TELES GALDINO"
2020,RIO BRANCO,1,737,ESCOLA VOVO MOCINHA,7,3590,"RIO BRANCO, Acre, Brasil, ESCOLA VOVO MOCINHA"
2020,RIO BRANCO,1,168,SECRETARIA DA FAZENDA,7,1546,"RIO BRANCO, Acre, Brasil, SECRETARIA DA FAZENDA"
2020,RIO BRANCO,9,175,ESCOLA PÚBLICA ALCIMAR LEITÃO,6,1147,"RIO BRANCO, Acre, Brasil, ESCOLA PÚBLICA ALCIMAR LEITÃO"
2020,RIO BRANCO,9,373,UNIDADE DE SAÚDE DA FAMÍLIA ELPÍDIO MOREIRA SOUZA,2,2240,"RIO BRANCO, Acre, Brasil, UNIDADE DE SAÚDE DA FAMÍLIA ELPÍDIO MOREIRA SOUZA"
2020,RIO BRANCO,9,179,ESCOLA PÚBLICA HELOÍSA MOURÃO MARQUES,11,1015,"RIO BRANCO, Acre, Brasil, ESCOLA PÚBLICA HELOÍSA MOURÃO MARQUES"
2020,RIO BRANCO,9,432,ESCOLA MARINA VICENTE GOMES,3,2046,"RIO BRANCO, Acre, Brasil, ESCOLA MARINA VICENTE GOMES"
2020,RIO BRANCO,9,262,ESCOLA DOUTOR SANTIAGO DANTAS,6,1902,"RIO BRANCO, Acre, Brasil, ESCOLA DOUTOR SANTIAGO DANTAS"
2020,RIO BRANCO,9,150,COLÉGIO ALTERNATIVO,14,1422,"RIO BRANCO, Acre, Brasil, COLÉGIO ALTERNATIVO"
2020,RIO BRANCO,1,710,ESCOLA TEODOLINA FALCAO MACEDO,4,3506,"RIO BRANCO, Acre, Brasil, ESCOLA TEODOLINA FALCAO MACEDO"
2020,RIO BRANCO,1,758,FUNDAÇÃO NACIONAL DE SAUDE - FUNASA,5,3670,"RIO BRANCO, Acre, Brasil, FUNDAÇÃO NACIONAL DE SAUDE - FUNASA"
2020,RIO BRANCO,9,348,ESCOLA PROFESSOR ALVARO VIEIRA DA ROCHA,1,2160,"RIO BRANCO, Acre, Brasil, ESCOLA PROFESSOR ALVARO VIEIRA DA ROCHA"
2020,RIO BRANCO,1,478,ESCOLA PAULO FREIRE,2,2542,"RIO BRANCO, Acre, Brasil, ESCOLA PAULO FREIRE"
2020,RIO BRANCO,1,500,ESCOLA OSCAR FELICIO DE SOUZA,25,2534,"RIO BRANCO, Acre, Brasil, ESCOLA OSCAR FELICIO DE SOUZA"
2020,RIO BRANCO,9,73,SEAPROF,3,1155,"RIO BRANCO, Acre, Brasil, SEAPROF"
2020,RIO BRANCO,9,345,CENTRO DE REFERÊNCIA DE ASSISTÊNCIA SOCIAL - CRAS,1,2143,"RIO BRANCO, Acre, Brasil, CENTRO DE REFERÊNCIA DE ASSISTÊNCIA SOCIAL - CRAS"
2020,RIO BRANCO,9,248,CRECHE MUNICIPAL GUMERCINDO BESSA,10,1864,"RIO BRANCO, Acre, Brasil, CRECHE MUNICIPAL GUMERCINDO BESSA"
2020,RIO BRANCO,1,766,ESCOLA DR. MARIO DE OLIVEIRA,16,3700,"RIO BRANCO, Acre, Brasil, ESCOLA DR. MARIO DE OLIVEIRA"
2020,RIO BRANCO,9,85,INSTITUTO DE DESENV. DE EDUCAÇÃO PROF DOM MOACYR (COL.AGRÍCOLA),8,1180,"RIO BRANCO, Acre, Brasil, INSTITUTO DE DESENV. DE EDUCAÇÃO PROF DOM MOACYR (COL.AGRÍCOLA)"
2020,RIO BRANCO,1,158,INSTITUTO IMACULADA CONCEICAO - CENEC,7,1465,"RIO BRANCO, Acre, Brasil, INSTITUTO IMACULADA CONCEICAO - CENEC"
2020,RIO BRANCO,9,253,ESCOLA ARMANDO NOGUEIRA,11,1678,"RIO BRANCO, Acre, Brasil, ESCOLA ARMANDO NOGUEIRA"
2020,RIO BRANCO,1,705,COLÉGIO VITÓRIA,4,3484,"RIO BRANCO, Acre, Brasil, COLÉGIO VITÓRIA"
2020,RIO BRANCO,9,259,INSTITUTO DE DESENV. DE EDUCAÇÃO PROF DOM MOACYR (COL.AGRÍCOLA),11,1180,"RIO BRANCO, Acre, Brasil, INSTITUTO DE DESENV. DE EDUCAÇÃO PROF DOM MOACYR (COL.AGRÍCOLA)"
2020,RIO BRANCO,9,369,ESCOLA EUFROSINA SILVA OLIVEIRA,8,2224,"RIO BRANCO, Acre, Brasil, ESCOLA EUFROSINA SILVA OLIVEIRA"
2020,RIO BRANCO,9,105,ESCOLA FREI THIAGO MARIA MATIOLI,5,1627,"RIO BRANCO, Acre, Brasil, ESCOLA FREI THIAGO MARIA MATIOLI"
2020,RIO BRANCO,1,442,ESCOLA PAULO FREIRE,2,2542,"RIO BRANCO, Acre, Brasil, ESCOLA PAULO FREIRE"
2020,RIO BRANCO,9,357,ESCOLA DOUTOR JOAO AGUIAR,9,2186,"RIO BRANCO, Acre, Brasil, ESCOLA DOUTOR JOAO AGUIAR"
2020,RIO BRANCO,1,335,ESCOLA PROF. MARILENA MANSOUR (ANTIGA IRACEMA GOMES PEREIRA),2,1260,"RIO BRANCO, Acre, Brasil, ESCOLA PROF. MARILENA MANSOUR (ANTIGA IRACEMA GOMES PEREIRA)"
2020,RIO BRANCO,1,66,ESCOLA PROF. MARILENA MANSOUR (ANTIGA IRACEMA GOMES PEREIRA),5,1260,"RIO BRANCO, Acre, Brasil, ESCOLA PROF. MARILENA MANSOUR (ANTIGA IRACEMA GOMES PEREIRA)"
2020,RIO BRANCO,1,700,ESCOLA GLÓRIA PEREZ,7,3468,"RIO BRANCO, Acre, Brasil, ESCOLA GLÓRIA PEREZ"
2020,RIO BRANCO,1,473,ESCOLA PROFESSOR JOSUÉ FERNANDES,2,2712,"RIO BRANCO, Acre, Brasil, ESCOLA PROFESSOR JOSUÉ FERNANDES"
2020,RIO BRANCO,1,161,INSTITUTO SAO JOSE,7,1473,"RIO BRANCO, Acre, Brasil, INSTITUTO SAO JOSE"
2020,RIO BRANCO,1,496,ACREPREVIDÊNCIA,6,2828,"RIO BRANCO, Acre, Brasil, ACREPREVIDÊNCIA"
2020,RIO BRANCO,1,4,COLEGIO ACREANO,9,1139,"RIO BRANCO, Acre, Brasil, COLEGIO ACREANO"
2020,RIO BRANCO,1,692,ESCOLA MARIANA DA SILVA OLIVEIRA (ANTIGA NAZARÉ DOURADO),3,3441,"RIO BRANCO, Acre, Brasil, ESCOLA MARIANA DA SILVA OLIVEIRA (ANTIGA NAZARÉ DOURADO)"
2020,RIO BRANCO,1,147,ACREPREVIDÊNCIA,3,2828,"RIO BRANCO, Acre, Brasil, ACREPREVIDÊNCIA"
2020,RIO BRANCO,1,554,ESCOLA LOURIVAL PINHO,4,1643,"RIO BRANCO, Acre, Brasil, ESCOLA LOURIVAL PINHO"
2020,RIO BRANCO,1,183,ESCOLA LOURIVAL PINHO,2,1643,"RIO BRANCO, Acre, Brasil, ESCOLA LOURIVAL PINHO"
2020,RIO BRANCO,1,458,ESCOLA PROF. SEBASTIÃO PEDROSA (ARENA DA FLORESTA),5,2550,"RIO BRANCO, Acre, Brasil, ESCOLA PROF. SEBASTIÃO PEDROSA (ARENA DA FLORESTA)"
2020,RIO BRANCO,1,288,SENAI,28,2054,"RIO BRANCO, Acre, Brasil, SENAI"
2020,RIO BRANCO,1,206,ESCOLA RURAL CAPITÃO EDGARD CERQUEIRA FILHO,9,1783,"RIO BRANCO, Acre, Brasil, ESCOLA RURAL CAPITÃO EDGARD CERQUEIRA FILHO"
2020,RIO BRANCO,1,814,ESCOLA FREI ANDRÉ MARIA FICARELLI,2,3778,"RIO BRANCO, Acre, Brasil, ESCOLA FREI ANDRÉ MARIA FICARELLI"
2020,RIO BRANCO,1,687,ESCOLA LINDAURA MARTINS LEITÃO,3,3425,"RIO BRANCO, Acre, Brasil, ESCOLA LINDAURA MARTINS LEITÃO"
2020,RIO BRANCO,9,95,ESCOLA JOÃO PAULO I,2,1236,"RIO BRANCO, Acre, Brasil, ESCOLA JOÃO PAULO I"
2020,RIO BRANCO,9,126,ESCOLA FRANCISCO DE PAULA LEITE OITICICA,6,1538,"RIO BRANCO, Acre, Brasil, ESCOLA FRANCISCO DE PAULA LEITE OITICICA"
2020,RIO BRANCO,9,54,CENTRO DE REFERÊNCIA DA REGIONAL VI,2,1775,"RIO BRANCO, Acre, Brasil, CENTRO DE REFERÊNCIA DA REGIONAL VI"
2020,RIO BRANCO,9,140,ESCOLA FREI THIAGO MARIA MATIOLI,2,1627,"RIO BRANCO, Acre, Brasil, ESCOLA FREI THIAGO MARIA MATIOLI"
2020,RIO BRANCO,9,352,ESCOLA MUNICIPAL JESSÉ SANTIAGO,1,2178,"RIO BRANCO, Acre, Brasil, ESCOLA MUNICIPAL JESSÉ SANTIAGO"
2020,RIO BRANCO,1,798,ESCOLA PROF RAIMUNDA SILVA PARÁ,3,2895,"RIO BRANCO, Acre, Brasil, ESCOLA PROF RAIMUNDA SILVA PARÁ"