DT_GERACAO,HH_GERACAO,AA_ELEICAO,SG_UF,CD_MUNICIPIO,NM_MUNICIPIO,NR_ZONA,NR_SECAO,NR_LOCAL_VOTACAO,NM_LOCAL_VOTACAO,DS_ENDERECO,NM_BAIRRO,NR_CEP,LATITUDE,LONGITUDE,DS_SITU_LOCAL_VOTACAO,DS_SITU_SECAO,DS_SITU_SECAO_ACESSIBILIDADE,QT_ELEITOR_SECAO,QT_ELEITOR_ELEICAO_FEDERAL,QT_ELEITOR_ELEICAO_ESTADUAL,ID_SECAO_2026,ID_LOCAL_2026,TERRITORIO_2026,RURAL_IDENTIFICADA,FONTE_CLASSIFICACAO_TERRITORIAL,CONFIANCA_CLASSIFICACAO_TERRITORIAL,LOCAL_ATIVO
03/08/2026,06:28:06,2026,AC,01120,ACRELÂNDIA,8,8,1015,ESCOLA ALTINA MAGALHAES,BR 364 - KM 114 S/N,ZONA RURAL,69945000,-9.8276915,-66.8806614,ATIVO,ATIVO,Com acessibilidade,214,214,214,01120|8|8,01120|8|1015,RURAL IDENTIFICADA,True,Termo RURAL no bairro ou no nome do local no arquivo do TSE,ALTA,True
03/08/2026,06:28:06,2026,AC,01120,ACRELÂNDIA,8,9,1015,ESCOLA ALTINA MAGALHAES,BR 364 - KM 114 S/N,ZONA RURAL,69945000,-9.8276915,-66.8806614,ATIVO,ATIVO,Com acessibilidade,216,216,216,01120|8|9,01120|8|1015,RURAL IDENTIFICADA,True,Termo RURAL no bairro ou no nome do local no arquivo do TSE,ALTA,True
03/08/2026,06:28:06,2026,AC,01120,ACRELÂNDIA,8,83,1015,ESCOLA ALTINA MAGALHAES,BR 364 - KM 114 S/N,ZONA RURAL,69945000,-9.8276915,-66.8806614,ATIVO,ATIVO,Com acessibilidade,217,217,217,01120|8|83,01120|8|1015,RURAL IDENTIFICADA,True,Termo RURAL no bairro ou no nome do local no arquivo do TSE,ALTA,True
03/08/2026,06:28:06,2026,AC,01120,ACRELÂNDIA,8,143,1015,ESCOLA ALTINA MAGALHAES,BR 364 - KM 114 S/N,ZONA RURAL,69945000,-9.8276915,-66.8806614,ATIVO,ATIVO,Com acessibilidade,218,218,218,01120|8|143,01120|8|1015,RURAL IDENTIFICADA,True,Termo RURAL no bairro ou no nome do local no arquivo do TSE,ALTA,True
03/08/2026,06:28:06,2026,AC,01120,ACRELÂNDIA,8,233,1015,ESCOLA ALTINA MAGALHAES,BR 364 - KM 114 S/N,ZONA RURAL,69945000,-9.8276915,-66.8806614,ATIVO,ATIVO,Com acessibilidade,214,214,214,01120|8|233,01120|8|1015,RURAL IDENTIFICADA,True,Termo RURAL no bairro ou no nome do local no arquivo do TSE,ALTA,True
03/08/2026,06:28:06,2026,AC,01120,ACRELÂNDIA,8,64,1023,ESCOLA  DE 1 GRAU PROF PEDRO DE CASTRO MEIRELES,AV PARANA COM RUA DOS PINHEIROS,CENTRO,69945000,-10.07847,-67.0559373,ATIVO,ATIVO,Sem acessibilidade,245,245,245,01120|8|64,01120|8|1023,URBANA OU NÃO IDENTIFICADA COMO RURAL,False,Ausência de marcador rural nos campos públicos,MÉDIA,True
03/08/2026,06:28:06,2026,AC,01120,ACRELÂNDIA,8,72,1023,ESCOLA  DE 1 GRAU PROF PEDRO DE CASTRO MEIRELES,AV PARANA COM RUA DOS PINHEIROS,CENTRO,69945000,-10.07847,-67.0559373,ATIVO,ATIVO,Sem acessibilidade,241,241,241,01120|8|72,01120|8|1023,URBANA OU NÃO IDENTIFICADA COMO RURAL,False,Ausência de marcador rural nos campos públicos,MÉDIA,True
03/08/2026,06:28:06,2026,AC,01120,ACRELÂNDIA,8,77,1023,ESCOLA  DE 1 GRAU PROF PEDRO DE CASTRO MEIRELES,AV PARANA COM RUA DOS PINHEIROS,CENTRO,69945000,-10.07847,-67.0559373,ATIVO,ATIVO,Sem acessibilidade,244,244,244,01120|8|77,01120|8|1023,URBANA OU NÃO IDENTIFICADA COMO RURAL,False,Ausência de marcador rural nos campos públicos,MÉDIA,True
03/08/2026,06:28:06,2026,AC,01120,ACRELÂNDIA,8,84,1023,ESCOLA  DE 1 GRAU PROF PEDRO DE CASTRO MEIRELES,AV PARANA COM RUA DOS PINHEIROS,CENTRO,69945000,-10.07847,-67.0559373,ATIVO,ATIVO,Sem acessibilidade,245,245,245,01120|8|84,01120|8|1023,URBANA OU NÃO IDENTIFICADA COMO RURAL,False,Ausência de marcador rural nos campos públicos,MÉDIA,True
03/08/2026,06:28:06,2026,AC,01120,ACRELÂNDIA,8,224,1023,ESCOLA  DE 1 GRAU PROF PEDRO DE CASTRO MEIRELES,AV PARANA COM RUA DOS PINHEIROS,CENTRO,69945000,-10.07847,-67.0559373,ATIVO,ATIVO,Sem acessibilidade,241,241,241,01120|8|224,01120|8|1023,URBANA OU NÃO IDENTIFICADA COMO RURAL,False,Ausência de marcador rural nos campos públicos,MÉDIA,True
03/08/2026,06:28:06,2026,AC,01120,ACRELÂNDIA,8,85,1031,ESCOLA DE 1 GRAU MARIA DE JESUS RIBEIRO,AC 475 VILA REDENCAO KM 15 RUA TEREZA DE JESUS PINTO N 298,ZONA RURAL,69945000,-10.0072256,-67.0387068,ATIVO,ATIVO,Sem acessibilidade,163,323,323,01120|8|85,01120|8|1031,RURAL IDENTIFICADA,True,Termo RURAL no bairro ou no nome do local no arquivo do TSE,ALTA,True
03/08/2026,06:28:06,2026,AC,01120,ACRELÂNDIA,8,160,1031,ESCOLA DE 1 GRAU MARIA DE JESUS RIBEIRO,AC 475 VILA REDENCAO KM 15 RUA TEREZA DE JESUS PINTO N 298,ZONA RURAL,69945000,-10.0072256,-67.0387068,ATIVO,ATIVO,Sem acessibilidade,162,322,322,01120|8|160,01120|8|1031,RURAL IDENTIFICADA,True,Termo RURAL no bairro ou no nome do local no arquivo do TSE,ALTA,True
03/08/2026,06:28:06,2026,AC,01120,ACRELÂNDIA,8,178,1031,ESCOLA DE 1 GRAU MARIA DE JESUS RIBEIRO,AC 475 VILA REDENCAO KM 15 RUA TEREZA DE JESUS PINTO N 298,ZONA RURAL,69945000,-10.0072256,-67.0387068,ATIVO,ATIVO,Sem acessibilidade,160,0,0,01120|8|178,01120|8|1031,RURAL IDENTIFICADA,True,Termo RURAL no bairro ou no nome do local no arquivo do TSE,ALTA,True
03/08/2026,06:28:06,2026,AC,01120,ACRELÂNDIA,8,237,1031,ESCOLA DE 1 GRAU MARIA DE JESUS RIBEIRO,AC 475 VILA REDENCAO KM 15 RUA TEREZA DE JESUS PINTO N 298,ZONA RURAL,69945000,-10.0072256,-67.0387068,ATIVO,ATIVO,Sem acessibilidade,160,0,0,01120|8|237,01120|8|1031,RURAL IDENTIFICADA,True,Termo RURAL no bairro ou no nome do local no arquivo do TSE,ALTA,True
03/08/2026,06:28:06,2026,AC,01120,ACRELÂNDIA,8,95,1040,ESCOLA SANTA LUCIA III,BR 364 KM 92 RAMAL S/N RAMAL GRANADA KM-16,ZONA RURAL,69945000,-9.812269,-67.094021,ATIVO,ATIVO,Com acessibilidade,180,180,180,01120|8|95,01120|8|1040,RURAL IDENTIFICADA,True,Termo RURAL no bairro ou no nome do local no arquivo do TSE,ALTA,True
03/08/2026,06:28:06,2026,AC,01120,ACRELÂNDIA,8,102,1040,ESCOLA SANTA LUCIA III,BR 364 KM 92 RAMAL S/N RAMAL GRANADA KM-16,ZONA RURAL,69945000,-9.812269,-67.094021,ATIVO,ATIVO,Com acessibilidade,178,178,178,01120|8|102,01120|8|1040,RURAL IDENTIFICADA,True,Termo RURAL no bairro ou no nome do local no arquivo do TSE,ALTA,True
03/08/2026,06:28:06,2026,AC,01120,ACRELÂNDIA,8,132,1040,ESCOLA SANTA LUCIA III,BR 364 KM 92 RAMAL S/N RAMAL GRANADA KM-16,ZONA RURAL,69945000,-9.812269,-67.094021,ATIVO,ATIVO,Com acessibilidade,180,180,180,01120|8|132,01120|8|1040,RURAL IDENTIFICADA,True,Termo RURAL no bairro ou no nome do local no arquivo do TSE,ALTA,True
03/08/2026,06:28:06,2026,AC,01120,ACRELÂNDIA,8,159,1040,ESCOLA SANTA LUCIA III,BR 364 KM 92 RAMAL S/N RAMAL GRANADA KM-16,ZONA RURAL,69945000,-9.812269,-67.094021,ATIVO,ATIVO,Com acessibilidade,179,179,179,01120|8|159,01120|8|1040,RURAL IDENTIFICADA,True,Termo RURAL no bairro ou no nome do local no arquivo do TSE,ALTA,True
03/08/2026,06:28:06,2026,AC,01120,ACRELÂNDIA,8,205,1040,ESCOLA SANTA LUCIA III,BR 364 KM 92 RAMAL S/N RAMAL GRANADA KM-16,ZONA RURAL,69945000,-9.812269,-67.094021,ATIVO,ATIVO,Com acessibilidade,181,181,181,01120|8|205,01120|8|1040,RURAL IDENTIFICADA,True,Termo RURAL no bairro ou no nome do local no arquivo do TSE,ALTA,True
03/08/2026,06:28:06,2026,AC,01120,ACRELÂNDIA,8,258,1040,ESCOLA SANTA LUCIA III,BR 364 KM 92 RAMAL S/N RAMAL GRANADA KM-16,ZONA RURAL,69945000,-9.812269,-67.094021,ATIVO,ATIVO,Com acessibilidade,179,179,179,01120|8|258,01120|8|1040,RURAL IDENTIFICADA,True,Termo RURAL no bairro ou no nome do local no arquivo do TSE,ALTA,True
03/08/2026,06:28:06,2026,AC,01120,ACRELÂNDIA,8,93,1058,CRECHE MUNICIPAL,AVENIDA PARANA N 366,CENTRO,69945000,-10.0772036,-67.0558128,ATIVO,ATIVO,Sem acessibilidade,174,174,174,01120|8|93,01120|8|1058,URBANA OU NÃO IDENTIFICADA COMO RURAL,False,Ausência de marcador rural nos campos públicos,MÉDIA,True
03/08/2026,06:28:06,2026,AC,01120,ACRELÂNDIA,8,125,1058,CRECHE MUNICIPAL,AVENIDA PARANA N 366,CENTRO,69945000,-10.0772036,-67.0558128,ATIVO,ATIVO,Sem acessibilidade,175,175,175,01120|8|125,01120|8|1058,URBANA OU NÃO IDENTIFICADA COMO RURAL,False,Ausência de marcador rural nos campos públicos,MÉDIA,True
03/08/2026,06:28:06,2026,AC,01120,ACRELÂNDIA,8,235,1058,CRECHE MUNICIPAL,AVENIDA PARANA N 366,CENTRO,69945000,-10.0772036,-67.0558128,ATIVO,ATIVO,Sem acessibilidade,177,177,177,01120|8|235,01120|8|1058,URBANA OU NÃO IDENTIFICADA COMO RURAL,False,Ausência de marcador rural nos campos públicos,MÉDIA,True
03/08/2026,06:28:06,2026,AC,01120,ACRELÂNDIA,8,257,1058,CRECHE MUNICIPAL,AVENIDA PARANA N 366,CENTRO,69945000,-10.0772036,-67.0558128,ATIVO,ATIVO,Sem acessibilidade,174,174,174,01120|8|257,01120|8|1058,URBANA OU NÃO IDENTIFICADA COMO RURAL,False,Ausência de marcador rural nos campos públicos,MÉDIA,True
03/08/2026,06:28:06,2026,AC,01120,ACRELÂNDIA,8,94,1066,ESCOLA NOVO HORIZONTE,RUA KESIA LOPES CARNEIRO 203,CENTRO,69945000,-10.0742461,-67.0585001,ATIVO,ATIVO,Sem acessibilidade,221,221,221,01120|8|94,01120|8|1066,URBANA OU NÃO IDENTIFICADA COMO RURAL,False,Ausência de marcador rural nos campos públicos,MÉDIA,True
03/08/2026,06:28:06,2026,AC,01120,ACRELÂNDIA,8,99,1066,ESCOLA NOVO HORIZONTE,RUA KESIA LOPES CARNEIRO 203,CENTRO,69945000,-10.0742461,-67.0585001,ATIVO,ATIVO,Sem acessibilidade,219,219,219,01120|8|99,01120|8|1066,URBANA OU NÃO IDENTIFICADA COMO RURAL,False,Ausência de marcador rural nos campos públicos,MÉDIA,True
03/08/2026,06:28:06,2026,AC,01120,ACRELÂNDIA,8,124,1066,ESCOLA NOVO HORIZONTE,RUA KESIA LOPES CARNEIRO 203,CENTRO,69945000,-10.0742461,-67.0585001,ATIVO,ATIVO,Sem acessibilidade,221,221,221,01120|8|124,01120|8|1066,URBANA OU NÃO IDENTIFICADA COMO RURAL,False,Ausência de marcador rural nos campos públicos,MÉDIA,True
03/08/2026,06:28:06,2026,AC,01120,ACRELÂNDIA,8,146,1066,ESCOLA NOVO HORIZONTE,RUA KESIA LOPES CARNEIRO 203,CENTRO,69945000,-10.0742461,-67.0585001,ATIVO,ATIVO,Sem acessibilidade,218,218,218,01120|8|146,01120|8|1066,URBANA OU NÃO IDENTIFICADA COMO RURAL,False,Ausência de marcador rural nos campos públicos,MÉDIA,True
03/08/2026,06:28:06,2026,AC,01120,ACRELÂNDIA,8,101,1074,ESCOLA MARCILIO PONTES DOS SANTOS,RUA RIO DE JANEIRO N 1704,CENTRO,69945000,-10.07295,-67.048695,ATIVO,ATIVO,Sem acessibilidade,278,278,278,01120|8|101,01120|8|1074,URBANA OU NÃO IDENTIFICADA COMO RURAL,False,Ausência de marcador rural nos campos públicos,MÉDIA,True
03/08/2026,06:28:06,2026,AC,01120,ACRELÂNDIA,8,115,1074,ESCOLA MARCILIO PONTES DOS SANTOS,RUA RIO DE JANEIRO N 1704,CENTRO,69945000,-10.07295,-67.048695,ATIVO,ATIVO,Sem acessibilidade,284,284,284,01120|8|115,01120|8|1074,URBANA OU NÃO IDENTIFICADA COMO RURAL,False,Ausência de marcador rural nos campos públicos,MÉDIA,True
03/08/2026,06:28:06,2026,AC,01120,ACRELÂNDIA,8,123,1074,ESCOLA MARCILIO PONTES DOS SANTOS,RUA RIO DE JANEIRO N 1704,CENTRO,69945000,-10.07295,-67.048695,ATIVO,ATIVO,Sem acessibilidade,281,281,281,01120|8|123,01120|8|1074,URBANA OU NÃO IDENTIFICADA COMO RURAL,False,Ausência de marcador rural nos campos públicos,MÉDIA,True
03/08/2026,06:28:06,2026,AC,01120,ACRELÂNDIA,8,142,1074,ESCOLA MARCILIO PONTES DOS SANTOS,RUA RIO DE JANEIRO N 1704,CENTRO,69945000,-10.07295,-67.048695,ATIVO,ATIVO,Sem acessibilidade,284,284,284,01120|8|142,01120|8|1074,URBANA OU NÃO IDENTIFICADA COMO RURAL,False,Ausência de marcador rural nos campos públicos,MÉDIA,True
03/08/2026,06:28:06,2026,AC,01120,ACRELÂNDIA,8,162,1074,ESCOLA MARCILIO PONTES DOS SANTOS,RUA RIO DE JANEIRO N 1704,CENTRO,69945000,-10.07295,-67.048695,ATIVO,ATIVO,Sem acessibilidade,289,289,289,01120|8|162,01120|8|1074,URBANA OU NÃO IDENTIFICADA COMO RURAL,False,Ausência de marcador rural nos campos públicos,MÉDIA,True
03/08/2026,06:28:06,2026,AC,01120,ACRELÂNDIA,8,272,1074,ESCOLA MARCILIO PONTES DOS SANTOS,RUA RIO DE JANEIRO N 1704,CENTRO,69945000,-10.07295,-67.048695,ATIVO,ATIVO,Sem acessibilidade,286,286,286,01120|8|272,01120|8|1074,URBANA OU NÃO IDENTIFICADA COMO RURAL,False,Ausência de marcador rural nos campos públicos,MÉDIA,True
03/08/2026,06:28:06,2026,AC,01120,ACRELÂNDIA,8,164,1112,ASSOCIAÇÃO SERINGUEIRA PORTO DIAS,"BR 364, KM 108, RAMAL DO PELÉ KM 31, COLOCAÇÃO PALHAL",ZONA RURAL - CTA,69945000,-10.0111197,-66.7738611,ATIVO,ATIVO,Sem acessibilidade,182,182,182,01120|8|164,01120|8|1112,RURAL IDENTIFICADA,True,Termo RURAL no bairro ou no nome do local no arquivo do TSE,ALTA,True
03/08/2026,06:28:06,2026,AC,01120,ACRELÂNDIA,8,169,1120,ESC MUN CEN ENS FUN RITA BOCALON RODRIGUES,RUA MINAS GERAIS N 545,CENTRO,69945000,-10.0765917,-67.0512807,ATIVO,ATIVO,Sem acessibilidade,240,240,240,01120|8|169,01120|8|1120,URBANA OU NÃO IDENTIFICADA COMO RURAL,False,Ausência de marcador rural nos campos públicos,MÉDIA,True
03/08/2026,06:28:06,2026,AC,01120,ACRELÂNDIA,8,181,1120,ESC MUN CEN ENS FUN RITA BOCALON RODRIGUES,RUA MINAS GERAIS N 545,CENTRO,69945000,-10.0765917,-67.0512807,ATIVO,ATIVO,Sem acessibilidade,247,247,247,01120|8|181,01120|8|1120,URBANA OU NÃO IDENTIFICADA COMO RURAL,False,Ausência de marcador rural nos campos públicos,MÉDIA,True
03/08/2026,06:28:06,2026,AC,01120,ACRELÂNDIA,8,185,1120,ESC MUN CEN ENS FUN RITA BOCALON RODRIGUES,RUA MINAS GERAIS N 545,CENTRO,69945000,-10.0765917,-67.0512807,ATIVO,ATIVO,Sem acessibilidade,245,245,245,01120|8|185,01120|8|1120,URBANA OU NÃO IDENTIFICADA COMO RURAL,False,Ausência de marcador rural nos campos públicos,MÉDIA,True
03/08/2026,06:28:06,2026,AC,01120,ACRELÂNDIA,8,186,1120,ESC MUN CEN ENS FUN RITA BOCALON RODRIGUES,RUA MINAS GERAIS N 545,CENTRO,69945000,-10.0765917,-67.0512807,ATIVO,ATIVO,Sem acessibilidade,243,243,243,01120|8|186,01120|8|1120,URBANA OU NÃO IDENTIFICADA COMO RURAL,False,Ausência de marcador rural nos campos públicos,MÉDIA,True
03/08/2026,06:28:06,2026,AC,01120,ACRELÂNDIA,8,232,1120,ESC MUN CEN ENS FUN RITA BOCALON RODRIGUES,RUA MINAS GERAIS N 545,CENTRO,69945000,-10.0765917,-67.0512807,ATIVO,ATIVO,Sem acessibilidade,246,246,246,01120|8|232,01120|8|1120,URBANA OU NÃO IDENTIFICADA COMO RURAL,False,Ausência de marcador rural nos campos públicos,MÉDIA,True
03/08/2026,06:28:06,2026,AC,01120,ACRELÂNDIA,8,256,1120,ESC MUN CEN ENS FUN RITA BOCALON RODRIGUES,RUA MINAS GERAIS N 545,CENTRO,69945000,-10.0765917,-67.0512807,ATIVO,ATIVO,Sem acessibilidade,242,242,242,01120|8|256,01120|8|1120,URBANA OU NÃO IDENTIFICADA COMO RURAL,False,Ausência de marcador rural nos campos públicos,MÉDIA,True
03/08/2026,06:28:06,2026,AC,01120,ACRELÂNDIA,8,182,1139,POLO UNIVERSITARIO DA UAB,RUA ADENILSON ROGERIO DE OLIVEIRA PROX. A ELETROACRE,CENTRO,69945000,-10.0734652,-67.054536,ATIVO,ATIVO,Sem acessibilidade,258,258,258,01120|8|182,01120|8|1139,URBANA OU NÃO IDENTIFICADA COMO RURAL,False,Ausência de marcador rural nos campos públicos,MÉDIA,True
03/08/2026,06:28:06,2026,AC,01120,ACRELÂNDIA,8,215,1139,POLO UNIVERSITARIO DA UAB,RUA ADENILSON ROGERIO DE OLIVEIRA PROX. A ELETROACRE,CENTRO,69945000,-10.0734652,-67.054536,ATIVO,ATIVO,Sem acessibilidade,260,260,260,01120|8|215,01120|8|1139,URBANA OU NÃO IDENTIFICADA COMO RURAL,False,Ausência de marcador rural nos campos públicos,MÉDIA,True
03/08/2026,06:28:06,2026,AC,01120,ACRELÂNDIA,8,199,1180,ESCOLA MUNICIPAL JAIME ALENCAR,AC 475 KM 5 QUADRA 7,ZONA RURAL - PORTO LUIZ I E II,69945000,-9.9891802,-66.9337197,ATIVO,ATIVO,Sem acessibilidade,193,258,258,01120|8|199,01120|8|1180,RURAL IDENTIFICADA,True,Termo RURAL no bairro ou no nome do local no arquivo do TSE,ALTA,True
03/08/2026,06:28:06,2026,AC,01120,ACRELÂNDIA,8,274,1180,ESCOLA MUNICIPAL JAIME ALENCAR,AC 475 KM 5 QUADRA 7,ZONA RURAL - PORTO LUIZ I E II,69945000,-9.9891802,-66.9337197,ATIVO,ATIVO,Sem acessibilidade,65,0,0,01120|8|274,01120|8|1180,RURAL IDENTIFICADA,True,Termo RURAL no bairro ou no nome do local no arquivo do TSE,ALTA,True
03/08/2026,06:28:06,2026,AC,01120,ACRELÂNDIA,8,198,1198,COLÉGIO AGRÍCOLA,BR 364 KM 6 RAMAL PROGRESSO KM 6,ZONA RURAL - RAMAL PROGRESSO,69945000,-9.84904,-66.849475,ATIVO,ATIVO,Sem acessibilidade,106,106,106,01120|8|198,01120|8|1198,RURAL IDENTIFICADA,True,Termo RURAL no bairro ou no nome do local no arquivo do TSE,ALTA,True
03/08/2026,06:28:06,2026,AC,01120,ACRELÂNDIA,8,117,1210,CENTRO DE REFERENCIA E ASSISTENCIA SOCIAL - CRAS,AV PARANÁ N 743,CENTRO,69945000,-10.0781454,-67.0554931,ATIVO,ATIVO,Sem acessibilidade,199,199,199,01120|8|117,01120|8|1210,URBANA OU NÃO IDENTIFICADA COMO RURAL,False,Ausência de marcador rural nos campos públicos,MÉDIA,True
03/08/2026,06:28:06,2026,AC,01120,ACRELÂNDIA,8,209,1210,CENTRO DE REFERENCIA E ASSISTENCIA SOCIAL - CRAS,AV PARANÁ N 743,CENTRO,69945000,-10.0781454,-67.0554931,ATIVO,ATIVO,Sem acessibilidade,196,196,196,01120|8|209,01120|8|1210,URBANA OU NÃO IDENTIFICADA COMO RURAL,False,Ausência de marcador rural nos campos públicos,MÉDIA,True
03/08/2026,06:28:06,2026,AC,01570,ASSIS BRASIL,6,27,1015,ESCOLA SIMON BOLIVAR,RUA DOM GIOCONDO MARIA GROTT N. 019,CENTRO,69935000,-10.9424505,-69.5678626,ATIVO,ATIVO,Sem acessibilidade,253,253,253,01570|6|27,01570|6|1015,URBANA OU NÃO IDENTIFICADA COMO RURAL,False,Ausência de marcador rural nos campos públicos,MÉDIA,True
03/08/2026,06:28:06,2026,AC,01570,ASSIS BRASIL,6,28,1015,ESCOLA SIMON BOLIVAR,RUA DOM GIOCONDO MARIA GROTT N. 019,CENTRO,69935000,-10.9424505,-69.5678626,ATIVO,ATIVO,Sem acessibilidade,252,252,252,01570|6|28,01570|6|1015,URBANA OU NÃO IDENTIFICADA COMO RURAL,False,Ausência de marcador rural nos campos públicos,MÉDIA,True
03/08/2026,06:28:06,2026,AC,01570,ASSIS BRASIL,6,36,1015,ESCOLA SIMON BOLIVAR,RUA DOM GIOCONDO MARIA GROTT N. 019,CENTRO,69935000,-10.9424505,-69.5678626,ATIVO,ATIVO,Sem acessibilidade,254,254,254,01570|6|36,01570|6|1015,URBANA OU NÃO IDENTIFICADA COMO RURAL,False,Ausência de marcador rural nos campos públicos,MÉDIA,True
03/08/2026,06:28:06,2026,AC,01570,ASSIS BRASIL,6,95,1015,ESCOLA SIMON BOLIVAR,RUA DOM GIOCONDO MARIA GROTT N. 019,CENTRO,69935000,-10.9424505,-69.5678626,ATIVO,ATIVO,Sem acessibilidade,259,259,259,01570|6|95,01570|6|1015,URBANA OU NÃO IDENTIFICADA COMO RURAL,False,Ausência de marcador rural nos campos públicos,MÉDIA,True
03/08/2026,06:28:06,2026,AC,01570,ASSIS BRASIL,6,29,1023,ESCOLA EDILSA MARIA BATISTA,RUA ENEIDE BATISTA N. 830,CASCATA,69935000,-10.94069469,-69.56312348,ATIVO,ATIVO,Com acessibilidade,314,314,314,01570|6|29,01570|6|1023,URBANA OU NÃO IDENTIFICADA COMO RURAL,False,Ausência de marcador rural nos campos públicos,MÉDIA,True
03/08/2026,06:28:06,2026,AC,01570,ASSIS BRASIL,6,73,1023,ESCOLA EDILSA MARIA BATISTA,RUA ENEIDE BATISTA N. 830,CASCATA,69935000,-10.94069469,-69.56312348,ATIVO,ATIVO,Com acessibilidade,309,309,309,01570|6|73,01570|6|1023,URBANA OU NÃO IDENTIFICADA COMO RURAL,False,Ausência de marcador rural nos campos públicos,MÉDIA,True
03/08/2026,06:28:06,2026,AC,01570,ASSIS BRASIL,6,130,1023,ESCOLA EDILSA MARIA BATISTA,RUA ENEIDE BATISTA N. 830,CASCATA,69935000,-10.94069469,-69.56312348,ATIVO,ATIVO,Com acessibilidade,310,310,310,01570|6|130,01570|6|1023,URBANA OU NÃO IDENTIFICADA COMO RURAL,False,Ausência de marcador rural nos campos públicos,MÉDIA,True
03/08/2026,06:28:06,2026,AC,01570,ASSIS BRASIL,6,30,1031,ESCOLA IRIS CELIA CABANELLAS ZANNINI,RUA ENEIDE BATISTA  525,CENTRO,69935000,-10.93979926,-69.56618909,ATIVO,ATIVO,Com acessibilidade,277,277,277,01570|6|30,01570|6|1031,URBANA OU NÃO IDENTIFICADA COMO RURAL,False,Ausência de marcador rural nos campos públicos,MÉDIA,True
03/08/2026,06:28:06,2026,AC,01570,ASSIS BRASIL,6,31,1031,ESCOLA IRIS CELIA CABANELLAS ZANNINI,RUA ENEIDE BATISTA  525,CENTRO,69935000,-10.93979926,-69.56618909,ATIVO,ATIVO,Com acessibilidade,278,278,278,01570|6|31,01570|6|1031,URBANA OU NÃO IDENTIFICADA COMO RURAL,False,Ausência de marcador rural nos campos públicos,MÉDIA,True
03/08/2026,06:28:06,2026,AC,01570,ASSIS BRASIL,6,37,1031,ESCOLA IRIS CELIA CABANELLAS ZANNINI,RUA ENEIDE BATISTA  525,CENTRO,69935000,-10.93979926,-69.56618909,ATIVO,ATIVO,Com acessibilidade,275,275,275,01570|6|37,01570|6|1031,URBANA OU NÃO IDENTIFICADA COMO RURAL,False,Ausência de marcador rural nos campos públicos,MÉDIA,True
03/08/2026,06:28:06,2026,AC,01570,ASSIS BRASIL,6,43,1031,ESCOLA IRIS CELIA CABANELLAS ZANNINI,RUA ENEIDE BATISTA  525,CENTRO,69935000,-10.93979926,-69.56618909,ATIVO,ATIVO,Com acessibilidade,278,278,278,01570|6|43,01570|6|1031,URBANA OU NÃO IDENTIFICADA COMO RURAL,False,Ausência de marcador rural nos campos públicos,MÉDIA,True
03/08/2026,06:28:06,2026,AC,01570,ASSIS BRASIL,6,52,1031,ESCOLA IRIS CELIA CABANELLAS ZANNINI,RUA ENEIDE BATISTA  525,CENTRO,69935000,-10.93979926,-69.56618909,ATIVO,ATIVO,Com acessibilidade,277,277,277,01570|6|52,01570|6|1031,URBANA OU NÃO IDENTIFICADA COMO RURAL,False,Ausência de marcador rural nos campos públicos,MÉDIA,True
03/08/2026,06:28:06,2026,AC,01570,ASSIS BRASIL,6,90,1031,ESCOLA IRIS CELIA CABANELLAS ZANNINI,RUA ENEIDE BATISTA  525,CENTRO,69935000,-10.93979926,-69.56618909,ATIVO,ATIVO,Com acessibilidade,281,281,281,01570|6|90,01570|6|1031,URBANA OU NÃO IDENTIFICADA COMO RURAL,False,Ausência de marcador rural nos campos públicos,MÉDIA,True
03/08/2026,06:28:06,2026,AC,01570,ASSIS BRASIL,6,66,1228,ESCOLA MARIA FERREIRA DA SILVA,RUA JUVENAL DUARTE DE SOUZA S/N,BELA VISTA,69935000,-10.93874357,-69.55635616,ATIVO,ATIVO,Sem acessibilidade,374,374,374,01570|6|66,01570|6|1228,URBANA OU NÃO IDENTIFICADA COMO RURAL,False,Ausência de marcador rural nos campos públicos,MÉDIA,True
03/08/2026,06:28:06,2026,AC,01570,ASSIS BRASIL,6,129,1228,ESCOLA MARIA FERREIRA DA SILVA,RUA JUVENAL DUARTE DE SOUZA S/N,BELA VISTA,69935000,-10.93874357,-69.55635616,ATIVO,ATIVO,Sem acessibilidade,372,372,372,01570|6|129,01570|6|1228,URBANA OU NÃO IDENTIFICADA COMO RURAL,False,Ausência de marcador rural nos campos públicos,MÉDIA,True
03/08/2026,06:28:06,2026,AC,01570,ASSIS BRASIL,6,79,1236,ESCOLA 07 DE NOVEMBRO - SERINGAL ICURIÃ KM 76,SERINGAL ICURIA KM-76,ZONA RURAL,69935000,-10.44348246,-69.69624055,ATIVO,ATIVO,Sem acessibilidade,254,254,254,01570|6|79,01570|6|1236,RURAL IDENTIFICADA,True,Termo RURAL no bairro ou no nome do local no arquivo do TSE,ALTA,True
03/08/2026,06:28:06,2026,AC,01570,ASSIS BRASIL,6,78,1244,ESCOLA BAIXA VERDE -  (DIVISÃO) 40 KM DE RAMAL,SERINGAL ICURIÃ - DIVISÃO,ZONA RURAL,69935000,-10.6683819,-69.59830941,ATIVO,ATIVO,Sem acessibilidade,188,188,188,01570|6|78,01570|6|1244,RURAL IDENTIFICADA,True,Termo RURAL no bairro ou no nome do local no arquivo do TSE,ALTA,True
03/08/2026,06:28:06,2026,AC,01570,ASSIS BRASIL,6,154,1244,ESCOLA BAIXA VERDE -  (DIVISÃO) 40 KM DE RAMAL,SERINGAL ICURIÃ - DIVISÃO,ZONA RURAL,69935000,-10.6683819,-69.59830941,ATIVO,ATIVO,Sem acessibilidade,190,190,190,01570|6|154,01570|6|1244,RURAL IDENTIFICADA,True,Termo RURAL no bairro ou no nome do local no arquivo do TSE,ALTA,True
03/08/2026,06:28:06,2026,AC,01570,ASSIS BRASIL,6,93,1279,CÂMARA MUNICIPAL,RUA RAIMUNDO CHAAR,CENTRO,69935000,-10.93987952,-69.56731603,ATIVO,ATIVO,Sem acessibilidade,343,343,343,01570|6|93,01570|6|1279,URBANA OU NÃO IDENTIFICADA COMO RURAL,False,Ausência de marcador rural nos campos públicos,MÉDIA,True
03/08/2026,06:28:06,2026,AC,01570,ASSIS BRASIL,6,104,1309,ESCOLA KAJPAHA - ALDEIA JATOBÁ,ALDEIA JATOBÁ - ÁS MARGENS DO ALTO RIO IACO,ZONA RURAL,69935000,-10.53928285,-69.86124254,ATIVO,ATIVO,Sem acessibilidade,206,206,206,01570|6|104,01570|6|1309,RURAL IDENTIFICADA,True,Termo RURAL no bairro ou no nome do local no arquivo do TSE,ALTA,True
03/08/2026,06:28:06,2026,AC,01570,ASSIS BRASIL,6,158,1309,ESCOLA KAJPAHA - ALDEIA JATOBÁ,ALDEIA JATOBÁ - ÁS MARGENS DO ALTO RIO IACO,ZONA RURAL,69935000,-10.53928285,-69.86124254,ATIVO,ATIVO,Sem acessibilidade,202,202,202,01570|6|158,01570|6|1309,RURAL IDENTIFICADA,True,Termo RURAL no bairro ou no nome do local no arquivo do TSE,ALTA,True
03/08/2026,06:28:06,2026,AC,01570,ASSIS BRASIL,6,108,1317,ESCOLA INDÍGENA 7 ESTRELAS - ALDEIA EXTREMA,"ALDEIA EXTREMA, ALTO RIO IACO",ZONA RURAL,69935000,-10.65300581,-70.13350607,ATIVO,ATIVO,Sem acessibilidade,188,188,188,01570|6|108,01570|6|1317,RURAL IDENTIFICADA,True,Termo RURAL no bairro ou no nome do local no arquivo do TSE,ALTA,True
03/08/2026,06:28:06,2026,AC,01570,ASSIS BRASIL,6,114,1325,ESCOLA HIMATKALTSHI - ALDEIA NOVA UNIÃO,TERRA INDIGENA ALDEIA DO RIO ACRE - ALDEIA NOVA UNIÃO,ZONA RURAL,69935000,-10.92573245,-69.92262217,ATIVO,ATIVO,Sem acessibilidade,147,147,147,01570|6|114,01570|6|1325,RURAL IDENTIFICADA,True,Termo RURAL no bairro ou no nome do local no arquivo do TSE,ALTA,True
03/08/2026,06:28:06,2026,AC,01570,ASSIS BRASIL,6,115,1333,"ESCOLA CARIOLANDO DE SOUZA GOMES, SGL SÃO FRANCISCO, COL. DERRETIDO","SERINGAL SÃO FRANCISCO, COLOCAÇÃO DERRETIDO ÀS MARGENS DO RIO ACRE",ZONA RURAL,69935000,-10.9387744,-69.76352407,ATIVO,ATIVO,Sem acessibilidade,90,90,90,01570|6|115,01570|6|1333,RURAL IDENTIFICADA,True,Termo RURAL no bairro ou no nome do local no arquivo do TSE,ALTA,True
03/08/2026,06:28:06,2026,AC,01570,ASSIS BRASIL,6,149,1341,UNIDADE BÁSICA DE SAÚDE TEREZINHA BATISTA DOS SANTOS,RUA FRANCISCO DAS CHAGAS,CASCATA,69935000,-10.94052723,-69.56121149,ATIVO,ATIVO,Com acessibilidade,266,266,266,01570|6|149,01570|6|1341,URBANA OU NÃO IDENTIFICADA COMO RURAL,False,Ausência de marcador rural nos campos públicos,MÉDIA,True
03/08/2026,06:28:06,2026,AC,01570,ASSIS BRASIL,6,150,1350,ESCOLA VICENTE BESSA,"BR 317, KM 02",ZONA RURAL,69935000,-10.92737169,-69.55376541,ATIVO,ATIVO,Com acessibilidade,272,272,272,01570|6|150,01570|6|1350,RURAL IDENTIFICADA,True,Termo RURAL no bairro ou no nome do local no arquivo do TSE,ALTA,True
03/08/2026,06:28:06,2026,AC,01570,ASSIS BRASIL,6,161,1350,ESCOLA VICENTE BESSA,"BR 317, KM 02",ZONA RURAL,69935000,-10.92737169,-69.55376541,ATIVO,ATIVO,Sem acessibilidade,311,311,311,01570|6|161,01570|6|1350,RURAL IDENTIFICADA,True,Termo RURAL no bairro ou no nome do local no arquivo do TSE,ALTA,True
03/08/2026,06:28:06,2026,AC,01570,ASSIS BRASIL,6,169,1350,ESCOLA VICENTE BESSA,"BR 317, KM 02",ZONA RURAL,69935000,-10.92737169,-69.55376541,ATIVO,ATIVO,Sem acessibilidade,270,270,270,01570|6|169,01570|6|1350,RURAL IDENTIFICADA,True,Termo RURAL no bairro ou no nome do local no arquivo do TSE,ALTA,True
03/08/2026,06:28:06,2026,AC,01058,BRASILÉIA,6,88,1023,CENTRO CULTURAL SEBASTIÃO JOAQUIM DANTAS BARROSO,RUA VITÓRIA SALVATIERRA N. 1090,FERREIRA DA SILVA,69932000,-10.99872161,-68.75053897,ATIVO,ATIVO,Com acessibilidade,290,290,290,01058|6|88,01058|6|1023,URBANA OU NÃO IDENTIFICADA COMO RURAL,False,Ausência de marcador rural nos campos públicos,MÉDIA,True
03/08/2026,06:28:06,2026,AC,01058,BRASILÉIA,6,4,1040,ESCOLA MARIA SOCORRO DE SOUZA FROTA,RUA RAIMUNDO TEIXEIRA TEODORO S/N,MARCOS GALVÃO II,69932000,-10.99058456,-68.74545772,ATIVO,ATIVO,Com acessibilidade,287,287,287,01058|6|4,01058|6|1040,URBANA OU NÃO IDENTIFICADA COMO RURAL,False,Ausência de marcador rural nos campos públicos,MÉDIA,True
03/08/2026,06:28:06,2026,AC,01058,BRASILÉIA,6,45,1040,ESCOLA MARIA SOCORRO DE SOUZA FROTA,RUA RAIMUNDO TEIXEIRA TEODORO S/N,MARCOS GALVÃO II,69932000,-10.99058456,-68.74545772,ATIVO,ATIVO,Com acessibilidade,292,292,292,01058|6|45,01058|6|1040,URBANA OU NÃO IDENTIFICADA COMO RURAL,False,Ausência de marcador rural nos campos públicos,MÉDIA,True
03/08/2026,06:28:06,2026,AC,01058,BRASILÉIA,6,126,1040,ESCOLA MARIA SOCORRO DE SOUZA FROTA,RUA RAIMUNDO TEIXEIRA TEODORO S/N,MARCOS GALVÃO II,69932000,-10.99058456,-68.74545772,ATIVO,ATIVO,Com acessibilidade,294,294,294,01058|6|126,01058|6|1040,URBANA OU NÃO IDENTIFICADA COMO RURAL,False,Ausência de marcador rural nos campos públicos,MÉDIA,True
03/08/2026,06:28:06,2026,AC,01058,BRASILÉIA,6,133,1040,ESCOLA MARIA SOCORRO DE SOUZA FROTA,RUA RAIMUNDO TEIXEIRA TEODORO S/N,MARCOS GALVÃO II,69932000,-10.99058456,-68.74545772,ATIVO,ATIVO,Com acessibilidade,296,296,296,01058|6|133,01058|6|1040,URBANA OU NÃO IDENTIFICADA COMO RURAL,False,Ausência de marcador rural nos campos públicos,MÉDIA,True
03/08/2026,06:28:06,2026,AC,01058,BRASILÉIA,6,138,1040,ESCOLA MARIA SOCORRO DE SOUZA FROTA,RUA RAIMUNDO TEIXEIRA TEODORO S/N,MARCOS GALVÃO II,69932000,-10.99058456,-68.74545772,ATIVO,ATIVO,Com acessibilidade,293,293,293,01058|6|138,01058|6|1040,URBANA OU NÃO IDENTIFICADA COMO RURAL,False,Ausência de marcador rural nos campos públicos,MÉDIA,True
03/08/2026,06:28:06,2026,AC,01058,BRASILÉIA,6,139,1040,ESCOLA MARIA SOCORRO DE SOUZA FROTA,RUA RAIMUNDO TEIXEIRA TEODORO S/N,MARCOS GALVÃO II,69932000,-10.99058456,-68.74545772,ATIVO,ATIVO,Com acessibilidade,295,295,295,01058|6|139,01058|6|1040,URBANA OU NÃO IDENTIFICADA COMO RURAL,False,Ausência de marcador rural nos campos públicos,MÉDIA,True
03/08/2026,06:28:06,2026,AC,01058,BRASILÉIA,6,1,1066,ESCOLA  KAIRALA JOSE KAIRALA,RUA JOSE KAIRALA N. 072,RAIMUNDO CHAAR,69932000,-11.01249729,-68.7411295,ATIVO,ATIVO,Com acessibilidade,239,239,239,01058|6|1,01058|6|1066,URBANA OU NÃO IDENTIFICADA COMO RURAL,False,Ausência de marcador rural nos campos públicos,MÉDIA,True
03/08/2026,06:28:06,2026,AC,01058,BRASILÉIA,6,6,1066,ESCOLA  KAIRALA JOSE KAIRALA,RUA JOSE KAIRALA N. 072,RAIMUNDO CHAAR,69932000,-11.01249729,-68.7411295,ATIVO,ATIVO,Com acessibilidade,249,249,249,01058|6|6,01058|6|1066,URBANA OU NÃO IDENTIFICADA COMO RURAL,False,Ausência de marcador rural nos campos públicos,MÉDIA,True
03/08/2026,06:28:06,2026,AC,01058,BRASILÉIA,6,7,1066,ESCOLA  KAIRALA JOSE KAIRALA,RUA JOSE KAIRALA N. 072,RAIMUNDO CHAAR,69932000,-11.01249729,-68.7411295,ATIVO,ATIVO,Com acessibilidade,245,245,245,01058|6|7,01058|6|1066,URBANA OU NÃO IDENTIFICADA COMO RURAL,False,Ausência de marcador rural nos campos públicos,MÉDIA,True
03/08/2026,06:28:06,2026,AC,01058,BRASILÉIA,6,8,1066,ESCOLA  KAIRALA JOSE KAIRALA,RUA JOSE KAIRALA N. 072,RAIMUNDO CHAAR,69932000,-11.01249729,-68.7411295,ATIVO,ATIVO,Com acessibilidade,246,246,246,01058|6|8,01058|6|1066,URBANA OU NÃO IDENTIFICADA COMO RURAL,False,Ausência de marcador rural nos campos públicos,MÉDIA,True
03/08/2026,06:28:06,2026,AC,01058,BRASILÉIA,6,32,1066,ESCOLA  KAIRALA JOSE KAIRALA,RUA JOSE KAIRALA N. 072,RAIMUNDO CHAAR,69932000,-11.01249729,-68.7411295,ATIVO,ATIVO,Com acessibilidade,247,247,247,01058|6|32,01058|6|1066,URBANA OU NÃO IDENTIFICADA COMO RURAL,False,Ausência de marcador rural nos campos públicos,MÉDIA,True
03/08/2026,06:28:06,2026,AC,01058,BRASILÉIA,6,41,1066,ESCOLA  KAIRALA JOSE KAIRALA,RUA JOSE KAIRALA N. 072,RAIMUNDO CHAAR,69932000,-11.01249729,-68.7411295,ATIVO,ATIVO,Com acessibilidade,241,241,241,01058|6|41,01058|6|1066,URBANA OU NÃO IDENTIFICADA COMO RURAL,False,Ausência de marcador rural nos campos públicos,MÉDIA,True
03/08/2026,06:28:06,2026,AC,01058,BRASILÉIA,6,44,1066,ESCOLA  KAIRALA JOSE KAIRALA,RUA JOSE KAIRALA N. 072,RAIMUNDO CHAAR,69932000,-11.01249729,-68.7411295,ATIVO,ATIVO,Com acessibilidade,245,245,245,01058|6|44,01058|6|1066,URBANA OU NÃO IDENTIFICADA COMO RURAL,False,Ausência de marcador rural nos campos públicos,MÉDIA,True
03/08/2026,06:28:06,2026,AC,01058,BRASILÉIA,6,84,1066,ESCOLA  KAIRALA JOSE KAIRALA,RUA JOSE KAIRALA N. 072,RAIMUNDO CHAAR,69932000,-11.01249729,-68.7411295,ATIVO,ATIVO,Com acessibilidade,240,240,240,01058|6|84,01058|6|1066,URBANA OU NÃO IDENTIFICADA COMO RURAL,False,Ausência de marcador rural nos campos públicos,MÉDIA,True
03/08/2026,06:28:06,2026,AC,01058,BRASILÉIA,6,166,1066,ESCOLA  KAIRALA JOSE KAIRALA,RUA JOSE KAIRALA N. 072,RAIMUNDO CHAAR,69932000,-11.01249729,-68.7411295,ATIVO,ATIVO,Sem acessibilidade,242,242,242,01058|6|166,01058|6|1066,URBANA OU NÃO IDENTIFICADA COMO RURAL,False,Ausência de marcador rural nos campos públicos,MÉDIA,True
03/08/2026,06:28:06,2026,AC,01058,BRASILÉIA,6,53,1074,ESCOLA VALDOMIRO FERREIRA BARROSO - KM 19,KM 19 RAMAL 13  (CHICO LEAL),ZONA RURAL,69932000,-10.82917138,-68.88806747,ATIVO,ATIVO,Com acessibilidade,261,261,261,01058|6|53,01058|6|1074,RURAL IDENTIFICADA,True,Termo RURAL no bairro ou no nome do local no arquivo do TSE,ALTA,True
03/08/2026,06:28:06,2026,AC,01058,BRASILÉIA,6,99,1074,ESCOLA VALDOMIRO FERREIRA BARROSO - KM 19,KM 19 RAMAL 13  (CHICO LEAL),ZONA RURAL,69932000,-10.82917138,-68.88806747,ATIVO,ATIVO,Com acessibilidade,261,261,261,01058|6|99,01058|6|1074,RURAL IDENTIFICADA,True,Termo RURAL no bairro ou no nome do local no arquivo do TSE,ALTA,True
03/08/2026,06:28:06,2026,AC,01058,BRASILÉIA,6,128,1074,ESCOLA VALDOMIRO FERREIRA BARROSO - KM 19,KM 19 RAMAL 13  (CHICO LEAL),ZONA RURAL,69932000,-10.82917138,-68.88806747,ATIVO,ATIVO,Com acessibilidade,262,262,262,01058|6|128,01058|6|1074,RURAL IDENTIFICADA,True,Termo RURAL no bairro ou no nome do local no arquivo do TSE,ALTA,True
03/08/2026,06:28:06,2026,AC,01058,BRASILÉIA,6,11,1082,ESCOLA GETULIO VARGAS,AV. RUI LINO N. 031,CENTRO,69932000,-11.01541249,-68.7449743,ATIVO,ATIVO,Com acessibilidade,140,279,279,01058|6|11,01058|6|1082,URBANA OU NÃO IDENTIFICADA COMO RURAL,False,Ausência de marcador rural nos campos públicos,MÉDIA,True
03/08/2026,06:28:06,2026,AC,01058,BRASILÉIA,6,12,1082,ESCOLA GETULIO VARGAS,AV. RUI LINO N. 031,CENTRO,69932000,-11.01541249,-68.7449743,ATIVO,ATIVO,Com acessibilidade,139,0,0,01058|6|12,01058|6|1082,URBANA OU NÃO IDENTIFICADA COMO RURAL,False,Ausência de marcador rural nos campos públicos,MÉDIA,True
03/08/2026,06:28:06,2026,AC,01058,BRASILÉIA,6,13,1082,ESCOLA GETULIO VARGAS,AV. RUI LINO N. 031,CENTRO,69932000,-11.01541249,-68.7449743,ATIVO,ATIVO,Com acessibilidade,136,311,311,01058|6|13,01058|6|1082,URBANA OU NÃO IDENTIFICADA COMO RURAL,False,Ausência de marcador rural nos campos públicos,MÉDIA,True
03/08/2026,06:28:06,2026,AC,01058,BRASILÉIA,6,14,1082,ESCOLA GETULIO VARGAS,AV. RUI LINO N. 031,CENTRO,69932000,-11.01541249,-68.7449743,ATIVO,ATIVO,Com acessibilidade,137,306,306,01058|6|14,01058|6|1082,URBANA OU NÃO IDENTIFICADA COMO RURAL,False,Ausência de marcador rural nos campos públicos,MÉDIA,True
03/08/2026,06:28:06,2026,AC,01058,BRASILÉIA,6,15,1082,ESCOLA GETULIO VARGAS,AV. RUI LINO N. 031,CENTRO,69932000,-11.01541249,-68.7449743,ATIVO,ATIVO,Com acessibilidade,141,310,310,01058|6|15,01058|6|1082,URBANA OU NÃO IDENTIFICADA COMO RURAL,False,Ausência de marcador rural nos campos públicos,MÉDIA,True
03/08/2026,06:28:06,2026,AC,01058,BRASILÉIA,6,16,1082,ESCOLA GETULIO VARGAS,AV. RUI LINO N. 031,CENTRO,69932000,-11.01541249,-68.7449743,ATIVO,ATIVO,Com acessibilidade,169,0,0,01058|6|16,01058|6|1082,URBANA OU NÃO IDENTIFICADA COMO RURAL,False,Ausência de marcador rural nos campos públicos,MÉDIA,True
03/08/2026,06:28:06,2026,AC,01058,BRASILÉIA,6,17,1082,ESCOLA GETULIO VARGAS,AV. RUI LINO N. 031,CENTRO,69932000,-11.01541249,-68.7449743,ATIVO,ATIVO,Com acessibilidade,169,0,0,01058|6|17,01058|6|1082,URBANA OU NÃO IDENTIFICADA COMO RURAL,False,Ausência de marcador rural nos campos públicos,MÉDIA,True
03/08/2026,06:28:06,2026,AC,01058,BRASILÉIA,6,18,1082,ESCOLA GETULIO VARGAS,AV. RUI LINO N. 031,CENTRO,69932000,-11.01541249,-68.7449743,ATIVO,ATIVO,Com acessibilidade,175,0,0,01058|6|18,01058|6|1082,URBANA OU NÃO IDENTIFICADA COMO RURAL,False,Ausência de marcador rural nos campos públicos,MÉDIA,True
03/08/2026,06:28:06,2026,AC,01058,BRASILÉIA,6,33,1082,ESCOLA GETULIO VARGAS,AV. RUI LINO N. 031,CENTRO,69932000,-11.01541249,-68.7449743,ATIVO,ATIVO,Com acessibilidade,140,280,280,01058|6|33,01058|6|1082,URBANA OU NÃO IDENTIFICADA COMO RURAL,False,Ausência de marcador rural nos campos públicos,MÉDIA,True
03/08/2026,06:28:06,2026,AC,01058,BRASILÉIA,6,38,1082,ESCOLA GETULIO VARGAS,AV. RUI LINO N. 031,CENTRO,69932000,-11.01541249,-68.7449743,ATIVO,ATIVO,Com acessibilidade,140,0,0,01058|6|38,01058|6|1082,URBANA OU NÃO IDENTIFICADA COMO RURAL,False,Ausência de marcador rural nos campos públicos,MÉDIA,True
03/08/2026,06:28:06,2026,AC,01058,BRASILÉIA,6,5,1112,SEMED - SECRETARIA MUNICIPAL DE EDUCAÇÃO,RUA 02 DE NOVEMBRO N. 102,RAIMUNDO CHAAR,69932000,-11.00865738,-68.74576397,ATIVO,ATIVO,Com acessibilidade,182,182,182,01058|6|5,01058|6|1112,URBANA OU NÃO IDENTIFICADA COMO RURAL,False,Ausência de marcador rural nos campos públicos,MÉDIA,True
03/08/2026,06:28:06,2026,AC,01058,BRASILÉIA,6,19,1112,SEMED - SECRETARIA MUNICIPAL DE EDUCAÇÃO,RUA 02 DE NOVEMBRO N. 102,RAIMUNDO CHAAR,69932000,-11.00865738,-68.74576397,ATIVO,ATIVO,Com acessibilidade,173,347,347,01058|6|19,01058|6|1112,URBANA OU NÃO IDENTIFICADA COMO RURAL,False,Ausência de marcador rural nos campos públicos,MÉDIA,True
03/08/2026,06:28:06,2026,AC,01058,BRASILÉIA,6,127,1112,SEMED - SECRETARIA MUNICIPAL DE EDUCAÇÃO,RUA 02 DE NOVEMBRO N. 102,RAIMUNDO CHAAR,69932000,-11.00865738,-68.74576397,ATIVO,ATIVO,Com acessibilidade,174,0,0,01058|6|127,01058|6|1112,URBANA OU NÃO IDENTIFICADA COMO RURAL,False,Ausência de marcador rural nos campos públicos,MÉDIA,True
03/08/2026,06:28:06,2026,AC,01058,BRASILÉIA,6,54,1120,ESCOLA FONTENELE DE CASTRO,AV. DR. MANOEL MARINHO MONTE N. 019,FERREIRA DA SILVA,69932000,-11.00020931,-68.75054031,ATIVO,ATIVO,Com acessibilidade,233,233,233,01058|6|54,01058|6|1120,URBANA OU NÃO IDENTIFICADA COMO RURAL,False,Ausência de marcador rural nos campos públicos,MÉDIA,True
03/08/2026,06:28:06,2026,AC,01058,BRASILÉIA,6,74,1120,ESCOLA FONTENELE DE CASTRO,AV. DR. MANOEL MARINHO MONTE N. 019,FERREIRA DA SILVA,69932000,-11.00020931,-68.75054031,ATIVO,ATIVO,Com acessibilidade,294,294,294,01058|6|74,01058|6|1120,URBANA OU NÃO IDENTIFICADA COMO RURAL,False,Ausência de marcador rural nos campos públicos,MÉDIA,True
03/08/2026,06:28:06,2026,AC,01058,BRASILÉIA,6,81,1120,ESCOLA FONTENELE DE CASTRO,AV. DR. MANOEL MARINHO MONTE N. 019,FERREIRA DA SILVA,69932000,-11.00020931,-68.75054031,ATIVO,ATIVO,Com acessibilidade,294,294,294,01058|6|81,01058|6|1120,URBANA OU NÃO IDENTIFICADA COMO RURAL,False,Ausência de marcador rural nos campos públicos,MÉDIA,True
03/08/2026,06:28:06,2026,AC,01058,BRASILÉIA,6,87,1120,ESCOLA FONTENELE DE CASTRO,AV. DR. MANOEL MARINHO MONTE N. 019,FERREIRA DA SILVA,69932000,-11.00020931,-68.75054031,ATIVO,ATIVO,Com acessibilidade,291,291,291,01058|6|87,01058|6|1120,URBANA OU NÃO IDENTIFICADA COMO RURAL,False,Ausência de marcador rural nos campos públicos,MÉDIA,True
03/08/2026,06:28:06,2026,AC,01058,BRASILÉIA,6,91,1120,ESCOLA FONTENELE DE CASTRO,AV. DR. MANOEL MARINHO MONTE N. 019,FERREIRA DA SILVA,69932000,-11.00020931,-68.75054031,ATIVO,ATIVO,Com acessibilidade,294,294,294,01058|6|91,01058|6|1120,URBANA OU NÃO IDENTIFICADA COMO RURAL,False,Ausência de marcador rural nos campos públicos,MÉDIA,True
03/08/2026,06:28:06,2026,AC,01058,BRASILÉIA,6,113,1120,ESCOLA FONTENELE DE CASTRO,AV. DR. MANOEL MARINHO MONTE N. 019,FERREIRA DA SILVA,69932000,-11.00020931,-68.75054031,ATIVO,ATIVO,Com acessibilidade,255,255,255,01058|6|113,01058|6|1120,URBANA OU NÃO IDENTIFICADA COMO RURAL,False,Ausência de marcador rural nos campos públicos,MÉDIA,True
03/08/2026,06:28:06,2026,AC,01058,BRASILÉIA,6,118,1120,ESCOLA FONTENELE DE CASTRO,AV. DR. MANOEL MARINHO MONTE N. 019,FERREIRA DA SILVA,69932000,-11.00020931,-68.75054031,ATIVO,ATIVO,Com acessibilidade,291,291,291,01058|6|118,01058|6|1120,URBANA OU NÃO IDENTIFICADA COMO RURAL,False,Ausência de marcador rural nos campos públicos,MÉDIA,True
03/08/2026,06:28:06,2026,AC,01058,BRASILÉIA,6,152,1120,ESCOLA FONTENELE DE CASTRO,AV. DR. MANOEL MARINHO MONTE N. 019,FERREIRA DA SILVA,69932000,-11.00020931,-68.75054031,ATIVO,ATIVO,Com acessibilidade,294,294,294,01058|6|152,01058|6|1120,URBANA OU NÃO IDENTIFICADA COMO RURAL,False,Ausência de marcador rural nos campos públicos,MÉDIA,True
03/08/2026,06:28:06,2026,AC,01058,BRASILÉIA,6,25,1180,ESCOLA VALERIA BISPO SABALA - KM 26,BR 317 KM 26,ZONA RURAL,69932000,-10.95358619,-68.92818242,ATIVO,ATIVO,Com acessibilidade,254,254,254,01058|6|25,01058|6|1180,RURAL IDENTIFICADA,True,Termo RURAL no bairro ou no nome do local no arquivo do TSE,ALTA,True
03/08/2026,06:28:06,2026,AC,01058,BRASILÉIA,6,57,1180,ESCOLA VALERIA BISPO SABALA - KM 26,BR 317 KM 26,ZONA RURAL,69932000,-10.95358619,-68.92818242,ATIVO,ATIVO,Com acessibilidade,262,262,262,01058|6|57,01058|6|1180,RURAL IDENTIFICADA,True,Termo RURAL no bairro ou no nome do local no arquivo do TSE,ALTA,True
03/08/2026,06:28:06,2026,AC,01058,BRASILÉIA,6,119,1180,ESCOLA VALERIA BISPO SABALA - KM 26,BR 317 KM 26,ZONA RURAL,69932000,-10.95358619,-68.92818242,ATIVO,ATIVO,Com acessibilidade,257,257,257,01058|6|119,01058|6|1180,RURAL IDENTIFICADA,True,Termo RURAL no bairro ou no nome do local no arquivo do TSE,ALTA,True
03/08/2026,06:28:06,2026,AC,01058,BRASILÉIA,6,55,1198,ESCOLA FRANCISCO GERMANO DA SILVA - KM 68,BR 317 KM 68,ZONA RURAL,69932000,-10.81912852,-69.22823201,ATIVO,ATIVO,Com acessibilidade,244,244,244,01058|6|55,01058|6|1198,RURAL IDENTIFICADA,True,Termo RURAL no bairro ou no nome do local no arquivo do TSE,ALTA,True
03/08/2026,06:28:06,2026,AC,01058,BRASILÉIA,6,56,1198,ESCOLA FRANCISCO GERMANO DA SILVA - KM 68,BR 317 KM 68,ZONA RURAL,69932000,-10.81912852,-69.22823201,ATIVO,ATIVO,Com acessibilidade,214,214,214,01058|6|56,01058|6|1198,RURAL IDENTIFICADA,True,Termo RURAL no bairro ou no nome do local no arquivo do TSE,ALTA,True
03/08/2026,06:28:06,2026,AC,01058,BRASILÉIA,6,112,1198,ESCOLA FRANCISCO GERMANO DA SILVA - KM 68,BR 317 KM 68,ZONA RURAL,69932000,-10.81912852,-69.22823201,ATIVO,ATIVO,Com acessibilidade,218,218,218,01058|6|112,01058|6|1198,RURAL IDENTIFICADA,True,Termo RURAL no bairro ou no nome do local no arquivo do TSE,ALTA,True
03/08/2026,06:28:06,2026,AC,01058,BRASILÉIA,6,137,1198,ESCOLA FRANCISCO GERMANO DA SILVA - KM 68,BR 317 KM 68,ZONA RURAL,69932000,-10.81912852,-69.22823201,ATIVO,ATIVO,Com acessibilidade,218,218,218,01058|6|137,01058|6|1198,RURAL IDENTIFICADA,True,Termo RURAL no bairro ou no nome do local no arquivo do TSE,ALTA,True
03/08/2026,06:28:06,2026,AC,01058,BRASILÉIA,6,62,1210,ESCOLA ODILON PRATAGI,RUA 12 DE OUTUBRO N. 205,CENTRO,69932000,-11.00732706,-68.74320765,ATIVO,ATIVO,Com acessibilidade,294,294,294,01058|6|62,01058|6|1210,URBANA OU NÃO IDENTIFICADA COMO RURAL,False,Ausência de marcador rural nos campos públicos,MÉDIA,True
03/08/2026,06:28:06,2026,AC,01058,BRASILÉIA,6,67,1210,ESCOLA ODILON PRATAGI,RUA 12 DE OUTUBRO N. 205,CENTRO,69932000,-11.00732706,-68.74320765,ATIVO,ATIVO,Com acessibilidade,293,293,293,01058|6|67,01058|6|1210,URBANA OU NÃO IDENTIFICADA COMO RURAL,False,Ausência de marcador rural nos campos públicos,MÉDIA,True
03/08/2026,06:28:06,2026,AC,01058,BRASILÉIA,6,76,1210,ESCOLA ODILON PRATAGI,RUA 12 DE OUTUBRO N. 205,CENTRO,69932000,-11.00732706,-68.74320765,ATIVO,ATIVO,Com acessibilidade,286,286,286,01058|6|76,01058|6|1210,URBANA OU NÃO IDENTIFICADA COMO RURAL,False,Ausência de marcador rural nos campos públicos,MÉDIA,True
03/08/2026,06:28:06,2026,AC,01058,BRASILÉIA,6,80,1210,ESCOLA ODILON PRATAGI,RUA 12 DE OUTUBRO N. 205,CENTRO,69932000,-11.00732706,-68.74320765,ATIVO,ATIVO,Com acessibilidade,288,288,288,01058|6|80,01058|6|1210,URBANA OU NÃO IDENTIFICADA COMO RURAL,False,Ausência de marcador rural nos campos públicos,MÉDIA,True
03/08/2026,06:28:06,2026,AC,01058,BRASILÉIA,6,83,1210,ESCOLA ODILON PRATAGI,RUA 12 DE OUTUBRO N. 205,CENTRO,69932000,-11.00732706,-68.74320765,ATIVO,ATIVO,Com acessibilidade,292,292,292,01058|6|83,01058|6|1210,URBANA OU NÃO IDENTIFICADA COMO RURAL,False,Ausência de marcador rural nos campos públicos,MÉDIA,True
03/08/2026,06:28:06,2026,AC,01058,BRASILÉIA,6,89,1210,ESCOLA ODILON PRATAGI,RUA 12 DE OUTUBRO N. 205,CENTRO,69932000,-11.00732706,-68.74320765,ATIVO,ATIVO,Com acessibilidade,291,291,291,01058|6|89,01058|6|1210,URBANA OU NÃO IDENTIFICADA COMO RURAL,False,Ausência de marcador rural nos campos públicos,MÉDIA,True
03/08/2026,06:28:06,2026,AC,01058,BRASILÉIA,6,63,1228,ESCOLA ELSON DIAS DANTAS,RUA ELSON DIAS DANTAS N. 208,LEONARDO BARBOSA,69932000,-11.01093651,-68.75982538,ATIVO,ATIVO,Com acessibilidade,244,244,244,01058|6|63,01058|6|1228,URBANA OU NÃO IDENTIFICADA COMO RURAL,False,Ausência de marcador rural nos campos públicos,MÉDIA,True
03/08/2026,06:28:06,2026,AC,01058,BRASILÉIA,6,75,1228,ESCOLA ELSON DIAS DANTAS,RUA ELSON DIAS DANTAS N. 208,LEONARDO BARBOSA,69932000,-11.01093651,-68.75982538,ATIVO,ATIVO,Com acessibilidade,243,243,243,01058|6|75,01058|6|1228,URBANA OU NÃO IDENTIFICADA COMO RURAL,False,Ausência de marcador rural nos campos públicos,MÉDIA,True
03/08/2026,06:28:06,2026,AC,01058,BRASILÉIA,6,85,1228,ESCOLA ELSON DIAS DANTAS,RUA ELSON DIAS DANTAS N. 208,LEONARDO BARBOSA,69932000,-11.01093651,-68.75982538,ATIVO,ATIVO,Com acessibilidade,246,246,246,01058|6|85,01058|6|1228,URBANA OU NÃO IDENTIFICADA COMO RURAL,False,Ausência de marcador rural nos campos públicos,MÉDIA,True
03/08/2026,06:28:06,2026,AC,01058,BRASILÉIA,6,121,1228,ESCOLA ELSON DIAS DANTAS,RUA ELSON DIAS DANTAS N. 208,LEONARDO BARBOSA,69932000,-11.01093651,-68.75982538,ATIVO,ATIVO,Com acessibilidade,243,243,243,01058|6|121,01058|6|1228,URBANA OU NÃO IDENTIFICADA COMO RURAL,False,Ausência de marcador rural nos campos públicos,MÉDIA,True
03/08/2026,06:28:06,2026,AC,01058,BRASILÉIA,6,39,1996,ESCOLA MENINO JESUS,"RUA JOÃO JOVINO DE OLIVEIRA, N. 300",ELDORADO,69932000,-11.00550299,-68.75489194,ATIVO,ATIVO,Com acessibilidade,244,244,244,01058|6|39,01058|6|1996,URBANA OU NÃO IDENTIFICADA COMO RURAL,False,Ausência de marcador rural nos campos públicos,MÉDIA,True
03/08/2026,06:28:06,2026,AC,01058,BRASILÉIA,6,131,1996,ESCOLA MENINO JESUS,"RUA JOÃO JOVINO DE OLIVEIRA, N. 300",ELDORADO,69932000,-11.00550299,-68.75489194,ATIVO,ATIVO,Com acessibilidade,241,241,241,01058|6|131,01058|6|1996,URBANA OU NÃO IDENTIFICADA COMO RURAL,False,Ausência de marcador rural nos campos públicos,MÉDIA,True
03/08/2026,06:28:06,2026,AC,01058,BRASILÉIA,6,136,1996,ESCOLA MENINO JESUS,"RUA JOÃO JOVINO DE OLIVEIRA, N. 300",ELDORADO,69932000,-11.00550299,-68.75489194,ATIVO,ATIVO,Com acessibilidade,245,245,245,01058|6|136,01058|6|1996,URBANA OU NÃO IDENTIFICADA COMO RURAL,False,Ausência de marcador rural nos campos públicos,MÉDIA,True
03/08/2026,06:28:06,2026,AC,01058,BRASILÉIA,6,146,1996,ESCOLA MENINO JESUS,"RUA JOÃO JOVINO DE OLIVEIRA, N. 300",ELDORADO,69932000,-11.00550299,-68.75489194,ATIVO,ATIVO,Com acessibilidade,272,272,272,01058|6|146,01058|6|1996,URBANA OU NÃO IDENTIFICADA COMO RURAL,False,Ausência de marcador rural nos campos públicos,MÉDIA,True
03/08/2026,06:28:06,2026,AC,01058,BRASILÉIA,6,155,1996,ESCOLA MENINO JESUS,"RUA JOÃO JOVINO DE OLIVEIRA, N. 300",ELDORADO,69932000,-11.00550299,-68.75489194,ATIVO,ATIVO,Sem acessibilidade,238,238,238,01058|6|155,01058|6|1996,URBANA OU NÃO IDENTIFICADA COMO RURAL,False,Ausência de marcador rural nos campos públicos,MÉDIA,True
03/08/2026,06:28:06,2026,AC,01058,BRASILÉIA,6,165,1996,ESCOLA MENINO JESUS,"RUA JOÃO JOVINO DE OLIVEIRA, N. 300",ELDORADO,69932000,-11.00550299,-68.75489194,ATIVO,ATIVO,Sem acessibilidade,270,270,270,01058|6|165,01058|6|1996,URBANA OU NÃO IDENTIFICADA COMO RURAL,False,Ausência de marcador rural nos campos públicos,MÉDIA,True
03/08/2026,06:28:06,2026,AC,01058,BRASILÉIA,6,3,2046,CEDUP - CENTRO DE ESTUDOS EDUCAÇÃO PERMANENTE (POLO UAB). ,"AVENIDA PREFEITO ROLANDO MOREIRA, N. 230",CENTRO,69932000,-11.01523709,-68.74984258,ATIVO,ATIVO,Com acessibilidade,282,282,282,01058|6|3,01058|6|2046,URBANA OU NÃO IDENTIFICADA COMO RURAL,False,Ausência de marcador rural nos campos públicos,MÉDIA,True
03/08/2026,06:28:06,2026,AC,01058,BRASILÉIA,6,24,2046,CEDUP - CENTRO DE ESTUDOS EDUCAÇÃO PERMANENTE (POLO UAB). ,"AVENIDA PREFEITO ROLANDO MOREIRA, N. 230",CENTRO,69932000,-11.01523709,-68.74984258,ATIVO,ATIVO,Com acessibilidade,282,282,282,01058|6|24,01058|6|2046,URBANA OU NÃO IDENTIFICADA COMO RURAL,False,Ausência de marcador rural nos campos públicos,MÉDIA,True
03/08/2026,06:28:06,2026,AC,01058,BRASILÉIA,6,35,2046,CEDUP - CENTRO DE ESTUDOS EDUCAÇÃO PERMANENTE (POLO UAB). ,"AVENIDA PREFEITO ROLANDO MOREIRA, N. 230",CENTRO,69932000,-11.01523709,-68.74984258,ATIVO,ATIVO,Com acessibilidade,281,281,281,01058|6|35,01058|6|2046,URBANA OU NÃO IDENTIFICADA COMO RURAL,False,Ausência de marcador rural nos campos públicos,MÉDIA,True
03/08/2026,06:28:06,2026,AC,01058,BRASILÉIA,6,2,2127,SESC-SERVIÇO SOCIAL DO COMERCIO,RUA JOAO JOVINO DE OLIVEIRA S/N.,ELDORADO,69932000,-10.99890534,-68.75384202,ATIVO,ATIVO,Com acessibilidade,293,293,293,01058|6|2,01058|6|2127,URBANA OU NÃO IDENTIFICADA COMO RURAL,False,Ausência de marcador rural nos campos públicos,MÉDIA,True
03/08/2026,06:28:06,2026,AC,01058,BRASILÉIA,6,20,2127,SESC-SERVIÇO SOCIAL DO COMERCIO,RUA JOAO JOVINO DE OLIVEIRA S/N.,ELDORADO,69932000,-10.99890534,-68.75384202,ATIVO,ATIVO,Com acessibilidade,290,290,290,01058|6|20,01058|6|2127,URBANA OU NÃO IDENTIFICADA COMO RURAL,False,Ausência de marcador rural nos campos públicos,MÉDIA,True
03/08/2026,06:28:06,2026,AC,01058,BRASILÉIA,6,94,2127,SESC-SERVIÇO SOCIAL DO COMERCIO,RUA JOAO JOVINO DE OLIVEIRA S/N.,ELDORADO,69932000,-10.99890534,-68.75384202,ATIVO,ATIVO,Com acessibilidade,294,294,294,01058|6|94,01058|6|2127,URBANA OU NÃO IDENTIFICADA COMO RURAL,False,Ausência de marcador rural nos campos públicos,MÉDIA,True
03/08/2026,06:28:06,2026,AC,01058,BRASILÉIA,6,100,2151,ESCOLA FULGÊNCIO DE PAIVA -KM 59 MAIS 18 DE RAMAL,BR 317 KM 59 MAIS 18 KM DE RAMAL - COMUNIDADE LUA NOVA,ZONA RURAL,69932000,-10.72722877,-69.11070102,ATIVO,ATIVO,Com acessibilidade,212,212,212,01058|6|100,01058|6|2151,RURAL IDENTIFICADA,True,Termo RURAL no bairro ou no nome do local no arquivo do TSE,ALTA,True
03/08/2026,06:28:06,2026,AC,01058,BRASILÉIA,6,140,2151,ESCOLA FULGÊNCIO DE PAIVA -KM 59 MAIS 18 DE RAMAL,BR 317 KM 59 MAIS 18 KM DE RAMAL - COMUNIDADE LUA NOVA,ZONA RURAL,69932000,-10.72722877,-69.11070102,ATIVO,ATIVO,Com acessibilidade,209,209,209,01058|6|140,01058|6|2151,RURAL IDENTIFICADA,True,Termo RURAL no bairro ou no nome do local no arquivo do TSE,ALTA,True
03/08/2026,06:28:06,2026,AC,01058,BRASILÉIA,6,117,2224,ESCOLA JOSE MARREIRA FILHO (ANCHIETA),RESERVA CHICO MENDES-BR317 - KM 59 MAIS 60 DE RAMAL.,ZONA RURAL,69932000,-10.47711086,-69.27552495,ATIVO,ATIVO,Com acessibilidade,218,218,218,01058|6|117,01058|6|2224,RURAL IDENTIFICADA,True,Termo RURAL no bairro ou no nome do local no arquivo do TSE,ALTA,True
03/08/2026,06:28:06,2026,AC,01058,BRASILÉIA,6,132,2240,ESCOLA GETULIO VARGAS (ZONA RURAL),"BR 317 KM 84, SERINGAL AMAPÁ, COLOC. BELEM, RAMAL SANTA LUZIA",ZONA RURAL,69932000,-10.48047884,-69.45502049,ATIVO,ATIVO,Com acessibilidade,168,182,182,01058|6|132,01058|6|2240,RURAL IDENTIFICADA,True,Termo RURAL no bairro ou no nome do local no arquivo do TSE,ALTA,True
03/08/2026,06:28:06,2026,AC,01058,BRASILÉIA,6,170,2240,ESCOLA GETULIO VARGAS (ZONA RURAL),"BR 317 KM 84, SERINGAL AMAPÁ, COLOC. BELEM, RAMAL SANTA LUZIA",ZONA RURAL,69932000,-10.48047884,-69.45502049,ATIVO,ATIVO,Sem acessibilidade,14,0,0,01058|6|170,01058|6|2240,RURAL IDENTIFICADA,True,Termo RURAL no bairro ou no nome do local no arquivo do TSE,ALTA,True
03/08/2026,06:28:06,2026,AC,01058,BRASILÉIA,6,122,2267,CENTRO DO IDOSO,RUA JOÃO JOVINO DE OLIVEIRA,ELDORADO,69932000,-10.99944388,-68.75401712,ATIVO,ATIVO,Com acessibilidade,274,274,274,01058|6|122,01058|6|2267,URBANA OU NÃO IDENTIFICADA COMO RURAL,False,Ausência de marcador rural nos campos públicos,MÉDIA,True
03/08/2026,06:28:06,2026,AC,01058,BRASILÉIA,6,157,2267,CENTRO DO IDOSO,RUA JOÃO JOVINO DE OLIVEIRA,ELDORADO,69932000,-10.99944388,-68.75401712,ATIVO,ATIVO,Sem acessibilidade,275,275,275,01058|6|157,01058|6|2267,URBANA OU NÃO IDENTIFICADA COMO RURAL,False,Ausência de marcador rural nos campos públicos,MÉDIA,True
03/08/2026,06:28:06,2026,AC,01058,BRASILÉIA,6,102,2291,NÚCLEO DE BASE PALMEIRAS - AMOPREBE (KM 84),"BR 317, KM 84, MAIS 16 KM DE RAMAL, SERINGAL GUANABARA",ZONA RURAL,69932000,-10.68603316,-69.36166881,ATIVO,ATIVO,Com acessibilidade,272,272,272,01058|6|102,01058|6|2291,RURAL IDENTIFICADA,True,Termo RURAL no bairro ou no nome do local no arquivo do TSE,ALTA,True
03/08/2026,06:28:06,2026,AC,01058,BRASILÉIA,6,21,2313,SENAC - NÚCLEO DE EDUCAÇÃO PROFISSIONAL DE BRASILÉIA,"RUA MARIA DA ANUNCIAÇÃO DE PAULO MOREIRA, 338",ELDORADO,69932000,-11.00416773,-68.75192051,ATIVO,ATIVO,Com acessibilidade,363,363,363,01058|6|21,01058|6|2313,URBANA OU NÃO IDENTIFICADA COMO RURAL,False,Ausência de marcador rural nos campos públicos,MÉDIA,True
03/08/2026,06:28:06,2026,AC,01058,BRASILÉIA,6,23,2313,SENAC - NÚCLEO DE EDUCAÇÃO PROFISSIONAL DE BRASILÉIA,"RUA MARIA DA ANUNCIAÇÃO DE PAULO MOREIRA, 338",ELDORADO,69932000,-11.00416773,-68.75192051,ATIVO,ATIVO,Com acessibilidade,366,366,366,01058|6|23,01058|6|2313,URBANA OU NÃO IDENTIFICADA COMO RURAL,False,Ausência de marcador rural nos campos públicos,MÉDIA,True
03/08/2026,06:28:06,2026,AC,01058,BRASILÉIA,6,58,2313,SENAC - NÚCLEO DE EDUCAÇÃO PROFISSIONAL DE BRASILÉIA,"RUA MARIA DA ANUNCIAÇÃO DE PAULO MOREIRA, 338",ELDORADO,69932000,-11.00416773,-68.75192051,ATIVO,ATIVO,Com acessibilidade,359,359,359,01058|6|58,01058|6|2313,URBANA OU NÃO IDENTIFICADA COMO RURAL,False,Ausência de marcador rural nos campos públicos,MÉDIA,True
03/08/2026,06:28:06,2026,AC,01058,BRASILÉIA,6,120,2313,SENAC - NÚCLEO DE EDUCAÇÃO PROFISSIONAL DE BRASILÉIA,"RUA MARIA DA ANUNCIAÇÃO DE PAULO MOREIRA, 338",ELDORADO,69932000,-11.00416773,-68.75192051,ATIVO,ATIVO,Com acessibilidade,358,358,358,01058|6|120,01058|6|2313,URBANA OU NÃO IDENTIFICADA COMO RURAL,False,Ausência de marcador rural nos campos públicos,MÉDIA,True
03/08/2026,06:28:06,2026,AC,01007,BUJARI,9,7,1023,ESCOLA JOSE CEZARIO DE FARIAS,BR 364 KM 50  ESTRADA DE SENA MADUREIRA S/N,ZONA RURAL,69923000,-9.7263853,-68.1240952,ATIVO,ATIVO,Com acessibilidade,202,202,202,01007|9|7,01007|9|1023,RURAL IDENTIFICADA,True,Termo RURAL no bairro ou no nome do local no arquivo do TSE,ALTA,True
03/08/2026,06:28:06,2026,AC,01007,BUJARI,9,8,1023,ESCOLA JOSE CEZARIO DE FARIAS,BR 364 KM 50  ESTRADA DE SENA MADUREIRA S/N,ZONA RURAL,69923000,-9.7263853,-68.1240952,ATIVO,ATIVO,Com acessibilidade,206,206,206,01007|9|8,01007|9|1023,RURAL IDENTIFICADA,True,Termo RURAL no bairro ou no nome do local no arquivo do TSE,ALTA,True
03/08/2026,06:28:06,2026,AC,01007,BUJARI,9,9,1023,ESCOLA JOSE CEZARIO DE FARIAS,BR 364 KM 50  ESTRADA DE SENA MADUREIRA S/N,ZONA RURAL,69923000,-9.7263853,-68.1240952,ATIVO,ATIVO,Com acessibilidade,207,207,207,01007|9|9,01007|9|1023,RURAL IDENTIFICADA,True,Termo RURAL no bairro ou no nome do local no arquivo do TSE,ALTA,True
03/08/2026,06:28:06,2026,AC,01007,BUJARI,9,10,1023,ESCOLA JOSE CEZARIO DE FARIAS,BR 364 KM 50  ESTRADA DE SENA MADUREIRA S/N,ZONA RURAL,69923000,-9.7263853,-68.1240952,ATIVO,ATIVO,Com acessibilidade,203,203,203,01007|9|10,01007|9|1023,RURAL IDENTIFICADA,True,Termo RURAL no bairro ou no nome do local no arquivo do TSE,ALTA,True
03/08/2026,06:28:06,2026,AC,01007,BUJARI,9,136,1023,ESCOLA JOSE CEZARIO DE FARIAS,BR 364 KM 50  ESTRADA DE SENA MADUREIRA S/N,ZONA RURAL,69923000,-9.7263853,-68.1240952,ATIVO,ATIVO,Com acessibilidade,198,198,198,01007|9|136,01007|9|1023,RURAL IDENTIFICADA,True,Termo RURAL no bairro ou no nome do local no arquivo do TSE,ALTA,True
03/08/2026,06:28:06,2026,AC,01007,BUJARI,9,439,1023,ESCOLA JOSE CEZARIO DE FARIAS,BR 364 KM 50  ESTRADA DE SENA MADUREIRA S/N,ZONA RURAL,69923000,-9.7263853,-68.1240952,ATIVO,ATIVO,Com acessibilidade,203,203,203,01007|9|439,01007|9|1023,RURAL IDENTIFICADA,True,Termo RURAL no bairro ou no nome do local no arquivo do TSE,ALTA,True
03/08/2026,06:28:06,2026,AC,01007,BUJARI,9,440,1023,ESCOLA JOSE CEZARIO DE FARIAS,BR 364 KM 50  ESTRADA DE SENA MADUREIRA S/N,ZONA RURAL,69923000,-9.7263853,-68.1240952,ATIVO,ATIVO,Com acessibilidade,209,209,209,01007|9|440,01007|9|1023,RURAL IDENTIFICADA,True,Termo RURAL no bairro ou no nome do local no arquivo do TSE,ALTA,True
03/08/2026,06:28:06,2026,AC,01007,BUJARI,9,163,1040,ESCOLA MAPINGUARI - FUNTAC - PROJETO ANTIMARI,BR-364 KM-86 PONTE DO RIO ANTIMARI - DESCENDO O RIO 4 HORAS,ZONA RURAL,69900000,-9.4035952,-68.1435842,ATIVO,ATIVO,Com acessibilidade,208,208,208,01007|9|163,01007|9|1040,RURAL IDENTIFICADA,True,Termo RURAL no bairro ou no nome do local no arquivo do TSE,ALTA,True
03/08/2026,06:28:06,2026,AC,01007,BUJARI,9,192,1058,"NÚCLEO DE EDUCAÇÃO, CULTURA E ESPORTES - SEE - BUJARI/AC","RUA RAIO DE SOL, S/N",CENTRO,69926000,-9.8266776,-67.9511375,ATIVO,ATIVO,Com acessibilidade,312,312,312,01007|9|192,01007|9|1058,URBANA OU NÃO IDENTIFICADA COMO RURAL,False,Ausência de marcador rural nos campos públicos,MÉDIA,True
03/08/2026,06:28:06,2026,AC,01007,BUJARI,9,202,1058,"NÚCLEO DE EDUCAÇÃO, CULTURA E ESPORTES - SEE - BUJARI/AC","RUA RAIO DE SOL, S/N",CENTRO,69926000,-9.8266776,-67.9511375,ATIVO,ATIVO,Com acessibilidade,309,309,309,01007|9|202,01007|9|1058,URBANA OU NÃO IDENTIFICADA COMO RURAL,False,Ausência de marcador rural nos campos públicos,MÉDIA,True
03/08/2026,06:28:06,2026,AC,01007,BUJARI,9,208,1058,"NÚCLEO DE EDUCAÇÃO, CULTURA E ESPORTES - SEE - BUJARI/AC","RUA RAIO DE SOL, S/N",CENTRO,69926000,-9.8266776,-67.9511375,ATIVO,ATIVO,Com acessibilidade,306,306,306,01007|9|208,01007|9|1058,URBANA OU NÃO IDENTIFICADA COMO RURAL,False,Ausência de marcador rural nos campos públicos,MÉDIA,True
03/08/2026,06:28:06,2026,AC,01007,BUJARI,9,200,1066,ESCOLA RURAL NOVA VIDA,BR 346 KM 52 RAMAL DO ESPINHARA KM 15,ZONA RURAL,69923000,-9.6438019,-68.0427482,ATIVO,ATIVO,Com acessibilidade,226,226,226,01007|9|200,01007|9|1066,RURAL IDENTIFICADA,True,Termo RURAL no bairro ou no nome do local no arquivo do TSE,ALTA,True
03/08/2026,06:28:06,2026,AC,01007,BUJARI,9,310,1066,ESCOLA RURAL NOVA VIDA,BR 346 KM 52 RAMAL DO ESPINHARA KM 15,ZONA RURAL,69923000,-9.6438019,-68.0427482,ATIVO,ATIVO,Com acessibilidade,226,226,226,01007|9|310,01007|9|1066,RURAL IDENTIFICADA,True,Termo RURAL no bairro ou no nome do local no arquivo do TSE,ALTA,True
03/08/2026,06:28:06,2026,AC,01007,BUJARI,9,201,1074,ESCOLA RURAL MARIA DO CARMO RAMOS,BR 346 KM 52 RAMAL LINHA NOVA KM 18,ZONA RURAL,69923000,-9.793075,-68.2604561,ATIVO,ATIVO,Com acessibilidade,175,175,175,01007|9|201,01007|9|1074,RURAL IDENTIFICADA,True,Termo RURAL no bairro ou no nome do local no arquivo do TSE,ALTA,True
03/08/2026,06:28:06,2026,AC,01007,BUJARI,9,413,1074,ESCOLA RURAL MARIA DO CARMO RAMOS,BR 346 KM 52 RAMAL LINHA NOVA KM 18,ZONA RURAL,69923000,-9.793075,-68.2604561,ATIVO,ATIVO,Com acessibilidade,173,173,173,01007|9|413,01007|9|1074,RURAL IDENTIFICADA,True,Termo RURAL no bairro ou no nome do local no arquivo do TSE,ALTA,True
03/08/2026,06:28:06,2026,AC,01007,BUJARI,9,212,1082,SEPA - SECRETARIA DE ESTADO DE PRODUÇÃO E AGRONEGÓCIO (BUJARI)),"RUA RAIO DE SOL, S/N",CENTRO,69926000,-9.8262895,-67.951212,ATIVO,ATIVO,Com acessibilidade,314,314,314,01007|9|212,01007|9|1082,URBANA OU NÃO IDENTIFICADA COMO RURAL,False,Ausência de marcador rural nos campos públicos,MÉDIA,True
03/08/2026,06:28:06,2026,AC,01007,BUJARI,9,237,1082,SEPA - SECRETARIA DE ESTADO DE PRODUÇÃO E AGRONEGÓCIO (BUJARI)),"RUA RAIO DE SOL, S/N",CENTRO,69926000,-9.8262895,-67.951212,ATIVO,ATIVO,Com acessibilidade,311,311,311,01007|9|237,01007|9|1082,URBANA OU NÃO IDENTIFICADA COMO RURAL,False,Ausência de marcador rural nos campos públicos,MÉDIA,True
03/08/2026,06:28:06,2026,AC,01007,BUJARI,9,242,1090,CRECHE PROFESSORA DONA BELA,"RUA RAIO DE SOL, S/N",CENTRO,69926000,-9.8269426,-67.9514296,ATIVO,ATIVO,Com acessibilidade,242,242,242,01007|9|242,01007|9|1090,URBANA OU NÃO IDENTIFICADA COMO RURAL,False,Ausência de marcador rural nos campos públicos,MÉDIA,True
03/08/2026,06:28:06,2026,AC,01007,BUJARI,9,252,1090,CRECHE PROFESSORA DONA BELA,"RUA RAIO DE SOL, S/N",CENTRO,69926000,-9.8269426,-67.9514296,ATIVO,ATIVO,Com acessibilidade,245,245,245,01007|9|252,01007|9|1090,URBANA OU NÃO IDENTIFICADA COMO RURAL,False,Ausência de marcador rural nos campos públicos,MÉDIA,True
03/08/2026,06:28:06,2026,AC,01007,BUJARI,9,411,1090,CRECHE PROFESSORA DONA BELA,"RUA RAIO DE SOL, S/N",CENTRO,69926000,-9.8269426,-67.9514296,ATIVO,ATIVO,Com acessibilidade,242,242,242,01007|9|411,01007|9|1090,URBANA OU NÃO IDENTIFICADA COMO RURAL,False,Ausência de marcador rural nos campos públicos,MÉDIA,True
03/08/2026,06:28:06,2026,AC,01007,BUJARI,9,1,1104,ESCOLA EDMUNDO PINTO DE ALMEIDA NETO,RUA NEUTEL MAIA,CENTRO,69926000,-9.8246929,-67.9512884,ATIVO,ATIVO,Com acessibilidade,308,308,308,01007|9|1,01007|9|1104,URBANA OU NÃO IDENTIFICADA COMO RURAL,False,Ausência de marcador rural nos campos públicos,MÉDIA,True
03/08/2026,06:28:06,2026,AC,01007,BUJARI,9,2,1104,ESCOLA EDMUNDO PINTO DE ALMEIDA NETO,RUA NEUTEL MAIA,CENTRO,69926000,-9.8246929,-67.9512884,ATIVO,ATIVO,Com acessibilidade,311,311,311,01007|9|2,01007|9|1104,URBANA OU NÃO IDENTIFICADA COMO RURAL,False,Ausência de marcador rural nos campos públicos,MÉDIA,True
03/08/2026,06:28:06,2026,AC,01007,BUJARI,9,3,1104,ESCOLA EDMUNDO PINTO DE ALMEIDA NETO,RUA NEUTEL MAIA,CENTRO,69926000,-9.8246929,-67.9512884,ATIVO,ATIVO,Com acessibilidade,304,304,304,01007|9|3,01007|9|1104,URBANA OU NÃO IDENTIFICADA COMO RURAL,False,Ausência de marcador rural nos campos públicos,MÉDIA,True
03/08/2026,06:28:06,2026,AC,01007,BUJARI,9,4,1104,ESCOLA EDMUNDO PINTO DE ALMEIDA NETO,RUA NEUTEL MAIA,CENTRO,69926000,-9.8246929,-67.9512884,ATIVO,ATIVO,Com acessibilidade,303,303,303,01007|9|4,01007|9|1104,URBANA OU NÃO IDENTIFICADA COMO RURAL,False,Ausência de marcador rural nos campos públicos,MÉDIA,True
03/08/2026,06:28:06,2026,AC,01007,BUJARI,9,305,1104,ESCOLA EDMUNDO PINTO DE ALMEIDA NETO,RUA NEUTEL MAIA,CENTRO,69926000,-9.8246929,-67.9512884,ATIVO,ATIVO,Com acessibilidade,294,294,294,01007|9|305,01007|9|1104,URBANA OU NÃO IDENTIFICADA COMO RURAL,False,Ausência de marcador rural nos campos públicos,MÉDIA,True
03/08/2026,06:28:06,2026,AC,01007,BUJARI,9,419,1104,ESCOLA EDMUNDO PINTO DE ALMEIDA NETO,RUA NEUTEL MAIA,CENTRO,69926000,-9.8246929,-67.9512884,ATIVO,ATIVO,Com acessibilidade,301,301,301,01007|9|419,01007|9|1104,URBANA OU NÃO IDENTIFICADA COMO RURAL,False,Ausência de marcador rural nos campos públicos,MÉDIA,True
03/08/2026,06:28:06,2026,AC,01007,BUJARI,9,475,1104,ESCOLA EDMUNDO PINTO DE ALMEIDA NETO,RUA NEUTEL MAIA,CENTRO,69926000,-9.8246929,-67.9512884,ATIVO,ATIVO,Sem acessibilidade,301,301,301,01007|9|475,01007|9|1104,URBANA OU NÃO IDENTIFICADA COMO RURAL,False,Ausência de marcador rural nos campos públicos,MÉDIA,True
03/08/2026,06:28:06,2026,AC,01007,BUJARI,9,479,1104,ESCOLA EDMUNDO PINTO DE ALMEIDA NETO,RUA NEUTEL MAIA,CENTRO,69926000,-9.8246929,-67.9512884,ATIVO,ATIVO,Sem acessibilidade,296,296,296,01007|9|479,01007|9|1104,URBANA OU NÃO IDENTIFICADA COMO RURAL,False,Ausência de marcador rural nos campos públicos,MÉDIA,True
03/08/2026,06:28:06,2026,AC,01007,BUJARI,9,5,1112,ESCOLA SÃO JOÃO BATISTA,"RUA JOSÉ PEREIRA GURGEL, 835",CENTRO,69926000,-9.8247654,-67.9496599,ATIVO,ATIVO,Com acessibilidade,329,329,329,01007|9|5,01007|9|1112,URBANA OU NÃO IDENTIFICADA COMO RURAL,False,Ausência de marcador rural nos campos públicos,MÉDIA,True
03/08/2026,06:28:06,2026,AC,01007,BUJARI,9,6,1112,ESCOLA SÃO JOÃO BATISTA,"RUA JOSÉ PEREIRA GURGEL, 835",CENTRO,69926000,-9.8247654,-67.9496599,ATIVO,ATIVO,Com acessibilidade,326,326,326,01007|9|6,01007|9|1112,URBANA OU NÃO IDENTIFICADA COMO RURAL,False,Ausência de marcador rural nos campos públicos,MÉDIA,True
03/08/2026,06:28:06,2026,AC,01007,BUJARI,9,120,1112,ESCOLA SÃO JOÃO BATISTA,"RUA JOSÉ PEREIRA GURGEL, 835",CENTRO,69926000,-9.8247654,-67.9496599,ATIVO,ATIVO,Com acessibilidade,328,328,328,01007|9|120,01007|9|1112,URBANA OU NÃO IDENTIFICADA COMO RURAL,False,Ausência de marcador rural nos campos públicos,MÉDIA,True
03/08/2026,06:28:06,2026,AC,01007,BUJARI,9,137,1112,ESCOLA SÃO JOÃO BATISTA,"RUA JOSÉ PEREIRA GURGEL, 835",CENTRO,69926000,-9.8247654,-67.9496599,ATIVO,ATIVO,Com acessibilidade,323,323,323,01007|9|137,01007|9|1112,URBANA OU NÃO IDENTIFICADA COMO RURAL,False,Ausência de marcador rural nos campos públicos,MÉDIA,True
03/08/2026,06:28:06,2026,AC,01007,BUJARI,9,186,1112,ESCOLA SÃO JOÃO BATISTA,"RUA JOSÉ PEREIRA GURGEL, 835",CENTRO,69926000,-9.8247654,-67.9496599,ATIVO,ATIVO,Com acessibilidade,330,330,330,01007|9|186,01007|9|1112,URBANA OU NÃO IDENTIFICADA COMO RURAL,False,Ausência de marcador rural nos campos públicos,MÉDIA,True
03/08/2026,06:28:06,2026,AC,01007,BUJARI,9,304,1112,ESCOLA SÃO JOÃO BATISTA,"RUA JOSÉ PEREIRA GURGEL, 835",CENTRO,69926000,-9.8247654,-67.9496599,ATIVO,ATIVO,Com acessibilidade,323,323,323,01007|9|304,01007|9|1112,URBANA OU NÃO IDENTIFICADA COMO RURAL,False,Ausência de marcador rural nos campos públicos,MÉDIA,True
03/08/2026,06:28:06,2026,AC,01007,BUJARI,9,412,1112,ESCOLA SÃO JOÃO BATISTA,"RUA JOSÉ PEREIRA GURGEL, 835",CENTRO,69926000,-9.8247654,-67.9496599,ATIVO,ATIVO,Com acessibilidade,329,329,329,01007|9|412,01007|9|1112,URBANA OU NÃO IDENTIFICADA COMO RURAL,False,Ausência de marcador rural nos campos públicos,MÉDIA,True
03/08/2026,06:28:06,2026,AC,01007,BUJARI,9,441,1112,ESCOLA SÃO JOÃO BATISTA,"RUA JOSÉ PEREIRA GURGEL, 835",CENTRO,69926000,-9.8247654,-67.9496599,ATIVO,ATIVO,Com acessibilidade,328,328,328,01007|9|441,01007|9|1112,URBANA OU NÃO IDENTIFICADA COMO RURAL,False,Ausência de marcador rural nos campos públicos,MÉDIA,True
03/08/2026,06:28:06,2026,AC,01007,BUJARI,9,477,1112,ESCOLA SÃO JOÃO BATISTA,"RUA JOSÉ PEREIRA GURGEL, 835",CENTRO,69926000,-9.8247654,-67.9496599,ATIVO,ATIVO,Sem acessibilidade,325,325,325,01007|9|477,01007|9|1112,URBANA OU NÃO IDENTIFICADA COMO RURAL,False,Ausência de marcador rural nos campos públicos,MÉDIA,True
03/08/2026,06:28:06,2026,AC,01007,BUJARI,9,436,1120,ESCOLA ESTADUAL PEDRO GOMES,"RML DO BUJARI KM 07, RML DA PIÇARREIRA KM 04 - ASSENT. WALTER ACER",ZONA RURAL,69923000,-9.8123338,-67.9000733,ATIVO,ATIVO,Com acessibilidade,280,280,280,01007|9|436,01007|9|1120,RURAL IDENTIFICADA,True,Termo RURAL no bairro ou no nome do local no arquivo do TSE,ALTA,True
03/08/2026,06:28:06,2026,AC,01007,BUJARI,9,437,1120,ESCOLA ESTADUAL PEDRO GOMES,"RML DO BUJARI KM 07, RML DA PIÇARREIRA KM 04 - ASSENT. WALTER ACER",ZONA RURAL,69923000,-9.8123338,-67.9000733,ATIVO,ATIVO,Com acessibilidade,286,286,286,01007|9|437,01007|9|1120,RURAL IDENTIFICADA,True,Termo RURAL no bairro ou no nome do local no arquivo do TSE,ALTA,True
03/08/2026,06:28:06,2026,AC,01007,BUJARI,9,476,1120,ESCOLA ESTADUAL PEDRO GOMES,"RML DO BUJARI KM 07, RML DA PIÇARREIRA KM 04 - ASSENT. WALTER ACER",ZONA RURAL,69923000,-9.8123338,-67.9000733,ATIVO,ATIVO,Sem acessibilidade,297,297,297,01007|9|476,01007|9|1120,RURAL IDENTIFICADA,True,Termo RURAL no bairro ou no nome do local no arquivo do TSE,ALTA,True
03/08/2026,06:28:06,2026,AC,01007,BUJARI,9,442,1147,UNIDADE DE GESTÃO AMBIENTAL INTEGRADA - UGAI,"BR 364, KM 100, RAMAL DO OURO KM 23 (FLORESTA ESTADUAL ANTIMARI)",ZONA RURAL,69926000,-9.3335856,-68.3212503,ATIVO,ATIVO,Com acessibilidade,209,209,209,01007|9|442,01007|9|1147,RURAL IDENTIFICADA,True,Termo RURAL no bairro ou no nome do local no arquivo do TSE,ALTA,True
03/08/2026,06:28:06,2026,AC,01015,CAPIXABA,2,65,1015,ESCOLA ARGENTINA PEREIRA FEITOSA,AV. FRANCISCO CORDEIRO DE ANDRADE S/N,CENTRO,69931000,-10.5721373,-67.6756238,ATIVO,ATIVO,Com acessibilidade,275,275,275,01015|2|65,01015|2|1015,URBANA OU NÃO IDENTIFICADA COMO RURAL,False,Ausência de marcador rural nos campos públicos,MÉDIA,True
03/08/2026,06:28:06,2026,AC,01015,CAPIXABA,2,66,1015,ESCOLA ARGENTINA PEREIRA FEITOSA,AV. FRANCISCO CORDEIRO DE ANDRADE S/N,CENTRO,69931000,-10.5721373,-67.6756238,ATIVO,ATIVO,Com acessibilidade,280,280,280,01015|2|66,01015|2|1015,URBANA OU NÃO IDENTIFICADA COMO RURAL,False,Ausência de marcador rural nos campos públicos,MÉDIA,True
03/08/2026,06:28:06,2026,AC,01015,CAPIXABA,2,67,1015,ESCOLA ARGENTINA PEREIRA FEITOSA,AV. FRANCISCO CORDEIRO DE ANDRADE S/N,CENTRO,69931000,-10.5721373,-67.6756238,ATIVO,ATIVO,Com acessibilidade,284,284,284,01015|2|67,01015|2|1015,URBANA OU NÃO IDENTIFICADA COMO RURAL,False,Ausência de marcador rural nos campos públicos,MÉDIA,True
03/08/2026,06:28:06,2026,AC,01015,CAPIXABA,2,68,1015,ESCOLA ARGENTINA PEREIRA FEITOSA,AV. FRANCISCO CORDEIRO DE ANDRADE S/N,CENTRO,69931000,-10.5721373,-67.6756238,ATIVO,ATIVO,Com acessibilidade,280,280,280,01015|2|68,01015|2|1015,URBANA OU NÃO IDENTIFICADA COMO RURAL,False,Ausência de marcador rural nos campos públicos,MÉDIA,True
03/08/2026,06:28:06,2026,AC,01015,CAPIXABA,2,94,1015,ESCOLA ARGENTINA PEREIRA FEITOSA,AV. FRANCISCO CORDEIRO DE ANDRADE S/N,CENTRO,69931000,-10.5721373,-67.6756238,ATIVO,ATIVO,Com acessibilidade,278,278,278,01015|2|94,01015|2|1015,URBANA OU NÃO IDENTIFICADA COMO RURAL,False,Ausência de marcador rural nos campos públicos,MÉDIA,True
03/08/2026,06:28:06,2026,AC,01015,CAPIXABA,2,95,1015,ESCOLA ARGENTINA PEREIRA FEITOSA,AV. FRANCISCO CORDEIRO DE ANDRADE S/N,CENTRO,69931000,-10.5721373,-67.6756238,ATIVO,ATIVO,Com acessibilidade,275,275,275,01015|2|95,01015|2|1015,URBANA OU NÃO IDENTIFICADA COMO RURAL,False,Ausência de marcador rural nos campos públicos,MÉDIA,True
03/08/2026,06:28:06,2026,AC,01015,CAPIXABA,2,107,1015,ESCOLA ARGENTINA PEREIRA FEITOSA,AV. FRANCISCO CORDEIRO DE ANDRADE S/N,CENTRO,69931000,-10.5721373,-67.6756238,ATIVO,ATIVO,Sem acessibilidade,285,285,285,01015|2|107,01015|2|1015,URBANA OU NÃO IDENTIFICADA COMO RURAL,False,Ausência de marcador rural nos campos públicos,MÉDIA,True
03/08/2026,06:28:06,2026,AC,01015,CAPIXABA,2,69,1023,ESCOLA NAIR SOMBRA,TRAVESSA BENEVENUTE S/N,CENTRO,69931000,-10.5771655,-67.6763888,ATIVO,ATIVO,Com acessibilidade,251,251,251,01015|2|69,01015|2|1023,URBANA OU NÃO IDENTIFICADA COMO RURAL,False,Ausência de marcador rural nos campos públicos,MÉDIA,True
03/08/2026,06:28:06,2026,AC,01015,CAPIXABA,2,70,1023,ESCOLA NAIR SOMBRA,TRAVESSA BENEVENUTE S/N,CENTRO,69931000,-10.5771655,-67.6763888,ATIVO,ATIVO,Com acessibilidade,249,249,249,01015|2|70,01015|2|1023,URBANA OU NÃO IDENTIFICADA COMO RURAL,False,Ausência de marcador rural nos campos públicos,MÉDIA,True
03/08/2026,06:28:06,2026,AC,01015,CAPIXABA,2,71,1023,ESCOLA NAIR SOMBRA,TRAVESSA BENEVENUTE S/N,CENTRO,69931000,-10.5771655,-67.6763888,ATIVO,ATIVO,Com acessibilidade,251,251,251,01015|2|71,01015|2|1023,URBANA OU NÃO IDENTIFICADA COMO RURAL,False,Ausência de marcador rural nos campos públicos,MÉDIA,True
03/08/2026,06:28:06,2026,AC,01015,CAPIXABA,2,72,1023,ESCOLA NAIR SOMBRA,TRAVESSA BENEVENUTE S/N,CENTRO,69931000,-10.5771655,-67.6763888,ATIVO,ATIVO,Com acessibilidade,249,249,249,01015|2|72,01015|2|1023,URBANA OU NÃO IDENTIFICADA COMO RURAL,False,Ausência de marcador rural nos campos públicos,MÉDIA,True
03/08/2026,06:28:06,2026,AC,01015,CAPIXABA,2,105,1023,ESCOLA NAIR SOMBRA,TRAVESSA BENEVENUTE S/N,CENTRO,69931000,-10.5771655,-67.6763888,ATIVO,ATIVO,Com acessibilidade,246,246,246,01015|2|105,01015|2|1023,URBANA OU NÃO IDENTIFICADA COMO RURAL,False,Ausência de marcador rural nos campos públicos,MÉDIA,True
03/08/2026,06:28:06,2026,AC,01015,CAPIXABA,2,73,1058,PRE-ESCOLA MUNDO ENCANTADO,AVENIDA BRASIL S/N,CENTRO,69980000,-10.5757671,-67.6773928,ATIVO,ATIVO,Com acessibilidade,209,209,209,01015|2|73,01015|2|1058,URBANA OU NÃO IDENTIFICADA COMO RURAL,False,Ausência de marcador rural nos campos públicos,MÉDIA,True
03/08/2026,06:28:06,2026,AC,01015,CAPIXABA,2,74,1058,PRE-ESCOLA MUNDO ENCANTADO,AVENIDA BRASIL S/N,CENTRO,69980000,-10.5757671,-67.6773928,ATIVO,ATIVO,Com acessibilidade,226,226,226,01015|2|74,01015|2|1058,URBANA OU NÃO IDENTIFICADA COMO RURAL,False,Ausência de marcador rural nos campos públicos,MÉDIA,True
03/08/2026,06:28:06,2026,AC,01015,CAPIXABA,2,75,1058,PRE-ESCOLA MUNDO ENCANTADO,AVENIDA BRASIL S/N,CENTRO,69980000,-10.5757671,-67.6773928,ATIVO,ATIVO,Com acessibilidade,233,233,233,01015|2|75,01015|2|1058,URBANA OU NÃO IDENTIFICADA COMO RURAL,False,Ausência de marcador rural nos campos públicos,MÉDIA,True
03/08/2026,06:28:06,2026,AC,01015,CAPIXABA,2,77,1058,PRE-ESCOLA MUNDO ENCANTADO,AVENIDA BRASIL S/N,CENTRO,69980000,-10.5757671,-67.6773928,ATIVO,ATIVO,Com acessibilidade,228,228,228,01015|2|77,01015|2|1058,URBANA OU NÃO IDENTIFICADA COMO RURAL,False,Ausência de marcador rural nos campos públicos,MÉDIA,True
03/08/2026,06:28:06,2026,AC,01015,CAPIXABA,2,78,1058,PRE-ESCOLA MUNDO ENCANTADO,AVENIDA BRASIL S/N,CENTRO,69980000,-10.5757671,-67.6773928,ATIVO,ATIVO,Com acessibilidade,228,228,228,01015|2|78,01015|2|1058,URBANA OU NÃO IDENTIFICADA COMO RURAL,False,Ausência de marcador rural nos campos públicos,MÉDIA,True
03/08/2026,06:28:06,2026,AC,01015,CAPIXABA,2,79,1066,ESCOLA NOVA ESPERANCA,BR-317 KM-25 RAMAL ANTONIO COSTA KM-12,ZONA RURAL,69931000,-10.3742303,-67.7912806,ATIVO,ATIVO,Com acessibilidade,235,235,235,01015|2|79,01015|2|1066,RURAL IDENTIFICADA,True,Termo RURAL no bairro ou no nome do local no arquivo do TSE,ALTA,True
03/08/2026,06:28:06,2026,AC,01015,CAPIXABA,2,80,1066,ESCOLA NOVA ESPERANCA,BR-317 KM-25 RAMAL ANTONIO COSTA KM-12,ZONA RURAL,69931000,-10.3742303,-67.7912806,ATIVO,ATIVO,Com acessibilidade,236,236,236,01015|2|80,01015|2|1066,RURAL IDENTIFICADA,True,Termo RURAL no bairro ou no nome do local no arquivo do TSE,ALTA,True
03/08/2026,06:28:06,2026,AC,01015,CAPIXABA,2,81,1066,ESCOLA NOVA ESPERANCA,BR-317 KM-25 RAMAL ANTONIO COSTA KM-12,ZONA RURAL,69931000,-10.3742303,-67.7912806,ATIVO,ATIVO,Com acessibilidade,233,233,233,01015|2|81,01015|2|1066,RURAL IDENTIFICADA,True,Termo RURAL no bairro ou no nome do local no arquivo do TSE,ALTA,True
03/08/2026,06:28:06,2026,AC,01015,CAPIXABA,2,82,1066,ESCOLA NOVA ESPERANCA,BR-317 KM-25 RAMAL ANTONIO COSTA KM-12,ZONA RURAL,69931000,-10.3742303,-67.7912806,ATIVO,ATIVO,Com acessibilidade,234,234,234,01015|2|82,01015|2|1066,RURAL IDENTIFICADA,True,Termo RURAL no bairro ou no nome do local no arquivo do TSE,ALTA,True
03/08/2026,06:28:06,2026,AC,01015,CAPIXABA,2,109,1066,ESCOLA NOVA ESPERANCA,BR-317 KM-25 RAMAL ANTONIO COSTA KM-12,ZONA RURAL,69931000,-10.3742303,-67.7912806,ATIVO,ATIVO,Sem acessibilidade,232,232,232,01015|2|109,01015|2|1066,RURAL IDENTIFICADA,True,Termo RURAL no bairro ou no nome do local no arquivo do TSE,ALTA,True
03/08/2026,06:28:06,2026,AC,01015,CAPIXABA,2,87,1104,ESCOLA MUNICIPAL RURAL SÃO FRANCISCO,"RESERVA SÃO LUIZ-REMANSO, MARGENS RIO ACRE, COMUNIDADE SUBAIA",ZONA RURAL SÃO LUIZ REMANSO,69922000,-10.3900067,-67.9345633,ATIVO,ATIVO,Com acessibilidade,155,266,266,01015|2|87,01015|2|1104,RURAL IDENTIFICADA,True,Termo RURAL no bairro ou no nome do local no arquivo do TSE,ALTA,True
03/08/2026,06:28:06,2026,AC,01015,CAPIXABA,2,112,1104,ESCOLA MUNICIPAL RURAL SÃO FRANCISCO,"RESERVA SÃO LUIZ-REMANSO, MARGENS RIO ACRE, COMUNIDADE SUBAIA",ZONA RURAL SÃO LUIZ REMANSO,69922000,-10.3900067,-67.9345633,ATIVO,ATIVO,Sem acessibilidade,111,0,0,01015|2|112,01015|2|1104,RURAL IDENTIFICADA,True,Termo RURAL no bairro ou no nome do local no arquivo do TSE,ALTA,True
03/08/2026,06:28:06,2026,AC,01015,CAPIXABA,2,88,1120,ESC ENS FUN PROF NOELIA MARIA ALVES DE SOUZA,"TRAVESSA CECÍLA BOA VENTURA, S/N",CONQUISTA,69922000,-10.5737308,-67.6767108,ATIVO,ATIVO,Com acessibilidade,197,197,197,01015|2|88,01015|2|1120,URBANA OU NÃO IDENTIFICADA COMO RURAL,False,Ausência de marcador rural nos campos públicos,MÉDIA,True
03/08/2026,06:28:06,2026,AC,01015,CAPIXABA,2,89,1120,ESC ENS FUN PROF NOELIA MARIA ALVES DE SOUZA,"TRAVESSA CECÍLA BOA VENTURA, S/N",CONQUISTA,69922000,-10.5737308,-67.6767108,ATIVO,ATIVO,Com acessibilidade,195,195,195,01015|2|89,01015|2|1120,URBANA OU NÃO IDENTIFICADA COMO RURAL,False,Ausência de marcador rural nos campos públicos,MÉDIA,True
03/08/2026,06:28:06,2026,AC,01015,CAPIXABA,2,90,1120,ESC ENS FUN PROF NOELIA MARIA ALVES DE SOUZA,"TRAVESSA CECÍLA BOA VENTURA, S/N",CONQUISTA,69922000,-10.5737308,-67.6767108,ATIVO,ATIVO,Com acessibilidade,253,253,253,01015|2|90,01015|2|1120,URBANA OU NÃO IDENTIFICADA COMO RURAL,False,Ausência de marcador rural nos campos públicos,MÉDIA,True
03/08/2026,06:28:06,2026,AC,01015,CAPIXABA,2,91,1120,ESC ENS FUN PROF NOELIA MARIA ALVES DE SOUZA,"TRAVESSA CECÍLA BOA VENTURA, S/N",CONQUISTA,69922000,-10.5737308,-67.6767108,ATIVO,ATIVO,Com acessibilidade,251,251,251,01015|2|91,01015|2|1120,URBANA OU NÃO IDENTIFICADA COMO RURAL,False,Ausência de marcador rural nos campos públicos,MÉDIA,True
03/08/2026,06:28:06,2026,AC,01015,CAPIXABA,2,92,1120,ESC ENS FUN PROF NOELIA MARIA ALVES DE SOUZA,"TRAVESSA CECÍLA BOA VENTURA, S/N",CONQUISTA,69922000,-10.5737308,-67.6767108,ATIVO,ATIVO,Com acessibilidade,254,254,254,01015|2|92,01015|2|1120,URBANA OU NÃO IDENTIFICADA COMO RURAL,False,Ausência de marcador rural nos campos públicos,MÉDIA,True
03/08/2026,06:28:06,2026,AC,01015,CAPIXABA,2,93,1120,ESC ENS FUN PROF NOELIA MARIA ALVES DE SOUZA,"TRAVESSA CECÍLA BOA VENTURA, S/N",CONQUISTA,69922000,-10.5737308,-67.6767108,ATIVO,ATIVO,Com acessibilidade,252,252,252,01015|2|93,01015|2|1120,URBANA OU NÃO IDENTIFICADA COMO RURAL,False,Ausência de marcador rural nos campos públicos,MÉDIA,True
03/08/2026,06:28:06,2026,AC,01015,CAPIXABA,2,111,1120,ESC ENS FUN PROF NOELIA MARIA ALVES DE SOUZA,"TRAVESSA CECÍLA BOA VENTURA, S/N",CONQUISTA,69922000,-10.5737308,-67.6767108,ATIVO,ATIVO,Sem acessibilidade,259,259,259,01015|2|111,01015|2|1120,URBANA OU NÃO IDENTIFICADA COMO RURAL,False,Ausência de marcador rural nos campos públicos,MÉDIA,True
03/08/2026,06:28:06,2026,AC,01015,CAPIXABA,2,101,1228,ESCOLA MUNICIPAL MARIA FERNANDES DE AMORIM,BR 317 KM 116  RML ZE DO COCO KM18 MARGENS DO RIO ACRE,ZONA RURAL,69922000,-10.4740496,-68.0458288,ATIVO,ATIVO,Com acessibilidade,122,122,122,01015|2|101,01015|2|1228,RURAL IDENTIFICADA,True,Termo RURAL no bairro ou no nome do local no arquivo do TSE,ALTA,True
03/08/2026,06:28:06,2026,AC,01015,CAPIXABA,2,102,1236,ESCOLA ARISTON FERREIRA DA CUNHA,BR 317 KM 100,ZONA RURAL,69931000,-10.5818507,-67.8452837,ATIVO,ATIVO,Com acessibilidade,207,207,207,01015|2|102,01015|2|1236,RURAL IDENTIFICADA,True,Termo RURAL no bairro ou no nome do local no arquivo do TSE,ALTA,True
03/08/2026,06:28:06,2026,AC,01015,CAPIXABA,2,103,1236,ESCOLA ARISTON FERREIRA DA CUNHA,BR 317 KM 100,ZONA RURAL,69931000,-10.5818507,-67.8452837,ATIVO,ATIVO,Com acessibilidade,204,204,204,01015|2|103,01015|2|1236,RURAL IDENTIFICADA,True,Termo RURAL no bairro ou no nome do local no arquivo do TSE,ALTA,True
03/08/2026,06:28:06,2026,AC,01015,CAPIXABA,2,106,1236,ESCOLA ARISTON FERREIRA DA CUNHA,BR 317 KM 100,ZONA RURAL,69931000,-10.5818507,-67.8452837,ATIVO,ATIVO,Sem acessibilidade,207,207,207,01015|2|106,01015|2|1236,RURAL IDENTIFICADA,True,Termo RURAL no bairro ou no nome do local no arquivo do TSE,ALTA,True
03/08/2026,06:28:06,2026,AC,01074,CRUZEIRO DO SUL,4,1,1015,ESCOLA BRAZ DE AGUIAR,RUA RUI BARBOSA - 337,CENTRO,69980000,-7.634235,-72.6663747,ATIVO,ATIVO,Com acessibilidade,264,264,264,01074|4|1,01074|4|1015,URBANA OU NÃO IDENTIFICADA COMO RURAL,False,Ausência de marcador rural nos campos públicos,MÉDIA,True
03/08/2026,06:28:06,2026,AC,01074,CRUZEIRO DO SUL,4,5,1015,ESCOLA BRAZ DE AGUIAR,RUA RUI BARBOSA - 337,CENTRO,69980000,-7.634235,-72.6663747,ATIVO,ATIVO,Com acessibilidade,278,278,278,01074|4|5,01074|4|1015,URBANA OU NÃO IDENTIFICADA COMO RURAL,False,Ausência de marcador rural nos campos públicos,MÉDIA,True
03/08/2026,06:28:06,2026,AC,01074,CRUZEIRO DO SUL,4,15,1015,ESCOLA BRAZ DE AGUIAR,RUA RUI BARBOSA - 337,CENTRO,69980000,-7.634235,-72.6663747,ATIVO,ATIVO,Com acessibilidade,263,263,263,01074|4|15,01074|4|1015,URBANA OU NÃO IDENTIFICADA COMO RURAL,False,Ausência de marcador rural nos campos públicos,MÉDIA,True
03/08/2026,06:28:06,2026,AC,01074,CRUZEIRO DO SUL,4,496,1015,ESCOLA BRAZ DE AGUIAR,RUA RUI BARBOSA - 337,CENTRO,69980000,-7.634235,-72.6663747,ATIVO,ATIVO,Sem acessibilidade,122,122,122,01074|4|496,01074|4|1015,URBANA OU NÃO IDENTIFICADA COMO RURAL,False,Ausência de marcador rural nos campos públicos,MÉDIA,True
03/08/2026,06:28:06,2026,AC,01074,CRUZEIRO DO SUL,4,258,1023,ESCOLA RAIMUNDO CALPER,SANTA LUZIA - BR 364,ZONA RURAL,69980000,-7.74200451,-72.45906145,ATIVO,ATIVO,Com acessibilidade,293,293,293,01074|4|258,01074|4|1023,RURAL IDENTIFICADA,True,Termo RURAL no bairro ou no nome do local no arquivo do TSE,ALTA,True
03/08/2026,06:28:06,2026,AC,01074,CRUZEIRO DO SUL,4,386,1023,ESCOLA RAIMUNDO CALPER,SANTA LUZIA - BR 364,ZONA RURAL,69980000,-7.74200451,-72.45906145,ATIVO,ATIVO,Com acessibilidade,293,293,293,01074|4|386,01074|4|1023,RURAL IDENTIFICADA,True,Termo RURAL no bairro ou no nome do local no arquivo do TSE,ALTA,True
03/08/2026,06:28:06,2026,AC,01074,CRUZEIRO DO SUL,4,85,1031,ESCOLA OLAVO BILAC,VILA SANTA LUZIA - BR 364,ZONA RURAL,69980000,-7.7705546,-72.3918917,ATIVO,ATIVO,Com acessibilidade,280,280,280,01074|4|85,01074|4|1031,RURAL IDENTIFICADA,True,Termo RURAL no bairro ou no nome do local no arquivo do TSE,ALTA,True
03/08/2026,06:28:06,2026,AC,01074,CRUZEIRO DO SUL,4,86,1031,ESCOLA OLAVO BILAC,VILA SANTA LUZIA - BR 364,ZONA RURAL,69980000,-7.7705546,-72.3918917,ATIVO,ATIVO,Com acessibilidade,278,278,278,01074|4|86,01074|4|1031,RURAL IDENTIFICADA,True,Termo RURAL no bairro ou no nome do local no arquivo do TSE,ALTA,True
03/08/2026,06:28:06,2026,AC,01074,CRUZEIRO DO SUL,4,135,1031,ESCOLA OLAVO BILAC,VILA SANTA LUZIA - BR 364,ZONA RURAL,69980000,-7.7705546,-72.3918917,ATIVO,ATIVO,Com acessibilidade,278,278,278,01074|4|135,01074|4|1031,RURAL IDENTIFICADA,True,Termo RURAL no bairro ou no nome do local no arquivo do TSE,ALTA,True
03/08/2026,06:28:06,2026,AC,01074,CRUZEIRO DO SUL,4,208,1031,ESCOLA OLAVO BILAC,VILA SANTA LUZIA - BR 364,ZONA RURAL,69980000,-7.7705546,-72.3918917,ATIVO,ATIVO,Com acessibilidade,276,276,276,01074|4|208,01074|4|1031,RURAL IDENTIFICADA,True,Termo RURAL no bairro ou no nome do local no arquivo do TSE,ALTA,True
03/08/2026,06:28:06,2026,AC,01074,CRUZEIRO DO SUL,4,385,1031,ESCOLA OLAVO BILAC,VILA SANTA LUZIA - BR 364,ZONA RURAL,69980000,-7.7705546,-72.3918917,ATIVO,ATIVO,Com acessibilidade,276,276,276,01074|4|385,01074|4|1031,RURAL IDENTIFICADA,True,Termo RURAL no bairro ou no nome do local no arquivo do TSE,ALTA,True
03/08/2026,06:28:06,2026,AC,01074,CRUZEIRO DO SUL,4,7,1058,ESCOLA OSVALDO D'ALBUQUERQUE LIMA,AV. GETULIO VARGAS - 331,CENTRO,69980000,-7.6333494,-72.6669723,ATIVO,ATIVO,Com acessibilidade,199,199,199,01074|4|7,01074|4|1058,URBANA OU NÃO IDENTIFICADA COMO RURAL,False,Ausência de marcador rural nos campos públicos,MÉDIA,True
03/08/2026,06:28:06,2026,AC,01074,CRUZEIRO DO SUL,4,107,1058,ESCOLA OSVALDO D'ALBUQUERQUE LIMA,AV. GETULIO VARGAS - 331,CENTRO,69980000,-7.6333494,-72.6669723,ATIVO,ATIVO,Com acessibilidade,186,186,186,01074|4|107,01074|4|1058,URBANA OU NÃO IDENTIFICADA COMO RURAL,False,Ausência de marcador rural nos campos públicos,MÉDIA,True
03/08/2026,06:28:06,2026,AC,01074,CRUZEIRO DO SUL,4,8,1066,ESCOLA CRAVEIRO COSTA,"RUA GOIÁS, 1141",REMANSO,69980000,-7.6222225,-72.659946,ATIVO,ATIVO,Com acessibilidade,299,299,299,01074|4|8,01074|4|1066,URBANA OU NÃO IDENTIFICADA COMO RURAL,False,Ausência de marcador rural nos campos públicos,MÉDIA,True
03/08/2026,06:28:06,2026,AC,01074,CRUZEIRO DO SUL,4,16,1066,ESCOLA CRAVEIRO COSTA,"RUA GOIÁS, 1141",REMANSO,69980000,-7.6222225,-72.659946,ATIVO,ATIVO,Com acessibilidade,301,301,301,01074|4|16,01074|4|1066,URBANA OU NÃO IDENTIFICADA COMO RURAL,False,Ausência de marcador rural nos campos públicos,MÉDIA,True
03/08/2026,06:28:06,2026,AC,01074,CRUZEIRO DO SUL,4,27,1066,ESCOLA CRAVEIRO COSTA,"RUA GOIÁS, 1141",REMANSO,69980000,-7.6222225,-72.659946,ATIVO,ATIVO,Com acessibilidade,296,296,296,01074|4|27,01074|4|1066,URBANA OU NÃO IDENTIFICADA COMO RURAL,False,Ausência de marcador rural nos campos públicos,MÉDIA,True
03/08/2026,06:28:06,2026,AC,01074,CRUZEIRO DO SUL,4,69,1066,ESCOLA CRAVEIRO COSTA,"RUA GOIÁS, 1141",REMANSO,69980000,-7.6222225,-72.659946,ATIVO,ATIVO,Com acessibilidade,297,297,297,01074|4|69,01074|4|1066,URBANA OU NÃO IDENTIFICADA COMO RURAL,False,Ausência de marcador rural nos campos públicos,MÉDIA,True
03/08/2026,06:28:06,2026,AC,01074,CRUZEIRO DO SUL,4,117,1066,ESCOLA CRAVEIRO COSTA,"RUA GOIÁS, 1141",REMANSO,69980000,-7.6222225,-72.659946,ATIVO,ATIVO,Com acessibilidade,296,296,296,01074|4|117,01074|4|1066,URBANA OU NÃO IDENTIFICADA COMO RURAL,False,Ausência de marcador rural nos campos públicos,MÉDIA,True
03/08/2026,06:28:06,2026,AC,01074,CRUZEIRO DO SUL,4,126,1066,ESCOLA CRAVEIRO COSTA,"RUA GOIÁS, 1141",REMANSO,69980000,-7.6222225,-72.659946,ATIVO,ATIVO,Com acessibilidade,298,298,298,01074|4|126,01074|4|1066,URBANA OU NÃO IDENTIFICADA COMO RURAL,False,Ausência de marcador rural nos campos públicos,MÉDIA,True
03/08/2026,06:28:06,2026,AC,01074,CRUZEIRO DO SUL,4,200,1066,ESCOLA CRAVEIRO COSTA,"RUA GOIÁS, 1141",REMANSO,69980000,-7.6222225,-72.659946,ATIVO,ATIVO,Com acessibilidade,297,297,297,01074|4|200,01074|4|1066,URBANA OU NÃO IDENTIFICADA COMO RURAL,False,Ausência de marcador rural nos campos públicos,MÉDIA,True
03/08/2026,06:28:06,2026,AC,01074,CRUZEIRO DO SUL,4,9,1074,UNIVERSIDADE ABERTA DO BRASIL,RUA RUI BARBOSA,CENTRO,69980000,-7.6331797,-72.6645771,ATIVO,ATIVO,Com acessibilidade,197,197,197,01074|4|9,01074|4|1074,URBANA OU NÃO IDENTIFICADA COMO RURAL,False,Ausência de marcador rural nos campos públicos,MÉDIA,True
03/08/2026,06:28:06,2026,AC,01074,CRUZEIRO DO SUL,4,10,1074,UNIVERSIDADE ABERTA DO BRASIL,RUA RUI BARBOSA,CENTRO,69980000,-7.6331797,-72.6645771,ATIVO,ATIVO,Com acessibilidade,194,194,194,01074|4|10,01074|4|1074,URBANA OU NÃO IDENTIFICADA COMO RURAL,False,Ausência de marcador rural nos campos públicos,MÉDIA,True
03/08/2026,06:28:06,2026,AC,01074,CRUZEIRO DO SUL,4,11,1074,UNIVERSIDADE ABERTA DO BRASIL,RUA RUI BARBOSA,CENTRO,69980000,-7.6331797,-72.6645771,ATIVO,ATIVO,Com acessibilidade,203,203,203,01074|4|11,01074|4|1074,URBANA OU NÃO IDENTIFICADA COMO RURAL,False,Ausência de marcador rural nos campos públicos,MÉDIA,True
03/08/2026,06:28:06,2026,AC,01074,CRUZEIRO DO SUL,4,13,1104,ESCOLA IRMÃ DIANA,AV. JOAQUIM TÁVORA - 1050,CRUZEIRINHO NOVO,69980000,-7.6403231,-72.6781216,ATIVO,ATIVO,Com acessibilidade,250,250,250,01074|4|13,01074|4|1104,URBANA OU NÃO IDENTIFICADA COMO RURAL,False,Ausência de marcador rural nos campos públicos,MÉDIA,True
03/08/2026,06:28:06,2026,AC,01074,CRUZEIRO DO SUL,4,14,1104,ESCOLA IRMÃ DIANA,AV. JOAQUIM TÁVORA - 1050,CRUZEIRINHO NOVO,69980000,-7.6403231,-72.6781216,ATIVO,ATIVO,Com acessibilidade,248,248,248,01074|4|14,01074|4|1104,URBANA OU NÃO IDENTIFICADA COMO RURAL,False,Ausência de marcador rural nos campos públicos,MÉDIA,True
03/08/2026,06:28:06,2026,AC,01074,CRUZEIRO DO SUL,4,19,1120,ESCOLA DR. VALÉRIO CALDAS DE MAGALHÃES,AV. BOULEVARD THAUMATURGO - 267,CENTRO,69980000,-7.6354851,-72.6695664,ATIVO,ATIVO,Com acessibilidade,273,273,273,01074|4|19,01074|4|1120,URBANA OU NÃO IDENTIFICADA COMO RURAL,False,Ausência de marcador rural nos campos públicos,MÉDIA,True
03/08/2026,06:28:06,2026,AC,01074,CRUZEIRO DO SUL,4,25,1120,ESCOLA DR. VALÉRIO CALDAS DE MAGALHÃES,AV. BOULEVARD THAUMATURGO - 267,CENTRO,69980000,-7.6354851,-72.6695664,ATIVO,ATIVO,Com acessibilidade,269,269,269,01074|4|25,01074|4|1120,URBANA OU NÃO IDENTIFICADA COMO RURAL,False,Ausência de marcador rural nos campos públicos,MÉDIA,True
03/08/2026,06:28:06,2026,AC,01074,CRUZEIRO DO SUL,4,118,1120,ESCOLA DR. VALÉRIO CALDAS DE MAGALHÃES,AV. BOULEVARD THAUMATURGO - 267,CENTRO,69980000,-7.6354851,-72.6695664,ATIVO,ATIVO,Com acessibilidade,268,268,268,01074|4|118,01074|4|1120,URBANA OU NÃO IDENTIFICADA COMO RURAL,False,Ausência de marcador rural nos campos públicos,MÉDIA,True
03/08/2026,06:28:06,2026,AC,01074,CRUZEIRO DO SUL,4,249,1120,ESCOLA DR. VALÉRIO CALDAS DE MAGALHÃES,AV. BOULEVARD THAUMATURGO - 267,CENTRO,69980000,-7.6354851,-72.6695664,ATIVO,ATIVO,Com acessibilidade,271,271,271,01074|4|249,01074|4|1120,URBANA OU NÃO IDENTIFICADA COMO RURAL,False,Ausência de marcador rural nos campos públicos,MÉDIA,True
03/08/2026,06:28:06,2026,AC,01074,CRUZEIRO DO SUL,4,17,1147,CEFLORA,RUA PARANÁ - 865,VINTE E CINCO DE AGOSTO,69980000,-7.6159514,-72.6722116,ATIVO,ATIVO,Com acessibilidade,252,252,252,01074|4|17,01074|4|1147,URBANA OU NÃO IDENTIFICADA COMO RURAL,False,Ausência de marcador rural nos campos públicos,MÉDIA,True
03/08/2026,06:28:06,2026,AC,01074,CRUZEIRO DO SUL,4,23,1147,CEFLORA,RUA PARANÁ - 865,VINTE E CINCO DE AGOSTO,69980000,-7.6159514,-72.6722116,ATIVO,ATIVO,Com acessibilidade,219,219,219,01074|4|23,01074|4|1147,URBANA OU NÃO IDENTIFICADA COMO RURAL,False,Ausência de marcador rural nos campos públicos,MÉDIA,True
03/08/2026,06:28:06,2026,AC,01074,CRUZEIRO DO SUL,4,487,1147,CEFLORA,RUA PARANÁ - 865,VINTE E CINCO DE AGOSTO,69980000,-7.6159514,-72.6722116,ATIVO,ATIVO,Com acessibilidade,202,202,202,01074|4|487,01074|4|1147,URBANA OU NÃO IDENTIFICADA COMO RURAL,False,Ausência de marcador rural nos campos públicos,MÉDIA,True
03/08/2026,06:28:06,2026,AC,01074,CRUZEIRO DO SUL,4,108,1155,ESCOLA DOM HENRIQUE RUTH,RUA PURUS - 611,JOÃO ALVES,69980000,-7.6298122,-72.6811797,ATIVO,ATIVO,Com acessibilidade,271,271,271,01074|4|108,01074|4|1155,URBANA OU NÃO IDENTIFICADA COMO RURAL,False,Ausência de marcador rural nos campos públicos,MÉDIA,True
03/08/2026,06:28:06,2026,AC,01074,CRUZEIRO DO SUL,4,121,1155,ESCOLA DOM HENRIQUE RUTH,RUA PURUS - 611,JOÃO ALVES,69980000,-7.6298122,-72.6811797,ATIVO,ATIVO,Com acessibilidade,271,271,271,01074|4|121,01074|4|1155,URBANA OU NÃO IDENTIFICADA COMO RURAL,False,Ausência de marcador rural nos campos públicos,MÉDIA,True
03/08/2026,06:28:06,2026,AC,01074,CRUZEIRO DO SUL,4,123,1155,ESCOLA DOM HENRIQUE RUTH,RUA PURUS - 611,JOÃO ALVES,69980000,-7.6298122,-72.6811797,ATIVO,ATIVO,Com acessibilidade,274,274,274,01074|4|123,01074|4|1155,URBANA OU NÃO IDENTIFICADA COMO RURAL,False,Ausência de marcador rural nos campos públicos,MÉDIA,True
03/08/2026,06:28:06,2026,AC,01074,CRUZEIRO DO SUL,4,187,1155,ESCOLA DOM HENRIQUE RUTH,RUA PURUS - 611,JOÃO ALVES,69980000,-7.6298122,-72.6811797,ATIVO,ATIVO,Com acessibilidade,266,266,266,01074|4|187,01074|4|1155,URBANA OU NÃO IDENTIFICADA COMO RURAL,False,Ausência de marcador rural nos campos públicos,MÉDIA,True
03/08/2026,06:28:06,2026,AC,01074,CRUZEIRO DO SUL,4,242,1155,ESCOLA DOM HENRIQUE RUTH,RUA PURUS - 611,JOÃO ALVES,69980000,-7.6298122,-72.6811797,ATIVO,ATIVO,Com acessibilidade,275,275,275,01074|4|242,01074|4|1155,URBANA OU NÃO IDENTIFICADA COMO RURAL,False,Ausência de marcador rural nos campos públicos,MÉDIA,True
03/08/2026,06:28:06,2026,AC,01074,CRUZEIRO DO SUL,4,246,1155,ESCOLA DOM HENRIQUE RUTH,RUA PURUS - 611,JOÃO ALVES,69980000,-7.6298122,-72.6811797,ATIVO,ATIVO,Com acessibilidade,265,265,265,01074|4|246,01074|4|1155,URBANA OU NÃO IDENTIFICADA COMO RURAL,False,Ausência de marcador rural nos campos públicos,MÉDIA,True
03/08/2026,06:28:06,2026,AC,01074,CRUZEIRO DO SUL,4,287,1155,ESCOLA DOM HENRIQUE RUTH,RUA PURUS - 611,JOÃO ALVES,69980000,-7.6298122,-72.6811797,ATIVO,ATIVO,Com acessibilidade,272,272,272,01074|4|287,01074|4|1155,URBANA OU NÃO IDENTIFICADA COMO RURAL,False,Ausência de marcador rural nos campos públicos,MÉDIA,True
03/08/2026,06:28:06,2026,AC,01074,CRUZEIRO DO SUL,4,356,1155,ESCOLA DOM HENRIQUE RUTH,RUA PURUS - 611,JOÃO ALVES,69980000,-7.6298122,-72.6811797,ATIVO,ATIVO,Com acessibilidade,275,275,275,01074|4|356,01074|4|1155,URBANA OU NÃO IDENTIFICADA COMO RURAL,False,Ausência de marcador rural nos campos públicos,MÉDIA,True
03/08/2026,06:28:06,2026,AC,01074,CRUZEIRO DO SUL,4,378,1155,ESCOLA DOM HENRIQUE RUTH,RUA PURUS - 611,JOÃO ALVES,69980000,-7.6298122,-72.6811797,ATIVO,ATIVO,Com acessibilidade,274,274,274,01074|4|378,01074|4|1155,URBANA OU NÃO IDENTIFICADA COMO RURAL,False,Ausência de marcador rural nos campos públicos,MÉDIA,True
03/08/2026,06:28:06,2026,AC,01074,CRUZEIRO DO SUL,4,396,1155,ESCOLA DOM HENRIQUE RUTH,RUA PURUS - 611,JOÃO ALVES,69980000,-7.6298122,-72.6811797,ATIVO,ATIVO,Com acessibilidade,273,273,273,01074|4|396,01074|4|1155,URBANA OU NÃO IDENTIFICADA COMO RURAL,False,Ausência de marcador rural nos campos públicos,MÉDIA,True
03/08/2026,06:28:06,2026,AC,01074,CRUZEIRO DO SUL,4,409,1155,ESCOLA DOM HENRIQUE RUTH,RUA PURUS - 611,JOÃO ALVES,69980000,-7.6298122,-72.6811797,ATIVO,ATIVO,Com acessibilidade,276,276,276,01074|4|409,01074|4|1155,URBANA OU NÃO IDENTIFICADA COMO RURAL,False,Ausência de marcador rural nos campos públicos,MÉDIA,True
03/08/2026,06:28:06,2026,AC,01074,CRUZEIRO DO SUL,4,468,1155,ESCOLA DOM HENRIQUE RUTH,RUA PURUS - 611,JOÃO ALVES,69980000,-7.6298122,-72.6811797,ATIVO,ATIVO,Com acessibilidade,281,281,281,01074|4|468,01074|4|1155,URBANA OU NÃO IDENTIFICADA COMO RURAL,False,Ausência de marcador rural nos campos públicos,MÉDIA,True
03/08/2026,06:28:06,2026,AC,01074,CRUZEIRO DO SUL,4,189,1171,ESCOLA PADRE CARLOS KUNZ,RUA FRAN PACHECO - 175,MANOEL TERÇAS,69980000,-7.6375655,-72.6790708,ATIVO,ATIVO,Com acessibilidade,256,256,256,01074|4|189,01074|4|1171,URBANA OU NÃO IDENTIFICADA COMO RURAL,False,Ausência de marcador rural nos campos públicos,MÉDIA,True
03/08/2026,06:28:06,2026,AC,01074,CRUZEIRO DO SUL,4,247,1171,ESCOLA PADRE CARLOS KUNZ,RUA FRAN PACHECO - 175,MANOEL TERÇAS,69980000,-7.6375655,-72.6790708,ATIVO,ATIVO,Com acessibilidade,255,255,255,01074|4|247,01074|4|1171,URBANA OU NÃO IDENTIFICADA COMO RURAL,False,Ausência de marcador rural nos campos públicos,MÉDIA,True
03/08/2026,06:28:06,2026,AC,01074,CRUZEIRO DO SUL,4,340,1171,ESCOLA PADRE CARLOS KUNZ,RUA FRAN PACHECO - 175,MANOEL TERÇAS,69980000,-7.6375655,-72.6790708,ATIVO,ATIVO,Com acessibilidade,261,261,261,01074|4|340,01074|4|1171,URBANA OU NÃO IDENTIFICADA COMO RURAL,False,Ausência de marcador rural nos campos públicos,MÉDIA,True
03/08/2026,06:28:06,2026,AC,01074,CRUZEIRO DO SUL,4,413,1171,ESCOLA PADRE CARLOS KUNZ,RUA FRAN PACHECO - 175,MANOEL TERÇAS,69980000,-7.6375655,-72.6790708,ATIVO,ATIVO,Com acessibilidade,253,253,253,01074|4|413,01074|4|1171,URBANA OU NÃO IDENTIFICADA COMO RURAL,False,Ausência de marcador rural nos campos públicos,MÉDIA,True
03/08/2026,06:28:06,2026,AC,01074,CRUZEIRO DO SUL,4,207,1198,ESCOLA PADRE CRISTÓVÃO FREIRE ARNAUD,ESTRADA DO AEROPORTO,NOSSA SENHORA DAS GRAÇAS,69980000,-7.6176283,-72.7000633,ATIVO,ATIVO,Com acessibilidade,291,291,291,01074|4|207,01074|4|1198,URBANA OU NÃO IDENTIFICADA COMO RURAL,False,Ausência de marcador rural nos campos públicos,MÉDIA,True
03/08/2026,06:28:06,2026,AC,01074,CRUZEIRO DO SUL,4,333,1198,ESCOLA PADRE CRISTÓVÃO FREIRE ARNAUD,ESTRADA DO AEROPORTO,NOSSA SENHORA DAS GRAÇAS,69980000,-7.6176283,-72.7000633,ATIVO,ATIVO,Com acessibilidade,295,295,295,01074|4|333,01074|4|1198,URBANA OU NÃO IDENTIFICADA COMO RURAL,False,Ausência de marcador rural nos campos públicos,MÉDIA,True
03/08/2026,06:28:06,2026,AC,01074,CRUZEIRO DO SUL,4,394,1198,ESCOLA PADRE CRISTÓVÃO FREIRE ARNAUD,ESTRADA DO AEROPORTO,NOSSA SENHORA DAS GRAÇAS,69980000,-7.6176283,-72.7000633,ATIVO,ATIVO,Com acessibilidade,293,293,293,01074|4|394,01074|4|1198,URBANA OU NÃO IDENTIFICADA COMO RURAL,False,Ausência de marcador rural nos campos públicos,MÉDIA,True
03/08/2026,06:28:06,2026,AC,01074,CRUZEIRO DO SUL,4,420,1198,ESCOLA PADRE CRISTÓVÃO FREIRE ARNAUD,ESTRADA DO AEROPORTO,NOSSA SENHORA DAS GRAÇAS,69980000,-7.6176283,-72.7000633,ATIVO,ATIVO,Com acessibilidade,298,298,298,01074|4|420,01074|4|1198,URBANA OU NÃO IDENTIFICADA COMO RURAL,False,Ausência de marcador rural nos campos públicos,MÉDIA,True
03/08/2026,06:28:06,2026,AC,01074,CRUZEIRO DO SUL,4,211,1210,ESCOLA MARIA DE NAZARÉ SANTIAGO,VILA SÃO PEDRO,ZONA RURAL,69980000,-7.72307458,-72.74366969,ATIVO,ATIVO,Com acessibilidade,232,232,232,01074|4|211,01074|4|1210,RURAL IDENTIFICADA,True,Termo RURAL no bairro ou no nome do local no arquivo do TSE,ALTA,True
03/08/2026,06:28:06,2026,AC,01074,CRUZEIRO DO SUL,4,269,1210,ESCOLA MARIA DE NAZARÉ SANTIAGO,VILA SÃO PEDRO,ZONA RURAL,69980000,-7.72307458,-72.74366969,ATIVO,ATIVO,Com acessibilidade,232,232,232,01074|4|269,01074|4|1210,RURAL IDENTIFICADA,True,Termo RURAL no bairro ou no nome do local no arquivo do TSE,ALTA,True
03/08/2026,06:28:06,2026,AC,01074,CRUZEIRO DO SUL,4,199,1228,ESCOLA PADRE DAMIÃO,RUA DO REMANSO - 1116,REMANSO,69980000,-7.6196933,-72.6593217,ATIVO,ATIVO,Com acessibilidade,259,259,259,01074|4|199,01074|4|1228,URBANA OU NÃO IDENTIFICADA COMO RURAL,False,Ausência de marcador rural nos campos públicos,MÉDIA,True
03/08/2026,06:28:06,2026,AC,01074,CRUZEIRO DO SUL,4,238,1228,ESCOLA PADRE DAMIÃO,RUA DO REMANSO - 1116,REMANSO,69980000,-7.6196933,-72.6593217,ATIVO,ATIVO,Com acessibilidade,264,264,264,01074|4|238,01074|4|1228,URBANA OU NÃO IDENTIFICADA COMO RURAL,False,Ausência de marcador rural nos campos públicos,MÉDIA,True
03/08/2026,06:28:06,2026,AC,01074,CRUZEIRO DO SUL,4,268,1228,ESCOLA PADRE DAMIÃO,RUA DO REMANSO - 1116,REMANSO,69980000,-7.6196933,-72.6593217,ATIVO,ATIVO,Com acessibilidade,262,262,262,01074|4|268,01074|4|1228,URBANA OU NÃO IDENTIFICADA COMO RURAL,False,Ausência de marcador rural nos campos públicos,MÉDIA,True
03/08/2026,06:28:06,2026,AC,01074,CRUZEIRO DO SUL,4,328,1228,ESCOLA PADRE DAMIÃO,RUA DO REMANSO - 1116,REMANSO,69980000,-7.6196933,-72.6593217,ATIVO,ATIVO,Com acessibilidade,260,260,260,01074|4|328,01074|4|1228,URBANA OU NÃO IDENTIFICADA COMO RURAL,False,Ausência de marcador rural nos campos públicos,MÉDIA,True
03/08/2026,06:28:06,2026,AC,01074,CRUZEIRO DO SUL,4,390,1228,ESCOLA PADRE DAMIÃO,RUA DO REMANSO - 1116,REMANSO,69980000,-7.6196933,-72.6593217,ATIVO,ATIVO,Com acessibilidade,269,269,269,01074|4|390,01074|4|1228,URBANA OU NÃO IDENTIFICADA COMO RURAL,False,Ausência de marcador rural nos campos públicos,MÉDIA,True
03/08/2026,06:28:06,2026,AC,01074,CRUZEIRO DO SUL,4,421,1228,ESCOLA PADRE DAMIÃO,RUA DO REMANSO - 1116,REMANSO,69980000,-7.6196933,-72.6593217,ATIVO,ATIVO,Com acessibilidade,259,259,259,01074|4|421,01074|4|1228,URBANA OU NÃO IDENTIFICADA COMO RURAL,False,Ausência de marcador rural nos campos públicos,MÉDIA,True
03/08/2026,06:28:06,2026,AC,01074,CRUZEIRO DO SUL,4,206,1295,ESCOLA MADRE ADELGUNDES BECKER,RUA SANTO ANTÔNIO - 118,MIRITIZAL,69980000,-7.6420564,-72.6603847,ATIVO,ATIVO,Com acessibilidade,266,266,266,01074|4|206,01074|4|1295,URBANA OU NÃO IDENTIFICADA COMO RURAL,False,Ausência de marcador rural nos campos públicos,MÉDIA,True
03/08/2026,06:28:06,2026,AC,01074,CRUZEIRO DO SUL,4,239,1295,ESCOLA MADRE ADELGUNDES BECKER,RUA SANTO ANTÔNIO - 118,MIRITIZAL,69980000,-7.6420564,-72.6603847,ATIVO,ATIVO,Com acessibilidade,263,263,263,01074|4|239,01074|4|1295,URBANA OU NÃO IDENTIFICADA COMO RURAL,False,Ausência de marcador rural nos campos públicos,MÉDIA,True
03/08/2026,06:28:06,2026,AC,01074,CRUZEIRO DO SUL,4,262,1295,ESCOLA MADRE ADELGUNDES BECKER,RUA SANTO ANTÔNIO - 118,MIRITIZAL,69980000,-7.6420564,-72.6603847,ATIVO,ATIVO,Com acessibilidade,264,264,264,01074|4|262,01074|4|1295,URBANA OU NÃO IDENTIFICADA COMO RURAL,False,Ausência de marcador rural nos campos públicos,MÉDIA,True
03/08/2026,06:28:06,2026,AC,01074,CRUZEIRO DO SUL,4,330,1295,ESCOLA MADRE ADELGUNDES BECKER,RUA SANTO ANTÔNIO - 118,MIRITIZAL,69980000,-7.6420564,-72.6603847,ATIVO,ATIVO,Com acessibilidade,262,262,262,01074|4|330,01074|4|1295,URBANA OU NÃO IDENTIFICADA COMO RURAL,False,Ausência de marcador rural nos campos públicos,MÉDIA,True
03/08/2026,06:28:06,2026,AC,01074,CRUZEIRO DO SUL,4,350,1295,ESCOLA MADRE ADELGUNDES BECKER,RUA SANTO ANTÔNIO - 118,MIRITIZAL,69980000,-7.6420564,-72.6603847,ATIVO,ATIVO,Com acessibilidade,264,264,264,01074|4|350,01074|4|1295,URBANA OU NÃO IDENTIFICADA COMO RURAL,False,Ausência de marcador rural nos campos públicos,MÉDIA,True
03/08/2026,06:28:06,2026,AC,01074,CRUZEIRO DO SUL,4,383,1295,ESCOLA MADRE ADELGUNDES BECKER,RUA SANTO ANTÔNIO - 118,MIRITIZAL,69980000,-7.6420564,-72.6603847,ATIVO,ATIVO,Com acessibilidade,265,265,265,01074|4|383,01074|4|1295,URBANA OU NÃO IDENTIFICADA COMO RURAL,False,Ausência de marcador rural nos campos públicos,MÉDIA,True
03/08/2026,06:28:06,2026,AC,01074,CRUZEIRO DO SUL,4,408,1295,ESCOLA MADRE ADELGUNDES BECKER,RUA SANTO ANTÔNIO - 118,MIRITIZAL,69980000,-7.6420564,-72.6603847,ATIVO,ATIVO,Com acessibilidade,266,266,266,01074|4|408,01074|4|1295,URBANA OU NÃO IDENTIFICADA COMO RURAL,False,Ausência de marcador rural nos campos públicos,MÉDIA,True
03/08/2026,06:28:06,2026,AC,01074,CRUZEIRO DO SUL,4,419,1295,ESCOLA MADRE ADELGUNDES BECKER,RUA SANTO ANTÔNIO - 118,MIRITIZAL,69980000,-7.6420564,-72.6603847,ATIVO,ATIVO,Com acessibilidade,270,270,270,01074|4|419,01074|4|1295,URBANA OU NÃO IDENTIFICADA COMO RURAL,False,Ausência de marcador rural nos campos públicos,MÉDIA,True
03/08/2026,06:28:06,2026,AC,01074,CRUZEIRO DO SUL,4,481,1295,ESCOLA MADRE ADELGUNDES BECKER,RUA SANTO ANTÔNIO - 118,MIRITIZAL,69980000,-7.6420564,-72.6603847,ATIVO,ATIVO,Com acessibilidade,269,269,269,01074|4|481,01074|4|1295,URBANA OU NÃO IDENTIFICADA COMO RURAL,False,Ausência de marcador rural nos campos públicos,MÉDIA,True
03/08/2026,06:28:06,2026,AC,01074,CRUZEIRO DO SUL,4,154,1309,ESCOLA THAUMATURGO DE AZEVEDO,RUA FLORIANO PEIXOTO - 1065,ALUMÍNIO,69980000,-7.6287283,-72.6614067,ATIVO,ATIVO,Com acessibilidade,262,262,262,01074|4|154,01074|4|1309,URBANA OU NÃO IDENTIFICADA COMO RURAL,False,Ausência de marcador rural nos campos públicos,MÉDIA,True
03/08/2026,06:28:06,2026,AC,01074,CRUZEIRO DO SUL,4,168,1309,ESCOLA THAUMATURGO DE AZEVEDO,RUA FLORIANO PEIXOTO - 1065,ALUMÍNIO,69980000,-7.6287283,-72.6614067,ATIVO,ATIVO,Com acessibilidade,259,259,259,01074|4|168,01074|4|1309,URBANA OU NÃO IDENTIFICADA COMO RURAL,False,Ausência de marcador rural nos campos públicos,MÉDIA,True
03/08/2026,06:28:06,2026,AC,01074,CRUZEIRO DO SUL,4,179,1309,ESCOLA THAUMATURGO DE AZEVEDO,RUA FLORIANO PEIXOTO - 1065,ALUMÍNIO,69980000,-7.6287283,-72.6614067,ATIVO,ATIVO,Com acessibilidade,263,263,263,01074|4|179,01074|4|1309,URBANA OU NÃO IDENTIFICADA COMO RURAL,False,Ausência de marcador rural nos campos públicos,MÉDIA,True
03/08/2026,06:28:06,2026,AC,01074,CRUZEIRO DO SUL,4,222,1309,ESCOLA THAUMATURGO DE AZEVEDO,RUA FLORIANO PEIXOTO - 1065,ALUMÍNIO,69980000,-7.6287283,-72.6614067,ATIVO,ATIVO,Com acessibilidade,261,261,261,01074|4|222,01074|4|1309,URBANA OU NÃO IDENTIFICADA COMO RURAL,False,Ausência de marcador rural nos campos públicos,MÉDIA,True
03/08/2026,06:28:06,2026,AC,01074,CRUZEIRO DO SUL,4,192,1325,ESCOLA JUAREZ IBERNON,PROJETO SANTA LUZIA - BR 364,ZONA RURAL,69980000,-7.7505713,-72.40054715,ATIVO,ATIVO,Com acessibilidade,194,194,194,01074|4|192,01074|4|1325,RURAL IDENTIFICADA,True,Termo RURAL no bairro ou no nome do local no arquivo do TSE,ALTA,True
03/08/2026,06:28:06,2026,AC,01074,CRUZEIRO DO SUL,4,205,1325,ESCOLA JUAREZ IBERNON,PROJETO SANTA LUZIA - BR 364,ZONA RURAL,69980000,-7.7505713,-72.40054715,ATIVO,ATIVO,Com acessibilidade,191,191,191,01074|4|205,01074|4|1325,RURAL IDENTIFICADA,True,Termo RURAL no bairro ou no nome do local no arquivo do TSE,ALTA,True
03/08/2026,06:28:06,2026,AC,01074,CRUZEIRO DO SUL,4,266,1333,ESCOLA SÃO FRANCISCO,"RAMAL DO LIBERDADE, COMUNIDADE PORTO ALEGRE - BR364",ZONA RURAL,69980000,-7.8283541,-72.0473516,ATIVO,ATIVO,Com acessibilidade,189,189,189,01074|4|266,01074|4|1333,RURAL IDENTIFICADA,True,Termo RURAL no bairro ou no nome do local no arquivo do TSE,ALTA,True
03/08/2026,06:28:06,2026,AC,01074,CRUZEIRO DO SUL,4,297,1333,ESCOLA SÃO FRANCISCO,"RAMAL DO LIBERDADE, COMUNIDADE PORTO ALEGRE - BR364",ZONA RURAL,69980000,-7.8283541,-72.0473516,ATIVO,ATIVO,Com acessibilidade,181,181,181,01074|4|297,01074|4|1333,RURAL IDENTIFICADA,True,Termo RURAL no bairro ou no nome do local no arquivo do TSE,ALTA,True
03/08/2026,06:28:06,2026,AC,01074,CRUZEIRO DO SUL,4,382,1333,ESCOLA SÃO FRANCISCO,"RAMAL DO LIBERDADE, COMUNIDADE PORTO ALEGRE - BR364",ZONA RURAL,69980000,-7.8283541,-72.0473516,ATIVO,ATIVO,Com acessibilidade,181,181,181,01074|4|382,01074|4|1333,RURAL IDENTIFICADA,True,Termo RURAL no bairro ou no nome do local no arquivo do TSE,ALTA,True
03/08/2026,06:28:06,2026,AC,01074,CRUZEIRO DO SUL,4,422,1333,ESCOLA SÃO FRANCISCO,"RAMAL DO LIBERDADE, COMUNIDADE PORTO ALEGRE - BR364",ZONA RURAL,69980000,-7.8283541,-72.0473516,ATIVO,ATIVO,Com acessibilidade,179,179,179,01074|4|422,01074|4|1333,RURAL IDENTIFICADA,True,Termo RURAL no bairro ou no nome do local no arquivo do TSE,ALTA,True
03/08/2026,06:28:06,2026,AC,01074,CRUZEIRO DO SUL,4,38,1350,ESCOLA PROFESSOR FLODOARDO CABRAL,AV 28 DE SETEMBRO - 834,ESCOLA TÉCNICA,69980000,-7.6279418,-72.6721351,ATIVO,ATIVO,Com acessibilidade,290,290,290,01074|4|38,01074|4|1350,URBANA OU NÃO IDENTIFICADA COMO RURAL,False,Ausência de marcador rural nos campos públicos,MÉDIA,True
03/08/2026,06:28:06,2026,AC,01074,CRUZEIRO DO SUL,4,39,1350,ESCOLA PROFESSOR FLODOARDO CABRAL,AV 28 DE SETEMBRO - 834,ESCOLA TÉCNICA,69980000,-7.6279418,-72.6721351,ATIVO,ATIVO,Com acessibilidade,287,287,287,01074|4|39,01074|4|1350,URBANA OU NÃO IDENTIFICADA COMO RURAL,False,Ausência de marcador rural nos campos públicos,MÉDIA,True
03/08/2026,06:28:06,2026,AC,01074,CRUZEIRO DO SUL,4,40,1350,ESCOLA PROFESSOR FLODOARDO CABRAL,AV 28 DE SETEMBRO - 834,ESCOLA TÉCNICA,69980000,-7.6279418,-72.6721351,ATIVO,ATIVO,Com acessibilidade,290,290,290,01074|4|40,01074|4|1350,URBANA OU NÃO IDENTIFICADA COMO RURAL,False,Ausência de marcador rural nos campos públicos,MÉDIA,True
03/08/2026,06:28:06,2026,AC,01074,CRUZEIRO DO SUL,4,68,1350,ESCOLA PROFESSOR FLODOARDO CABRAL,AV 28 DE SETEMBRO - 834,ESCOLA TÉCNICA,69980000,-7.6279418,-72.6721351,ATIVO,ATIVO,Com acessibilidade,289,289,289,01074|4|68,01074|4|1350,URBANA OU NÃO IDENTIFICADA COMO RURAL,False,Ausência de marcador rural nos campos públicos,MÉDIA,True
03/08/2026,06:28:06,2026,AC,01074,CRUZEIRO DO SUL,4,360,1350,ESCOLA PROFESSOR FLODOARDO CABRAL,AV 28 DE SETEMBRO - 834,ESCOLA TÉCNICA,69980000,-7.6279418,-72.6721351,ATIVO,ATIVO,Com acessibilidade,293,293,293,01074|4|360,01074|4|1350,URBANA OU NÃO IDENTIFICADA COMO RURAL,False,Ausência de marcador rural nos campos públicos,MÉDIA,True
03/08/2026,06:28:06,2026,AC,01074,CRUZEIRO DO SUL,4,41,1368,ESCOLA PRESBITERIANA,RUA SERGIPE - 31,ESCOLA TÉCNICA,69980000,-7.62494,-72.6726163,ATIVO,ATIVO,Com acessibilidade,220,220,220,01074|4|41,01074|4|1368,URBANA OU NÃO IDENTIFICADA COMO RURAL,False,Ausência de marcador rural nos campos públicos,MÉDIA,True
03/08/2026,06:28:06,2026,AC,01074,CRUZEIRO DO SUL,4,130,1368,ESCOLA PRESBITERIANA,RUA SERGIPE - 31,ESCOLA TÉCNICA,69980000,-7.62494,-72.6726163,ATIVO,ATIVO,Com acessibilidade,222,222,222,01074|4|130,01074|4|1368,URBANA OU NÃO IDENTIFICADA COMO RURAL,False,Ausência de marcador rural nos campos públicos,MÉDIA,True
03/08/2026,06:28:06,2026,AC,01074,CRUZEIRO DO SUL,4,395,1368,ESCOLA PRESBITERIANA,RUA SERGIPE - 31,ESCOLA TÉCNICA,69980000,-7.62494,-72.6726163,ATIVO,ATIVO,Com acessibilidade,218,218,218,01074|4|395,01074|4|1368,URBANA OU NÃO IDENTIFICADA COMO RURAL,False,Ausência de marcador rural nos campos públicos,MÉDIA,True
03/08/2026,06:28:06,2026,AC,01074,CRUZEIRO DO SUL,4,42,1376,PRÉ-ESCOLAR MARCELINO CHAMPAGNAT,RUA RUI BARBOSA - 620,varzea,69980000,-7.6327694,-72.6635672,ATIVO,ATIVO,Com acessibilidade,203,203,203,01074|4|42,01074|4|1376,URBANA OU NÃO IDENTIFICADA COMO RURAL,False,Ausência de marcador rural nos campos públicos,MÉDIA,True
03/08/2026,06:28:06,2026,AC,01074,CRUZEIRO DO SUL,4,43,1376,PRÉ-ESCOLAR MARCELINO CHAMPAGNAT,RUA RUI BARBOSA - 620,varzea,69980000,-7.6327694,-72.6635672,ATIVO,ATIVO,Com acessibilidade,199,199,199,01074|4|43,01074|4|1376,URBANA OU NÃO IDENTIFICADA COMO RURAL,False,Ausência de marcador rural nos campos públicos,MÉDIA,True
03/08/2026,06:28:06,2026,AC,01074,CRUZEIRO DO SUL,4,401,1376,PRÉ-ESCOLAR MARCELINO CHAMPAGNAT,RUA RUI BARBOSA - 620,varzea,69980000,-7.6327694,-72.6635672,ATIVO,ATIVO,Com acessibilidade,204,204,204,01074|4|401,01074|4|1376,URBANA OU NÃO IDENTIFICADA COMO RURAL,False,Ausência de marcador rural nos campos públicos,MÉDIA,True
03/08/2026,06:28:06,2026,AC,01074,CRUZEIRO DO SUL,4,44,1384,ESCOLA MARIA LIMA DE SOUZA,RUA AMAZONAS - 261,COBAL,69980000,-7.6290365,-72.657187,ATIVO,ATIVO,Com acessibilidade,265,265,265,01074|4|44,01074|4|1384,URBANA OU NÃO IDENTIFICADA COMO RURAL,False,Ausência de marcador rural nos campos públicos,MÉDIA,True
03/08/2026,06:28:06,2026,AC,01074,CRUZEIRO DO SUL,4,195,1384,ESCOLA MARIA LIMA DE SOUZA,RUA AMAZONAS - 261,COBAL,69980000,-7.6290365,-72.657187,ATIVO,ATIVO,Com acessibilidade,266,266,266,01074|4|195,01074|4|1384,URBANA OU NÃO IDENTIFICADA COMO RURAL,False,Ausência de marcador rural nos campos públicos,MÉDIA,True
03/08/2026,06:28:06,2026,AC,01074,CRUZEIRO DO SUL,4,219,1384,ESCOLA MARIA LIMA DE SOUZA,RUA AMAZONAS - 261,COBAL,69980000,-7.6290365,-72.657187,ATIVO,ATIVO,Com acessibilidade,266,266,266,01074|4|219,01074|4|1384,URBANA OU NÃO IDENTIFICADA COMO RURAL,False,Ausência de marcador rural nos campos públicos,MÉDIA,True
03/08/2026,06:28:06,2026,AC,01074,CRUZEIRO DO SUL,4,252,1384,ESCOLA MARIA LIMA DE SOUZA,RUA AMAZONAS - 261,COBAL,69980000,-7.6290365,-72.657187,ATIVO,ATIVO,Com acessibilidade,273,273,273,01074|4|252,01074|4|1384,URBANA OU NÃO IDENTIFICADA COMO RURAL,False,Ausência de marcador rural nos campos públicos,MÉDIA,True
03/08/2026,06:28:06,2026,AC,01074,CRUZEIRO DO SUL,4,345,1384,ESCOLA MARIA LIMA DE SOUZA,RUA AMAZONAS - 261,COBAL,69980000,-7.6290365,-72.657187,ATIVO,ATIVO,Com acessibilidade,258,258,258,01074|4|345,01074|4|1384,URBANA OU NÃO IDENTIFICADA COMO RURAL,False,Ausência de marcador rural nos campos públicos,MÉDIA,True
03/08/2026,06:28:06,2026,AC,01074,CRUZEIRO DO SUL,4,399,1384,ESCOLA MARIA LIMA DE SOUZA,RUA AMAZONAS - 261,COBAL,69980000,-7.6290365,-72.657187,ATIVO,ATIVO,Com acessibilidade,270,270,270,01074|4|399,01074|4|1384,URBANA OU NÃO IDENTIFICADA COMO RURAL,False,Ausência de marcador rural nos campos públicos,MÉDIA,True
03/08/2026,06:28:06,2026,AC,01074,CRUZEIRO DO SUL,4,418,1384,ESCOLA MARIA LIMA DE SOUZA,RUA AMAZONAS - 261,COBAL,69980000,-7.6290365,-72.657187,ATIVO,ATIVO,Com acessibilidade,262,262,262,01074|4|418,01074|4|1384,URBANA OU NÃO IDENTIFICADA COMO RURAL,False,Ausência de marcador rural nos campos públicos,MÉDIA,True
03/08/2026,06:28:06,2026,AC,01074,CRUZEIRO DO SUL,4,45,1392,ESCOLA ANTONIO DE BARROS FREIRE,RUA JAMINAUS - 427,TELEGRAFO,69980000,-7.6239917,-72.6675117,ATIVO,ATIVO,Com acessibilidade,280,280,280,01074|4|45,01074|4|1392,URBANA OU NÃO IDENTIFICADA COMO RURAL,False,Ausência de marcador rural nos campos públicos,MÉDIA,True
03/08/2026,06:28:06,2026,AC,01074,CRUZEIRO DO SUL,4,173,1392,ESCOLA ANTONIO DE BARROS FREIRE,RUA JAMINAUS - 427,TELEGRAFO,69980000,-7.6239917,-72.6675117,ATIVO,ATIVO,Com acessibilidade,284,284,284,01074|4|173,01074|4|1392,URBANA OU NÃO IDENTIFICADA COMO RURAL,False,Ausência de marcador rural nos campos públicos,MÉDIA,True
03/08/2026,06:28:06,2026,AC,01074,CRUZEIRO DO SUL,4,194,1392,ESCOLA ANTONIO DE BARROS FREIRE,RUA JAMINAUS - 427,TELEGRAFO,69980000,-7.6239917,-72.6675117,ATIVO,ATIVO,Com acessibilidade,281,281,281,01074|4|194,01074|4|1392,URBANA OU NÃO IDENTIFICADA COMO RURAL,False,Ausência de marcador rural nos campos públicos,MÉDIA,True
03/08/2026,06:28:06,2026,AC,01074,CRUZEIRO DO SUL,4,255,1392,ESCOLA ANTONIO DE BARROS FREIRE,RUA JAMINAUS - 427,TELEGRAFO,69980000,-7.6239917,-72.6675117,ATIVO,ATIVO,Com acessibilidade,282,282,282,01074|4|255,01074|4|1392,URBANA OU NÃO IDENTIFICADA COMO RURAL,False,Ausência de marcador rural nos campos públicos,MÉDIA,True
03/08/2026,06:28:06,2026,AC,01074,CRUZEIRO DO SUL,4,322,1392,ESCOLA ANTONIO DE BARROS FREIRE,RUA JAMINAUS - 427,TELEGRAFO,69980000,-7.6239917,-72.6675117,ATIVO,ATIVO,Com acessibilidade,281,281,281,01074|4|322,01074|4|1392,URBANA OU NÃO IDENTIFICADA COMO RURAL,False,Ausência de marcador rural nos campos públicos,MÉDIA,True
03/08/2026,06:28:06,2026,AC,01074,CRUZEIRO DO SUL,4,358,1392,ESCOLA ANTONIO DE BARROS FREIRE,RUA JAMINAUS - 427,TELEGRAFO,69980000,-7.6239917,-72.6675117,ATIVO,ATIVO,Com acessibilidade,284,284,284,01074|4|358,01074|4|1392,URBANA OU NÃO IDENTIFICADA COMO RURAL,False,Ausência de marcador rural nos campos públicos,MÉDIA,True
03/08/2026,06:28:06,2026,AC,01074,CRUZEIRO DO SUL,4,398,1392,ESCOLA ANTONIO DE BARROS FREIRE,RUA JAMINAUS - 427,TELEGRAFO,69980000,-7.6239917,-72.6675117,ATIVO,ATIVO,Com acessibilidade,287,287,287,01074|4|398,01074|4|1392,URBANA OU NÃO IDENTIFICADA COMO RURAL,False,Ausência de marcador rural nos campos públicos,MÉDIA,True
03/08/2026,06:28:06,2026,AC,01074,CRUZEIRO DO SUL,4,416,1392,ESCOLA ANTONIO DE BARROS FREIRE,RUA JAMINAUS - 427,TELEGRAFO,69980000,-7.6239917,-72.6675117,ATIVO,ATIVO,Com acessibilidade,285,285,285,01074|4|416,01074|4|1392,URBANA OU NÃO IDENTIFICADA COMO RURAL,False,Ausência de marcador rural nos campos públicos,MÉDIA,True
03/08/2026,06:28:06,2026,AC,01074,CRUZEIRO DO SUL,4,46,1406,ESCOLA JOÃO KUBITSCHECK,AV.  25 DE AGOSTO - 1712,VINTE E CINCO DE AGOSTO,69980000,-7.6163197,-72.6731544,ATIVO,ATIVO,Com acessibilidade,252,252,252,01074|4|46,01074|4|1406,URBANA OU NÃO IDENTIFICADA COMO RURAL,False,Ausência de marcador rural nos campos públicos,MÉDIA,True
03/08/2026,06:28:06,2026,AC,01074,CRUZEIRO DO SUL,4,47,1406,ESCOLA JOÃO KUBITSCHECK,AV.  25 DE AGOSTO - 1712,VINTE E CINCO DE AGOSTO,69980000,-7.6163197,-72.6731544,ATIVO,ATIVO,Com acessibilidade,246,246,246,01074|4|47,01074|4|1406,URBANA OU NÃO IDENTIFICADA COMO RURAL,False,Ausência de marcador rural nos campos públicos,MÉDIA,True
03/08/2026,06:28:06,2026,AC,01074,CRUZEIRO DO SUL,4,48,1406,ESCOLA JOÃO KUBITSCHECK,AV.  25 DE AGOSTO - 1712,VINTE E CINCO DE AGOSTO,69980000,-7.6163197,-72.6731544,ATIVO,ATIVO,Com acessibilidade,246,246,246,01074|4|48,01074|4|1406,URBANA OU NÃO IDENTIFICADA COMO RURAL,False,Ausência de marcador rural nos campos públicos,MÉDIA,True
03/08/2026,06:28:06,2026,AC,01074,CRUZEIRO DO SUL,4,288,1406,ESCOLA JOÃO KUBITSCHECK,AV.  25 DE AGOSTO - 1712,VINTE E CINCO DE AGOSTO,69980000,-7.6163197,-72.6731544,ATIVO,ATIVO,Com acessibilidade,249,249,249,01074|4|288,01074|4|1406,URBANA OU NÃO IDENTIFICADA COMO RURAL,False,Ausência de marcador rural nos campos públicos,MÉDIA,True
03/08/2026,06:28:06,2026,AC,01074,CRUZEIRO DO SUL,4,392,1406,ESCOLA JOÃO KUBITSCHECK,AV.  25 DE AGOSTO - 1712,VINTE E CINCO DE AGOSTO,69980000,-7.6163197,-72.6731544,ATIVO,ATIVO,Com acessibilidade,258,258,258,01074|4|392,01074|4|1406,URBANA OU NÃO IDENTIFICADA COMO RURAL,False,Ausência de marcador rural nos campos públicos,MÉDIA,True
03/08/2026,06:28:06,2026,AC,01074,CRUZEIRO DO SUL,4,488,1406,ESCOLA JOÃO KUBITSCHECK,AV.  25 DE AGOSTO - 1712,VINTE E CINCO DE AGOSTO,69980000,-7.6163197,-72.6731544,ATIVO,ATIVO,Com acessibilidade,254,254,254,01074|4|488,01074|4|1406,URBANA OU NÃO IDENTIFICADA COMO RURAL,False,Ausência de marcador rural nos campos públicos,MÉDIA,True
03/08/2026,06:28:06,2026,AC,01074,CRUZEIRO DO SUL,4,49,1422,ESCOLA PRESIDENTE TANCREDO DE ALMEIDA NEVES,RUA ESPIRITO SANTO - 81,COPACABANA,69980000,-7.6225883,-72.6765267,ATIVO,ATIVO,Com acessibilidade,297,297,297,01074|4|49,01074|4|1422,URBANA OU NÃO IDENTIFICADA COMO RURAL,False,Ausência de marcador rural nos campos públicos,MÉDIA,True
03/08/2026,06:28:06,2026,AC,01074,CRUZEIRO DO SUL,4,51,1422,ESCOLA PRESIDENTE TANCREDO DE ALMEIDA NEVES,RUA ESPIRITO SANTO - 81,COPACABANA,69980000,-7.6225883,-72.6765267,ATIVO,ATIVO,Com acessibilidade,300,300,300,01074|4|51,01074|4|1422,URBANA OU NÃO IDENTIFICADA COMO RURAL,False,Ausência de marcador rural nos campos públicos,MÉDIA,True
03/08/2026,06:28:06,2026,AC,01074,CRUZEIRO DO SUL,4,210,1422,ESCOLA PRESIDENTE TANCREDO DE ALMEIDA NEVES,RUA ESPIRITO SANTO - 81,COPACABANA,69980000,-7.6225883,-72.6765267,ATIVO,ATIVO,Com acessibilidade,291,291,291,01074|4|210,01074|4|1422,URBANA OU NÃO IDENTIFICADA COMO RURAL,False,Ausência de marcador rural nos campos públicos,MÉDIA,True
03/08/2026,06:28:06,2026,AC,01074,CRUZEIRO DO SUL,4,355,1422,ESCOLA PRESIDENTE TANCREDO DE ALMEIDA NEVES,RUA ESPIRITO SANTO - 81,COPACABANA,69980000,-7.6225883,-72.6765267,ATIVO,ATIVO,Com acessibilidade,302,302,302,01074|4|355,01074|4|1422,URBANA OU NÃO IDENTIFICADA COMO RURAL,False,Ausência de marcador rural nos campos públicos,MÉDIA,True
03/08/2026,06:28:06,2026,AC,01074,CRUZEIRO DO SUL,4,111,1457,ESCOLA CORAZITA NEGREIROS,RUA PARÁ - 865,TELEGRAFO,69980000,-7.6246798,-72.6612935,ATIVO,ATIVO,Com acessibilidade,289,289,289,01074|4|111,01074|4|1457,URBANA OU NÃO IDENTIFICADA COMO RURAL,False,Ausência de marcador rural nos campos públicos,MÉDIA,True
03/08/2026,06:28:06,2026,AC,01074,CRUZEIRO DO SUL,4,183,1457,ESCOLA CORAZITA NEGREIROS,RUA PARÁ - 865,TELEGRAFO,69980000,-7.6246798,-72.6612935,ATIVO,ATIVO,Com acessibilidade,287,287,287,01074|4|183,01074|4|1457,URBANA OU NÃO IDENTIFICADA COMO RURAL,False,Ausência de marcador rural nos campos públicos,MÉDIA,True
03/08/2026,06:28:06,2026,AC,01074,CRUZEIRO DO SUL,4,259,1457,ESCOLA CORAZITA NEGREIROS,RUA PARÁ - 865,TELEGRAFO,69980000,-7.6246798,-72.6612935,ATIVO,ATIVO,Com acessibilidade,283,283,283,01074|4|259,01074|4|1457,URBANA OU NÃO IDENTIFICADA COMO RURAL,False,Ausência de marcador rural nos campos públicos,MÉDIA,True
03/08/2026,06:28:06,2026,AC,01074,CRUZEIRO DO SUL,4,354,1457,ESCOLA CORAZITA NEGREIROS,RUA PARÁ - 865,TELEGRAFO,69980000,-7.6246798,-72.6612935,ATIVO,ATIVO,Com acessibilidade,285,285,285,01074|4|354,01074|4|1457,URBANA OU NÃO IDENTIFICADA COMO RURAL,False,Ausência de marcador rural nos campos públicos,MÉDIA,True
03/08/2026,06:28:06,2026,AC,01074,CRUZEIRO DO SUL,4,59,1473,ESCOLA HUGO CARNEIRO,RUA SERGIPE - 51,FLORESTA,69980000,-7.6265655,-72.674594,ATIVO,ATIVO,Com acessibilidade,171,171,171,01074|4|59,01074|4|1473,URBANA OU NÃO IDENTIFICADA COMO RURAL,False,Ausência de marcador rural nos campos públicos,MÉDIA,True
03/08/2026,06:28:06,2026,AC,01074,CRUZEIRO DO SUL,4,112,1473,ESCOLA HUGO CARNEIRO,RUA SERGIPE - 51,FLORESTA,69980000,-7.6265655,-72.674594,ATIVO,ATIVO,Com acessibilidade,174,174,174,01074|4|112,01074|4|1473,URBANA OU NÃO IDENTIFICADA COMO RURAL,False,Ausência de marcador rural nos campos públicos,MÉDIA,True
03/08/2026,06:28:06,2026,AC,01074,CRUZEIRO DO SUL,4,243,1473,ESCOLA HUGO CARNEIRO,RUA SERGIPE - 51,FLORESTA,69980000,-7.6265655,-72.674594,ATIVO,ATIVO,Com acessibilidade,173,173,173,01074|4|243,01074|4|1473,URBANA OU NÃO IDENTIFICADA COMO RURAL,False,Ausência de marcador rural nos campos públicos,MÉDIA,True
03/08/2026,06:28:06,2026,AC,01074,CRUZEIRO DO SUL,4,374,1473,ESCOLA HUGO CARNEIRO,RUA SERGIPE - 51,FLORESTA,69980000,-7.6265655,-72.674594,ATIVO,ATIVO,Com acessibilidade,175,175,175,01074|4|374,01074|4|1473,URBANA OU NÃO IDENTIFICADA COMO RURAL,False,Ausência de marcador rural nos campos públicos,MÉDIA,True
03/08/2026,06:28:06,2026,AC,01074,CRUZEIRO DO SUL,4,257,1481,ESCOLA ARTHUR MAIA DE CARVALHO,RUA SOLIMÕES - 604,ARTUR MAIA,69980000,-7.6208953,-72.684378,ATIVO,ATIVO,Com acessibilidade,285,285,285,01074|4|257,01074|4|1481,URBANA OU NÃO IDENTIFICADA COMO RURAL,False,Ausência de marcador rural nos campos públicos,MÉDIA,True
03/08/2026,06:28:06,2026,AC,01074,CRUZEIRO DO SUL,4,315,1481,ESCOLA ARTHUR MAIA DE CARVALHO,RUA SOLIMÕES - 604,ARTUR MAIA,69980000,-7.6208953,-72.684378,ATIVO,ATIVO,Com acessibilidade,284,284,284,01074|4|315,01074|4|1481,URBANA OU NÃO IDENTIFICADA COMO RURAL,False,Ausência de marcador rural nos campos públicos,MÉDIA,True
03/08/2026,06:28:06,2026,AC,01074,CRUZEIRO DO SUL,4,336,1481,ESCOLA ARTHUR MAIA DE CARVALHO,RUA SOLIMÕES - 604,ARTUR MAIA,69980000,-7.6208953,-72.684378,ATIVO,ATIVO,Com acessibilidade,286,286,286,01074|4|336,01074|4|1481,URBANA OU NÃO IDENTIFICADA COMO RURAL,False,Ausência de marcador rural nos campos públicos,MÉDIA,True
03/08/2026,06:28:06,2026,AC,01074,CRUZEIRO DO SUL,4,393,1481,ESCOLA ARTHUR MAIA DE CARVALHO,RUA SOLIMÕES - 604,ARTUR MAIA,69980000,-7.6208953,-72.684378,ATIVO,ATIVO,Com acessibilidade,291,291,291,01074|4|393,01074|4|1481,URBANA OU NÃO IDENTIFICADA COMO RURAL,False,Ausência de marcador rural nos campos públicos,MÉDIA,True
03/08/2026,06:28:06,2026,AC,01074,CRUZEIRO DO SUL,4,411,1481,ESCOLA ARTHUR MAIA DE CARVALHO,RUA SOLIMÕES - 604,ARTUR MAIA,69980000,-7.6208953,-72.684378,ATIVO,ATIVO,Com acessibilidade,289,289,289,01074|4|411,01074|4|1481,URBANA OU NÃO IDENTIFICADA COMO RURAL,False,Ausência de marcador rural nos campos públicos,MÉDIA,True
03/08/2026,06:28:06,2026,AC,01074,CRUZEIRO DO SUL,4,55,1520,ESCOLA FRANCISCA RITA DE CÁSSIA LIMA PINTO,RUA RIO DE JANEIRO - 100,CRUZEIRÃO,69980000,-7.6167487,-72.668007,ATIVO,ATIVO,Com acessibilidade,246,246,246,01074|4|55,01074|4|1520,URBANA OU NÃO IDENTIFICADA COMO RURAL,False,Ausência de marcador rural nos campos públicos,MÉDIA,True
03/08/2026,06:28:06,2026,AC,01074,CRUZEIRO DO SUL,4,56,1520,ESCOLA FRANCISCA RITA DE CÁSSIA LIMA PINTO,RUA RIO DE JANEIRO - 100,CRUZEIRÃO,69980000,-7.6167487,-72.668007,ATIVO,ATIVO,Com acessibilidade,252,252,252,01074|4|56,01074|4|1520,URBANA OU NÃO IDENTIFICADA COMO RURAL,False,Ausência de marcador rural nos campos públicos,MÉDIA,True
03/08/2026,06:28:06,2026,AC,01074,CRUZEIRO DO SUL,4,62,1520,ESCOLA FRANCISCA RITA DE CÁSSIA LIMA PINTO,RUA RIO DE JANEIRO - 100,CRUZEIRÃO,69980000,-7.6167487,-72.668007,ATIVO,ATIVO,Com acessibilidade,250,250,250,01074|4|62,01074|4|1520,URBANA OU NÃO IDENTIFICADA COMO RURAL,False,Ausência de marcador rural nos campos públicos,MÉDIA,True
03/08/2026,06:28:06,2026,AC,01074,CRUZEIRO DO SUL,4,110,1520,ESCOLA FRANCISCA RITA DE CÁSSIA LIMA PINTO,RUA RIO DE JANEIRO - 100,CRUZEIRÃO,69980000,-7.6167487,-72.668007,ATIVO,ATIVO,Com acessibilidade,244,244,244,01074|4|110,01074|4|1520,URBANA OU NÃO IDENTIFICADA COMO RURAL,False,Ausência de marcador rural nos campos públicos,MÉDIA,True
03/08/2026,06:28:06,2026,AC,01074,CRUZEIRO DO SUL,4,412,1520,ESCOLA FRANCISCA RITA DE CÁSSIA LIMA PINTO,RUA RIO DE JANEIRO - 100,CRUZEIRÃO,69980000,-7.6167487,-72.668007,ATIVO,ATIVO,Com acessibilidade,255,255,255,01074|4|412,01074|4|1520,URBANA OU NÃO IDENTIFICADA COMO RURAL,False,Ausência de marcador rural nos campos públicos,MÉDIA,True
03/08/2026,06:28:06,2026,AC,01074,CRUZEIRO DO SUL,4,57,1554,ESCOLA DARCY BEZERRA,AV. 25 DE AGOSTO - 4531,AEROPORTO VELHO,69980000,-7.6021236,-72.6832943,ATIVO,ATIVO,Com acessibilidade,282,282,282,01074|4|57,01074|4|1554,URBANA OU NÃO IDENTIFICADA COMO RURAL,False,Ausência de marcador rural nos campos públicos,MÉDIA,True
03/08/2026,06:28:06,2026,AC,01074,CRUZEIRO DO SUL,4,58,1554,ESCOLA DARCY BEZERRA,AV. 25 DE AGOSTO - 4531,AEROPORTO VELHO,69980000,-7.6021236,-72.6832943,ATIVO,ATIVO,Com acessibilidade,277,277,277,01074|4|58,01074|4|1554,URBANA OU NÃO IDENTIFICADA COMO RURAL,False,Ausência de marcador rural nos campos públicos,MÉDIA,True
03/08/2026,06:28:06,2026,AC,01074,CRUZEIRO DO SUL,4,240,1554,ESCOLA DARCY BEZERRA,AV. 25 DE AGOSTO - 4531,AEROPORTO VELHO,69980000,-7.6021236,-72.6832943,ATIVO,ATIVO,Com acessibilidade,281,281,281,01074|4|240,01074|4|1554,URBANA OU NÃO IDENTIFICADA COMO RURAL,False,Ausência de marcador rural nos campos públicos,MÉDIA,True
03/08/2026,06:28:06,2026,AC,01074,CRUZEIRO DO SUL,4,323,1554,ESCOLA DARCY BEZERRA,AV. 25 DE AGOSTO - 4531,AEROPORTO VELHO,69980000,-7.6021236,-72.6832943,ATIVO,ATIVO,Com acessibilidade,281,281,281,01074|4|323,01074|4|1554,URBANA OU NÃO IDENTIFICADA COMO RURAL,False,Ausência de marcador rural nos campos públicos,MÉDIA,True
03/08/2026,06:28:06,2026,AC,01074,CRUZEIRO DO SUL,4,376,1554,ESCOLA DARCY BEZERRA,AV. 25 DE AGOSTO - 4531,AEROPORTO VELHO,69980000,-7.6021236,-72.6832943,ATIVO,ATIVO,Com acessibilidade,281,281,281,01074|4|376,01074|4|1554,URBANA OU NÃO IDENTIFICADA COMO RURAL,False,Ausência de marcador rural nos campos públicos,MÉDIA,True
03/08/2026,06:28:06,2026,AC,01074,CRUZEIRO DO SUL,4,400,1554,ESCOLA DARCY BEZERRA,AV. 25 DE AGOSTO - 4531,AEROPORTO VELHO,69980000,-7.6021236,-72.6832943,ATIVO,ATIVO,Com acessibilidade,282,282,282,01074|4|400,01074|4|1554,URBANA OU NÃO IDENTIFICADA COMO RURAL,False,Ausência de marcador rural nos campos públicos,MÉDIA,True
03/08/2026,06:28:06,2026,AC,01074,CRUZEIRO DO SUL,4,410,1554,ESCOLA DARCY BEZERRA,AV. 25 DE AGOSTO - 4531,AEROPORTO VELHO,69980000,-7.6021236,-72.6832943,ATIVO,ATIVO,Com acessibilidade,283,283,283,01074|4|410,01074|4|1554,URBANA OU NÃO IDENTIFICADA COMO RURAL,False,Ausência de marcador rural nos campos públicos,MÉDIA,True
03/08/2026,06:28:06,2026,AC,01074,CRUZEIRO DO SUL,4,482,1554,ESCOLA DARCY BEZERRA,AV. 25 DE AGOSTO - 4531,AEROPORTO VELHO,69980000,-7.6021236,-72.6832943,ATIVO,ATIVO,Com acessibilidade,283,283,283,01074|4|482,01074|4|1554,URBANA OU NÃO IDENTIFICADA COMO RURAL,False,Ausência de marcador rural nos campos públicos,MÉDIA,True
03/08/2026,06:28:06,2026,AC,01074,CRUZEIRO DO SUL,4,60,1570,CRECHE MARIA CIDÁLIA CORREIA LIMA DE MESSIAS,RUA  23 DE OUTUBRO - 520,SÃO JOSÉ,69980000,-7.6105116,-72.6705133,ATIVO,ATIVO,Com acessibilidade,257,257,257,01074|4|60,01074|4|1570,URBANA OU NÃO IDENTIFICADA COMO RURAL,False,Ausência de marcador rural nos campos públicos,MÉDIA,True
03/08/2026,06:28:06,2026,AC,01074,CRUZEIRO DO SUL,4,61,1570,CRECHE MARIA CIDÁLIA CORREIA LIMA DE MESSIAS,RUA  23 DE OUTUBRO - 520,SÃO JOSÉ,69980000,-7.6105116,-72.6705133,ATIVO,ATIVO,Com acessibilidade,254,254,254,01074|4|61,01074|4|1570,URBANA OU NÃO IDENTIFICADA COMO RURAL,False,Ausência de marcador rural nos campos públicos,MÉDIA,True
03/08/2026,06:28:06,2026,AC,01074,CRUZEIRO DO SUL,4,353,1570,CRECHE MARIA CIDÁLIA CORREIA LIMA DE MESSIAS,RUA  23 DE OUTUBRO - 520,SÃO JOSÉ,69980000,-7.6105116,-72.6705133,ATIVO,ATIVO,Com acessibilidade,254,254,254,01074|4|353,01074|4|1570,URBANA OU NÃO IDENTIFICADA COMO RURAL,False,Ausência de marcador rural nos campos públicos,MÉDIA,True
03/08/2026,06:28:06,2026,AC,01074,CRUZEIRO DO SUL,4,417,1570,CRECHE MARIA CIDÁLIA CORREIA LIMA DE MESSIAS,RUA  23 DE OUTUBRO - 520,SÃO JOSÉ,69980000,-7.6105116,-72.6705133,ATIVO,ATIVO,Com acessibilidade,256,256,256,01074|4|417,01074|4|1570,URBANA OU NÃO IDENTIFICADA COMO RURAL,False,Ausência de marcador rural nos campos públicos,MÉDIA,True
03/08/2026,06:28:06,2026,AC,01074,CRUZEIRO DO SUL,4,120,1597,ESCOLA PROFESSORA QUITA,AV. 23 DE OUTUBRO - 181,SÃO JOSÉ,69980000,-7.6112864,-72.6735482,ATIVO,ATIVO,Com acessibilidade,231,231,231,01074|4|120,01074|4|1597,URBANA OU NÃO IDENTIFICADA COMO RURAL,False,Ausência de marcador rural nos campos públicos,MÉDIA,True
03/08/2026,06:28:06,2026,AC,01074,CRUZEIRO DO SUL,4,214,1597,ESCOLA PROFESSORA QUITA,AV. 23 DE OUTUBRO - 181,SÃO JOSÉ,69980000,-7.6112864,-72.6735482,ATIVO,ATIVO,Com acessibilidade,239,239,239,01074|4|214,01074|4|1597,URBANA OU NÃO IDENTIFICADA COMO RURAL,False,Ausência de marcador rural nos campos públicos,MÉDIA,True
03/08/2026,06:28:06,2026,AC,01074,CRUZEIRO DO SUL,4,341,1597,ESCOLA PROFESSORA QUITA,AV. 23 DE OUTUBRO - 181,SÃO JOSÉ,69980000,-7.6112864,-72.6735482,ATIVO,ATIVO,Com acessibilidade,236,236,236,01074|4|341,01074|4|1597,URBANA OU NÃO IDENTIFICADA COMO RURAL,False,Ausência de marcador rural nos campos públicos,MÉDIA,True
03/08/2026,06:28:06,2026,AC,01074,CRUZEIRO DO SUL,4,486,1597,ESCOLA PROFESSORA QUITA,AV. 23 DE OUTUBRO - 181,SÃO JOSÉ,69980000,-7.6112864,-72.6735482,ATIVO,ATIVO,Com acessibilidade,202,202,202,01074|4|486,01074|4|1597,URBANA OU NÃO IDENTIFICADA COMO RURAL,False,Ausência de marcador rural nos campos públicos,MÉDIA,True
03/08/2026,06:28:06,2026,AC,01074,CRUZEIRO DO SUL,4,63,1600,ESCOLA REGOS BARROS,RUA PEDRO TELES - 450,CENTRO,69980000,-7.6364868,-72.6740703,ATIVO,ATIVO,Com acessibilidade,181,181,181,01074|4|63,01074|4|1600,URBANA OU NÃO IDENTIFICADA COMO RURAL,False,Ausência de marcador rural nos campos públicos,MÉDIA,True
03/08/2026,06:28:06,2026,AC,01074,CRUZEIRO DO SUL,4,64,1600,ESCOLA REGOS BARROS,RUA PEDRO TELES - 450,CENTRO,69980000,-7.6364868,-72.6740703,ATIVO,ATIVO,Com acessibilidade,187,187,187,01074|4|64,01074|4|1600,URBANA OU NÃO IDENTIFICADA COMO RURAL,False,Ausência de marcador rural nos campos públicos,MÉDIA,True
03/08/2026,06:28:06,2026,AC,01074,CRUZEIRO DO SUL,4,113,1600,ESCOLA REGOS BARROS,RUA PEDRO TELES - 450,CENTRO,69980000,-7.6364868,-72.6740703,ATIVO,ATIVO,Com acessibilidade,184,184,184,01074|4|113,01074|4|1600,URBANA OU NÃO IDENTIFICADA COMO RURAL,False,Ausência de marcador rural nos campos públicos,MÉDIA,True
03/08/2026,06:28:06,2026,AC,01074,CRUZEIRO DO SUL,4,300,1600,ESCOLA REGOS BARROS,RUA PEDRO TELES - 450,CENTRO,69980000,-7.6364868,-72.6740703,ATIVO,ATIVO,Com acessibilidade,156,156,156,01074|4|300,01074|4|1600,URBANA OU NÃO IDENTIFICADA COMO RURAL,False,Ausência de marcador rural nos campos públicos,MÉDIA,True
03/08/2026,06:28:06,2026,AC,01074,CRUZEIRO DO SUL,4,65,1619,ESCOLA SÃO JOSÉ,AV. 17 DE NOVEMBRO - 94,MORRO DA GLÓRIA,69980000,-7.6324995,-72.6699323,ATIVO,ATIVO,Com acessibilidade,197,197,197,01074|4|65,01074|4|1619,URBANA OU NÃO IDENTIFICADA COMO RURAL,False,Ausência de marcador rural nos campos públicos,MÉDIA,True
03/08/2026,06:28:06,2026,AC,01074,CRUZEIRO DO SUL,4,66,1619,ESCOLA SÃO JOSÉ,AV. 17 DE NOVEMBRO - 94,MORRO DA GLÓRIA,69980000,-7.6324995,-72.6699323,ATIVO,ATIVO,Com acessibilidade,197,197,197,01074|4|66,01074|4|1619,URBANA OU NÃO IDENTIFICADA COMO RURAL,False,Ausência de marcador rural nos campos públicos,MÉDIA,True
03/08/2026,06:28:06,2026,AC,01074,CRUZEIRO DO SUL,4,67,1619,ESCOLA SÃO JOSÉ,AV. 17 DE NOVEMBRO - 94,MORRO DA GLÓRIA,69980000,-7.6324995,-72.6699323,ATIVO,ATIVO,Com acessibilidade,195,195,195,01074|4|67,01074|4|1619,URBANA OU NÃO IDENTIFICADA COMO RURAL,False,Ausência de marcador rural nos campos públicos,MÉDIA,True
03/08/2026,06:28:06,2026,AC,01074,CRUZEIRO DO SUL,4,125,1619,ESCOLA SÃO JOSÉ,AV. 17 DE NOVEMBRO - 94,MORRO DA GLÓRIA,69980000,-7.6324995,-72.6699323,ATIVO,ATIVO,Com acessibilidade,199,199,199,01074|4|125,01074|4|1619,URBANA OU NÃO IDENTIFICADA COMO RURAL,False,Ausência de marcador rural nos campos públicos,MÉDIA,True
03/08/2026,06:28:06,2026,AC,01074,CRUZEIRO DO SUL,4,70,1643,ESCOLA JOÃO BUSSONS DE OLIVEIRA,VILA LAGOINHA - BR 364,ZONA RURAL,69980000,-7.74021121,-72.48673545,ATIVO,ATIVO,Com acessibilidade,256,256,256,01074|4|70,01074|4|1643,RURAL IDENTIFICADA,True,Termo RURAL no bairro ou no nome do local no arquivo do TSE,ALTA,True
03/08/2026,06:28:06,2026,AC,01074,CRUZEIRO DO SUL,4,178,1643,ESCOLA JOÃO BUSSONS DE OLIVEIRA,VILA LAGOINHA - BR 364,ZONA RURAL,69980000,-7.74021121,-72.48673545,ATIVO,ATIVO,Com acessibilidade,260,260,260,01074|4|178,01074|4|1643,RURAL IDENTIFICADA,True,Termo RURAL no bairro ou no nome do local no arquivo do TSE,ALTA,True
03/08/2026,06:28:06,2026,AC,01074,CRUZEIRO DO SUL,4,260,1643,ESCOLA JOÃO BUSSONS DE OLIVEIRA,VILA LAGOINHA - BR 364,ZONA RURAL,69980000,-7.74021121,-72.48673545,ATIVO,ATIVO,Com acessibilidade,254,254,254,01074|4|260,01074|4|1643,RURAL IDENTIFICADA,True,Termo RURAL no bairro ou no nome do local no arquivo do TSE,ALTA,True
03/08/2026,06:28:06,2026,AC,01074,CRUZEIRO DO SUL,4,339,1643,ESCOLA JOÃO BUSSONS DE OLIVEIRA,VILA LAGOINHA - BR 364,ZONA RURAL,69980000,-7.74021121,-72.48673545,ATIVO,ATIVO,Com acessibilidade,257,257,257,01074|4|339,01074|4|1643,RURAL IDENTIFICADA,True,Termo RURAL no bairro ou no nome do local no arquivo do TSE,ALTA,True
03/08/2026,06:28:06,2026,AC,01074,CRUZEIRO DO SUL,4,403,1643,ESCOLA JOÃO BUSSONS DE OLIVEIRA,VILA LAGOINHA - BR 364,ZONA RURAL,69980000,-7.74021121,-72.48673545,ATIVO,ATIVO,Com acessibilidade,253,253,253,01074|4|403,01074|4|1643,RURAL IDENTIFICADA,True,Termo RURAL no bairro ou no nome do local no arquivo do TSE,ALTA,True
03/08/2026,06:28:06,2026,AC,01074,CRUZEIRO DO SUL,4,484,1643,ESCOLA JOÃO BUSSONS DE OLIVEIRA,VILA LAGOINHA - BR 364,ZONA RURAL,69980000,-7.74021121,-72.48673545,ATIVO,ATIVO,Com acessibilidade,260,260,260,01074|4|484,01074|4|1643,RURAL IDENTIFICADA,True,Termo RURAL no bairro ou no nome do local no arquivo do TSE,ALTA,True
03/08/2026,06:28:06,2026,AC,01074,CRUZEIRO DO SUL,4,87,1783,ESCOLA ANTÔNIO FERREIRA GOMES,VILA SANTA ROSA,ZONA RURAL,69980000,-7.66645785,-72.81279714,ATIVO,ATIVO,Com acessibilidade,266,266,266,01074|4|87,01074|4|1783,RURAL IDENTIFICADA,True,Termo RURAL no bairro ou no nome do local no arquivo do TSE,ALTA,True
03/08/2026,06:28:06,2026,AC,01074,CRUZEIRO DO SUL,4,152,1783,ESCOLA ANTÔNIO FERREIRA GOMES,VILA SANTA ROSA,ZONA RURAL,69980000,-7.66645785,-72.81279714,ATIVO,ATIVO,Com acessibilidade,265,265,265,01074|4|152,01074|4|1783,RURAL IDENTIFICADA,True,Termo RURAL no bairro ou no nome do local no arquivo do TSE,ALTA,True
03/08/2026,06:28:06,2026,AC,01074,CRUZEIRO DO SUL,4,191,1783,ESCOLA ANTÔNIO FERREIRA GOMES,VILA SANTA ROSA,ZONA RURAL,69980000,-7.66645785,-72.81279714,ATIVO,ATIVO,Com acessibilidade,259,259,259,01074|4|191,01074|4|1783,RURAL IDENTIFICADA,True,Termo RURAL no bairro ou no nome do local no arquivo do TSE,ALTA,True
03/08/2026,06:28:06,2026,AC,01074,CRUZEIRO DO SUL,4,370,1783,ESCOLA ANTÔNIO FERREIRA GOMES,VILA SANTA ROSA,ZONA RURAL,69980000,-7.66645785,-72.81279714,ATIVO,ATIVO,Com acessibilidade,262,262,262,01074|4|370,01074|4|1783,RURAL IDENTIFICADA,True,Termo RURAL no bairro ou no nome do local no arquivo do TSE,ALTA,True
03/08/2026,06:28:06,2026,AC,01074,CRUZEIRO DO SUL,4,88,1791,ESCOLA MANOEL BRAZ DE MELO,VILA ASSIS BRASIL,ZONA RURAL,69980000,-7.58562482,-72.81149475,ATIVO,ATIVO,Com acessibilidade,264,264,264,01074|4|88,01074|4|1791,RURAL IDENTIFICADA,True,Termo RURAL no bairro ou no nome do local no arquivo do TSE,ALTA,True
03/08/2026,06:28:06,2026,AC,01074,CRUZEIRO DO SUL,4,136,1791,ESCOLA MANOEL BRAZ DE MELO,VILA ASSIS BRASIL,ZONA RURAL,69980000,-7.58562482,-72.81149475,ATIVO,ATIVO,Com acessibilidade,263,263,263,01074|4|136,01074|4|1791,RURAL IDENTIFICADA,True,Termo RURAL no bairro ou no nome do local no arquivo do TSE,ALTA,True
03/08/2026,06:28:06,2026,AC,01074,CRUZEIRO DO SUL,4,204,1791,ESCOLA MANOEL BRAZ DE MELO,VILA ASSIS BRASIL,ZONA RURAL,69980000,-7.58562482,-72.81149475,ATIVO,ATIVO,Com acessibilidade,265,265,265,01074|4|204,01074|4|1791,RURAL IDENTIFICADA,True,Termo RURAL no bairro ou no nome do local no arquivo do TSE,ALTA,True
03/08/2026,06:28:06,2026,AC,01074,CRUZEIRO DO SUL,4,282,1791,ESCOLA MANOEL BRAZ DE MELO,VILA ASSIS BRASIL,ZONA RURAL,69980000,-7.58562482,-72.81149475,ATIVO,ATIVO,Com acessibilidade,255,255,255,01074|4|282,01074|4|1791,RURAL IDENTIFICADA,True,Termo RURAL no bairro ou no nome do local no arquivo do TSE,ALTA,True
03/08/2026,06:28:06,2026,AC,01074,CRUZEIRO DO SUL,4,343,1791,ESCOLA MANOEL BRAZ DE MELO,VILA ASSIS BRASIL,ZONA RURAL,69980000,-7.58562482,-72.81149475,ATIVO,ATIVO,Com acessibilidade,261,261,261,01074|4|343,01074|4|1791,RURAL IDENTIFICADA,True,Termo RURAL no bairro ou no nome do local no arquivo do TSE,ALTA,True
03/08/2026,06:28:06,2026,AC,01074,CRUZEIRO DO SUL,4,406,1791,ESCOLA MANOEL BRAZ DE MELO,VILA ASSIS BRASIL,ZONA RURAL,69980000,-7.58562482,-72.81149475,ATIVO,ATIVO,Com acessibilidade,262,262,262,01074|4|406,01074|4|1791,RURAL IDENTIFICADA,True,Termo RURAL no bairro ou no nome do local no arquivo do TSE,ALTA,True
03/08/2026,06:28:06,2026,AC,01074,CRUZEIRO DO SUL,4,490,1791,ESCOLA MANOEL BRAZ DE MELO,VILA ASSIS BRASIL,ZONA RURAL,69980000,-7.58562482,-72.81149475,ATIVO,ATIVO,Sem acessibilidade,263,263,263,01074|4|490,01074|4|1791,RURAL IDENTIFICADA,True,Termo RURAL no bairro ou no nome do local no arquivo do TSE,ALTA,True
03/08/2026,06:28:06,2026,AC,01074,CRUZEIRO DO SUL,4,131,2089,ESCOLA CORA CORALINA,"COMUNIDADE CAMPINAS, BR-364",ZONA RURAL,69980000,-7.76272098,-72.29483053,ATIVO,ATIVO,Com acessibilidade,214,214,214,01074|4|131,01074|4|2089,RURAL IDENTIFICADA,True,Termo RURAL no bairro ou no nome do local no arquivo do TSE,ALTA,True
03/08/2026,06:28:06,2026,AC,01074,CRUZEIRO DO SUL,4,137,2089,ESCOLA CORA CORALINA,"COMUNIDADE CAMPINAS, BR-364",ZONA RURAL,69980000,-7.76272098,-72.29483053,ATIVO,ATIVO,Com acessibilidade,220,220,220,01074|4|137,01074|4|2089,RURAL IDENTIFICADA,True,Termo RURAL no bairro ou no nome do local no arquivo do TSE,ALTA,True
03/08/2026,06:28:06,2026,AC,01074,CRUZEIRO DO SUL,4,167,2089,ESCOLA CORA CORALINA,"COMUNIDADE CAMPINAS, BR-364",ZONA RURAL,69980000,-7.76272098,-72.29483053,ATIVO,ATIVO,Com acessibilidade,218,218,218,01074|4|167,01074|4|2089,RURAL IDENTIFICADA,True,Termo RURAL no bairro ou no nome do local no arquivo do TSE,ALTA,True
03/08/2026,06:28:06,2026,AC,01074,CRUZEIRO DO SUL,4,263,2089,ESCOLA CORA CORALINA,"COMUNIDADE CAMPINAS, BR-364",ZONA RURAL,69980000,-7.76272098,-72.29483053,ATIVO,ATIVO,Com acessibilidade,218,218,218,01074|4|263,01074|4|2089,RURAL IDENTIFICADA,True,Termo RURAL no bairro ou no nome do local no arquivo do TSE,ALTA,True
03/08/2026,06:28:06,2026,AC,01074,CRUZEIRO DO SUL,4,138,2097,ESCOLA AUGUSTO SEVERO,VILA SANTA LUZIA DO PENTECOSTES,ZONA RURAL,69980000,-7.528205,-72.8822233,ATIVO,ATIVO,Com acessibilidade,236,236,236,01074|4|138,01074|4|2097,RURAL IDENTIFICADA,True,Termo RURAL no bairro ou no nome do local no arquivo do TSE,ALTA,True
03/08/2026,06:28:06,2026,AC,01074,CRUZEIRO DO SUL,4,185,2097,ESCOLA AUGUSTO SEVERO,VILA SANTA LUZIA DO PENTECOSTES,ZONA RURAL,69980000,-7.528205,-72.8822233,ATIVO,ATIVO,Com acessibilidade,236,236,236,01074|4|185,01074|4|2097,RURAL IDENTIFICADA,True,Termo RURAL no bairro ou no nome do local no arquivo do TSE,ALTA,True
03/08/2026,06:28:06,2026,AC,01074,CRUZEIRO DO SUL,4,352,2097,ESCOLA AUGUSTO SEVERO,VILA SANTA LUZIA DO PENTECOSTES,ZONA RURAL,69980000,-7.528205,-72.8822233,ATIVO,ATIVO,Com acessibilidade,225,225,225,01074|4|352,01074|4|2097,RURAL IDENTIFICADA,True,Termo RURAL no bairro ou no nome do local no arquivo do TSE,ALTA,True
03/08/2026,06:28:06,2026,AC,01074,CRUZEIRO DO SUL,4,139,2100,ESCOLA EMÍDIO BRAGA DE VASCONCELOS,"BR - 307, 4324",BOCA DA ALEMANHA,69980000,-7.5809011,-72.7135909,ATIVO,ATIVO,Com acessibilidade,289,289,289,01074|4|139,01074|4|2100,URBANA OU NÃO IDENTIFICADA COMO RURAL,False,Ausência de marcador rural nos campos públicos,MÉDIA,True
03/08/2026,06:28:06,2026,AC,01074,CRUZEIRO DO SUL,4,184,2100,ESCOLA EMÍDIO BRAGA DE VASCONCELOS,"BR - 307, 4324",BOCA DA ALEMANHA,69980000,-7.5809011,-72.7135909,ATIVO,ATIVO,Com acessibilidade,287,287,287,01074|4|184,01074|4|2100,URBANA OU NÃO IDENTIFICADA COMO RURAL,False,Ausência de marcador rural nos campos públicos,MÉDIA,True
03/08/2026,06:28:06,2026,AC,01074,CRUZEIRO DO SUL,4,224,2100,ESCOLA EMÍDIO BRAGA DE VASCONCELOS,"BR - 307, 4324",BOCA DA ALEMANHA,69980000,-7.5809011,-72.7135909,ATIVO,ATIVO,Com acessibilidade,237,237,237,01074|4|224,01074|4|2100,URBANA OU NÃO IDENTIFICADA COMO RURAL,False,Ausência de marcador rural nos campos públicos,MÉDIA,True
03/08/2026,06:28:06,2026,AC,01074,CRUZEIRO DO SUL,4,261,2100,ESCOLA EMÍDIO BRAGA DE VASCONCELOS,"BR - 307, 4324",BOCA DA ALEMANHA,69980000,-7.5809011,-72.7135909,ATIVO,ATIVO,Com acessibilidade,288,288,288,01074|4|261,01074|4|2100,URBANA OU NÃO IDENTIFICADA COMO RURAL,False,Ausência de marcador rural nos campos públicos,MÉDIA,True
03/08/2026,06:28:06,2026,AC,01074,CRUZEIRO DO SUL,4,155,2127,ESCOLA PADRE MARCELINO CHAMPAGNAT,RUA CANAMARIS - 754,JOÃO ALVES,69980000,-7.6329829,-72.6782319,ATIVO,ATIVO,Com acessibilidade,297,297,297,01074|4|155,01074|4|2127,URBANA OU NÃO IDENTIFICADA COMO RURAL,False,Ausência de marcador rural nos campos públicos,MÉDIA,True
03/08/2026,06:28:06,2026,AC,01074,CRUZEIRO DO SUL,4,188,2127,ESCOLA PADRE MARCELINO CHAMPAGNAT,RUA CANAMARIS - 754,JOÃO ALVES,69980000,-7.6329829,-72.6782319,ATIVO,ATIVO,Com acessibilidade,295,295,295,01074|4|188,01074|4|2127,URBANA OU NÃO IDENTIFICADA COMO RURAL,False,Ausência de marcador rural nos campos públicos,MÉDIA,True
03/08/2026,06:28:06,2026,AC,01074,CRUZEIRO DO SUL,4,253,2127,ESCOLA PADRE MARCELINO CHAMPAGNAT,RUA CANAMARIS - 754,JOÃO ALVES,69980000,-7.6329829,-72.6782319,ATIVO,ATIVO,Com acessibilidade,289,289,289,01074|4|253,01074|4|2127,URBANA OU NÃO IDENTIFICADA COMO RURAL,False,Ausência de marcador rural nos campos públicos,MÉDIA,True
03/08/2026,06:28:06,2026,AC,01074,CRUZEIRO DO SUL,4,365,2127,ESCOLA PADRE MARCELINO CHAMPAGNAT,RUA CANAMARIS - 754,JOÃO ALVES,69980000,-7.6329829,-72.6782319,ATIVO,ATIVO,Com acessibilidade,298,298,298,01074|4|365,01074|4|2127,URBANA OU NÃO IDENTIFICADA COMO RURAL,False,Ausência de marcador rural nos campos públicos,MÉDIA,True
03/08/2026,06:28:06,2026,AC,01074,CRUZEIRO DO SUL,4,407,2127,ESCOLA PADRE MARCELINO CHAMPAGNAT,RUA CANAMARIS - 754,JOÃO ALVES,69980000,-7.6329829,-72.6782319,ATIVO,ATIVO,Com acessibilidade,297,297,297,01074|4|407,01074|4|2127,URBANA OU NÃO IDENTIFICADA COMO RURAL,False,Ausência de marcador rural nos campos públicos,MÉDIA,True
03/08/2026,06:28:06,2026,AC,01074,CRUZEIRO DO SUL,4,156,2135,ESCOLA MUSTAFA ALMEIDA TOBU,AV. LAURO MÜLLER - 1424,JOÃO ALVES,69980000,-7.6266398,-72.6803917,ATIVO,ATIVO,Com acessibilidade,244,244,244,01074|4|156,01074|4|2135,URBANA OU NÃO IDENTIFICADA COMO RURAL,False,Ausência de marcador rural nos campos públicos,MÉDIA,True
03/08/2026,06:28:06,2026,AC,01074,CRUZEIRO DO SUL,4,198,2135,ESCOLA MUSTAFA ALMEIDA TOBU,AV. LAURO MÜLLER - 1424,JOÃO ALVES,69980000,-7.6266398,-72.6803917,ATIVO,ATIVO,Com acessibilidade,247,247,247,01074|4|198,01074|4|2135,URBANA OU NÃO IDENTIFICADA COMO RURAL,False,Ausência de marcador rural nos campos públicos,MÉDIA,True
03/08/2026,06:28:06,2026,AC,01074,CRUZEIRO DO SUL,4,256,2135,ESCOLA MUSTAFA ALMEIDA TOBU,AV. LAURO MÜLLER - 1424,JOÃO ALVES,69980000,-7.6266398,-72.6803917,ATIVO,ATIVO,Com acessibilidade,239,239,239,01074|4|256,01074|4|2135,URBANA OU NÃO IDENTIFICADA COMO RURAL,False,Ausência de marcador rural nos campos públicos,MÉDIA,True
03/08/2026,06:28:06,2026,AC,01074,CRUZEIRO DO SUL,4,402,2135,ESCOLA MUSTAFA ALMEIDA TOBU,AV. LAURO MÜLLER - 1424,JOÃO ALVES,69980000,-7.6266398,-72.6803917,ATIVO,ATIVO,Com acessibilidade,253,253,253,01074|4|402,01074|4|2135,URBANA OU NÃO IDENTIFICADA COMO RURAL,False,Ausência de marcador rural nos campos públicos,MÉDIA,True
03/08/2026,06:28:06,2026,AC,01074,CRUZEIRO DO SUL,4,483,2135,ESCOLA MUSTAFA ALMEIDA TOBU,AV. LAURO MÜLLER - 1424,JOÃO ALVES,69980000,-7.6266398,-72.6803917,ATIVO,ATIVO,Com acessibilidade,247,247,247,01074|4|483,01074|4|2135,URBANA OU NÃO IDENTIFICADA COMO RURAL,False,Ausência de marcador rural nos campos públicos,MÉDIA,True
03/08/2026,06:28:06,2026,AC,01074,CRUZEIRO DO SUL,4,157,2143,ESCOLA ABSOLON MOREIRA,"VILA DOS OFICIAIS, 2500",FLORESTA,69980000,-7.6122833,-72.6814467,ATIVO,ATIVO,Com acessibilidade,260,260,260,01074|4|157,01074|4|2143,URBANA OU NÃO IDENTIFICADA COMO RURAL,False,Ausência de marcador rural nos campos públicos,MÉDIA,True
03/08/2026,06:28:06,2026,AC,01074,CRUZEIRO DO SUL,4,175,2143,ESCOLA ABSOLON MOREIRA,"VILA DOS OFICIAIS, 2500",FLORESTA,69980000,-7.6122833,-72.6814467,ATIVO,ATIVO,Com acessibilidade,260,260,260,01074|4|175,01074|4|2143,URBANA OU NÃO IDENTIFICADA COMO RURAL,False,Ausência de marcador rural nos campos públicos,MÉDIA,True
03/08/2026,06:28:06,2026,AC,01074,CRUZEIRO DO SUL,4,254,2143,ESCOLA ABSOLON MOREIRA,"VILA DOS OFICIAIS, 2500",FLORESTA,69980000,-7.6122833,-72.6814467,ATIVO,ATIVO,Com acessibilidade,256,256,256,01074|4|254,01074|4|2143,URBANA OU NÃO IDENTIFICADA COMO RURAL,False,Ausência de marcador rural nos campos públicos,MÉDIA,True
03/08/2026,06:28:06,2026,AC,01074,CRUZEIRO DO SUL,4,342,2143,ESCOLA ABSOLON MOREIRA,"VILA DOS OFICIAIS, 2500",FLORESTA,69980000,-7.6122833,-72.6814467,ATIVO,ATIVO,Com acessibilidade,264,264,264,01074|4|342,01074|4|2143,URBANA OU NÃO IDENTIFICADA COMO RURAL,False,Ausência de marcador rural nos campos públicos,MÉDIA,True
03/08/2026,06:28:06,2026,AC,01074,CRUZEIRO DO SUL,4,391,2143,ESCOLA ABSOLON MOREIRA,"VILA DOS OFICIAIS, 2500",FLORESTA,69980000,-7.6122833,-72.6814467,ATIVO,ATIVO,Com acessibilidade,262,262,262,01074|4|391,01074|4|2143,URBANA OU NÃO IDENTIFICADA COMO RURAL,False,Ausência de marcador rural nos campos públicos,MÉDIA,True
03/08/2026,06:28:06,2026,AC,01074,CRUZEIRO DO SUL,4,471,2143,ESCOLA ABSOLON MOREIRA,"VILA DOS OFICIAIS, 2500",FLORESTA,69980000,-7.6122833,-72.6814467,ATIVO,ATIVO,Com acessibilidade,258,258,258,01074|4|471,01074|4|2143,URBANA OU NÃO IDENTIFICADA COMO RURAL,False,Ausência de marcador rural nos campos públicos,MÉDIA,True
03/08/2026,06:28:06,2026,AC,01074,CRUZEIRO DO SUL,4,159,2151,ESCOLA SETE DE SETEMBRO,ESTRADA DO AEROPORTO,SÃO CRISTÓVÃO,69980000,-7.59330131,-72.74987358,ATIVO,ATIVO,Com acessibilidade,270,270,270,01074|4|159,01074|4|2151,URBANA OU NÃO IDENTIFICADA COMO RURAL,False,Ausência de marcador rural nos campos públicos,MÉDIA,True
03/08/2026,06:28:06,2026,AC,01074,CRUZEIRO DO SUL,4,278,2151,ESCOLA SETE DE SETEMBRO,ESTRADA DO AEROPORTO,SÃO CRISTÓVÃO,69980000,-7.59330131,-72.74987358,ATIVO,ATIVO,Com acessibilidade,271,271,271,01074|4|278,01074|4|2151,URBANA OU NÃO IDENTIFICADA COMO RURAL,False,Ausência de marcador rural nos campos públicos,MÉDIA,True
03/08/2026,06:28:06,2026,AC,01074,CRUZEIRO DO SUL,4,379,2151,ESCOLA SETE DE SETEMBRO,ESTRADA DO AEROPORTO,SÃO CRISTÓVÃO,69980000,-7.59330131,-72.74987358,ATIVO,ATIVO,Com acessibilidade,272,272,272,01074|4|379,01074|4|2151,URBANA OU NÃO IDENTIFICADA COMO RURAL,False,Ausência de marcador rural nos campos públicos,MÉDIA,True
03/08/2026,06:28:06,2026,AC,01074,CRUZEIRO DO SUL,4,158,2160,ESCOLA LUIZ ANTÔNIO MEIRIM PEDREIRA,AV. 15 DE NOVEMBRO,CRUZEIRINHO NOVO,69980000,-7.6390469,-72.6802448,ATIVO,ATIVO,Com acessibilidade,270,270,270,01074|4|158,01074|4|2160,URBANA OU NÃO IDENTIFICADA COMO RURAL,False,Ausência de marcador rural nos campos públicos,MÉDIA,True
03/08/2026,06:28:06,2026,AC,01074,CRUZEIRO DO SUL,4,213,2160,ESCOLA LUIZ ANTÔNIO MEIRIM PEDREIRA,AV. 15 DE NOVEMBRO,CRUZEIRINHO NOVO,69980000,-7.6390469,-72.6802448,ATIVO,ATIVO,Com acessibilidade,273,273,273,01074|4|213,01074|4|2160,URBANA OU NÃO IDENTIFICADA COMO RURAL,False,Ausência de marcador rural nos campos públicos,MÉDIA,True
03/08/2026,06:28:06,2026,AC,01074,CRUZEIRO DO SUL,4,295,2160,ESCOLA LUIZ ANTÔNIO MEIRIM PEDREIRA,AV. 15 DE NOVEMBRO,CRUZEIRINHO NOVO,69980000,-7.6390469,-72.6802448,ATIVO,ATIVO,Com acessibilidade,268,268,268,01074|4|295,01074|4|2160,URBANA OU NÃO IDENTIFICADA COMO RURAL,False,Ausência de marcador rural nos campos públicos,MÉDIA,True
03/08/2026,06:28:06,2026,AC,01074,CRUZEIRO DO SUL,4,362,2160,ESCOLA LUIZ ANTÔNIO MEIRIM PEDREIRA,AV. 15 DE NOVEMBRO,CRUZEIRINHO NOVO,69980000,-7.6390469,-72.6802448,ATIVO,ATIVO,Com acessibilidade,263,263,263,01074|4|362,01074|4|2160,URBANA OU NÃO IDENTIFICADA COMO RURAL,False,Ausência de marcador rural nos campos públicos,MÉDIA,True
03/08/2026,06:28:06,2026,AC,01074,CRUZEIRO DO SUL,4,405,2160,ESCOLA LUIZ ANTÔNIO MEIRIM PEDREIRA,AV. 15 DE NOVEMBRO,CRUZEIRINHO NOVO,69980000,-7.6390469,-72.6802448,ATIVO,ATIVO,Com acessibilidade,270,270,270,01074|4|405,01074|4|2160,URBANA OU NÃO IDENTIFICADA COMO RURAL,False,Ausência de marcador rural nos campos públicos,MÉDIA,True
03/08/2026,06:28:06,2026,AC,01074,CRUZEIRO DO SUL,4,494,2160,ESCOLA LUIZ ANTÔNIO MEIRIM PEDREIRA,AV. 15 DE NOVEMBRO,CRUZEIRINHO NOVO,69980000,-7.6390469,-72.6802448,ATIVO,ATIVO,Sem acessibilidade,148,148,148,01074|4|494,01074|4|2160,URBANA OU NÃO IDENTIFICADA COMO RURAL,False,Ausência de marcador rural nos campos públicos,MÉDIA,True
03/08/2026,06:28:06,2026,AC,01074,CRUZEIRO DO SUL,4,227,2186,ESCOLA SANTA LUZIA,CANELA FINA,ZONA RURAL,69980000,-7.55038028,-72.72548776,ATIVO,ATIVO,Com acessibilidade,243,243,243,01074|4|227,01074|4|2186,RURAL IDENTIFICADA,True,Termo RURAL no bairro ou no nome do local no arquivo do TSE,ALTA,True
03/08/2026,06:28:06,2026,AC,01074,CRUZEIRO DO SUL,4,348,2186,ESCOLA SANTA LUZIA,CANELA FINA,ZONA RURAL,69980000,-7.55038028,-72.72548776,ATIVO,ATIVO,Com acessibilidade,247,247,247,01074|4|348,01074|4|2186,RURAL IDENTIFICADA,True,Termo RURAL no bairro ou no nome do local no arquivo do TSE,ALTA,True
03/08/2026,06:28:06,2026,AC,01074,CRUZEIRO DO SUL,4,229,2194,ESCOLA ALFREDO SAID,FOZ DO RIO VALPARAÍSO,ZONA RURAL,69980000,-8.0243514,-72.7450851,ATIVO,ATIVO,Com acessibilidade,144,288,288,01074|4|229,01074|4|2194,RURAL IDENTIFICADA,True,Termo RURAL no bairro ou no nome do local no arquivo do TSE,ALTA,True
03/08/2026,06:28:06,2026,AC,01074,CRUZEIRO DO SUL,4,270,2194,ESCOLA ALFREDO SAID,FOZ DO RIO VALPARAÍSO,ZONA RURAL,69980000,-8.0243514,-72.7450851,ATIVO,ATIVO,Com acessibilidade,144,0,0,01074|4|270,01074|4|2194,RURAL IDENTIFICADA,True,Termo RURAL no bairro ou no nome do local no arquivo do TSE,ALTA,True
03/08/2026,06:28:06,2026,AC,01074,CRUZEIRO DO SUL,4,228,2208,ESCOLA HUMBERTO DE CAMPOS,RAMAL 3 -  BR 364,ZONA RURAL,69980000,-7.8106086,-72.4390748,ATIVO,ATIVO,Com acessibilidade,249,249,249,01074|4|228,01074|4|2208,RURAL IDENTIFICADA,True,Termo RURAL no bairro ou no nome do local no arquivo do TSE,ALTA,True
03/08/2026,06:28:06,2026,AC,01074,CRUZEIRO DO SUL,4,244,2208,ESCOLA HUMBERTO DE CAMPOS,RAMAL 3 -  BR 364,ZONA RURAL,69980000,-7.8106086,-72.4390748,ATIVO,ATIVO,Com acessibilidade,242,242,242,01074|4|244,01074|4|2208,RURAL IDENTIFICADA,True,Termo RURAL no bairro ou no nome do local no arquivo do TSE,ALTA,True
03/08/2026,06:28:06,2026,AC,01074,CRUZEIRO DO SUL,4,363,2208,ESCOLA HUMBERTO DE CAMPOS,RAMAL 3 -  BR 364,ZONA RURAL,69980000,-7.8106086,-72.4390748,ATIVO,ATIVO,Com acessibilidade,244,244,244,01074|4|363,01074|4|2208,RURAL IDENTIFICADA,True,Termo RURAL no bairro ou no nome do local no arquivo do TSE,ALTA,True
03/08/2026,06:28:06,2026,AC,01074,CRUZEIRO DO SUL,4,485,2208,ESCOLA HUMBERTO DE CAMPOS,RAMAL 3 -  BR 364,ZONA RURAL,69980000,-7.8106086,-72.4390748,ATIVO,ATIVO,Com acessibilidade,161,161,161,01074|4|485,01074|4|2208,RURAL IDENTIFICADA,True,Termo RURAL no bairro ou no nome do local no arquivo do TSE,ALTA,True
03/08/2026,06:28:06,2026,AC,01074,CRUZEIRO DO SUL,4,235,2216,ESCOLA HELENA NOBRE,COMUNIDADE VISTA ALEGRE - RIO JURUÁ MIRIM,ZONA RURAL,69980000,-8.1336975,-72.8304181,ATIVO,ATIVO,Com acessibilidade,176,176,176,01074|4|235,01074|4|2216,RURAL IDENTIFICADA,True,Termo RURAL no bairro ou no nome do local no arquivo do TSE,ALTA,True
03/08/2026,06:28:06,2026,AC,01074,CRUZEIRO DO SUL,4,165,2224,ESCOLA ARTUR LEBRE II,COMUNIDADE PRAINHA 1 - RIO JURUÁ MIRIM,ZONA RURAL,69980000,-8.2346324,-73.1849892,ATIVO,ATIVO,Com acessibilidade,272,272,272,01074|4|165,01074|4|2224,RURAL IDENTIFICADA,True,Termo RURAL no bairro ou no nome do local no arquivo do TSE,ALTA,True
03/08/2026,06:28:06,2026,AC,01074,CRUZEIRO DO SUL,4,285,2224,ESCOLA ARTUR LEBRE II,COMUNIDADE PRAINHA 1 - RIO JURUÁ MIRIM,ZONA RURAL,69980000,-8.2346324,-73.1849892,ATIVO,ATIVO,Com acessibilidade,274,274,274,01074|4|285,01074|4|2224,RURAL IDENTIFICADA,True,Termo RURAL no bairro ou no nome do local no arquivo do TSE,ALTA,True
03/08/2026,06:28:06,2026,AC,01074,CRUZEIRO DO SUL,4,271,2232,ESCOLA 21 DE ABRIL,AVENIDA RIO JURUÁ,MIRITIZAL,69980000,-7.6404639,-72.6467612,ATIVO,ATIVO,Com acessibilidade,250,250,250,01074|4|271,01074|4|2232,URBANA OU NÃO IDENTIFICADA COMO RURAL,False,Ausência de marcador rural nos campos públicos,MÉDIA,True
03/08/2026,06:28:06,2026,AC,01074,CRUZEIRO DO SUL,4,334,2232,ESCOLA 21 DE ABRIL,AVENIDA RIO JURUÁ,MIRITIZAL,69980000,-7.6404639,-72.6467612,ATIVO,ATIVO,Com acessibilidade,253,253,253,01074|4|334,01074|4|2232,URBANA OU NÃO IDENTIFICADA COMO RURAL,False,Ausência de marcador rural nos campos públicos,MÉDIA,True
03/08/2026,06:28:06,2026,AC,01074,CRUZEIRO DO SUL,4,397,2232,ESCOLA 21 DE ABRIL,AVENIDA RIO JURUÁ,MIRITIZAL,69980000,-7.6404639,-72.6467612,ATIVO,ATIVO,Com acessibilidade,247,247,247,01074|4|397,01074|4|2232,URBANA OU NÃO IDENTIFICADA COMO RURAL,False,Ausência de marcador rural nos campos públicos,MÉDIA,True
03/08/2026,06:28:06,2026,AC,01074,CRUZEIRO DO SUL,4,458,2232,ESCOLA 21 DE ABRIL,AVENIDA RIO JURUÁ,MIRITIZAL,69980000,-7.6404639,-72.6467612,ATIVO,ATIVO,Com acessibilidade,237,237,237,01074|4|458,01074|4|2232,URBANA OU NÃO IDENTIFICADA COMO RURAL,False,Ausência de marcador rural nos campos públicos,MÉDIA,True
03/08/2026,06:28:06,2026,AC,01074,CRUZEIRO DO SUL,4,275,2240,ESCOLA RAINHA DA FLORESTA,RAMAL 3 - BR 364,ZONA RURAL,69980000,-8.0243981,-72.4020866,ATIVO,ATIVO,Com acessibilidade,287,287,287,01074|4|275,01074|4|2240,RURAL IDENTIFICADA,True,Termo RURAL no bairro ou no nome do local no arquivo do TSE,ALTA,True
03/08/2026,06:28:06,2026,AC,01074,CRUZEIRO DO SUL,4,332,2240,ESCOLA RAINHA DA FLORESTA,RAMAL 3 - BR 364,ZONA RURAL,69980000,-8.0243981,-72.4020866,ATIVO,ATIVO,Com acessibilidade,283,283,283,01074|4|332,01074|4|2240,RURAL IDENTIFICADA,True,Termo RURAL no bairro ou no nome do local no arquivo do TSE,ALTA,True
03/08/2026,06:28:06,2026,AC,01074,CRUZEIRO DO SUL,4,415,2240,ESCOLA RAINHA DA FLORESTA,RAMAL 3 - BR 364,ZONA RURAL,69980000,-8.0243981,-72.4020866,ATIVO,ATIVO,Com acessibilidade,263,263,263,01074|4|415,01074|4|2240,RURAL IDENTIFICADA,True,Termo RURAL no bairro ou no nome do local no arquivo do TSE,ALTA,True
03/08/2026,06:28:06,2026,AC,01074,CRUZEIRO DO SUL,4,451,2240,ESCOLA RAINHA DA FLORESTA,RAMAL 3 - BR 364,ZONA RURAL,69980000,-8.0243981,-72.4020866,ATIVO,ATIVO,Com acessibilidade,80,159,159,01074|4|451,01074|4|2240,RURAL IDENTIFICADA,True,Termo RURAL no bairro ou no nome do local no arquivo do TSE,ALTA,True
03/08/2026,06:28:06,2026,AC,01074,CRUZEIRO DO SUL,4,497,2240,ESCOLA RAINHA DA FLORESTA,RAMAL 3 - BR 364,ZONA RURAL,69980000,-8.0243981,-72.4020866,ATIVO,ATIVO,Sem acessibilidade,79,0,0,01074|4|497,01074|4|2240,RURAL IDENTIFICADA,True,Termo RURAL no bairro ou no nome do local no arquivo do TSE,ALTA,True
03/08/2026,06:28:06,2026,AC,01074,CRUZEIRO DO SUL,4,280,2259,ESCOLA PROFESSOR FRANCISCO ALBECIR BRITO DA SILVA,COMUNIDADE PERIQUITO RIO LIBERDADE ,ZONA RURAL,69980000,-8.0661978,-72.0636762,ATIVO,ATIVO,Com acessibilidade,240,240,240,01074|4|280,01074|4|2259,RURAL IDENTIFICADA,True,Termo RURAL no bairro ou no nome do local no arquivo do TSE,ALTA,True
03/08/2026,06:28:06,2026,AC,01074,CRUZEIRO DO SUL,4,296,2259,ESCOLA PROFESSOR FRANCISCO ALBECIR BRITO DA SILVA,COMUNIDADE PERIQUITO RIO LIBERDADE ,ZONA RURAL,69980000,-8.0661978,-72.0636762,ATIVO,ATIVO,Com acessibilidade,226,226,226,01074|4|296,01074|4|2259,RURAL IDENTIFICADA,True,Termo RURAL no bairro ou no nome do local no arquivo do TSE,ALTA,True
03/08/2026,06:28:06,2026,AC,01074,CRUZEIRO DO SUL,4,459,2259,ESCOLA PROFESSOR FRANCISCO ALBECIR BRITO DA SILVA,COMUNIDADE PERIQUITO RIO LIBERDADE ,ZONA RURAL,69980000,-8.0661978,-72.0636762,ATIVO,ATIVO,Com acessibilidade,161,161,161,01074|4|459,01074|4|2259,RURAL IDENTIFICADA,True,Termo RURAL no bairro ou no nome do local no arquivo do TSE,ALTA,True
03/08/2026,06:28:06,2026,AC,01074,CRUZEIRO DO SUL,4,291,2267,ESCOLA PADRE EGON ANGEL,TERRA FIRME DE CIMA - RIO VALPARAÍSO,ZONA RURAL,69980000,-8.1071779,-72.5962517,ATIVO,ATIVO,Com acessibilidade,204,204,204,01074|4|291,01074|4|2267,RURAL IDENTIFICADA,True,Termo RURAL no bairro ou no nome do local no arquivo do TSE,ALTA,True
03/08/2026,06:28:06,2026,AC,01074,CRUZEIRO DO SUL,4,449,2267,ESCOLA PADRE EGON ANGEL,TERRA FIRME DE CIMA - RIO VALPARAÍSO,ZONA RURAL,69980000,-8.1071779,-72.5962517,ATIVO,ATIVO,Com acessibilidade,195,195,195,01074|4|449,01074|4|2267,RURAL IDENTIFICADA,True,Termo RURAL no bairro ou no nome do local no arquivo do TSE,ALTA,True
03/08/2026,06:28:06,2026,AC,01074,CRUZEIRO DO SUL,4,293,2275,ESCOLA DION THAUMATURGO,RAMAL DA BURITIRANA,ZONA RURAL,69980000,-7.71478675,-72.70872488,ATIVO,ATIVO,Com acessibilidade,218,313,313,01074|4|293,01074|4|2275,RURAL IDENTIFICADA,True,Termo RURAL no bairro ou no nome do local no arquivo do TSE,ALTA,True
03/08/2026,06:28:06,2026,AC,01074,CRUZEIRO DO SUL,4,469,2275,ESCOLA DION THAUMATURGO,RAMAL DA BURITIRANA,ZONA RURAL,69980000,-7.71478675,-72.70872488,ATIVO,ATIVO,Com acessibilidade,95,0,0,01074|4|469,01074|4|2275,RURAL IDENTIFICADA,True,Termo RURAL no bairro ou no nome do local no arquivo do TSE,ALTA,True
03/08/2026,06:28:06,2026,AC,01074,CRUZEIRO DO SUL,4,301,2291,ESCOLA TAMÃKÃYÃ,ALDEIA INDÍGENA CAMPINAS - BR 364,ZONA RURAL,69980000,-7.7731614,-72.2017681,ATIVO,ATIVO,Com acessibilidade,196,196,196,01074|4|301,01074|4|2291,RURAL IDENTIFICADA,True,Termo RURAL no bairro ou no nome do local no arquivo do TSE,ALTA,True
03/08/2026,06:28:06,2026,AC,01074,CRUZEIRO DO SUL,4,457,2291,ESCOLA TAMÃKÃYÃ,ALDEIA INDÍGENA CAMPINAS - BR 364,ZONA RURAL,69980000,-7.7731614,-72.2017681,ATIVO,ATIVO,Com acessibilidade,208,208,208,01074|4|457,01074|4|2291,RURAL IDENTIFICADA,True,Termo RURAL no bairro ou no nome do local no arquivo do TSE,ALTA,True
03/08/2026,06:28:06,2026,AC,01074,CRUZEIRO DO SUL,4,305,2305,ESCOLA 17 DE NOVEMBRO,COMUNIDADE BELO JARDIM,ZONA RURAL,69980000,-7.5365883,-72.843605,ATIVO,ATIVO,Com acessibilidade,270,310,310,01074|4|305,01074|4|2305,RURAL IDENTIFICADA,True,Termo RURAL no bairro ou no nome do local no arquivo do TSE,ALTA,True
03/08/2026,06:28:06,2026,AC,01074,CRUZEIRO DO SUL,4,493,2305,ESCOLA 17 DE NOVEMBRO,COMUNIDADE BELO JARDIM,ZONA RURAL,69980000,-7.5365883,-72.843605,ATIVO,ATIVO,Sem acessibilidade,40,0,0,01074|4|493,01074|4|2305,RURAL IDENTIFICADA,True,Termo RURAL no bairro ou no nome do local no arquivo do TSE,ALTA,True
03/08/2026,06:28:06,2026,AC,01074,CRUZEIRO DO SUL,4,308,2313,ESCOLA GENERAL RONDON,RAMAL DA MARIANA I,ZONA RURAL,69980000,-7.67763371,-72.79676929,ATIVO,ATIVO,Com acessibilidade,220,220,220,01074|4|308,01074|4|2313,RURAL IDENTIFICADA,True,Termo RURAL no bairro ou no nome do local no arquivo do TSE,ALTA,True
03/08/2026,06:28:06,2026,AC,01074,CRUZEIRO DO SUL,4,306,2321,ESCOLA EMÍDIO BRAGA DE VASCONCELOS (ANEXO),"BR - 307, 4324",BOCA DA ALEMANHA,69998000,-7.543624,-72.7794896,ATIVO,ATIVO,Com acessibilidade,143,143,143,01074|4|306,01074|4|2321,URBANA OU NÃO IDENTIFICADA COMO RURAL,False,Ausência de marcador rural nos campos públicos,MÉDIA,True
03/08/2026,06:28:06,2026,AC,01074,CRUZEIRO DO SUL,4,319,2330,ESCOLA SEBASTIANA SILENE VALENTE,RAMAL 2 - BR 364,ZONA RURAL,69980000,-7.7198896,-72.3528737,ATIVO,ATIVO,Com acessibilidade,220,220,220,01074|4|319,01074|4|2330,RURAL IDENTIFICADA,True,Termo RURAL no bairro ou no nome do local no arquivo do TSE,ALTA,True
03/08/2026,06:28:06,2026,AC,01074,CRUZEIRO DO SUL,4,454,2330,ESCOLA SEBASTIANA SILENE VALENTE,RAMAL 2 - BR 364,ZONA RURAL,69980000,-7.7198896,-72.3528737,ATIVO,ATIVO,Com acessibilidade,114,114,114,01074|4|454,01074|4|2330,RURAL IDENTIFICADA,True,Termo RURAL no bairro ou no nome do local no arquivo do TSE,ALTA,True
03/08/2026,06:28:06,2026,AC,01074,CRUZEIRO DO SUL,4,312,2348,ESCOLA DOM PEDRO II,BR - 307,SANTA TEREZINHA,69980000,-7.5886764,-72.6861734,ATIVO,ATIVO,Com acessibilidade,271,271,271,01074|4|312,01074|4|2348,URBANA OU NÃO IDENTIFICADA COMO RURAL,False,Ausência de marcador rural nos campos públicos,MÉDIA,True
03/08/2026,06:28:06,2026,AC,01074,CRUZEIRO DO SUL,4,404,2348,ESCOLA DOM PEDRO II,BR - 307,SANTA TEREZINHA,69980000,-7.5886764,-72.6861734,ATIVO,ATIVO,Com acessibilidade,276,276,276,01074|4|404,01074|4|2348,URBANA OU NÃO IDENTIFICADA COMO RURAL,False,Ausência de marcador rural nos campos públicos,MÉDIA,True
03/08/2026,06:28:06,2026,AC,01074,CRUZEIRO DO SUL,4,423,2348,ESCOLA DOM PEDRO II,BR - 307,SANTA TEREZINHA,69980000,-7.5886764,-72.6861734,ATIVO,ATIVO,Com acessibilidade,272,272,272,01074|4|423,01074|4|2348,URBANA OU NÃO IDENTIFICADA COMO RURAL,False,Ausência de marcador rural nos campos públicos,MÉDIA,True
03/08/2026,06:28:06,2026,AC,01074,CRUZEIRO DO SUL,4,460,2348,ESCOLA DOM PEDRO II,BR - 307,SANTA TEREZINHA,69980000,-7.5886764,-72.6861734,ATIVO,ATIVO,Com acessibilidade,276,276,276,01074|4|460,01074|4|2348,URBANA OU NÃO IDENTIFICADA COMO RURAL,False,Ausência de marcador rural nos campos públicos,MÉDIA,True
03/08/2026,06:28:06,2026,AC,01074,CRUZEIRO DO SUL,4,329,2356,ESCOLA VISCONDE DO RIO BRANCO,COMUNIDADE OLIVENÇA,MIRITIZAL,69998000,-7.63114458,-72.64292698,ATIVO,ATIVO,Com acessibilidade,278,278,278,01074|4|329,01074|4|2356,REVISAR CLASSIFICAÇÃO,False,"Indício territorial no nome, bairro ou endereço; requer conferência",BAIXA,True
03/08/2026,06:28:06,2026,AC,01074,CRUZEIRO DO SUL,4,446,2364,ESCOLA RUI  BARBOSA,AVENIDA RIO JURUÁ,MIRITIZAL,69800000,-7.6539771,-72.6745514,ATIVO,ATIVO,Com acessibilidade,312,312,312,01074|4|446,01074|4|2364,URBANA OU NÃO IDENTIFICADA COMO RURAL,False,Ausência de marcador rural nos campos públicos,MÉDIA,True
03/08/2026,06:28:06,2026,AC,01074,CRUZEIRO DO SUL,4,452,2372,ESCOLA NEUZA BERNARDINO DE SOUZA,COMUNIDADE SIMPATIA - RIO JURUÁ,ZONA RURAL,69980000,-8.0879086,-72.7765739,ATIVO,ATIVO,Com acessibilidade,126,126,126,01074|4|452,01074|4|2372,RURAL IDENTIFICADA,True,Termo RURAL no bairro ou no nome do local no arquivo do TSE,ALTA,True
03/08/2026,06:28:06,2026,AC,01074,CRUZEIRO DO SUL,4,450,2380,ESCOLA ARTHUR LEBRE I,COMUNIDADE BOA HORA - BR 364,ZONA RURAL,69980000,-7.9219522,-72.2760714,ATIVO,ATIVO,Com acessibilidade,118,118,118,01074|4|450,01074|4|2380,RURAL IDENTIFICADA,True,Termo RURAL no bairro ou no nome do local no arquivo do TSE,ALTA,True
03/08/2026,06:28:06,2026,AC,01074,CRUZEIRO DO SUL,4,470,2410,ESCOLA NOSSA SENHORA APARECIDA,COMUNIDADE RIO CRÔA - BR 364,ZONA RURAL,69980000,-7.74490966,-72.55636345,ATIVO,ATIVO,Com acessibilidade,144,144,144,01074|4|470,01074|4|2410,RURAL IDENTIFICADA,True,Termo RURAL no bairro ou no nome do local no arquivo do TSE,ALTA,True
03/08/2026,06:28:06,2026,AC,01074,CRUZEIRO DO SUL,4,472,2429,UNIDADE DE GESTÃO AMBIENTAL INTEGRADA - UGAI,"PONTE DO RIO LIBERDADE, BR - 364",ZONA RURAL,69980000,-7.7974468,-72.0275104,ATIVO,ATIVO,Com acessibilidade,288,288,288,01074|4|472,01074|4|2429,RURAL IDENTIFICADA,True,Termo RURAL no bairro ou no nome do local no arquivo do TSE,ALTA,True
03/08/2026,06:28:06,2026,AC,01074,CRUZEIRO DO SUL,4,489,2429,UNIDADE DE GESTÃO AMBIENTAL INTEGRADA - UGAI,"PONTE DO RIO LIBERDADE, BR - 364",ZONA RURAL,69980000,-7.7974468,-72.0275104,ATIVO,ATIVO,Sem acessibilidade,286,286,286,01074|4|489,01074|4|2429,RURAL IDENTIFICADA,True,Termo RURAL no bairro ou no nome do local no arquivo do TSE,ALTA,True
03/08/2026,06:28:06,2026,AC,01074,CRUZEIRO DO SUL,4,499,2437,ESCOLA PADRE ALFREDO NUSS,"ESTRADA DO AEROPORTO, N 530.",COHAB,69980000,-7.6249558,-72.6857932,ATIVO,ATIVO,Sem acessibilidade,212,212,212,01074|4|499,01074|4|2437,URBANA OU NÃO IDENTIFICADA COMO RURAL,False,Ausência de marcador rural nos campos públicos,MÉDIA,True
03/08/2026,06:28:06,2026,AC,01074,CRUZEIRO DO SUL,4,500,2445,ESCOLA  MARIA TEREZINHA DE JESUS SAAVEDRA,RUA NILO PEÇANHA N. 1070,SABOEIRO,69980000,-7.6380272,-72.6858864,ATIVO,ATIVO,Sem acessibilidade,168,168,168,01074|4|500,01074|4|2445,URBANA OU NÃO IDENTIFICADA COMO RURAL,False,Ausência de marcador rural nos campos públicos,MÉDIA,True
03/08/2026,06:28:06,2026,AC,01074,CRUZEIRO DO SUL,4,501,2453,ESCOLA/CRECHE IRMÃ MARIA SUZANA,RUA SANTO ANTÔNIO,MIRITIZAL,69980000,-7.6408418,-72.6614676,ATIVO,ATIVO,Sem acessibilidade,126,126,126,01074|4|501,01074|4|2453,URBANA OU NÃO IDENTIFICADA COMO RURAL,False,Ausência de marcador rural nos campos públicos,MÉDIA,True
03/08/2026,06:28:06,2026,AC,01074,CRUZEIRO DO SUL,4,502,2461,ESCOLA FRANCISCA BARROS DE OLIVEIRA,"RUA 23 DE OUTUBRO, SN, CONJUNTO JARDIM PRIMAVERA",SÃO JOSÉ,69980000,-7.6009814,-72.6680441,ATIVO,ATIVO,Sem acessibilidade,220,220,220,01074|4|502,01074|4|2461,URBANA OU NÃO IDENTIFICADA COMO RURAL,False,Ausência de marcador rural nos campos públicos,MÉDIA,True
03/08/2026,06:28:06,2026,AC,01112,EPITACIOLÂNDIA,6,46,1015,ESCOLA BRASIL BOLIVIA,RUA SÃO RAIMUNDO N. 26,CENTRO,69934000,-11.02984692,-68.74057774,ATIVO,ATIVO,Sem acessibilidade,297,297,297,01112|6|46,01112|6|1015,URBANA OU NÃO IDENTIFICADA COMO RURAL,False,Ausência de marcador rural nos campos públicos,MÉDIA,True
03/08/2026,06:28:06,2026,AC,01112,EPITACIOLÂNDIA,6,59,1015,ESCOLA BRASIL BOLIVIA,RUA SÃO RAIMUNDO N. 26,CENTRO,69934000,-11.02984692,-68.74057774,ATIVO,ATIVO,Sem acessibilidade,302,302,302,01112|6|59,01112|6|1015,URBANA OU NÃO IDENTIFICADA COMO RURAL,False,Ausência de marcador rural nos campos públicos,MÉDIA,True
03/08/2026,06:28:06,2026,AC,01112,EPITACIOLÂNDIA,6,86,1015,ESCOLA BRASIL BOLIVIA,RUA SÃO RAIMUNDO N. 26,CENTRO,69934000,-11.02984692,-68.74057774,ATIVO,ATIVO,Sem acessibilidade,295,295,295,01112|6|86,01112|6|1015,URBANA OU NÃO IDENTIFICADA COMO RURAL,False,Ausência de marcador rural nos campos públicos,MÉDIA,True
03/08/2026,06:28:06,2026,AC,01112,EPITACIOLÂNDIA,6,144,1015,ESCOLA BRASIL BOLIVIA,RUA SÃO RAIMUNDO N. 26,CENTRO,69934000,-11.02984692,-68.74057774,ATIVO,ATIVO,Sem acessibilidade,300,300,300,01112|6|144,01112|6|1015,URBANA OU NÃO IDENTIFICADA COMO RURAL,False,Ausência de marcador rural nos campos públicos,MÉDIA,True
03/08/2026,06:28:06,2026,AC,01112,EPITACIOLÂNDIA,6,49,1031,ESCOLA JOANA RIBEIRO AMED,AV. SANTOS DUMONT. N. 6332,CENTRO,69932000,-11.02867465,-68.73738956,ATIVO,ATIVO,Sem acessibilidade,284,284,284,01112|6|49,01112|6|1031,URBANA OU NÃO IDENTIFICADA COMO RURAL,False,Ausência de marcador rural nos campos públicos,MÉDIA,True
03/08/2026,06:28:06,2026,AC,01112,EPITACIOLÂNDIA,6,50,1031,ESCOLA JOANA RIBEIRO AMED,AV. SANTOS DUMONT. N. 6332,CENTRO,69932000,-11.02867465,-68.73738956,ATIVO,ATIVO,Sem acessibilidade,286,286,286,01112|6|50,01112|6|1031,URBANA OU NÃO IDENTIFICADA COMO RURAL,False,Ausência de marcador rural nos campos públicos,MÉDIA,True
03/08/2026,06:28:06,2026,AC,01112,EPITACIOLÂNDIA,6,60,1031,ESCOLA JOANA RIBEIRO AMED,AV. SANTOS DUMONT. N. 6332,CENTRO,69932000,-11.02867465,-68.73738956,ATIVO,ATIVO,Sem acessibilidade,287,287,287,01112|6|60,01112|6|1031,URBANA OU NÃO IDENTIFICADA COMO RURAL,False,Ausência de marcador rural nos campos públicos,MÉDIA,True
03/08/2026,06:28:06,2026,AC,01112,EPITACIOLÂNDIA,6,61,1031,ESCOLA JOANA RIBEIRO AMED,AV. SANTOS DUMONT. N. 6332,CENTRO,69932000,-11.02867465,-68.73738956,ATIVO,ATIVO,Sem acessibilidade,285,285,285,01112|6|61,01112|6|1031,URBANA OU NÃO IDENTIFICADA COMO RURAL,False,Ausência de marcador rural nos campos públicos,MÉDIA,True
03/08/2026,06:28:06,2026,AC,01112,EPITACIOLÂNDIA,6,105,1031,ESCOLA JOANA RIBEIRO AMED,AV. SANTOS DUMONT. N. 6332,CENTRO,69932000,-11.02867465,-68.73738956,ATIVO,ATIVO,Sem acessibilidade,292,292,292,01112|6|105,01112|6|1031,URBANA OU NÃO IDENTIFICADA COMO RURAL,False,Ausência de marcador rural nos campos públicos,MÉDIA,True
03/08/2026,06:28:06,2026,AC,01112,EPITACIOLÂNDIA,6,34,1058,ESCOLA RAIMUNDA DA CUNHA AIRES,RUA SAO SEBASTIAO N. 496,JOSE HASSEM,69934000,-11.03146115,-68.74930641,ATIVO,ATIVO,Com acessibilidade,288,288,288,01112|6|34,01112|6|1058,URBANA OU NÃO IDENTIFICADA COMO RURAL,False,Ausência de marcador rural nos campos públicos,MÉDIA,True
03/08/2026,06:28:06,2026,AC,01112,EPITACIOLÂNDIA,6,40,1058,ESCOLA RAIMUNDA DA CUNHA AIRES,RUA SAO SEBASTIAO N. 496,JOSE HASSEM,69934000,-11.03146115,-68.74930641,ATIVO,ATIVO,Com acessibilidade,288,288,288,01112|6|40,01112|6|1058,URBANA OU NÃO IDENTIFICADA COMO RURAL,False,Ausência de marcador rural nos campos públicos,MÉDIA,True
03/08/2026,06:28:06,2026,AC,01112,EPITACIOLÂNDIA,6,51,1058,ESCOLA RAIMUNDA DA CUNHA AIRES,RUA SAO SEBASTIAO N. 496,JOSE HASSEM,69934000,-11.03146115,-68.74930641,ATIVO,ATIVO,Com acessibilidade,284,284,284,01112|6|51,01112|6|1058,URBANA OU NÃO IDENTIFICADA COMO RURAL,False,Ausência de marcador rural nos campos públicos,MÉDIA,True
03/08/2026,06:28:06,2026,AC,01112,EPITACIOLÂNDIA,6,68,1058,ESCOLA RAIMUNDA DA CUNHA AIRES,RUA SAO SEBASTIAO N. 496,JOSE HASSEM,69934000,-11.03146115,-68.74930641,ATIVO,ATIVO,Com acessibilidade,285,285,285,01112|6|68,01112|6|1058,URBANA OU NÃO IDENTIFICADA COMO RURAL,False,Ausência de marcador rural nos campos públicos,MÉDIA,True
03/08/2026,06:28:06,2026,AC,01112,EPITACIOLÂNDIA,6,116,1058,ESCOLA RAIMUNDA DA CUNHA AIRES,RUA SAO SEBASTIAO N. 496,JOSE HASSEM,69934000,-11.03146115,-68.74930641,ATIVO,ATIVO,Com acessibilidade,288,288,288,01112|6|116,01112|6|1058,URBANA OU NÃO IDENTIFICADA COMO RURAL,False,Ausência de marcador rural nos campos públicos,MÉDIA,True
03/08/2026,06:28:06,2026,AC,01112,EPITACIOLÂNDIA,6,22,1210,ESCOLA JOAO PEDRO DA SILVA,AV. AMAZONAS N. 699,LIBERDADE,69934000,-11.0241313,-68.74089349,ATIVO,ATIVO,Com acessibilidade,289,289,289,01112|6|22,01112|6|1210,URBANA OU NÃO IDENTIFICADA COMO RURAL,False,Ausência de marcador rural nos campos públicos,MÉDIA,True
03/08/2026,06:28:06,2026,AC,01112,EPITACIOLÂNDIA,6,64,1210,ESCOLA JOAO PEDRO DA SILVA,AV. AMAZONAS N. 699,LIBERDADE,69934000,-11.0241313,-68.74089349,ATIVO,ATIVO,Com acessibilidade,285,285,285,01112|6|64,01112|6|1210,URBANA OU NÃO IDENTIFICADA COMO RURAL,False,Ausência de marcador rural nos campos públicos,MÉDIA,True
03/08/2026,06:28:06,2026,AC,01112,EPITACIOLÂNDIA,6,77,1210,ESCOLA JOAO PEDRO DA SILVA,AV. AMAZONAS N. 699,LIBERDADE,69934000,-11.0241313,-68.74089349,ATIVO,ATIVO,Com acessibilidade,286,286,286,01112|6|77,01112|6|1210,URBANA OU NÃO IDENTIFICADA COMO RURAL,False,Ausência de marcador rural nos campos públicos,MÉDIA,True
03/08/2026,06:28:06,2026,AC,01112,EPITACIOLÂNDIA,6,107,1210,ESCOLA JOAO PEDRO DA SILVA,AV. AMAZONAS N. 699,LIBERDADE,69934000,-11.0241313,-68.74089349,ATIVO,ATIVO,Com acessibilidade,292,292,292,01112|6|107,01112|6|1210,URBANA OU NÃO IDENTIFICADA COMO RURAL,False,Ausência de marcador rural nos campos públicos,MÉDIA,True
03/08/2026,06:28:06,2026,AC,01112,EPITACIOLÂNDIA,6,71,1252,ESCOLA LUIZ GONZAGA DA ROCHA - KM 09 VILA PROGRESSO,KM 09 VILA PROGRESSO,ZONA RURAL,69934000,-11.03099089,-68.66641793,ATIVO,ATIVO,Sem acessibilidade,231,231,231,01112|6|71,01112|6|1252,RURAL IDENTIFICADA,True,Termo RURAL no bairro ou no nome do local no arquivo do TSE,ALTA,True
03/08/2026,06:28:06,2026,AC,01112,EPITACIOLÂNDIA,6,141,1252,ESCOLA LUIZ GONZAGA DA ROCHA - KM 09 VILA PROGRESSO,KM 09 VILA PROGRESSO,ZONA RURAL,69934000,-11.03099089,-68.66641793,ATIVO,ATIVO,Sem acessibilidade,229,229,229,01112|6|141,01112|6|1252,RURAL IDENTIFICADA,True,Termo RURAL no bairro ou no nome do local no arquivo do TSE,ALTA,True
03/08/2026,06:28:06,2026,AC,01112,EPITACIOLÂNDIA,6,82,1287,ESCOLA JOSÉ HASSEM HALL FILHO,"RUA TANCREDO NEVES, N. 046",SATEL,69934000,-11.02423951,-68.74849319,ATIVO,ATIVO,Com acessibilidade,242,242,242,01112|6|82,01112|6|1287,URBANA OU NÃO IDENTIFICADA COMO RURAL,False,Ausência de marcador rural nos campos públicos,MÉDIA,True
03/08/2026,06:28:06,2026,AC,01112,EPITACIOLÂNDIA,6,125,1287,ESCOLA JOSÉ HASSEM HALL FILHO,"RUA TANCREDO NEVES, N. 046",SATEL,69934000,-11.02423951,-68.74849319,ATIVO,ATIVO,Com acessibilidade,255,255,255,01112|6|125,01112|6|1287,URBANA OU NÃO IDENTIFICADA COMO RURAL,False,Ausência de marcador rural nos campos públicos,MÉDIA,True
03/08/2026,06:28:06,2026,AC,01112,EPITACIOLÂNDIA,6,142,1287,ESCOLA JOSÉ HASSEM HALL FILHO,"RUA TANCREDO NEVES, N. 046",SATEL,69934000,-11.02423951,-68.74849319,ATIVO,ATIVO,Com acessibilidade,251,251,251,01112|6|142,01112|6|1287,URBANA OU NÃO IDENTIFICADA COMO RURAL,False,Ausência de marcador rural nos campos públicos,MÉDIA,True
03/08/2026,06:28:06,2026,AC,01112,EPITACIOLÂNDIA,6,163,1287,ESCOLA JOSÉ HASSEM HALL FILHO,"RUA TANCREDO NEVES, N. 046",SATEL,69934000,-11.02423951,-68.74849319,ATIVO,ATIVO,Sem acessibilidade,249,249,249,01112|6|163,01112|6|1287,URBANA OU NÃO IDENTIFICADA COMO RURAL,False,Ausência de marcador rural nos campos públicos,MÉDIA,True
03/08/2026,06:28:06,2026,AC,01112,EPITACIOLÂNDIA,6,9,1295,NÚCLEO ESTADUAL DE EDUCAÇÃO / SEE,AV. SANTOS DUMONT,CENTRO,69934000,-11.02868999,-68.7383753,ATIVO,ATIVO,Sem acessibilidade,282,282,282,01112|6|9,01112|6|1295,URBANA OU NÃO IDENTIFICADA COMO RURAL,False,Ausência de marcador rural nos campos públicos,MÉDIA,True
03/08/2026,06:28:06,2026,AC,01112,EPITACIOLÂNDIA,6,10,1295,NÚCLEO ESTADUAL DE EDUCAÇÃO / SEE,AV. SANTOS DUMONT,CENTRO,69934000,-11.02868999,-68.7383753,ATIVO,ATIVO,Sem acessibilidade,283,283,283,01112|6|10,01112|6|1295,URBANA OU NÃO IDENTIFICADA COMO RURAL,False,Ausência de marcador rural nos campos públicos,MÉDIA,True
03/08/2026,06:28:06,2026,AC,01112,EPITACIOLÂNDIA,6,42,1309,ESCOLA BELA FLOR,BR 317 KM 01 S/N.,AEROPORTO,69934000,-11.03031303,-68.73490846,ATIVO,ATIVO,Sem acessibilidade,293,293,293,01112|6|42,01112|6|1309,URBANA OU NÃO IDENTIFICADA COMO RURAL,False,Ausência de marcador rural nos campos públicos,MÉDIA,True
03/08/2026,06:28:06,2026,AC,01112,EPITACIOLÂNDIA,6,47,1309,ESCOLA BELA FLOR,BR 317 KM 01 S/N.,AEROPORTO,69934000,-11.03031303,-68.73490846,ATIVO,ATIVO,Sem acessibilidade,290,290,290,01112|6|47,01112|6|1309,URBANA OU NÃO IDENTIFICADA COMO RURAL,False,Ausência de marcador rural nos campos públicos,MÉDIA,True
03/08/2026,06:28:06,2026,AC,01112,EPITACIOLÂNDIA,6,48,1309,ESCOLA BELA FLOR,BR 317 KM 01 S/N.,AEROPORTO,69934000,-11.03031303,-68.73490846,ATIVO,ATIVO,Sem acessibilidade,292,292,292,01112|6|48,01112|6|1309,URBANA OU NÃO IDENTIFICADA COMO RURAL,False,Ausência de marcador rural nos campos públicos,MÉDIA,True
03/08/2026,06:28:06,2026,AC,01112,EPITACIOLÂNDIA,6,106,1309,ESCOLA BELA FLOR,BR 317 KM 01 S/N.,AEROPORTO,69934000,-11.03031303,-68.73490846,ATIVO,ATIVO,Sem acessibilidade,290,290,290,01112|6|106,01112|6|1309,URBANA OU NÃO IDENTIFICADA COMO RURAL,False,Ausência de marcador rural nos campos públicos,MÉDIA,True
03/08/2026,06:28:06,2026,AC,01112,EPITACIOLÂNDIA,6,123,1309,ESCOLA BELA FLOR,BR 317 KM 01 S/N.,AEROPORTO,69934000,-11.03031303,-68.73490846,ATIVO,ATIVO,Sem acessibilidade,295,295,295,01112|6|123,01112|6|1309,URBANA OU NÃO IDENTIFICADA COMO RURAL,False,Ausência de marcador rural nos campos públicos,MÉDIA,True
03/08/2026,06:28:06,2026,AC,01112,EPITACIOLÂNDIA,6,134,1309,ESCOLA BELA FLOR,BR 317 KM 01 S/N.,AEROPORTO,69934000,-11.03031303,-68.73490846,ATIVO,ATIVO,Sem acessibilidade,297,297,297,01112|6|134,01112|6|1309,URBANA OU NÃO IDENTIFICADA COMO RURAL,False,Ausência de marcador rural nos campos públicos,MÉDIA,True
03/08/2026,06:28:06,2026,AC,01112,EPITACIOLÂNDIA,6,69,1317,ESCOLA CASTELO BRANCO - KM 20,BR 317 KM 20,ZONA RURAL,69934000,-10.96079521,-68.59475006,ATIVO,ATIVO,Sem acessibilidade,227,227,227,01112|6|69,01112|6|1317,RURAL IDENTIFICADA,True,Termo RURAL no bairro ou no nome do local no arquivo do TSE,ALTA,True
03/08/2026,06:28:06,2026,AC,01112,EPITACIOLÂNDIA,6,70,1317,ESCOLA CASTELO BRANCO - KM 20,BR 317 KM 20,ZONA RURAL,69934000,-10.96079521,-68.59475006,ATIVO,ATIVO,Sem acessibilidade,229,229,229,01112|6|70,01112|6|1317,RURAL IDENTIFICADA,True,Termo RURAL no bairro ou no nome do local no arquivo do TSE,ALTA,True
03/08/2026,06:28:06,2026,AC,01112,EPITACIOLÂNDIA,6,72,1317,ESCOLA CASTELO BRANCO - KM 20,BR 317 KM 20,ZONA RURAL,69934000,-10.96079521,-68.59475006,ATIVO,ATIVO,Sem acessibilidade,229,229,229,01112|6|72,01112|6|1317,RURAL IDENTIFICADA,True,Termo RURAL no bairro ou no nome do local no arquivo do TSE,ALTA,True
03/08/2026,06:28:06,2026,AC,01112,EPITACIOLÂNDIA,6,96,1317,ESCOLA CASTELO BRANCO - KM 20,BR 317 KM 20,ZONA RURAL,69934000,-10.96079521,-68.59475006,ATIVO,ATIVO,Sem acessibilidade,228,228,228,01112|6|96,01112|6|1317,RURAL IDENTIFICADA,True,Termo RURAL no bairro ou no nome do local no arquivo do TSE,ALTA,True
03/08/2026,06:28:06,2026,AC,01112,EPITACIOLÂNDIA,6,97,1325,ESCOLA JOSÉ BENÍCIO MOREIRA - KM 37 ESTRADA VELHA (PRATA),KM 37 ESTRADA VELHA MAIS 09 KM DE RAMAL - COMUNIDADE PRATA,ZONA RURAL,69934000,-11.0203502,-68.4880208,ATIVO,ATIVO,Sem acessibilidade,246,246,246,01112|6|97,01112|6|1325,RURAL IDENTIFICADA,True,Termo RURAL no bairro ou no nome do local no arquivo do TSE,ALTA,True
03/08/2026,06:28:06,2026,AC,01112,EPITACIOLÂNDIA,6,103,1333,ESCOLA ALCINO MONTEIRO DE OLIVEIRA - KM 33 (MATO GROSSO),BR 317 KM 33 MAIS 12 KM DE RAMAL - COMUNIDADE MATO GROSSO,ZONA RURAL,69934000,-10.90326105,-68.45727616,ATIVO,ATIVO,Sem acessibilidade,315,315,315,01112|6|103,01112|6|1333,RURAL IDENTIFICADA,True,Termo RURAL no bairro ou no nome do local no arquivo do TSE,ALTA,True
03/08/2026,06:28:06,2026,AC,01112,EPITACIOLÂNDIA,6,124,1368,ESCOLA BELO PORVIR,"ESTRADA FONTINELE DE CASTRO - LOTEAMENTO CRUZEIRO DO SUL, QD 7 E 8",FONTINELE DE CASTRO,69934000,-11.03563796,-68.74408799,ATIVO,ATIVO,Com acessibilidade,271,271,271,01112|6|124,01112|6|1368,URBANA OU NÃO IDENTIFICADA COMO RURAL,False,Ausência de marcador rural nos campos públicos,MÉDIA,True
03/08/2026,06:28:06,2026,AC,01112,EPITACIOLÂNDIA,6,135,1368,ESCOLA BELO PORVIR,"ESTRADA FONTINELE DE CASTRO - LOTEAMENTO CRUZEIRO DO SUL, QD 7 E 8",FONTINELE DE CASTRO,69934000,-11.03563796,-68.74408799,ATIVO,ATIVO,Com acessibilidade,271,271,271,01112|6|135,01112|6|1368,URBANA OU NÃO IDENTIFICADA COMO RURAL,False,Ausência de marcador rural nos campos públicos,MÉDIA,True
03/08/2026,06:28:06,2026,AC,01112,EPITACIOLÂNDIA,6,151,1368,ESCOLA BELO PORVIR,"ESTRADA FONTINELE DE CASTRO - LOTEAMENTO CRUZEIRO DO SUL, QD 7 E 8",FONTINELE DE CASTRO,69934000,-11.03563796,-68.74408799,ATIVO,ATIVO,Com acessibilidade,276,276,276,01112|6|151,01112|6|1368,URBANA OU NÃO IDENTIFICADA COMO RURAL,False,Ausência de marcador rural nos campos públicos,MÉDIA,True
03/08/2026,06:28:06,2026,AC,01112,EPITACIOLÂNDIA,6,156,1368,ESCOLA BELO PORVIR,"ESTRADA FONTINELE DE CASTRO - LOTEAMENTO CRUZEIRO DO SUL, QD 7 E 8",FONTINELE DE CASTRO,69934000,-11.03563796,-68.74408799,ATIVO,ATIVO,Sem acessibilidade,273,273,273,01112|6|156,01112|6|1368,URBANA OU NÃO IDENTIFICADA COMO RURAL,False,Ausência de marcador rural nos campos públicos,MÉDIA,True
03/08/2026,06:28:06,2026,AC,01112,EPITACIOLÂNDIA,6,164,1368,ESCOLA BELO PORVIR,"ESTRADA FONTINELE DE CASTRO - LOTEAMENTO CRUZEIRO DO SUL, QD 7 E 8",FONTINELE DE CASTRO,69934000,-11.03563796,-68.74408799,ATIVO,ATIVO,Sem acessibilidade,276,276,276,01112|6|164,01112|6|1368,URBANA OU NÃO IDENTIFICADA COMO RURAL,False,Ausência de marcador rural nos campos públicos,MÉDIA,True
03/08/2026,06:28:06,2026,AC,01112,EPITACIOLÂNDIA,6,26,1392,ESCOLA INFANTIL COSMA DE AZEVEDO MARQUES ,RUA PRESIDENTE COSTA E SILVA,SATEL,69934000,-11.02028753,-68.74632714,ATIVO,ATIVO,Sem acessibilidade,201,201,201,01112|6|26,01112|6|1392,URBANA OU NÃO IDENTIFICADA COMO RURAL,False,Ausência de marcador rural nos campos públicos,MÉDIA,True
03/08/2026,06:28:06,2026,AC,01112,EPITACIOLÂNDIA,6,145,1392,ESCOLA INFANTIL COSMA DE AZEVEDO MARQUES ,RUA PRESIDENTE COSTA E SILVA,SATEL,69934000,-11.02028753,-68.74632714,ATIVO,ATIVO,Sem acessibilidade,158,158,158,01112|6|145,01112|6|1392,URBANA OU NÃO IDENTIFICADA COMO RURAL,False,Ausência de marcador rural nos campos públicos,MÉDIA,True
03/08/2026,06:28:06,2026,AC,01112,EPITACIOLÂNDIA,6,65,1406,ESCOLA SEBASTIÃO BRANDÃO DO NASCIMENTO,"RUA CAPITÃO PEDRO VASCONCELOS, N 265, AEROPORTO",AEROPORTO,69934000,-11.03024829,-68.73876893,ATIVO,ATIVO,Com acessibilidade,291,291,291,01112|6|65,01112|6|1406,URBANA OU NÃO IDENTIFICADA COMO RURAL,False,Ausência de marcador rural nos campos públicos,MÉDIA,True
03/08/2026,06:28:06,2026,AC,01112,EPITACIOLÂNDIA,6,147,1406,ESCOLA SEBASTIÃO BRANDÃO DO NASCIMENTO,"RUA CAPITÃO PEDRO VASCONCELOS, N 265, AEROPORTO",AEROPORTO,69934000,-11.03024829,-68.73876893,ATIVO,ATIVO,Com acessibilidade,288,288,288,01112|6|147,01112|6|1406,URBANA OU NÃO IDENTIFICADA COMO RURAL,False,Ausência de marcador rural nos campos públicos,MÉDIA,True
03/08/2026,06:28:06,2026,AC,01112,EPITACIOLÂNDIA,6,101,1414,ESCOLA JOSÉ JOAQUIM MEIRELES,"RAMAL DO SILVA/SEVERINO, SERINGAL PORVIR VELHO, COLOCAÇÃO BOA ÁGUA",ZONA RURAL,69934000,-10.85711004,-68.6723581,ATIVO,ATIVO,Sem acessibilidade,293,293,293,01112|6|101,01112|6|1414,RURAL IDENTIFICADA,True,Termo RURAL no bairro ou no nome do local no arquivo do TSE,ALTA,True
03/08/2026,06:28:06,2026,AC,01112,EPITACIOLÂNDIA,6,98,1422,NÚCLEO DE BASE PORONGABA,"BR 317, KM 05, MAIS 28 KM DE RAMAL.",ZONA RURAL,69934000,-10.8096638,-68.77498504,ATIVO,ATIVO,Sem acessibilidade,195,195,195,01112|6|98,01112|6|1422,RURAL IDENTIFICADA,True,Termo RURAL no bairro ou no nome do local no arquivo do TSE,ALTA,True
03/08/2026,06:28:06,2026,AC,01112,EPITACIOLÂNDIA,6,160,1430,ESCOLA MARIA ESTER DE OLIVEIRA,"BR 317, KM13 MAIS 30 RAMAL DO PORONGABA, NUCLEO SAO SEBASTIAO.",ZONA RURAL,69934000,-10.74801255,-68.73580283,ATIVO,ATIVO,Sem acessibilidade,165,165,165,01112|6|160,01112|6|1430,RURAL IDENTIFICADA,True,Termo RURAL no bairro ou no nome do local no arquivo do TSE,ALTA,True
03/08/2026,06:28:06,2026,AC,01112,EPITACIOLÂNDIA,6,162,1449,SECRETARIA MUNICIPAL DE MEIO AMBIENTE E TURISMO DE EPITACIOLÂNDIA,"RUA MADRE PAULINA, S/N",AEROPORTO,69934000,-11.02903639,-68.73844371,ATIVO,ATIVO,Sem acessibilidade,293,293,293,01112|6|162,01112|6|1449,URBANA OU NÃO IDENTIFICADA COMO RURAL,False,Ausência de marcador rural nos campos públicos,MÉDIA,True
03/08/2026,06:28:06,2026,AC,01112,EPITACIOLÂNDIA,6,167,1465,CENTRO DO IDOSO DE EPITACIOLÂNDIA,"BR 317, KM 01",VILA VITÓRIA,69934000,-11.03108791,-68.73242634,ATIVO,ATIVO,Sem acessibilidade,155,0,0,01112|6|167,01112|6|1465,URBANA OU NÃO IDENTIFICADA COMO RURAL,False,Ausência de marcador rural nos campos públicos,MÉDIA,True
03/08/2026,06:28:06,2026,AC,01112,EPITACIOLÂNDIA,6,168,1465,CENTRO DO IDOSO DE EPITACIOLÂNDIA,"BR 317, KM 01",VILA VITÓRIA,69934000,-11.03108791,-68.73242634,ATIVO,ATIVO,Sem acessibilidade,146,301,301,01112|6|168,01112|6|1465,URBANA OU NÃO IDENTIFICADA COMO RURAL,False,Ausência de marcador rural nos campos públicos,MÉDIA,True
03/08/2026,06:28:06,2026,AC,01112,EPITACIOLÂNDIA,6,148,1473,ESCOLA MUNICIPAL PEQUENO PRÍNCIPE,"RUA DUQUE DE CAXIAS, 425",LIBERDADE,69934000,-11.0239961,-68.73727846,ATIVO,ATIVO,Com acessibilidade,293,293,293,01112|6|148,01112|6|1473,URBANA OU NÃO IDENTIFICADA COMO RURAL,False,Ausência de marcador rural nos campos públicos,MÉDIA,True
03/08/2026,06:28:06,2026,AC,01112,EPITACIOLÂNDIA,6,159,1473,ESCOLA MUNICIPAL PEQUENO PRÍNCIPE,"RUA DUQUE DE CAXIAS, 425",LIBERDADE,69934000,-11.0239961,-68.73727846,ATIVO,ATIVO,Sem acessibilidade,293,293,293,01112|6|159,01112|6|1473,URBANA OU NÃO IDENTIFICADA COMO RURAL,False,Ausência de marcador rural nos campos públicos,MÉDIA,True
03/08/2026,06:28:06,2026,AC,01139,FEIJÓ,7,2,1031,ESCOLA DE SEGUNDO GRAU JOSE GURGEL RABELO,"RUA JOÃO AMBRÓZIO TAVEIRA, 80",CIDADE NOVA,69960000,-8.1658582,-70.3503956,ATIVO,ATIVO,Sem acessibilidade,294,294,294,01139|7|2,01139|7|1031,URBANA OU NÃO IDENTIFICADA COMO RURAL,False,Ausência de marcador rural nos campos públicos,MÉDIA,True
03/08/2026,06:28:06,2026,AC,01139,FEIJÓ,7,3,1031,ESCOLA DE SEGUNDO GRAU JOSE GURGEL RABELO,"RUA JOÃO AMBRÓZIO TAVEIRA, 80",CIDADE NOVA,69960000,-8.1658582,-70.3503956,ATIVO,ATIVO,Sem acessibilidade,290,290,290,01139|7|3,01139|7|1031,URBANA OU NÃO IDENTIFICADA COMO RURAL,False,Ausência de marcador rural nos campos públicos,MÉDIA,True
03/08/2026,06:28:06,2026,AC,01139,FEIJÓ,7,4,1031,ESCOLA DE SEGUNDO GRAU JOSE GURGEL RABELO,"RUA JOÃO AMBRÓZIO TAVEIRA, 80",CIDADE NOVA,69960000,-8.1658582,-70.3503956,ATIVO,ATIVO,Sem acessibilidade,291,291,291,01139|7|4,01139|7|1031,URBANA OU NÃO IDENTIFICADA COMO RURAL,False,Ausência de marcador rural nos campos públicos,MÉDIA,True
03/08/2026,06:28:06,2026,AC,01139,FEIJÓ,7,5,1031,ESCOLA DE SEGUNDO GRAU JOSE GURGEL RABELO,"RUA JOÃO AMBRÓZIO TAVEIRA, 80",CIDADE NOVA,69960000,-8.1658582,-70.3503956,ATIVO,ATIVO,Sem acessibilidade,292,292,292,01139|7|5,01139|7|1031,URBANA OU NÃO IDENTIFICADA COMO RURAL,False,Ausência de marcador rural nos campos públicos,MÉDIA,True
03/08/2026,06:28:06,2026,AC,01139,FEIJÓ,7,20,1031,ESCOLA DE SEGUNDO GRAU JOSE GURGEL RABELO,"RUA JOÃO AMBRÓZIO TAVEIRA, 80",CIDADE NOVA,69960000,-8.1658582,-70.3503956,ATIVO,ATIVO,Sem acessibilidade,295,295,295,01139|7|20,01139|7|1031,URBANA OU NÃO IDENTIFICADA COMO RURAL,False,Ausência de marcador rural nos campos públicos,MÉDIA,True
03/08/2026,06:28:06,2026,AC,01139,FEIJÓ,7,21,1031,ESCOLA DE SEGUNDO GRAU JOSE GURGEL RABELO,"RUA JOÃO AMBRÓZIO TAVEIRA, 80",CIDADE NOVA,69960000,-8.1658582,-70.3503956,ATIVO,ATIVO,Sem acessibilidade,295,295,295,01139|7|21,01139|7|1031,URBANA OU NÃO IDENTIFICADA COMO RURAL,False,Ausência de marcador rural nos campos públicos,MÉDIA,True
03/08/2026,06:28:06,2026,AC,01139,FEIJÓ,7,22,1031,ESCOLA DE SEGUNDO GRAU JOSE GURGEL RABELO,"RUA JOÃO AMBRÓZIO TAVEIRA, 80",CIDADE NOVA,69960000,-8.1658582,-70.3503956,ATIVO,ATIVO,Sem acessibilidade,289,289,289,01139|7|22,01139|7|1031,URBANA OU NÃO IDENTIFICADA COMO RURAL,False,Ausência de marcador rural nos campos públicos,MÉDIA,True
03/08/2026,06:28:06,2026,AC,01139,FEIJÓ,7,23,1031,ESCOLA DE SEGUNDO GRAU JOSE GURGEL RABELO,"RUA JOÃO AMBRÓZIO TAVEIRA, 80",CIDADE NOVA,69960000,-8.1658582,-70.3503956,ATIVO,ATIVO,Sem acessibilidade,293,293,293,01139|7|23,01139|7|1031,URBANA OU NÃO IDENTIFICADA COMO RURAL,False,Ausência de marcador rural nos campos públicos,MÉDIA,True
03/08/2026,06:28:06,2026,AC,01139,FEIJÓ,7,42,1031,ESCOLA DE SEGUNDO GRAU JOSE GURGEL RABELO,"RUA JOÃO AMBRÓZIO TAVEIRA, 80",CIDADE NOVA,69960000,-8.1658582,-70.3503956,ATIVO,ATIVO,Sem acessibilidade,289,289,289,01139|7|42,01139|7|1031,URBANA OU NÃO IDENTIFICADA COMO RURAL,False,Ausência de marcador rural nos campos públicos,MÉDIA,True
03/08/2026,06:28:06,2026,AC,01139,FEIJÓ,7,58,1031,ESCOLA DE SEGUNDO GRAU JOSE GURGEL RABELO,"RUA JOÃO AMBRÓZIO TAVEIRA, 80",CIDADE NOVA,69960000,-8.1658582,-70.3503956,ATIVO,ATIVO,Sem acessibilidade,288,288,288,01139|7|58,01139|7|1031,URBANA OU NÃO IDENTIFICADA COMO RURAL,False,Ausência de marcador rural nos campos públicos,MÉDIA,True
03/08/2026,06:28:06,2026,AC,01139,FEIJÓ,7,6,1040,GINASIO IMACULADA CONCEICAO,"RUA GETULIO VARGAS, N. 302, CENTRO",CENTRO,69960000,-8.1684586,-70.3562596,ATIVO,ATIVO,Sem acessibilidade,213,213,213,01139|7|6,01139|7|1040,URBANA OU NÃO IDENTIFICADA COMO RURAL,False,Ausência de marcador rural nos campos públicos,MÉDIA,True
03/08/2026,06:28:06,2026,AC,01139,FEIJÓ,7,7,1040,GINASIO IMACULADA CONCEICAO,"RUA GETULIO VARGAS, N. 302, CENTRO",CENTRO,69960000,-8.1684586,-70.3562596,ATIVO,ATIVO,Sem acessibilidade,210,210,210,01139|7|7,01139|7|1040,URBANA OU NÃO IDENTIFICADA COMO RURAL,False,Ausência de marcador rural nos campos públicos,MÉDIA,True
03/08/2026,06:28:06,2026,AC,01139,FEIJÓ,7,8,1040,GINASIO IMACULADA CONCEICAO,"RUA GETULIO VARGAS, N. 302, CENTRO",CENTRO,69960000,-8.1684586,-70.3562596,ATIVO,ATIVO,Sem acessibilidade,208,208,208,01139|7|8,01139|7|1040,URBANA OU NÃO IDENTIFICADA COMO RURAL,False,Ausência de marcador rural nos campos públicos,MÉDIA,True
03/08/2026,06:28:06,2026,AC,01139,FEIJÓ,7,9,1040,GINASIO IMACULADA CONCEICAO,"RUA GETULIO VARGAS, N. 302, CENTRO",CENTRO,69960000,-8.1684586,-70.3562596,ATIVO,ATIVO,Sem acessibilidade,207,207,207,01139|7|9,01139|7|1040,URBANA OU NÃO IDENTIFICADA COMO RURAL,False,Ausência de marcador rural nos campos públicos,MÉDIA,True
03/08/2026,06:28:06,2026,AC,01139,FEIJÓ,7,10,1040,GINASIO IMACULADA CONCEICAO,"RUA GETULIO VARGAS, N. 302, CENTRO",CENTRO,69960000,-8.1684586,-70.3562596,ATIVO,ATIVO,Sem acessibilidade,211,211,211,01139|7|10,01139|7|1040,URBANA OU NÃO IDENTIFICADA COMO RURAL,False,Ausência de marcador rural nos campos públicos,MÉDIA,True
03/08/2026,06:28:06,2026,AC,01139,FEIJÓ,7,36,1040,GINASIO IMACULADA CONCEICAO,"RUA GETULIO VARGAS, N. 302, CENTRO",CENTRO,69960000,-8.1684586,-70.3562596,ATIVO,ATIVO,Sem acessibilidade,203,203,203,01139|7|36,01139|7|1040,URBANA OU NÃO IDENTIFICADA COMO RURAL,False,Ausência de marcador rural nos campos públicos,MÉDIA,True
03/08/2026,06:28:06,2026,AC,01139,FEIJÓ,7,1,1058,GRUPO ESCOLAR PREFEITO RAIMUNDO AUGUSTO DE ARAUJO,"PRACA TRES PODERES, N. 13, CENTRO",CENTRO,69960000,-8.1619004,-70.3500563,ATIVO,ATIVO,Sem acessibilidade,271,271,271,01139|7|1,01139|7|1058,URBANA OU NÃO IDENTIFICADA COMO RURAL,False,Ausência de marcador rural nos campos públicos,MÉDIA,True
03/08/2026,06:28:06,2026,AC,01139,FEIJÓ,7,11,1058,GRUPO ESCOLAR PREFEITO RAIMUNDO AUGUSTO DE ARAUJO,"PRACA TRES PODERES, N. 13, CENTRO",CENTRO,69960000,-8.1619004,-70.3500563,ATIVO,ATIVO,Sem acessibilidade,269,269,269,01139|7|11,01139|7|1058,URBANA OU NÃO IDENTIFICADA COMO RURAL,False,Ausência de marcador rural nos campos públicos,MÉDIA,True
03/08/2026,06:28:06,2026,AC,01139,FEIJÓ,7,12,1058,GRUPO ESCOLAR PREFEITO RAIMUNDO AUGUSTO DE ARAUJO,"PRACA TRES PODERES, N. 13, CENTRO",CENTRO,69960000,-8.1619004,-70.3500563,ATIVO,ATIVO,Sem acessibilidade,271,271,271,01139|7|12,01139|7|1058,URBANA OU NÃO IDENTIFICADA COMO RURAL,False,Ausência de marcador rural nos campos públicos,MÉDIA,True
03/08/2026,06:28:06,2026,AC,01139,FEIJÓ,7,13,1058,GRUPO ESCOLAR PREFEITO RAIMUNDO AUGUSTO DE ARAUJO,"PRACA TRES PODERES, N. 13, CENTRO",CENTRO,69960000,-8.1619004,-70.3500563,ATIVO,ATIVO,Sem acessibilidade,268,268,268,01139|7|13,01139|7|1058,URBANA OU NÃO IDENTIFICADA COMO RURAL,False,Ausência de marcador rural nos campos públicos,MÉDIA,True
03/08/2026,06:28:06,2026,AC,01139,FEIJÓ,7,14,1058,GRUPO ESCOLAR PREFEITO RAIMUNDO AUGUSTO DE ARAUJO,"PRACA TRES PODERES, N. 13, CENTRO",CENTRO,69960000,-8.1619004,-70.3500563,ATIVO,ATIVO,Sem acessibilidade,273,273,273,01139|7|14,01139|7|1058,URBANA OU NÃO IDENTIFICADA COMO RURAL,False,Ausência de marcador rural nos campos públicos,MÉDIA,True
03/08/2026,06:28:06,2026,AC,01139,FEIJÓ,7,15,1058,GRUPO ESCOLAR PREFEITO RAIMUNDO AUGUSTO DE ARAUJO,"PRACA TRES PODERES, N. 13, CENTRO",CENTRO,69960000,-8.1619004,-70.3500563,ATIVO,ATIVO,Sem acessibilidade,271,271,271,01139|7|15,01139|7|1058,URBANA OU NÃO IDENTIFICADA COMO RURAL,False,Ausência de marcador rural nos campos públicos,MÉDIA,True
03/08/2026,06:28:06,2026,AC,01139,FEIJÓ,7,19,1058,GRUPO ESCOLAR PREFEITO RAIMUNDO AUGUSTO DE ARAUJO,"PRACA TRES PODERES, N. 13, CENTRO",CENTRO,69960000,-8.1619004,-70.3500563,ATIVO,ATIVO,Sem acessibilidade,272,272,272,01139|7|19,01139|7|1058,URBANA OU NÃO IDENTIFICADA COMO RURAL,False,Ausência de marcador rural nos campos públicos,MÉDIA,True
03/08/2026,06:28:06,2026,AC,01139,FEIJÓ,7,32,1058,GRUPO ESCOLAR PREFEITO RAIMUNDO AUGUSTO DE ARAUJO,"PRACA TRES PODERES, N. 13, CENTRO",CENTRO,69960000,-8.1619004,-70.3500563,ATIVO,ATIVO,Sem acessibilidade,270,270,270,01139|7|32,01139|7|1058,URBANA OU NÃO IDENTIFICADA COMO RURAL,False,Ausência de marcador rural nos campos públicos,MÉDIA,True
03/08/2026,06:28:06,2026,AC,01139,FEIJÓ,7,33,1058,GRUPO ESCOLAR PREFEITO RAIMUNDO AUGUSTO DE ARAUJO,"PRACA TRES PODERES, N. 13, CENTRO",CENTRO,69960000,-8.1619004,-70.3500563,ATIVO,ATIVO,Sem acessibilidade,273,273,273,01139|7|33,01139|7|1058,URBANA OU NÃO IDENTIFICADA COMO RURAL,False,Ausência de marcador rural nos campos públicos,MÉDIA,True
03/08/2026,06:28:06,2026,AC,01139,FEIJÓ,7,17,1074,COMPLEXO ESCOLAR NANZIO MAGALHAES,RUA CORNELIO DE OLIVEIRA LIMA S/N,CIDADE NOVA,69960000,-8.1675742,-70.3505293,ATIVO,ATIVO,Sem acessibilidade,291,291,291,01139|7|17,01139|7|1074,URBANA OU NÃO IDENTIFICADA COMO RURAL,False,Ausência de marcador rural nos campos públicos,MÉDIA,True
03/08/2026,06:28:06,2026,AC,01139,FEIJÓ,7,18,1074,COMPLEXO ESCOLAR NANZIO MAGALHAES,RUA CORNELIO DE OLIVEIRA LIMA S/N,CIDADE NOVA,69960000,-8.1675742,-70.3505293,ATIVO,ATIVO,Sem acessibilidade,288,288,288,01139|7|18,01139|7|1074,URBANA OU NÃO IDENTIFICADA COMO RURAL,False,Ausência de marcador rural nos campos públicos,MÉDIA,True
03/08/2026,06:28:06,2026,AC,01139,FEIJÓ,7,24,1074,COMPLEXO ESCOLAR NANZIO MAGALHAES,RUA CORNELIO DE OLIVEIRA LIMA S/N,CIDADE NOVA,69960000,-8.1675742,-70.3505293,ATIVO,ATIVO,Sem acessibilidade,288,288,288,01139|7|24,01139|7|1074,URBANA OU NÃO IDENTIFICADA COMO RURAL,False,Ausência de marcador rural nos campos públicos,MÉDIA,True
03/08/2026,06:28:06,2026,AC,01139,FEIJÓ,7,35,1074,COMPLEXO ESCOLAR NANZIO MAGALHAES,RUA CORNELIO DE OLIVEIRA LIMA S/N,CIDADE NOVA,69960000,-8.1675742,-70.3505293,ATIVO,ATIVO,Sem acessibilidade,293,293,293,01139|7|35,01139|7|1074,URBANA OU NÃO IDENTIFICADA COMO RURAL,False,Ausência de marcador rural nos campos públicos,MÉDIA,True
03/08/2026,06:28:06,2026,AC,01139,FEIJÓ,7,38,1074,COMPLEXO ESCOLAR NANZIO MAGALHAES,RUA CORNELIO DE OLIVEIRA LIMA S/N,CIDADE NOVA,69960000,-8.1675742,-70.3505293,ATIVO,ATIVO,Sem acessibilidade,291,291,291,01139|7|38,01139|7|1074,URBANA OU NÃO IDENTIFICADA COMO RURAL,False,Ausência de marcador rural nos campos públicos,MÉDIA,True
03/08/2026,06:28:06,2026,AC,01139,FEIJÓ,7,59,1074,COMPLEXO ESCOLAR NANZIO MAGALHAES,RUA CORNELIO DE OLIVEIRA LIMA S/N,CIDADE NOVA,69960000,-8.1675742,-70.3505293,ATIVO,ATIVO,Sem acessibilidade,291,291,291,01139|7|59,01139|7|1074,URBANA OU NÃO IDENTIFICADA COMO RURAL,False,Ausência de marcador rural nos campos públicos,MÉDIA,True
03/08/2026,06:28:06,2026,AC,01139,FEIJÓ,7,25,1112,ESCOLA FRANCISCO NUNES LEITÃO,"RUA JOSÉ PORFÍRIO, S/N, SEGUNDO DISTRITO",SEGUNDO DISTRITO,69960000,-8.1703655,-70.3500184,ATIVO,ATIVO,Sem acessibilidade,251,251,251,01139|7|25,01139|7|1112,URBANA OU NÃO IDENTIFICADA COMO RURAL,False,Ausência de marcador rural nos campos públicos,MÉDIA,True
03/08/2026,06:28:06,2026,AC,01139,FEIJÓ,7,26,1112,ESCOLA FRANCISCO NUNES LEITÃO,"RUA JOSÉ PORFÍRIO, S/N, SEGUNDO DISTRITO",SEGUNDO DISTRITO,69960000,-8.1703655,-70.3500184,ATIVO,ATIVO,Sem acessibilidade,248,248,248,01139|7|26,01139|7|1112,URBANA OU NÃO IDENTIFICADA COMO RURAL,False,Ausência de marcador rural nos campos públicos,MÉDIA,True
03/08/2026,06:28:06,2026,AC,01139,FEIJÓ,7,43,1112,ESCOLA FRANCISCO NUNES LEITÃO,"RUA JOSÉ PORFÍRIO, S/N, SEGUNDO DISTRITO",SEGUNDO DISTRITO,69960000,-8.1703655,-70.3500184,ATIVO,ATIVO,Sem acessibilidade,244,244,244,01139|7|43,01139|7|1112,URBANA OU NÃO IDENTIFICADA COMO RURAL,False,Ausência de marcador rural nos campos públicos,MÉDIA,True
03/08/2026,06:28:06,2026,AC,01139,FEIJÓ,7,60,1112,ESCOLA FRANCISCO NUNES LEITÃO,"RUA JOSÉ PORFÍRIO, S/N, SEGUNDO DISTRITO",SEGUNDO DISTRITO,69960000,-8.1703655,-70.3500184,ATIVO,ATIVO,Sem acessibilidade,251,251,251,01139|7|60,01139|7|1112,URBANA OU NÃO IDENTIFICADA COMO RURAL,False,Ausência de marcador rural nos campos públicos,MÉDIA,True
03/08/2026,06:28:06,2026,AC,01139,FEIJÓ,7,30,1147,PRE-ESCOLAR TOPPO GIGGIO,RUA ANASTACIO BARROSO 228,CENTRO,69960000,-8.1683515,-70.3436101,ATIVO,ATIVO,Sem acessibilidade,274,274,274,01139|7|30,01139|7|1147,URBANA OU NÃO IDENTIFICADA COMO RURAL,False,Ausência de marcador rural nos campos públicos,MÉDIA,True
03/08/2026,06:28:06,2026,AC,01139,FEIJÓ,7,31,1147,PRE-ESCOLAR TOPPO GIGGIO,RUA ANASTACIO BARROSO 228,CENTRO,69960000,-8.1683515,-70.3436101,ATIVO,ATIVO,Sem acessibilidade,268,268,268,01139|7|31,01139|7|1147,URBANA OU NÃO IDENTIFICADA COMO RURAL,False,Ausência de marcador rural nos campos públicos,MÉDIA,True
03/08/2026,06:28:06,2026,AC,01139,FEIJÓ,7,34,1163,ESCOLA VICENTE CELSO BRANDAO,"TRAVESSA PEDRO ALEXANDRINO, N. 1623, BELA VISTA",BELA VISTA,69960000,-8.1589192,-70.3517991,ATIVO,ATIVO,Sem acessibilidade,338,338,338,01139|7|34,01139|7|1163,URBANA OU NÃO IDENTIFICADA COMO RURAL,False,Ausência de marcador rural nos campos públicos,MÉDIA,True
03/08/2026,06:28:06,2026,AC,01139,FEIJÓ,7,37,1163,ESCOLA VICENTE CELSO BRANDAO,"TRAVESSA PEDRO ALEXANDRINO, N. 1623, BELA VISTA",BELA VISTA,69960000,-8.1589192,-70.3517991,ATIVO,ATIVO,Sem acessibilidade,341,341,341,01139|7|37,01139|7|1163,URBANA OU NÃO IDENTIFICADA COMO RURAL,False,Ausência de marcador rural nos campos públicos,MÉDIA,True
03/08/2026,06:28:06,2026,AC,01139,FEIJÓ,7,39,1163,ESCOLA VICENTE CELSO BRANDAO,"TRAVESSA PEDRO ALEXANDRINO, N. 1623, BELA VISTA",BELA VISTA,69960000,-8.1589192,-70.3517991,ATIVO,ATIVO,Sem acessibilidade,342,342,342,01139|7|39,01139|7|1163,URBANA OU NÃO IDENTIFICADA COMO RURAL,False,Ausência de marcador rural nos campos públicos,MÉDIA,True
03/08/2026,06:28:06,2026,AC,01139,FEIJÓ,7,51,1163,ESCOLA VICENTE CELSO BRANDAO,"TRAVESSA PEDRO ALEXANDRINO, N. 1623, BELA VISTA",BELA VISTA,69960000,-8.1589192,-70.3517991,ATIVO,ATIVO,Sem acessibilidade,337,337,337,01139|7|51,01139|7|1163,URBANA OU NÃO IDENTIFICADA COMO RURAL,False,Ausência de marcador rural nos campos públicos,MÉDIA,True
03/08/2026,06:28:06,2026,AC,01139,FEIJÓ,7,64,1163,ESCOLA VICENTE CELSO BRANDAO,"TRAVESSA PEDRO ALEXANDRINO, N. 1623, BELA VISTA",BELA VISTA,69960000,-8.1589192,-70.3517991,ATIVO,ATIVO,Sem acessibilidade,342,342,342,01139|7|64,01139|7|1163,URBANA OU NÃO IDENTIFICADA COMO RURAL,False,Ausência de marcador rural nos campos públicos,MÉDIA,True
03/08/2026,06:28:06,2026,AC,01139,FEIJÓ,7,80,1163,ESCOLA VICENTE CELSO BRANDAO,"TRAVESSA PEDRO ALEXANDRINO, N. 1623, BELA VISTA",BELA VISTA,69960000,-8.1589192,-70.3517991,ATIVO,ATIVO,Sem acessibilidade,339,339,339,01139|7|80,01139|7|1163,URBANA OU NÃO IDENTIFICADA COMO RURAL,False,Ausência de marcador rural nos campos públicos,MÉDIA,True
03/08/2026,06:28:06,2026,AC,01139,FEIJÓ,7,84,1163,ESCOLA VICENTE CELSO BRANDAO,"TRAVESSA PEDRO ALEXANDRINO, N. 1623, BELA VISTA",BELA VISTA,69960000,-8.1589192,-70.3517991,ATIVO,ATIVO,Sem acessibilidade,341,341,341,01139|7|84,01139|7|1163,URBANA OU NÃO IDENTIFICADA COMO RURAL,False,Ausência de marcador rural nos campos públicos,MÉDIA,True
03/08/2026,06:28:06,2026,AC,01139,FEIJÓ,7,89,1163,ESCOLA VICENTE CELSO BRANDAO,"TRAVESSA PEDRO ALEXANDRINO, N. 1623, BELA VISTA",BELA VISTA,69960000,-8.1589192,-70.3517991,ATIVO,ATIVO,Sem acessibilidade,341,341,341,01139|7|89,01139|7|1163,URBANA OU NÃO IDENTIFICADA COMO RURAL,False,Ausência de marcador rural nos campos públicos,MÉDIA,True
03/08/2026,06:28:06,2026,AC,01139,FEIJÓ,7,41,1171,ESCOLA DE ENSINO FUNDAMENTAL SEVERINO CORDEIRO,AVENIDA ASSIS DE VASCONCELOS 516,ESPERANÇA,69960000,-8.167036,-70.3442035,ATIVO,ATIVO,Sem acessibilidade,338,338,338,01139|7|41,01139|7|1171,URBANA OU NÃO IDENTIFICADA COMO RURAL,False,Ausência de marcador rural nos campos públicos,MÉDIA,True
03/08/2026,06:28:06,2026,AC,01139,FEIJÓ,7,44,1171,ESCOLA DE ENSINO FUNDAMENTAL SEVERINO CORDEIRO,AVENIDA ASSIS DE VASCONCELOS 516,ESPERANÇA,69960000,-8.167036,-70.3442035,ATIVO,ATIVO,Sem acessibilidade,335,335,335,01139|7|44,01139|7|1171,URBANA OU NÃO IDENTIFICADA COMO RURAL,False,Ausência de marcador rural nos campos públicos,MÉDIA,True
03/08/2026,06:28:06,2026,AC,01139,FEIJÓ,7,49,1171,ESCOLA DE ENSINO FUNDAMENTAL SEVERINO CORDEIRO,AVENIDA ASSIS DE VASCONCELOS 516,ESPERANÇA,69960000,-8.167036,-70.3442035,ATIVO,ATIVO,Sem acessibilidade,330,330,330,01139|7|49,01139|7|1171,URBANA OU NÃO IDENTIFICADA COMO RURAL,False,Ausência de marcador rural nos campos públicos,MÉDIA,True
03/08/2026,06:28:06,2026,AC,01139,FEIJÓ,7,54,1171,ESCOLA DE ENSINO FUNDAMENTAL SEVERINO CORDEIRO,AVENIDA ASSIS DE VASCONCELOS 516,ESPERANÇA,69960000,-8.167036,-70.3442035,ATIVO,ATIVO,Sem acessibilidade,338,338,338,01139|7|54,01139|7|1171,URBANA OU NÃO IDENTIFICADA COMO RURAL,False,Ausência de marcador rural nos campos públicos,MÉDIA,True
03/08/2026,06:28:06,2026,AC,01139,FEIJÓ,7,78,1171,ESCOLA DE ENSINO FUNDAMENTAL SEVERINO CORDEIRO,AVENIDA ASSIS DE VASCONCELOS 516,ESPERANÇA,69960000,-8.167036,-70.3442035,ATIVO,ATIVO,Sem acessibilidade,333,333,333,01139|7|78,01139|7|1171,URBANA OU NÃO IDENTIFICADA COMO RURAL,False,Ausência de marcador rural nos campos públicos,MÉDIA,True
03/08/2026,06:28:06,2026,AC,01139,FEIJÓ,7,81,1171,ESCOLA DE ENSINO FUNDAMENTAL SEVERINO CORDEIRO,AVENIDA ASSIS DE VASCONCELOS 516,ESPERANÇA,69960000,-8.167036,-70.3442035,ATIVO,ATIVO,Sem acessibilidade,344,344,344,01139|7|81,01139|7|1171,URBANA OU NÃO IDENTIFICADA COMO RURAL,False,Ausência de marcador rural nos campos públicos,MÉDIA,True
03/08/2026,06:28:06,2026,AC,01139,FEIJÓ,7,85,1171,ESCOLA DE ENSINO FUNDAMENTAL SEVERINO CORDEIRO,AVENIDA ASSIS DE VASCONCELOS 516,ESPERANÇA,69960000,-8.167036,-70.3442035,ATIVO,ATIVO,Sem acessibilidade,333,333,333,01139|7|85,01139|7|1171,URBANA OU NÃO IDENTIFICADA COMO RURAL,False,Ausência de marcador rural nos campos públicos,MÉDIA,True
03/08/2026,06:28:06,2026,AC,01139,FEIJÓ,7,87,1171,ESCOLA DE ENSINO FUNDAMENTAL SEVERINO CORDEIRO,AVENIDA ASSIS DE VASCONCELOS 516,ESPERANÇA,69960000,-8.167036,-70.3442035,ATIVO,ATIVO,Sem acessibilidade,336,336,336,01139|7|87,01139|7|1171,URBANA OU NÃO IDENTIFICADA COMO RURAL,False,Ausência de marcador rural nos campos públicos,MÉDIA,True
03/08/2026,06:28:06,2026,AC,01139,FEIJÓ,7,40,1180,ESCOLA DE ENSINO FUNDAMENTAL DR. EIRALDO CARNEIRO DE FRANCA,RUA ERNANE MOREIRA BRAGA 106,COHAB I,69960000,-8.1955962,-70.3447601,ATIVO,ATIVO,Sem acessibilidade,337,337,337,01139|7|40,01139|7|1180,URBANA OU NÃO IDENTIFICADA COMO RURAL,False,Ausência de marcador rural nos campos públicos,MÉDIA,True
03/08/2026,06:28:06,2026,AC,01139,FEIJÓ,7,48,1180,ESCOLA DE ENSINO FUNDAMENTAL DR. EIRALDO CARNEIRO DE FRANCA,RUA ERNANE MOREIRA BRAGA 106,COHAB I,69960000,-8.1955962,-70.3447601,ATIVO,ATIVO,Sem acessibilidade,332,332,332,01139|7|48,01139|7|1180,URBANA OU NÃO IDENTIFICADA COMO RURAL,False,Ausência de marcador rural nos campos públicos,MÉDIA,True
03/08/2026,06:28:06,2026,AC,01139,FEIJÓ,7,57,1180,ESCOLA DE ENSINO FUNDAMENTAL DR. EIRALDO CARNEIRO DE FRANCA,RUA ERNANE MOREIRA BRAGA 106,COHAB I,69960000,-8.1955962,-70.3447601,ATIVO,ATIVO,Sem acessibilidade,336,336,336,01139|7|57,01139|7|1180,URBANA OU NÃO IDENTIFICADA COMO RURAL,False,Ausência de marcador rural nos campos públicos,MÉDIA,True
03/08/2026,06:28:06,2026,AC,01139,FEIJÓ,7,86,1180,ESCOLA DE ENSINO FUNDAMENTAL DR. EIRALDO CARNEIRO DE FRANCA,RUA ERNANE MOREIRA BRAGA 106,COHAB I,69960000,-8.1955962,-70.3447601,ATIVO,ATIVO,Sem acessibilidade,337,337,337,01139|7|86,01139|7|1180,URBANA OU NÃO IDENTIFICADA COMO RURAL,False,Ausência de marcador rural nos campos públicos,MÉDIA,True
03/08/2026,06:28:06,2026,AC,01139,FEIJÓ,7,45,1198,ESCOLA ANTÔNIO FENELON DE OLIVEIRA,"BR 364, KM 52, SENTIDO FEIJO/RIO BRANCO",ZONA RURAL,69960000,-8.5128033,-70.0485548,ATIVO,ATIVO,Sem acessibilidade,241,241,241,01139|7|45,01139|7|1198,RURAL IDENTIFICADA,True,Termo RURAL no bairro ou no nome do local no arquivo do TSE,ALTA,True
03/08/2026,06:28:06,2026,AC,01139,FEIJÓ,7,63,1198,ESCOLA ANTÔNIO FENELON DE OLIVEIRA,"BR 364, KM 52, SENTIDO FEIJO/RIO BRANCO",ZONA RURAL,69960000,-8.5128033,-70.0485548,ATIVO,ATIVO,Sem acessibilidade,247,247,247,01139|7|63,01139|7|1198,RURAL IDENTIFICADA,True,Termo RURAL no bairro ou no nome do local no arquivo do TSE,ALTA,True
03/08/2026,06:28:06,2026,AC,01139,FEIJÓ,7,91,1198,ESCOLA ANTÔNIO FENELON DE OLIVEIRA,"BR 364, KM 52, SENTIDO FEIJO/RIO BRANCO",ZONA RURAL,69960000,-8.5128033,-70.0485548,ATIVO,ATIVO,Sem acessibilidade,251,251,251,01139|7|91,01139|7|1198,RURAL IDENTIFICADA,True,Termo RURAL no bairro ou no nome do local no arquivo do TSE,ALTA,True
03/08/2026,06:28:06,2026,AC,01139,FEIJÓ,7,46,1201,ESCOLA PAULINO FEIJO DE MELO,"SERINGAL NOVO PORTO, ALTO RIO ENVIRA,",ZONA RURAL,69960000,-8.4649535,-70.5517292,ATIVO,ATIVO,Sem acessibilidade,240,240,240,01139|7|46,01139|7|1201,RURAL IDENTIFICADA,True,Termo RURAL no bairro ou no nome do local no arquivo do TSE,ALTA,True
03/08/2026,06:28:06,2026,AC,01139,FEIJÓ,7,56,1201,ESCOLA PAULINO FEIJO DE MELO,"SERINGAL NOVO PORTO, ALTO RIO ENVIRA,",ZONA RURAL,69960000,-8.4649535,-70.5517292,ATIVO,ATIVO,Sem acessibilidade,242,242,242,01139|7|56,01139|7|1201,RURAL IDENTIFICADA,True,Termo RURAL no bairro ou no nome do local no arquivo do TSE,ALTA,True
03/08/2026,06:28:06,2026,AC,01139,FEIJÓ,7,47,1210,ESCOLA MUNICIPAL MANOEL VENANCIO BARBOSA,"SERINGAL HUMAITA, RIO JURUPARI,",ZONA RURAL,69960000,-7.9601459,-69.9461441,ATIVO,ATIVO,Sem acessibilidade,269,269,269,01139|7|47,01139|7|1210,RURAL IDENTIFICADA,True,Termo RURAL no bairro ou no nome do local no arquivo do TSE,ALTA,True
03/08/2026,06:28:06,2026,AC,01139,FEIJÓ,7,65,1210,ESCOLA MUNICIPAL MANOEL VENANCIO BARBOSA,"SERINGAL HUMAITA, RIO JURUPARI,",ZONA RURAL,69960000,-7.9601459,-69.9461441,ATIVO,ATIVO,Sem acessibilidade,270,270,270,01139|7|65,01139|7|1210,RURAL IDENTIFICADA,True,Termo RURAL no bairro ou no nome do local no arquivo do TSE,ALTA,True
03/08/2026,06:28:06,2026,AC,01139,FEIJÓ,7,52,1228,ESCOLA MUNICIPAL DE ENSINO FUNDAMENTAL RAIMUNDO PRADO,SERINGAL PORTO RUBIM - ALTO RIO ENVIRA,ZONA RURAL,69960000,-9.1674351,-70.8524689,ATIVO,ATIVO,Sem acessibilidade,181,181,181,01139|7|52,01139|7|1228,RURAL IDENTIFICADA,True,Termo RURAL no bairro ou no nome do local no arquivo do TSE,ALTA,True
03/08/2026,06:28:06,2026,AC,01139,FEIJÓ,7,55,1228,ESCOLA MUNICIPAL DE ENSINO FUNDAMENTAL RAIMUNDO PRADO,SERINGAL PORTO RUBIM - ALTO RIO ENVIRA,ZONA RURAL,69960000,-9.1674351,-70.8524689,ATIVO,ATIVO,Sem acessibilidade,182,182,182,01139|7|55,01139|7|1228,RURAL IDENTIFICADA,True,Termo RURAL no bairro ou no nome do local no arquivo do TSE,ALTA,True
03/08/2026,06:28:06,2026,AC,01139,FEIJÓ,7,66,1228,ESCOLA MUNICIPAL DE ENSINO FUNDAMENTAL RAIMUNDO PRADO,SERINGAL PORTO RUBIM - ALTO RIO ENVIRA,ZONA RURAL,69960000,-9.1674351,-70.8524689,ATIVO,ATIVO,Sem acessibilidade,179,179,179,01139|7|66,01139|7|1228,RURAL IDENTIFICADA,True,Termo RURAL no bairro ou no nome do local no arquivo do TSE,ALTA,True
03/08/2026,06:28:06,2026,AC,01139,FEIJÓ,7,53,1236,ESCOLA MUNICIPAL DE ENSINO FUNDAMENTAL DONA TEREZA DE CARVALHO,SERINGAL BOA VISTA - RIO PARANÁ DO OURO,ZONA RURAL,69960000,-8.9049534,-70.859587,ATIVO,ATIVO,Sem acessibilidade,181,181,181,01139|7|53,01139|7|1236,RURAL IDENTIFICADA,True,Termo RURAL no bairro ou no nome do local no arquivo do TSE,ALTA,True
03/08/2026,06:28:06,2026,AC,01139,FEIJÓ,7,61,1236,ESCOLA MUNICIPAL DE ENSINO FUNDAMENTAL DONA TEREZA DE CARVALHO,SERINGAL BOA VISTA - RIO PARANÁ DO OURO,ZONA RURAL,69960000,-8.9049534,-70.859587,ATIVO,ATIVO,Sem acessibilidade,181,181,181,01139|7|61,01139|7|1236,RURAL IDENTIFICADA,True,Termo RURAL no bairro ou no nome do local no arquivo do TSE,ALTA,True
03/08/2026,06:28:06,2026,AC,01139,FEIJÓ,7,62,1244,ESCOLA MUNICIPAL DE EDUCACAO INFANTIL MENINO JESUS,"RUA 21 DE DEZEMBRO, 1180",NAIR ARAUJO,69960000,-8.1708627,-70.3539561,ATIVO,ATIVO,Com acessibilidade,322,322,322,01139|7|62,01139|7|1244,URBANA OU NÃO IDENTIFICADA COMO RURAL,False,Ausência de marcador rural nos campos públicos,MÉDIA,True
03/08/2026,06:28:06,2026,AC,01139,FEIJÓ,7,72,1244,ESCOLA MUNICIPAL DE EDUCACAO INFANTIL MENINO JESUS,"RUA 21 DE DEZEMBRO, 1180",NAIR ARAUJO,69960000,-8.1708627,-70.3539561,ATIVO,ATIVO,Com acessibilidade,329,329,329,01139|7|72,01139|7|1244,URBANA OU NÃO IDENTIFICADA COMO RURAL,False,Ausência de marcador rural nos campos públicos,MÉDIA,True
03/08/2026,06:28:06,2026,AC,01139,FEIJÓ,7,82,1244,ESCOLA MUNICIPAL DE EDUCACAO INFANTIL MENINO JESUS,"RUA 21 DE DEZEMBRO, 1180",NAIR ARAUJO,69960000,-8.1708627,-70.3539561,ATIVO,ATIVO,Com acessibilidade,331,331,331,01139|7|82,01139|7|1244,URBANA OU NÃO IDENTIFICADA COMO RURAL,False,Ausência de marcador rural nos campos públicos,MÉDIA,True
03/08/2026,06:28:06,2026,AC,01139,FEIJÓ,7,88,1244,ESCOLA MUNICIPAL DE EDUCACAO INFANTIL MENINO JESUS,"RUA 21 DE DEZEMBRO, 1180",NAIR ARAUJO,69960000,-8.1708627,-70.3539561,ATIVO,ATIVO,Com acessibilidade,332,332,332,01139|7|88,01139|7|1244,URBANA OU NÃO IDENTIFICADA COMO RURAL,False,Ausência de marcador rural nos campos públicos,MÉDIA,True
03/08/2026,06:28:06,2026,AC,01139,FEIJÓ,7,71,1252,ESCOLA KAXINAWA HUNIKUI SIA,ALDEIA PAROA - BAIXO RIO ENVIRA,ZONA RURAL,69960000,-8.0832924,-70.3197417,ATIVO,ATIVO,Sem acessibilidade,177,177,177,01139|7|71,01139|7|1252,RURAL IDENTIFICADA,True,Termo RURAL no bairro ou no nome do local no arquivo do TSE,ALTA,True
03/08/2026,06:28:06,2026,AC,01139,FEIJÓ,7,75,1252,ESCOLA KAXINAWA HUNIKUI SIA,ALDEIA PAROA - BAIXO RIO ENVIRA,ZONA RURAL,69960000,-8.0832924,-70.3197417,ATIVO,ATIVO,Sem acessibilidade,181,181,181,01139|7|75,01139|7|1252,RURAL IDENTIFICADA,True,Termo RURAL no bairro ou no nome do local no arquivo do TSE,ALTA,True
03/08/2026,06:28:06,2026,AC,01139,FEIJÓ,7,70,1260,ESCOLA TAKEHAYNE SHANENAWA,ALDEIA MORADA NOVA - RIO ENVIRA,ZONA RURAL,69960000,-8.1589321,-70.3710076,ATIVO,ATIVO,Sem acessibilidade,179,179,179,01139|7|70,01139|7|1260,RURAL IDENTIFICADA,True,Termo RURAL no bairro ou no nome do local no arquivo do TSE,ALTA,True
03/08/2026,06:28:06,2026,AC,01139,FEIJÓ,7,74,1260,ESCOLA TAKEHAYNE SHANENAWA,ALDEIA MORADA NOVA - RIO ENVIRA,ZONA RURAL,69960000,-8.1589321,-70.3710076,ATIVO,ATIVO,Sem acessibilidade,174,174,174,01139|7|74,01139|7|1260,RURAL IDENTIFICADA,True,Termo RURAL no bairro ou no nome do local no arquivo do TSE,ALTA,True
03/08/2026,06:28:06,2026,AC,01139,FEIJÓ,7,68,1279,ESCOLA JOSE FERREIRA FILHO,SERINGAL CANADA - ALTO RIO ENVIRA,ZONA RURAL,69960000,-8.8653043,-70.594768,ATIVO,ATIVO,Sem acessibilidade,235,235,235,01139|7|68,01139|7|1279,RURAL IDENTIFICADA,True,Termo RURAL no bairro ou no nome do local no arquivo do TSE,ALTA,True
03/08/2026,06:28:06,2026,AC,01139,FEIJÓ,7,76,1279,ESCOLA JOSE FERREIRA FILHO,SERINGAL CANADA - ALTO RIO ENVIRA,ZONA RURAL,69960000,-8.8653043,-70.594768,ATIVO,ATIVO,Sem acessibilidade,233,233,233,01139|7|76,01139|7|1279,RURAL IDENTIFICADA,True,Termo RURAL no bairro ou no nome do local no arquivo do TSE,ALTA,True
03/08/2026,06:28:06,2026,AC,01139,FEIJÓ,7,73,1295,ESCOLA IVO NEVES,"RAMAL BOM FUTURO, QUATRO BOCAS, PA ENVIRA",ZONA RURAL,69960000,-8.2942419,-70.3681547,ATIVO,ATIVO,Sem acessibilidade,74,147,147,01139|7|73,01139|7|1295,RURAL IDENTIFICADA,True,Termo RURAL no bairro ou no nome do local no arquivo do TSE,ALTA,True
03/08/2026,06:28:06,2026,AC,01139,FEIJÓ,7,77,1295,ESCOLA IVO NEVES,"RAMAL BOM FUTURO, QUATRO BOCAS, PA ENVIRA",ZONA RURAL,69960000,-8.2942419,-70.3681547,ATIVO,ATIVO,Sem acessibilidade,73,0,0,01139|7|77,01139|7|1295,RURAL IDENTIFICADA,True,Termo RURAL no bairro ou no nome do local no arquivo do TSE,ALTA,True
03/08/2026,06:28:06,2026,AC,01139,FEIJÓ,7,79,1309,ESCOLA MUNICIPAL ARLETE ALMEIDA,SERINGAL BOM PRINCIPIO - COLONIA BOCA DO RECREIO,ZONA RURAL,69960000,-8.6636814,-70.7015687,ATIVO,ATIVO,Sem acessibilidade,198,198,198,01139|7|79,01139|7|1309,RURAL IDENTIFICADA,True,Termo RURAL no bairro ou no nome do local no arquivo do TSE,ALTA,True
03/08/2026,06:28:06,2026,AC,01139,FEIJÓ,7,83,1317,ESCOLA NOVA OLINDA,"ALDEIA NOVA OLINDA, ALTO RIO ENVIRA",ZONA RURAL,69960000,-9.1016264,-70.717968,ATIVO,ATIVO,Sem acessibilidade,340,340,340,01139|7|83,01139|7|1317,RURAL IDENTIFICADA,True,Termo RURAL no bairro ou no nome do local no arquivo do TSE,ALTA,True
03/08/2026,06:28:06,2026,AC,01139,FEIJÓ,7,16,1325,CENTRO DE REFERÊNCIA DE ASSISTÊNCIA SOCIAL - CRAS,"AVENIDA MARECHAL DEODORO, N. 1358, CENTRO",CENTRO,69960000,-8.1688452,-70.3583714,ATIVO,ATIVO,Sem acessibilidade,212,212,212,01139|7|16,01139|7|1325,URBANA OU NÃO IDENTIFICADA COMO RURAL,False,Ausência de marcador rural nos campos públicos,MÉDIA,True
03/08/2026,06:28:06,2026,AC,01139,FEIJÓ,7,27,1325,CENTRO DE REFERÊNCIA DE ASSISTÊNCIA SOCIAL - CRAS,"AVENIDA MARECHAL DEODORO, N. 1358, CENTRO",CENTRO,69960000,-8.1688452,-70.3583714,ATIVO,ATIVO,Sem acessibilidade,214,214,214,01139|7|27,01139|7|1325,URBANA OU NÃO IDENTIFICADA COMO RURAL,False,Ausência de marcador rural nos campos públicos,MÉDIA,True
03/08/2026,06:28:06,2026,AC,01139,FEIJÓ,7,28,1325,CENTRO DE REFERÊNCIA DE ASSISTÊNCIA SOCIAL - CRAS,"AVENIDA MARECHAL DEODORO, N. 1358, CENTRO",CENTRO,69960000,-8.1688452,-70.3583714,ATIVO,ATIVO,Sem acessibilidade,217,217,217,01139|7|28,01139|7|1325,URBANA OU NÃO IDENTIFICADA COMO RURAL,False,Ausência de marcador rural nos campos públicos,MÉDIA,True
03/08/2026,06:28:06,2026,AC,01139,FEIJÓ,7,29,1325,CENTRO DE REFERÊNCIA DE ASSISTÊNCIA SOCIAL - CRAS,"AVENIDA MARECHAL DEODORO, N. 1358, CENTRO",CENTRO,69960000,-8.1688452,-70.3583714,ATIVO,ATIVO,Sem acessibilidade,211,211,211,01139|7|29,01139|7|1325,URBANA OU NÃO IDENTIFICADA COMO RURAL,False,Ausência de marcador rural nos campos públicos,MÉDIA,True
03/08/2026,06:28:06,2026,AC,01139,FEIJÓ,7,50,1325,CENTRO DE REFERÊNCIA DE ASSISTÊNCIA SOCIAL - CRAS,"AVENIDA MARECHAL DEODORO, N. 1358, CENTRO",CENTRO,69960000,-8.1688452,-70.3583714,ATIVO,ATIVO,Sem acessibilidade,209,209,209,01139|7|50,01139|7|1325,URBANA OU NÃO IDENTIFICADA COMO RURAL,False,Ausência de marcador rural nos campos públicos,MÉDIA,True
03/08/2026,06:28:06,2026,AC,01139,FEIJÓ,7,90,1333,UNIVERSIDADE FEDERAL DO ACRE - UFAC,"RUA HERMENEGILDO MACAMBIRA, CIDADE NOVA, FEIJÓ - AC",CIDADE NOVA,69960000,-8.1661996,-70.3513826,ATIVO,ATIVO,Sem acessibilidade,275,275,275,01139|7|90,01139|7|1333,URBANA OU NÃO IDENTIFICADA COMO RURAL,False,Ausência de marcador rural nos campos públicos,MÉDIA,True
03/08/2026,06:28:06,2026,AC,01139,FEIJÓ,7,67,1341,ALDEIA NOVA FLORESTA,ALTO RIO ENVIRA,ZONA RURAL,69960000,-9.4780487,-71.3030733,ATIVO,ATIVO,Sem acessibilidade,148,151,151,01139|7|67,01139|7|1341,RURAL IDENTIFICADA,True,Termo RURAL no bairro ou no nome do local no arquivo do TSE,ALTA,True
03/08/2026,06:28:06,2026,AC,01139,FEIJÓ,7,69,1341,ALDEIA NOVA FLORESTA,ALTO RIO ENVIRA,ZONA RURAL,69960000,-9.4780487,-71.3030733,ATIVO,ATIVO,Sem acessibilidade,137,265,265,01139|7|69,01139|7|1341,RURAL IDENTIFICADA,True,Termo RURAL no bairro ou no nome do local no arquivo do TSE,ALTA,True
03/08/2026,06:28:06,2026,AC,01139,FEIJÓ,7,92,1341,ALDEIA NOVA FLORESTA,ALTO RIO ENVIRA,ZONA RURAL,69960000,-9.4780487,-71.3030733,ATIVO,ATIVO,Sem acessibilidade,128,0,0,01139|7|92,01139|7|1341,RURAL IDENTIFICADA,True,Termo RURAL no bairro ou no nome do local no arquivo do TSE,ALTA,True
03/08/2026,06:28:06,2026,AC,01139,FEIJÓ,7,93,1341,ALDEIA NOVA FLORESTA,ALTO RIO ENVIRA,ZONA RURAL,69960000,-9.4780487,-71.3030733,ATIVO,ATIVO,Sem acessibilidade,3,0,0,01139|7|93,01139|7|1341,RURAL IDENTIFICADA,True,Termo RURAL no bairro ou no nome do local no arquivo do TSE,ALTA,True
03/08/2026,06:28:06,2026,AC,01104,JORDÃO,5,28,1023,PREFEITURA MUNICIPAL,"AVENIDA FRANCISCO DIAS, S/N.",CENTRO,69975000,-9.1906083,-71.9516587,ATIVO,ATIVO,Com acessibilidade,278,278,278,01104|5|28,01104|5|1023,URBANA OU NÃO IDENTIFICADA COMO RURAL,False,Ausência de marcador rural nos campos públicos,MÉDIA,True
03/08/2026,06:28:06,2026,AC,01104,JORDÃO,5,75,1023,PREFEITURA MUNICIPAL,"AVENIDA FRANCISCO DIAS, S/N.",CENTRO,69975000,-9.1906083,-71.9516587,ATIVO,ATIVO,Com acessibilidade,274,274,274,01104|5|75,01104|5|1023,URBANA OU NÃO IDENTIFICADA COMO RURAL,False,Ausência de marcador rural nos campos públicos,MÉDIA,True
03/08/2026,06:28:06,2026,AC,01104,JORDÃO,5,112,1031,ESCOLA MANOEL RODRIGUES DE FARIAS,"AVENIDA FRANCISCO DIAS, S/N",CENTRO,69975000,-9.1905924,-71.9481616,ATIVO,ATIVO,Com acessibilidade,248,248,248,01104|5|112,01104|5|1031,URBANA OU NÃO IDENTIFICADA COMO RURAL,False,Ausência de marcador rural nos campos públicos,MÉDIA,True
03/08/2026,06:28:06,2026,AC,01104,JORDÃO,5,118,1031,ESCOLA MANOEL RODRIGUES DE FARIAS,"AVENIDA FRANCISCO DIAS, S/N",CENTRO,69975000,-9.1905924,-71.9481616,ATIVO,ATIVO,Com acessibilidade,251,251,251,01104|5|118,01104|5|1031,URBANA OU NÃO IDENTIFICADA COMO RURAL,False,Ausência de marcador rural nos campos públicos,MÉDIA,True
03/08/2026,06:28:06,2026,AC,01104,JORDÃO,5,123,1031,ESCOLA MANOEL RODRIGUES DE FARIAS,"AVENIDA FRANCISCO DIAS, S/N",CENTRO,69975000,-9.1905924,-71.9481616,ATIVO,ATIVO,Com acessibilidade,255,255,255,01104|5|123,01104|5|1031,URBANA OU NÃO IDENTIFICADA COMO RURAL,False,Ausência de marcador rural nos campos públicos,MÉDIA,True
03/08/2026,06:28:06,2026,AC,01104,JORDÃO,5,126,1031,ESCOLA MANOEL RODRIGUES DE FARIAS,"AVENIDA FRANCISCO DIAS, S/N",CENTRO,69975000,-9.1905924,-71.9481616,ATIVO,ATIVO,Com acessibilidade,255,255,255,01104|5|126,01104|5|1031,URBANA OU NÃO IDENTIFICADA COMO RURAL,False,Ausência de marcador rural nos campos públicos,MÉDIA,True
03/08/2026,06:28:06,2026,AC,01104,JORDÃO,5,131,1031,ESCOLA MANOEL RODRIGUES DE FARIAS,"AVENIDA FRANCISCO DIAS, S/N",CENTRO,69975000,-9.1905924,-71.9481616,ATIVO,ATIVO,Com acessibilidade,251,251,251,01104|5|131,01104|5|1031,URBANA OU NÃO IDENTIFICADA COMO RURAL,False,Ausência de marcador rural nos campos públicos,MÉDIA,True
03/08/2026,06:28:06,2026,AC,01104,JORDÃO,5,52,1040,CAMARA MUNICIPAL,AVENIDA FRANCISCO DIAS,CENTRO,69975000,-9.1904423,-71.9512875,ATIVO,ATIVO,Com acessibilidade,291,291,291,01104|5|52,01104|5|1040,URBANA OU NÃO IDENTIFICADA COMO RURAL,False,Ausência de marcador rural nos campos públicos,MÉDIA,True
03/08/2026,06:28:06,2026,AC,01104,JORDÃO,5,122,1040,CAMARA MUNICIPAL,AVENIDA FRANCISCO DIAS,CENTRO,69975000,-9.1904423,-71.9512875,ATIVO,ATIVO,Com acessibilidade,296,296,296,01104|5|122,01104|5|1040,URBANA OU NÃO IDENTIFICADA COMO RURAL,False,Ausência de marcador rural nos campos públicos,MÉDIA,True
03/08/2026,06:28:06,2026,AC,01104,JORDÃO,5,57,1058,ESCOLA DE ENSINO FUNDAMENTAL ATALIBA XIMENES ARAGAO,RIO MURU SERINGAL NOVO PORTO,ZONA RURAL,69975000,-9.2305159,-71.6506684,ATIVO,ATIVO,Com acessibilidade,243,243,243,01104|5|57,01104|5|1058,RURAL IDENTIFICADA,True,Termo RURAL no bairro ou no nome do local no arquivo do TSE,ALTA,True
03/08/2026,06:28:06,2026,AC,01104,JORDÃO,5,100,1058,ESCOLA DE ENSINO FUNDAMENTAL ATALIBA XIMENES ARAGAO,RIO MURU SERINGAL NOVO PORTO,ZONA RURAL,69975000,-9.2305159,-71.6506684,ATIVO,ATIVO,Com acessibilidade,240,240,240,01104|5|100,01104|5|1058,RURAL IDENTIFICADA,True,Termo RURAL no bairro ou no nome do local no arquivo do TSE,ALTA,True
03/08/2026,06:28:06,2026,AC,01104,JORDÃO,5,56,1066,ESCOLA DE ENSINO FUNDAMENTAL CORONEL FLORENCIO DA CUNHA,RIO TARAUACA SERINGAL ALAGOAS,ZONA RURAL,69975000,-8.824112,-71.81517,ATIVO,ATIVO,Com acessibilidade,155,311,311,01104|5|56,01104|5|1066,RURAL IDENTIFICADA,True,Termo RURAL no bairro ou no nome do local no arquivo do TSE,ALTA,True
03/08/2026,06:28:06,2026,AC,01104,JORDÃO,5,62,1066,ESCOLA DE ENSINO FUNDAMENTAL CORONEL FLORENCIO DA CUNHA,RIO TARAUACA SERINGAL ALAGOAS,ZONA RURAL,69975000,-8.824112,-71.81517,ATIVO,ATIVO,Com acessibilidade,156,156,156,01104|5|62,01104|5|1066,RURAL IDENTIFICADA,True,Termo RURAL no bairro ou no nome do local no arquivo do TSE,ALTA,True
03/08/2026,06:28:06,2026,AC,01104,JORDÃO,5,113,1066,ESCOLA DE ENSINO FUNDAMENTAL CORONEL FLORENCIO DA CUNHA,RIO TARAUACA SERINGAL ALAGOAS,ZONA RURAL,69975000,-8.824112,-71.81517,ATIVO,ATIVO,Com acessibilidade,156,0,0,01104|5|113,01104|5|1066,RURAL IDENTIFICADA,True,Termo RURAL no bairro ou no nome do local no arquivo do TSE,ALTA,True
03/08/2026,06:28:06,2026,AC,01104,JORDÃO,5,65,1074,ALDEIA INDIGENA BOA VISTA,"RESERVA INDIGENA, RIO JORDAO",ZONA RURAL,69975000,-9.3419967,-72.0724522,ATIVO,ATIVO,Com acessibilidade,200,200,200,01104|5|65,01104|5|1074,RURAL IDENTIFICADA,True,Termo RURAL no bairro ou no nome do local no arquivo do TSE,ALTA,True
03/08/2026,06:28:06,2026,AC,01104,JORDÃO,5,66,1074,ALDEIA INDIGENA BOA VISTA,"RESERVA INDIGENA, RIO JORDAO",ZONA RURAL,69975000,-9.3419967,-72.0724522,ATIVO,ATIVO,Com acessibilidade,200,200,200,01104|5|66,01104|5|1074,RURAL IDENTIFICADA,True,Termo RURAL no bairro ou no nome do local no arquivo do TSE,ALTA,True
03/08/2026,06:28:06,2026,AC,01104,JORDÃO,5,125,1074,ALDEIA INDIGENA BOA VISTA,"RESERVA INDIGENA, RIO JORDAO",ZONA RURAL,69975000,-9.3419967,-72.0724522,ATIVO,ATIVO,Com acessibilidade,197,197,197,01104|5|125,01104|5|1074,RURAL IDENTIFICADA,True,Termo RURAL no bairro ou no nome do local no arquivo do TSE,ALTA,True
03/08/2026,06:28:06,2026,AC,01104,JORDÃO,5,67,1104,ESCOLA PRÉ ESCOLAR 12 DE OUTUBRO,RUA CARLOS GONÇALVES DE FARIAS,CENTRO,69975000,-9.1905083,-71.9510917,ATIVO,ATIVO,Com acessibilidade,232,232,232,01104|5|67,01104|5|1104,URBANA OU NÃO IDENTIFICADA COMO RURAL,False,Ausência de marcador rural nos campos públicos,MÉDIA,True
03/08/2026,06:28:06,2026,AC,01104,JORDÃO,5,142,1104,ESCOLA PRÉ ESCOLAR 12 DE OUTUBRO,RUA CARLOS GONÇALVES DE FARIAS,CENTRO,69975000,-9.1905083,-71.9510917,ATIVO,ATIVO,Com acessibilidade,133,133,133,01104|5|142,01104|5|1104,URBANA OU NÃO IDENTIFICADA COMO RURAL,False,Ausência de marcador rural nos campos públicos,MÉDIA,True
03/08/2026,06:28:06,2026,AC,01104,JORDÃO,5,27,1112,ESCOLA JAIRO DE FIGUEIREDO MELO,"RUA TADEU TEIXEIRA DE ALBUQUERQUE, 1513",CENTRO,69975000,-9.1901994,-71.9483137,ATIVO,ATIVO,Com acessibilidade,284,284,284,01104|5|27,01104|5|1112,URBANA OU NÃO IDENTIFICADA COMO RURAL,False,Ausência de marcador rural nos campos públicos,MÉDIA,True
03/08/2026,06:28:06,2026,AC,01104,JORDÃO,5,32,1112,ESCOLA JAIRO DE FIGUEIREDO MELO,"RUA TADEU TEIXEIRA DE ALBUQUERQUE, 1513",CENTRO,69975000,-9.1901994,-71.9483137,ATIVO,ATIVO,Com acessibilidade,279,279,279,01104|5|32,01104|5|1112,URBANA OU NÃO IDENTIFICADA COMO RURAL,False,Ausência de marcador rural nos campos públicos,MÉDIA,True
03/08/2026,06:28:06,2026,AC,01104,JORDÃO,5,37,1112,ESCOLA JAIRO DE FIGUEIREDO MELO,"RUA TADEU TEIXEIRA DE ALBUQUERQUE, 1513",CENTRO,69975000,-9.1901994,-71.9483137,ATIVO,ATIVO,Com acessibilidade,283,283,283,01104|5|37,01104|5|1112,URBANA OU NÃO IDENTIFICADA COMO RURAL,False,Ausência de marcador rural nos campos públicos,MÉDIA,True
03/08/2026,06:28:06,2026,AC,01104,JORDÃO,5,45,1112,ESCOLA JAIRO DE FIGUEIREDO MELO,"RUA TADEU TEIXEIRA DE ALBUQUERQUE, 1513",CENTRO,69975000,-9.1901994,-71.9483137,ATIVO,ATIVO,Com acessibilidade,283,283,283,01104|5|45,01104|5|1112,URBANA OU NÃO IDENTIFICADA COMO RURAL,False,Ausência de marcador rural nos campos públicos,MÉDIA,True
03/08/2026,06:28:06,2026,AC,01104,JORDÃO,5,46,1112,ESCOLA JAIRO DE FIGUEIREDO MELO,"RUA TADEU TEIXEIRA DE ALBUQUERQUE, 1513",CENTRO,69975000,-9.1901994,-71.9483137,ATIVO,ATIVO,Com acessibilidade,283,283,283,01104|5|46,01104|5|1112,URBANA OU NÃO IDENTIFICADA COMO RURAL,False,Ausência de marcador rural nos campos públicos,MÉDIA,True
03/08/2026,06:28:06,2026,AC,01104,JORDÃO,5,137,1112,ESCOLA JAIRO DE FIGUEIREDO MELO,"RUA TADEU TEIXEIRA DE ALBUQUERQUE, 1513",CENTRO,69975000,-9.1901994,-71.9483137,ATIVO,ATIVO,Com acessibilidade,280,280,280,01104|5|137,01104|5|1112,URBANA OU NÃO IDENTIFICADA COMO RURAL,False,Ausência de marcador rural nos campos públicos,MÉDIA,True
03/08/2026,06:28:06,2026,AC,01554,MANOEL URBANO,3,41,1228,ESCOLA DOM PRÓPERO BERNARD,RUA PAULO VI,CENTRO,69950000,-8.8403791,-69.2611806,ATIVO,ATIVO,Com acessibilidade,316,316,316,01554|3|41,01554|3|1228,URBANA OU NÃO IDENTIFICADA COMO RURAL,False,Ausência de marcador rural nos campos públicos,MÉDIA,True
03/08/2026,06:28:06,2026,AC,01554,MANOEL URBANO,3,42,1228,ESCOLA DOM PRÓPERO BERNARD,RUA PAULO VI,CENTRO,69950000,-8.8403791,-69.2611806,ATIVO,ATIVO,Com acessibilidade,314,314,314,01554|3|42,01554|3|1228,URBANA OU NÃO IDENTIFICADA COMO RURAL,False,Ausência de marcador rural nos campos públicos,MÉDIA,True
03/08/2026,06:28:06,2026,AC,01554,MANOEL URBANO,3,135,1228,ESCOLA DOM PRÓPERO BERNARD,RUA PAULO VI,CENTRO,69950000,-8.8403791,-69.2611806,ATIVO,ATIVO,Com acessibilidade,316,316,316,01554|3|135,01554|3|1228,URBANA OU NÃO IDENTIFICADA COMO RURAL,False,Ausência de marcador rural nos campos públicos,MÉDIA,True
03/08/2026,06:28:06,2026,AC,01554,MANOEL URBANO,3,145,1228,ESCOLA DOM PRÓPERO BERNARD,RUA PAULO VI,CENTRO,69950000,-8.8403791,-69.2611806,ATIVO,ATIVO,Com acessibilidade,310,310,310,01554|3|145,01554|3|1228,URBANA OU NÃO IDENTIFICADA COMO RURAL,False,Ausência de marcador rural nos campos públicos,MÉDIA,True
03/08/2026,06:28:06,2026,AC,01554,MANOEL URBANO,3,150,1228,ESCOLA DOM PRÓPERO BERNARD,RUA PAULO VI,CENTRO,69950000,-8.8403791,-69.2611806,ATIVO,ATIVO,Com acessibilidade,314,314,314,01554|3|150,01554|3|1228,URBANA OU NÃO IDENTIFICADA COMO RURAL,False,Ausência de marcador rural nos campos públicos,MÉDIA,True
03/08/2026,06:28:06,2026,AC,01554,MANOEL URBANO,3,166,1228,ESCOLA DOM PRÓPERO BERNARD,RUA PAULO VI,CENTRO,69950000,-8.8403791,-69.2611806,ATIVO,ATIVO,Com acessibilidade,316,316,316,01554|3|166,01554|3|1228,URBANA OU NÃO IDENTIFICADA COMO RURAL,False,Ausência de marcador rural nos campos públicos,MÉDIA,True
03/08/2026,06:28:06,2026,AC,01554,MANOEL URBANO,3,43,1244,ESCOLA NAZIRA ANUTE DE LIMA,RUA FRANCISCO FREITAS,SAO JOSE,69950000,-8.8385281,-69.2628067,ATIVO,ATIVO,Com acessibilidade,283,283,283,01554|3|43,01554|3|1244,URBANA OU NÃO IDENTIFICADA COMO RURAL,False,Ausência de marcador rural nos campos públicos,MÉDIA,True
03/08/2026,06:28:06,2026,AC,01554,MANOEL URBANO,3,44,1244,ESCOLA NAZIRA ANUTE DE LIMA,RUA FRANCISCO FREITAS,SAO JOSE,69950000,-8.8385281,-69.2628067,ATIVO,ATIVO,Com acessibilidade,279,279,279,01554|3|44,01554|3|1244,URBANA OU NÃO IDENTIFICADA COMO RURAL,False,Ausência de marcador rural nos campos públicos,MÉDIA,True
03/08/2026,06:28:06,2026,AC,01554,MANOEL URBANO,3,45,1244,ESCOLA NAZIRA ANUTE DE LIMA,RUA FRANCISCO FREITAS,SAO JOSE,69950000,-8.8385281,-69.2628067,ATIVO,ATIVO,Com acessibilidade,282,282,282,01554|3|45,01554|3|1244,URBANA OU NÃO IDENTIFICADA COMO RURAL,False,Ausência de marcador rural nos campos públicos,MÉDIA,True
03/08/2026,06:28:06,2026,AC,01554,MANOEL URBANO,3,46,1244,ESCOLA NAZIRA ANUTE DE LIMA,RUA FRANCISCO FREITAS,SAO JOSE,69950000,-8.8385281,-69.2628067,ATIVO,ATIVO,Com acessibilidade,277,277,277,01554|3|46,01554|3|1244,URBANA OU NÃO IDENTIFICADA COMO RURAL,False,Ausência de marcador rural nos campos públicos,MÉDIA,True
03/08/2026,06:28:06,2026,AC,01554,MANOEL URBANO,3,59,1244,ESCOLA NAZIRA ANUTE DE LIMA,RUA FRANCISCO FREITAS,SAO JOSE,69950000,-8.8385281,-69.2628067,ATIVO,ATIVO,Com acessibilidade,282,282,282,01554|3|59,01554|3|1244,URBANA OU NÃO IDENTIFICADA COMO RURAL,False,Ausência de marcador rural nos campos públicos,MÉDIA,True
03/08/2026,06:28:06,2026,AC,01554,MANOEL URBANO,3,111,1244,ESCOLA NAZIRA ANUTE DE LIMA,RUA FRANCISCO FREITAS,SAO JOSE,69950000,-8.8385281,-69.2628067,ATIVO,ATIVO,Com acessibilidade,276,276,276,01554|3|111,01554|3|1244,URBANA OU NÃO IDENTIFICADA COMO RURAL,False,Ausência de marcador rural nos campos públicos,MÉDIA,True
03/08/2026,06:28:06,2026,AC,01554,MANOEL URBANO,3,132,1244,ESCOLA NAZIRA ANUTE DE LIMA,RUA FRANCISCO FREITAS,SAO JOSE,69950000,-8.8385281,-69.2628067,ATIVO,ATIVO,Com acessibilidade,277,277,277,01554|3|132,01554|3|1244,URBANA OU NÃO IDENTIFICADA COMO RURAL,False,Ausência de marcador rural nos campos públicos,MÉDIA,True
03/08/2026,06:28:06,2026,AC,01554,MANOEL URBANO,3,154,1244,ESCOLA NAZIRA ANUTE DE LIMA,RUA FRANCISCO FREITAS,SAO JOSE,69950000,-8.8385281,-69.2628067,ATIVO,ATIVO,Com acessibilidade,281,281,281,01554|3|154,01554|3|1244,URBANA OU NÃO IDENTIFICADA COMO RURAL,False,Ausência de marcador rural nos campos públicos,MÉDIA,True
03/08/2026,06:28:06,2026,AC,01554,MANOEL URBANO,3,47,1252,ESCOLA ANTONIA MENDES,RUA PRESIDENTE CASTELO BRANCO,SAO FRANCISCO,69950000,-8.8336119,-69.2593037,ATIVO,ATIVO,Com acessibilidade,290,290,290,01554|3|47,01554|3|1252,URBANA OU NÃO IDENTIFICADA COMO RURAL,False,Ausência de marcador rural nos campos públicos,MÉDIA,True
03/08/2026,06:28:06,2026,AC,01554,MANOEL URBANO,3,48,1252,ESCOLA ANTONIA MENDES,RUA PRESIDENTE CASTELO BRANCO,SAO FRANCISCO,69950000,-8.8336119,-69.2593037,ATIVO,ATIVO,Com acessibilidade,293,293,293,01554|3|48,01554|3|1252,URBANA OU NÃO IDENTIFICADA COMO RURAL,False,Ausência de marcador rural nos campos públicos,MÉDIA,True
03/08/2026,06:28:06,2026,AC,01554,MANOEL URBANO,3,89,1252,ESCOLA ANTONIA MENDES,RUA PRESIDENTE CASTELO BRANCO,SAO FRANCISCO,69950000,-8.8336119,-69.2593037,ATIVO,ATIVO,Com acessibilidade,289,289,289,01554|3|89,01554|3|1252,URBANA OU NÃO IDENTIFICADA COMO RURAL,False,Ausência de marcador rural nos campos públicos,MÉDIA,True
03/08/2026,06:28:06,2026,AC,01554,MANOEL URBANO,3,107,1252,ESCOLA ANTONIA MENDES,RUA PRESIDENTE CASTELO BRANCO,SAO FRANCISCO,69950000,-8.8336119,-69.2593037,ATIVO,ATIVO,Com acessibilidade,290,290,290,01554|3|107,01554|3|1252,URBANA OU NÃO IDENTIFICADA COMO RURAL,False,Ausência de marcador rural nos campos públicos,MÉDIA,True
03/08/2026,06:28:06,2026,AC,01554,MANOEL URBANO,3,49,1260,ESCOLA MARIA DAS GRAÇAS ALVES DA ROCHA,RUA FRANCISCO FERREIRA MENDES,SAO FRANCISCO,69950000,-8.8326352,-69.2666098,ATIVO,ATIVO,Com acessibilidade,293,293,293,01554|3|49,01554|3|1260,URBANA OU NÃO IDENTIFICADA COMO RURAL,False,Ausência de marcador rural nos campos públicos,MÉDIA,True
03/08/2026,06:28:06,2026,AC,01554,MANOEL URBANO,3,50,1260,ESCOLA MARIA DAS GRAÇAS ALVES DA ROCHA,RUA FRANCISCO FERREIRA MENDES,SAO FRANCISCO,69950000,-8.8326352,-69.2666098,ATIVO,ATIVO,Com acessibilidade,284,284,284,01554|3|50,01554|3|1260,URBANA OU NÃO IDENTIFICADA COMO RURAL,False,Ausência de marcador rural nos campos públicos,MÉDIA,True
03/08/2026,06:28:06,2026,AC,01554,MANOEL URBANO,3,139,1260,ESCOLA MARIA DAS GRAÇAS ALVES DA ROCHA,RUA FRANCISCO FERREIRA MENDES,SAO FRANCISCO,69950000,-8.8326352,-69.2666098,ATIVO,ATIVO,Com acessibilidade,290,290,290,01554|3|139,01554|3|1260,URBANA OU NÃO IDENTIFICADA COMO RURAL,False,Ausência de marcador rural nos campos públicos,MÉDIA,True
03/08/2026,06:28:06,2026,AC,01554,MANOEL URBANO,3,153,1260,ESCOLA MARIA DAS GRAÇAS ALVES DA ROCHA,RUA FRANCISCO FERREIRA MENDES,SAO FRANCISCO,69950000,-8.8326352,-69.2666098,ATIVO,ATIVO,Com acessibilidade,289,289,289,01554|3|153,01554|3|1260,URBANA OU NÃO IDENTIFICADA COMO RURAL,False,Ausência de marcador rural nos campos públicos,MÉDIA,True
03/08/2026,06:28:06,2026,AC,01554,MANOEL URBANO,3,51,1279,CRECHE YÊDA,RUA VALÉRIO CALDAS DE MAGALHÃES,CENTRO,69950000,-8.83976,-69.2603383,ATIVO,ATIVO,Com acessibilidade,259,259,259,01554|3|51,01554|3|1279,URBANA OU NÃO IDENTIFICADA COMO RURAL,False,Ausência de marcador rural nos campos públicos,MÉDIA,True
03/08/2026,06:28:06,2026,AC,01554,MANOEL URBANO,3,52,1279,CRECHE YÊDA,RUA VALÉRIO CALDAS DE MAGALHÃES,CENTRO,69950000,-8.83976,-69.2603383,ATIVO,ATIVO,Com acessibilidade,263,263,263,01554|3|52,01554|3|1279,URBANA OU NÃO IDENTIFICADA COMO RURAL,False,Ausência de marcador rural nos campos públicos,MÉDIA,True
03/08/2026,06:28:06,2026,AC,01554,MANOEL URBANO,3,165,1279,CRECHE YÊDA,RUA VALÉRIO CALDAS DE MAGALHÃES,CENTRO,69950000,-8.83976,-69.2603383,ATIVO,ATIVO,Com acessibilidade,259,259,259,01554|3|165,01554|3|1279,URBANA OU NÃO IDENTIFICADA COMO RURAL,False,Ausência de marcador rural nos campos públicos,MÉDIA,True
03/08/2026,06:28:06,2026,AC,01554,MANOEL URBANO,3,100,1287,POSTO DE SAÚDE (ALDEIA BUAÇÚ),ALDEIA BUAÇU - RIO PURUS,ZONA RURAL,69950000,-9.1130375,-69.7807872,ATIVO,ATIVO,Com acessibilidade,234,234,234,01554|3|100,01554|3|1287,RURAL IDENTIFICADA,True,Termo RURAL no bairro ou no nome do local no arquivo do TSE,ALTA,True
03/08/2026,06:28:06,2026,AC,01554,MANOEL URBANO,3,160,1287,POSTO DE SAÚDE (ALDEIA BUAÇÚ),ALDEIA BUAÇU - RIO PURUS,ZONA RURAL,69950000,-9.1130375,-69.7807872,ATIVO,ATIVO,Com acessibilidade,232,232,232,01554|3|160,01554|3|1287,RURAL IDENTIFICADA,True,Termo RURAL no bairro ou no nome do local no arquivo do TSE,ALTA,True
03/08/2026,06:28:06,2026,AC,01554,MANOEL URBANO,3,102,1295,ESCOLA MUNICIPAL LUIZ PLÁCIDO FERNANDES - (ITAÚBA),"SERINGAL ITAÚBA, RIO PURUS",ZONA RURAL,69950000,-8.75966059,-69.08869923,ATIVO,ATIVO,Com acessibilidade,106,106,106,01554|3|102,01554|3|1295,RURAL IDENTIFICADA,True,Termo RURAL no bairro ou no nome do local no arquivo do TSE,ALTA,True
03/08/2026,06:28:06,2026,AC,01554,MANOEL URBANO,3,126,1309,ESCOLA MENINO JESUS,RUA MANOEL BATISTA,ANIBAL SARAIVA,69950000,-8.8399189,-69.2634957,ATIVO,ATIVO,Com acessibilidade,275,275,275,01554|3|126,01554|3|1309,URBANA OU NÃO IDENTIFICADA COMO RURAL,False,Ausência de marcador rural nos campos públicos,MÉDIA,True
03/08/2026,06:28:06,2026,AC,01554,MANOEL URBANO,3,130,1309,ESCOLA MENINO JESUS,RUA MANOEL BATISTA,ANIBAL SARAIVA,69950000,-8.8399189,-69.2634957,ATIVO,ATIVO,Com acessibilidade,274,274,274,01554|3|130,01554|3|1309,URBANA OU NÃO IDENTIFICADA COMO RURAL,False,Ausência de marcador rural nos campos públicos,MÉDIA,True
03/08/2026,06:28:06,2026,AC,01554,MANOEL URBANO,3,171,1309,ESCOLA MENINO JESUS,RUA MANOEL BATISTA,ANIBAL SARAIVA,69950000,-8.8399189,-69.2634957,ATIVO,ATIVO,Com acessibilidade,278,278,278,01554|3|171,01554|3|1309,URBANA OU NÃO IDENTIFICADA COMO RURAL,False,Ausência de marcador rural nos campos públicos,MÉDIA,True
03/08/2026,06:28:06,2026,AC,01040,MARECHAL THAUMATURGO,4,73,1015,ESCOLA ELVIRA FERREIRA GOMES,RUA MÁRIO LOBÃO,CENTRO,69983000,-8.94623008,-72.7856015,ATIVO,ATIVO,Com acessibilidade,279,279,279,01040|4|73,01040|4|1015,URBANA OU NÃO IDENTIFICADA COMO RURAL,False,Ausência de marcador rural nos campos públicos,MÉDIA,True
03/08/2026,06:28:06,2026,AC,01040,MARECHAL THAUMATURGO,4,114,1015,ESCOLA ELVIRA FERREIRA GOMES,RUA MÁRIO LOBÃO,CENTRO,69983000,-8.94623008,-72.7856015,ATIVO,ATIVO,Com acessibilidade,281,281,281,01040|4|114,01040|4|1015,URBANA OU NÃO IDENTIFICADA COMO RURAL,False,Ausência de marcador rural nos campos públicos,MÉDIA,True
03/08/2026,06:28:06,2026,AC,01040,MARECHAL THAUMATURGO,4,251,1015,ESCOLA ELVIRA FERREIRA GOMES,RUA MÁRIO LOBÃO,CENTRO,69983000,-8.94623008,-72.7856015,ATIVO,ATIVO,Com acessibilidade,275,275,275,01040|4|251,01040|4|1015,URBANA OU NÃO IDENTIFICADA COMO RURAL,False,Ausência de marcador rural nos campos públicos,MÉDIA,True
03/08/2026,06:28:06,2026,AC,01040,MARECHAL THAUMATURGO,4,331,1015,ESCOLA ELVIRA FERREIRA GOMES,RUA MÁRIO LOBÃO,CENTRO,69983000,-8.94623008,-72.7856015,ATIVO,ATIVO,Com acessibilidade,277,277,277,01040|4|331,01040|4|1015,URBANA OU NÃO IDENTIFICADA COMO RURAL,False,Ausência de marcador rural nos campos públicos,MÉDIA,True
03/08/2026,06:28:06,2026,AC,01040,MARECHAL THAUMATURGO,4,424,1015,ESCOLA ELVIRA FERREIRA GOMES,RUA MÁRIO LOBÃO,CENTRO,69983000,-8.94623008,-72.7856015,ATIVO,ATIVO,Com acessibilidade,281,281,281,01040|4|424,01040|4|1015,URBANA OU NÃO IDENTIFICADA COMO RURAL,False,Ausência de marcador rural nos campos públicos,MÉDIA,True
03/08/2026,06:28:06,2026,AC,01040,MARECHAL THAUMATURGO,4,435,1015,ESCOLA ELVIRA FERREIRA GOMES,RUA MÁRIO LOBÃO,CENTRO,69983000,-8.94623008,-72.7856015,ATIVO,ATIVO,Com acessibilidade,280,280,280,01040|4|435,01040|4|1015,URBANA OU NÃO IDENTIFICADA COMO RURAL,False,Ausência de marcador rural nos campos públicos,MÉDIA,True
03/08/2026,06:28:06,2026,AC,01040,MARECHAL THAUMATURGO,4,463,1015,ESCOLA ELVIRA FERREIRA GOMES,RUA MÁRIO LOBÃO,CENTRO,69983000,-8.94623008,-72.7856015,ATIVO,ATIVO,Com acessibilidade,281,281,281,01040|4|463,01040|4|1015,URBANA OU NÃO IDENTIFICADA COMO RURAL,False,Ausência de marcador rural nos campos públicos,MÉDIA,True
03/08/2026,06:28:06,2026,AC,01040,MARECHAL THAUMATURGO,4,74,1023,ESCOLA JUSTINIANO DE SERPA,PRAÇA ODON FERREIRA DO VALE,CENTRO,69983000,-8.9495411,-72.78591881,ATIVO,ATIVO,Com acessibilidade,275,275,275,01040|4|74,01040|4|1023,URBANA OU NÃO IDENTIFICADA COMO RURAL,False,Ausência de marcador rural nos campos públicos,MÉDIA,True
03/08/2026,06:28:06,2026,AC,01040,MARECHAL THAUMATURGO,4,75,1023,ESCOLA JUSTINIANO DE SERPA,PRAÇA ODON FERREIRA DO VALE,CENTRO,69983000,-8.9495411,-72.78591881,ATIVO,ATIVO,Com acessibilidade,275,275,275,01040|4|75,01040|4|1023,URBANA OU NÃO IDENTIFICADA COMO RURAL,False,Ausência de marcador rural nos campos públicos,MÉDIA,True
03/08/2026,06:28:06,2026,AC,01040,MARECHAL THAUMATURGO,4,141,1023,ESCOLA JUSTINIANO DE SERPA,PRAÇA ODON FERREIRA DO VALE,CENTRO,69983000,-8.9495411,-72.78591881,ATIVO,ATIVO,Com acessibilidade,276,276,276,01040|4|141,01040|4|1023,URBANA OU NÃO IDENTIFICADA COMO RURAL,False,Ausência de marcador rural nos campos públicos,MÉDIA,True
03/08/2026,06:28:06,2026,AC,01040,MARECHAL THAUMATURGO,4,279,1023,ESCOLA JUSTINIANO DE SERPA,PRAÇA ODON FERREIRA DO VALE,CENTRO,69983000,-8.9495411,-72.78591881,ATIVO,ATIVO,Com acessibilidade,270,270,270,01040|4|279,01040|4|1023,URBANA OU NÃO IDENTIFICADA COMO RURAL,False,Ausência de marcador rural nos campos públicos,MÉDIA,True
03/08/2026,06:28:06,2026,AC,01040,MARECHAL THAUMATURGO,4,359,1023,ESCOLA JUSTINIANO DE SERPA,PRAÇA ODON FERREIRA DO VALE,CENTRO,69983000,-8.9495411,-72.78591881,ATIVO,ATIVO,Com acessibilidade,269,269,269,01040|4|359,01040|4|1023,URBANA OU NÃO IDENTIFICADA COMO RURAL,False,Ausência de marcador rural nos campos públicos,MÉDIA,True
03/08/2026,06:28:06,2026,AC,01040,MARECHAL THAUMATURGO,4,434,1023,ESCOLA JUSTINIANO DE SERPA,PRAÇA ODON FERREIRA DO VALE,CENTRO,69983000,-8.9495411,-72.78591881,ATIVO,ATIVO,Com acessibilidade,276,276,276,01040|4|434,01040|4|1023,URBANA OU NÃO IDENTIFICADA COMO RURAL,False,Ausência de marcador rural nos campos públicos,MÉDIA,True
03/08/2026,06:28:06,2026,AC,01040,MARECHAL THAUMATURGO,4,76,1031,ESCOLA MANOEL RODRIGUES DE ARAUJO,RUA FERNANDO GUAPINDAIA,CENTRO,69983000,-8.94853845,-72.78701107,ATIVO,ATIVO,Com acessibilidade,222,222,222,01040|4|76,01040|4|1031,URBANA OU NÃO IDENTIFICADA COMO RURAL,False,Ausência de marcador rural nos campos públicos,MÉDIA,True
03/08/2026,06:28:06,2026,AC,01040,MARECHAL THAUMATURGO,4,142,1031,ESCOLA MANOEL RODRIGUES DE ARAUJO,RUA FERNANDO GUAPINDAIA,CENTRO,69983000,-8.94853845,-72.78701107,ATIVO,ATIVO,Com acessibilidade,229,229,229,01040|4|142,01040|4|1031,URBANA OU NÃO IDENTIFICADA COMO RURAL,False,Ausência de marcador rural nos campos públicos,MÉDIA,True
03/08/2026,06:28:06,2026,AC,01040,MARECHAL THAUMATURGO,4,327,1031,ESCOLA MANOEL RODRIGUES DE ARAUJO,RUA FERNANDO GUAPINDAIA,CENTRO,69983000,-8.94853845,-72.78701107,ATIVO,ATIVO,Com acessibilidade,223,223,223,01040|4|327,01040|4|1031,URBANA OU NÃO IDENTIFICADA COMO RURAL,False,Ausência de marcador rural nos campos públicos,MÉDIA,True
03/08/2026,06:28:06,2026,AC,01040,MARECHAL THAUMATURGO,4,347,1031,ESCOLA MANOEL RODRIGUES DE ARAUJO,RUA FERNANDO GUAPINDAIA,CENTRO,69983000,-8.94853845,-72.78701107,ATIVO,ATIVO,Com acessibilidade,222,222,222,01040|4|347,01040|4|1031,URBANA OU NÃO IDENTIFICADA COMO RURAL,False,Ausência de marcador rural nos campos públicos,MÉDIA,True
03/08/2026,06:28:06,2026,AC,01040,MARECHAL THAUMATURGO,4,443,1031,ESCOLA MANOEL RODRIGUES DE ARAUJO,RUA FERNANDO GUAPINDAIA,CENTRO,69983000,-8.94853845,-72.78701107,ATIVO,ATIVO,Com acessibilidade,224,224,224,01040|4|443,01040|4|1031,URBANA OU NÃO IDENTIFICADA COMO RURAL,False,Ausência de marcador rural nos campos públicos,MÉDIA,True
03/08/2026,06:28:06,2026,AC,01040,MARECHAL THAUMATURGO,4,143,1040,ESCOLA ZILDA VASCONCELOS,VILA RESTAURAÇÃO - RIO TEJO,ZONA RURAL,69983000,-9.05924013,-72.24634976,ATIVO,ATIVO,Com acessibilidade,202,202,202,01040|4|143,01040|4|1040,RURAL IDENTIFICADA,True,Termo RURAL no bairro ou no nome do local no arquivo do TSE,ALTA,True
03/08/2026,06:28:06,2026,AC,01040,MARECHAL THAUMATURGO,4,196,1040,ESCOLA ZILDA VASCONCELOS,VILA RESTAURAÇÃO - RIO TEJO,ZONA RURAL,69983000,-9.05924013,-72.24634976,ATIVO,ATIVO,Com acessibilidade,203,203,203,01040|4|196,01040|4|1040,RURAL IDENTIFICADA,True,Termo RURAL no bairro ou no nome do local no arquivo do TSE,ALTA,True
03/08/2026,06:28:06,2026,AC,01040,MARECHAL THAUMATURGO,4,337,1040,ESCOLA ZILDA VASCONCELOS,VILA RESTAURAÇÃO - RIO TEJO,ZONA RURAL,69983000,-9.05924013,-72.24634976,ATIVO,ATIVO,Com acessibilidade,213,213,213,01040|4|337,01040|4|1040,RURAL IDENTIFICADA,True,Termo RURAL no bairro ou no nome do local no arquivo do TSE,ALTA,True
03/08/2026,06:28:06,2026,AC,01040,MARECHAL THAUMATURGO,4,504,1040,ESCOLA ZILDA VASCONCELOS,VILA RESTAURAÇÃO - RIO TEJO,ZONA RURAL,69983000,-9.05924013,-72.24634976,ATIVO,ATIVO,Sem acessibilidade,280,280,280,01040|4|504,01040|4|1040,RURAL IDENTIFICADA,True,Termo RURAL no bairro ou no nome do local no arquivo do TSE,ALTA,True
03/08/2026,06:28:06,2026,AC,01040,MARECHAL THAUMATURGO,4,160,1058,ESCOLA SAO RAIMUNDO,FAZENDA NATAL - RIO JURUA,ZONA RURAL,69983000,-9.31094776,-72.68885923,ATIVO,ATIVO,Com acessibilidade,148,291,291,01040|4|160,01040|4|1058,RURAL IDENTIFICADA,True,Termo RURAL no bairro ou no nome do local no arquivo do TSE,ALTA,True
03/08/2026,06:28:06,2026,AC,01040,MARECHAL THAUMATURGO,4,289,1058,ESCOLA SAO RAIMUNDO,FAZENDA NATAL - RIO JURUA,ZONA RURAL,69983000,-9.31094776,-72.68885923,ATIVO,ATIVO,Com acessibilidade,143,0,0,01040|4|289,01040|4|1058,RURAL IDENTIFICADA,True,Termo RURAL no bairro ou no nome do local no arquivo do TSE,ALTA,True
03/08/2026,06:28:06,2026,AC,01040,MARECHAL THAUMATURGO,4,161,1066,ESCOLA TANCREDO DE ALMEIDA NEVES,COMUNIDADE ACURIÁ - RIO JURUA,ZONA RURAL,69983000,-9.06415129,-72.68770807,ATIVO,ATIVO,Com acessibilidade,290,317,317,01040|4|161,01040|4|1066,RURAL IDENTIFICADA,True,Termo RURAL no bairro ou no nome do local no arquivo do TSE,ALTA,True
03/08/2026,06:28:06,2026,AC,01040,MARECHAL THAUMATURGO,4,375,1066,ESCOLA TANCREDO DE ALMEIDA NEVES,COMUNIDADE ACURIÁ - RIO JURUA,ZONA RURAL,69983000,-9.06415129,-72.68770807,ATIVO,ATIVO,Com acessibilidade,295,295,295,01040|4|375,01040|4|1066,RURAL IDENTIFICADA,True,Termo RURAL no bairro ou no nome do local no arquivo do TSE,ALTA,True
03/08/2026,06:28:06,2026,AC,01040,MARECHAL THAUMATURGO,4,505,1066,ESCOLA TANCREDO DE ALMEIDA NEVES,COMUNIDADE ACURIÁ - RIO JURUA,ZONA RURAL,69983000,-9.06415129,-72.68770807,ATIVO,ATIVO,Sem acessibilidade,27,0,0,01040|4|505,01040|4|1066,RURAL IDENTIFICADA,True,Termo RURAL no bairro ou no nome do local no arquivo do TSE,ALTA,True
03/08/2026,06:28:06,2026,AC,01040,MARECHAL THAUMATURGO,4,162,1074,ESCOLA JOÃO PRAXEDES,FOZ DO RIO BAJÉ,ZONA RURAL,69983000,-8.83450594,-72.76238015,ATIVO,ATIVO,Com acessibilidade,259,259,259,01040|4|162,01040|4|1074,RURAL IDENTIFICADA,True,Termo RURAL no bairro ou no nome do local no arquivo do TSE,ALTA,True
03/08/2026,06:28:06,2026,AC,01040,MARECHAL THAUMATURGO,4,201,1074,ESCOLA JOÃO PRAXEDES,FOZ DO RIO BAJÉ,ZONA RURAL,69983000,-8.83450594,-72.76238015,ATIVO,ATIVO,Com acessibilidade,261,261,261,01040|4|201,01040|4|1074,RURAL IDENTIFICADA,True,Termo RURAL no bairro ou no nome do local no arquivo do TSE,ALTA,True
03/08/2026,06:28:06,2026,AC,01040,MARECHAL THAUMATURGO,4,444,1074,ESCOLA JOÃO PRAXEDES,FOZ DO RIO BAJÉ,ZONA RURAL,69983000,-8.83450594,-72.76238015,ATIVO,ATIVO,Com acessibilidade,261,261,261,01040|4|444,01040|4|1074,RURAL IDENTIFICADA,True,Termo RURAL no bairro ou no nome do local no arquivo do TSE,ALTA,True
03/08/2026,06:28:06,2026,AC,01040,MARECHAL THAUMATURGO,4,163,1082,ESCOLA MARNIZIA CRUZ,SERINGAL TRIUNFO - RIO JURUA,ZONA RURAL,69983000,-8.77667259,-72.82957455,ATIVO,ATIVO,Com acessibilidade,239,239,239,01040|4|163,01040|4|1082,RURAL IDENTIFICADA,True,Termo RURAL no bairro ou no nome do local no arquivo do TSE,ALTA,True
03/08/2026,06:28:06,2026,AC,01040,MARECHAL THAUMATURGO,4,203,1082,ESCOLA MARNIZIA CRUZ,SERINGAL TRIUNFO - RIO JURUA,ZONA RURAL,69983000,-8.77667259,-72.82957455,ATIVO,ATIVO,Com acessibilidade,236,236,236,01040|4|203,01040|4|1082,RURAL IDENTIFICADA,True,Termo RURAL no bairro ou no nome do local no arquivo do TSE,ALTA,True
03/08/2026,06:28:06,2026,AC,01040,MARECHAL THAUMATURGO,4,441,1082,ESCOLA MARNIZIA CRUZ,SERINGAL TRIUNFO - RIO JURUA,ZONA RURAL,69983000,-8.77667259,-72.82957455,ATIVO,ATIVO,Com acessibilidade,234,234,234,01040|4|441,01040|4|1082,RURAL IDENTIFICADA,True,Termo RURAL no bairro ou no nome do local no arquivo do TSE,ALTA,True
03/08/2026,06:28:06,2026,AC,01040,MARECHAL THAUMATURGO,4,140,1090,ESCOLA  MARIA LUZIA ELIAS DOS SANTOS ,RUA ZILDA VASCONCELOS,CENTRO,69983000,-8.94754189,-72.78912718,ATIVO,ATIVO,Com acessibilidade,283,283,283,01040|4|140,01040|4|1090,URBANA OU NÃO IDENTIFICADA COMO RURAL,False,Ausência de marcador rural nos campos públicos,MÉDIA,True
03/08/2026,06:28:06,2026,AC,01040,MARECHAL THAUMATURGO,4,284,1090,ESCOLA  MARIA LUZIA ELIAS DOS SANTOS ,RUA ZILDA VASCONCELOS,CENTRO,69983000,-8.94754189,-72.78912718,ATIVO,ATIVO,Com acessibilidade,283,283,283,01040|4|284,01040|4|1090,URBANA OU NÃO IDENTIFICADA COMO RURAL,False,Ausência de marcador rural nos campos públicos,MÉDIA,True
03/08/2026,06:28:06,2026,AC,01040,MARECHAL THAUMATURGO,4,461,1090,ESCOLA  MARIA LUZIA ELIAS DOS SANTOS ,RUA ZILDA VASCONCELOS,CENTRO,69983000,-8.94754189,-72.78912718,ATIVO,ATIVO,Com acessibilidade,290,290,290,01040|4|461,01040|4|1090,URBANA OU NÃO IDENTIFICADA COMO RURAL,False,Ausência de marcador rural nos campos públicos,MÉDIA,True
03/08/2026,06:28:06,2026,AC,01040,MARECHAL THAUMATURGO,4,506,1090,ESCOLA  MARIA LUZIA ELIAS DOS SANTOS ,RUA ZILDA VASCONCELOS,CENTRO,69983000,-8.94754189,-72.78912718,ATIVO,ATIVO,Sem acessibilidade,207,207,207,01040|4|506,01040|4|1090,URBANA OU NÃO IDENTIFICADA COMO RURAL,False,Ausência de marcador rural nos campos públicos,MÉDIA,True
03/08/2026,06:28:06,2026,AC,01040,MARECHAL THAUMATURGO,4,182,1120,ESCOLA ERNESTINA RODRIGUES FERREIRA,FOZ DO BREU - RIO JURUÁ,ZONA RURAL,69983000,-9.41076551,-72.71554943,ATIVO,ATIVO,Com acessibilidade,263,263,263,01040|4|182,01040|4|1120,RURAL IDENTIFICADA,True,Termo RURAL no bairro ou no nome do local no arquivo do TSE,ALTA,True
03/08/2026,06:28:06,2026,AC,01040,MARECHAL THAUMATURGO,4,230,1120,ESCOLA ERNESTINA RODRIGUES FERREIRA,FOZ DO BREU - RIO JURUÁ,ZONA RURAL,69983000,-9.41076551,-72.71554943,ATIVO,ATIVO,Com acessibilidade,260,260,260,01040|4|230,01040|4|1120,RURAL IDENTIFICADA,True,Termo RURAL no bairro ou no nome do local no arquivo do TSE,ALTA,True
03/08/2026,06:28:06,2026,AC,01040,MARECHAL THAUMATURGO,4,223,1139,ESCOLA JOSÉ PINTO PEREIRA,COMUNIDADE BELFORT - RIO JURUA,ZONA RURAL,69983000,-9.19097111,-72.71199562,ATIVO,ATIVO,Com acessibilidade,268,268,268,01040|4|223,01040|4|1139,RURAL IDENTIFICADA,True,Termo RURAL no bairro ou no nome do local no arquivo do TSE,ALTA,True
03/08/2026,06:28:06,2026,AC,01040,MARECHAL THAUMATURGO,4,294,1139,ESCOLA JOSÉ PINTO PEREIRA,COMUNIDADE BELFORT - RIO JURUA,ZONA RURAL,69983000,-9.19097111,-72.71199562,ATIVO,ATIVO,Com acessibilidade,268,268,268,01040|4|294,01040|4|1139,RURAL IDENTIFICADA,True,Termo RURAL no bairro ou no nome do local no arquivo do TSE,ALTA,True
03/08/2026,06:28:06,2026,AC,01040,MARECHAL THAUMATURGO,4,236,1147,ESCOLA SAMUEL PIYÃKO,ALDEIA APWTXA - RIO AMONEA,ZONA RURAL,69983000,-9.17073047,-72.9120243,ATIVO,ATIVO,Com acessibilidade,185,261,261,01040|4|236,01040|4|1147,RURAL IDENTIFICADA,True,Termo RURAL no bairro ou no nome do local no arquivo do TSE,ALTA,True
03/08/2026,06:28:06,2026,AC,01040,MARECHAL THAUMATURGO,4,384,1147,ESCOLA SAMUEL PIYÃKO,ALDEIA APWTXA - RIO AMONEA,ZONA RURAL,69983000,-9.17073047,-72.9120243,ATIVO,ATIVO,Com acessibilidade,202,202,202,01040|4|384,01040|4|1147,RURAL IDENTIFICADA,True,Termo RURAL no bairro ou no nome do local no arquivo do TSE,ALTA,True
03/08/2026,06:28:06,2026,AC,01040,MARECHAL THAUMATURGO,4,503,1147,ESCOLA SAMUEL PIYÃKO,ALDEIA APWTXA - RIO AMONEA,ZONA RURAL,69983000,-9.17073047,-72.9120243,ATIVO,ATIVO,Sem acessibilidade,76,0,0,01040|4|503,01040|4|1147,RURAL IDENTIFICADA,True,Termo RURAL no bairro ou no nome do local no arquivo do TSE,ALTA,True
03/08/2026,06:28:06,2026,AC,01040,MARECHAL THAUMATURGO,4,237,1155,ESCOLA JOSEFA LOPES DA CUNHA,COMUNIDADE COCAL - RIO BAJE,ZONA RURAL,69983000,-8.93183873,-72.43639041,ATIVO,ATIVO,Com acessibilidade,199,199,199,01040|4|237,01040|4|1155,RURAL IDENTIFICADA,True,Termo RURAL no bairro ou no nome do local no arquivo do TSE,ALTA,True
03/08/2026,06:28:06,2026,AC,01040,MARECHAL THAUMATURGO,4,389,1155,ESCOLA JOSEFA LOPES DA CUNHA,COMUNIDADE COCAL - RIO BAJE,ZONA RURAL,69983000,-8.93183873,-72.43639041,ATIVO,ATIVO,Com acessibilidade,200,200,200,01040|4|389,01040|4|1155,RURAL IDENTIFICADA,True,Termo RURAL no bairro ou no nome do local no arquivo do TSE,ALTA,True
03/08/2026,06:28:06,2026,AC,01040,MARECHAL THAUMATURGO,4,326,1163,ESCOLA INDIGENA BOA VISTA,ALDEIA SAO JORGE - RIO BREU,ZONA RURAL,69983000,-9.47846278,-72.42839254,ATIVO,ATIVO,Com acessibilidade,278,278,278,01040|4|326,01040|4|1163,RURAL IDENTIFICADA,True,Termo RURAL no bairro ou no nome do local no arquivo do TSE,ALTA,True
03/08/2026,06:28:06,2026,AC,01040,MARECHAL THAUMATURGO,4,324,1171,ESCOLA ANTÔNIO RUBENS PINHEIRO,FAZENDA CACHOEIRA - RIO JURUÁ,ZONA RURAL,69983000,-9.22939379,-72.70349658,ATIVO,ATIVO,Com acessibilidade,239,239,239,01040|4|324,01040|4|1171,RURAL IDENTIFICADA,True,Termo RURAL no bairro ou no nome do local no arquivo do TSE,ALTA,True
03/08/2026,06:28:06,2026,AC,01040,MARECHAL THAUMATURGO,4,318,1180,ESCOLA PRAXEDES BRANDÃO,COMUNIDADE ORIENTE - RIO JURUÁ,ZONA RURAL,69983000,-8.94218803,-72.58006928,ATIVO,ATIVO,Com acessibilidade,230,230,230,01040|4|318,01040|4|1180,RURAL IDENTIFICADA,True,Termo RURAL no bairro ou no nome do local no arquivo do TSE,ALTA,True
03/08/2026,06:28:06,2026,AC,01040,MARECHAL THAUMATURGO,4,456,1180,ESCOLA PRAXEDES BRANDÃO,COMUNIDADE ORIENTE - RIO JURUÁ,ZONA RURAL,69983000,-8.94218803,-72.58006928,ATIVO,ATIVO,Com acessibilidade,120,120,120,01040|4|456,01040|4|1180,RURAL IDENTIFICADA,True,Termo RURAL no bairro ou no nome do local no arquivo do TSE,ALTA,True
03/08/2026,06:28:06,2026,AC,01090,MÂNCIO LIMA,4,89,1015,ESCOLA JOSE BERNARDO DE SOUZA,RUA JOSE SENA,CENTRO,69990000,-7.6128595,-72.9013009,ATIVO,ATIVO,Com acessibilidade,247,247,247,01090|4|89,01090|4|1015,URBANA OU NÃO IDENTIFICADA COMO RURAL,False,Ausência de marcador rural nos campos públicos,MÉDIA,True
03/08/2026,06:28:06,2026,AC,01090,MÂNCIO LIMA,4,248,1015,ESCOLA JOSE BERNARDO DE SOUZA,RUA JOSE SENA,CENTRO,69990000,-7.6128595,-72.9013009,ATIVO,ATIVO,Com acessibilidade,249,249,249,01090|4|248,01090|4|1015,URBANA OU NÃO IDENTIFICADA COMO RURAL,False,Ausência de marcador rural nos campos públicos,MÉDIA,True
03/08/2026,06:28:06,2026,AC,01090,MÂNCIO LIMA,4,90,1023,SECRETARIA DE ACAO SOCIAL,RUA FRANCISCA ALVES FERREIRA,JOSE MARTINS,69990000,-7.6116109,-72.9116021,ATIVO,ATIVO,Com acessibilidade,128,255,255,01090|4|90,01090|4|1023,URBANA OU NÃO IDENTIFICADA COMO RURAL,False,Ausência de marcador rural nos campos públicos,MÉDIA,True
03/08/2026,06:28:06,2026,AC,01090,MÂNCIO LIMA,4,96,1023,SECRETARIA DE ACAO SOCIAL,RUA FRANCISCA ALVES FERREIRA,JOSE MARTINS,69990000,-7.6116109,-72.9116021,ATIVO,ATIVO,Com acessibilidade,133,133,133,01090|4|96,01090|4|1023,URBANA OU NÃO IDENTIFICADA COMO RURAL,False,Ausência de marcador rural nos campos públicos,MÉDIA,True
03/08/2026,06:28:06,2026,AC,01090,MÂNCIO LIMA,4,98,1023,SECRETARIA DE ACAO SOCIAL,RUA FRANCISCA ALVES FERREIRA,JOSE MARTINS,69990000,-7.6116109,-72.9116021,ATIVO,ATIVO,Com acessibilidade,127,0,0,01090|4|98,01090|4|1023,URBANA OU NÃO IDENTIFICADA COMO RURAL,False,Ausência de marcador rural nos campos públicos,MÉDIA,True
03/08/2026,06:28:06,2026,AC,01090,MÂNCIO LIMA,4,91,1031,ESCOLA PADRE EDSON OLIVEIRA DANTAS,RUA FRANSCICA ALVES FERREIRA - 224,JOSE MARTINS,69990000,-7.6086556,-72.9088936,ATIVO,ATIVO,Com acessibilidade,219,219,219,01090|4|91,01090|4|1031,URBANA OU NÃO IDENTIFICADA COMO RURAL,False,Ausência de marcador rural nos campos públicos,MÉDIA,True
03/08/2026,06:28:06,2026,AC,01090,MÂNCIO LIMA,4,99,1031,ESCOLA PADRE EDSON OLIVEIRA DANTAS,RUA FRANSCICA ALVES FERREIRA - 224,JOSE MARTINS,69990000,-7.6086556,-72.9088936,ATIVO,ATIVO,Com acessibilidade,215,215,215,01090|4|99,01090|4|1031,URBANA OU NÃO IDENTIFICADA COMO RURAL,False,Ausência de marcador rural nos campos públicos,MÉDIA,True
03/08/2026,06:28:06,2026,AC,01090,MÂNCIO LIMA,4,100,1031,ESCOLA PADRE EDSON OLIVEIRA DANTAS,RUA FRANSCICA ALVES FERREIRA - 224,JOSE MARTINS,69990000,-7.6086556,-72.9088936,ATIVO,ATIVO,Com acessibilidade,219,219,219,01090|4|100,01090|4|1031,URBANA OU NÃO IDENTIFICADA COMO RURAL,False,Ausência de marcador rural nos campos públicos,MÉDIA,True
03/08/2026,06:28:06,2026,AC,01090,MÂNCIO LIMA,4,116,1031,ESCOLA PADRE EDSON OLIVEIRA DANTAS,RUA FRANSCICA ALVES FERREIRA - 224,JOSE MARTINS,69990000,-7.6086556,-72.9088936,ATIVO,ATIVO,Com acessibilidade,217,217,217,01090|4|116,01090|4|1031,URBANA OU NÃO IDENTIFICADA COMO RURAL,False,Ausência de marcador rural nos campos públicos,MÉDIA,True
03/08/2026,06:28:06,2026,AC,01090,MÂNCIO LIMA,4,122,1031,ESCOLA PADRE EDSON OLIVEIRA DANTAS,RUA FRANSCICA ALVES FERREIRA - 224,JOSE MARTINS,69990000,-7.6086556,-72.9088936,ATIVO,ATIVO,Com acessibilidade,219,219,219,01090|4|122,01090|4|1031,URBANA OU NÃO IDENTIFICADA COMO RURAL,False,Ausência de marcador rural nos campos públicos,MÉDIA,True
03/08/2026,06:28:06,2026,AC,01090,MÂNCIO LIMA,4,127,1031,ESCOLA PADRE EDSON OLIVEIRA DANTAS,RUA FRANSCICA ALVES FERREIRA - 224,JOSE MARTINS,69990000,-7.6086556,-72.9088936,ATIVO,ATIVO,Com acessibilidade,227,227,227,01090|4|127,01090|4|1031,URBANA OU NÃO IDENTIFICADA COMO RURAL,False,Ausência de marcador rural nos campos públicos,MÉDIA,True
03/08/2026,06:28:06,2026,AC,01090,MÂNCIO LIMA,4,92,1040,COORDENACAO DE ENSINO,RUA JOAQUIM GENEROSO DE OLIVEIRA -  202,COBAL,69990000,-7.612796,-72.8998813,ATIVO,ATIVO,Com acessibilidade,169,233,233,01090|4|92,01090|4|1040,URBANA OU NÃO IDENTIFICADA COMO RURAL,False,Ausência de marcador rural nos campos públicos,MÉDIA,True
03/08/2026,06:28:06,2026,AC,01090,MÂNCIO LIMA,4,371,1040,COORDENACAO DE ENSINO,RUA JOAQUIM GENEROSO DE OLIVEIRA -  202,COBAL,69990000,-7.612796,-72.8998813,ATIVO,ATIVO,Com acessibilidade,64,0,0,01090|4|371,01090|4|1040,URBANA OU NÃO IDENTIFICADA COMO RURAL,False,Ausência de marcador rural nos campos públicos,MÉDIA,True
03/08/2026,06:28:06,2026,AC,01090,MÂNCIO LIMA,4,93,1058,ESCOLA ANTONIO DE OLIVEIRA DANTAS,RUA DOM JOSE HASCHER - 382,SAO VIDAL,69990000,-7.6145899,-72.9090339,ATIVO,ATIVO,Com acessibilidade,279,279,279,01090|4|93,01090|4|1058,URBANA OU NÃO IDENTIFICADA COMO RURAL,False,Ausência de marcador rural nos campos públicos,MÉDIA,True
03/08/2026,06:28:06,2026,AC,01090,MÂNCIO LIMA,4,95,1058,ESCOLA ANTONIO DE OLIVEIRA DANTAS,RUA DOM JOSE HASCHER - 382,SAO VIDAL,69990000,-7.6145899,-72.9090339,ATIVO,ATIVO,Com acessibilidade,288,288,288,01090|4|95,01090|4|1058,URBANA OU NÃO IDENTIFICADA COMO RURAL,False,Ausência de marcador rural nos campos públicos,MÉDIA,True
03/08/2026,06:28:06,2026,AC,01090,MÂNCIO LIMA,4,153,1058,ESCOLA ANTONIO DE OLIVEIRA DANTAS,RUA DOM JOSE HASCHER - 382,SAO VIDAL,69990000,-7.6145899,-72.9090339,ATIVO,ATIVO,Com acessibilidade,280,280,280,01090|4|153,01090|4|1058,URBANA OU NÃO IDENTIFICADA COMO RURAL,False,Ausência de marcador rural nos campos públicos,MÉDIA,True
03/08/2026,06:28:06,2026,AC,01090,MÂNCIO LIMA,4,364,1058,ESCOLA ANTONIO DE OLIVEIRA DANTAS,RUA DOM JOSE HASCHER - 382,SAO VIDAL,69990000,-7.6145899,-72.9090339,ATIVO,ATIVO,Com acessibilidade,284,284,284,01090|4|364,01090|4|1058,URBANA OU NÃO IDENTIFICADA COMO RURAL,False,Ausência de marcador rural nos campos públicos,MÉDIA,True
03/08/2026,06:28:06,2026,AC,01090,MÂNCIO LIMA,4,432,1058,ESCOLA ANTONIO DE OLIVEIRA DANTAS,RUA DOM JOSE HASCHER - 382,SAO VIDAL,69990000,-7.6145899,-72.9090339,ATIVO,ATIVO,Com acessibilidade,288,288,288,01090|4|432,01090|4|1058,URBANA OU NÃO IDENTIFICADA COMO RURAL,False,Ausência de marcador rural nos campos públicos,MÉDIA,True
03/08/2026,06:28:06,2026,AC,01090,MÂNCIO LIMA,4,466,1058,ESCOLA ANTONIO DE OLIVEIRA DANTAS,RUA DOM JOSE HASCHER - 382,SAO VIDAL,69990000,-7.6145899,-72.9090339,ATIVO,ATIVO,Com acessibilidade,283,283,283,01090|4|466,01090|4|1058,URBANA OU NÃO IDENTIFICADA COMO RURAL,False,Ausência de marcador rural nos campos públicos,MÉDIA,True
03/08/2026,06:28:06,2026,AC,01090,MÂNCIO LIMA,4,94,1066,CAMARA MUNICIPAL,AV. JAPIIM - 1260,CENTRO,0,-7.6110752,-72.9039073,ATIVO,ATIVO,Com acessibilidade,193,193,193,01090|4|94,01090|4|1066,URBANA OU NÃO IDENTIFICADA COMO RURAL,False,Ausência de marcador rural nos campos públicos,MÉDIA,True
03/08/2026,06:28:06,2026,AC,01090,MÂNCIO LIMA,4,264,1066,CAMARA MUNICIPAL,AV. JAPIIM - 1260,CENTRO,0,-7.6110752,-72.9039073,ATIVO,ATIVO,Com acessibilidade,187,187,187,01090|4|264,01090|4|1066,URBANA OU NÃO IDENTIFICADA COMO RURAL,False,Ausência de marcador rural nos campos públicos,MÉDIA,True
03/08/2026,06:28:06,2026,AC,01090,MÂNCIO LIMA,4,218,1074,ESCOLA JOSE SENA,COMUNIDADE BOM SOSSEGO  - RIO AZUL,ZONA RURAL,69990000,-7.7197963,-73.3446158,ATIVO,ATIVO,Com acessibilidade,152,152,152,01090|4|218,01090|4|1074,RURAL IDENTIFICADA,True,Termo RURAL no bairro ou no nome do local no arquivo do TSE,ALTA,True
03/08/2026,06:28:06,2026,AC,01090,MÂNCIO LIMA,4,445,1074,ESCOLA JOSE SENA,COMUNIDADE BOM SOSSEGO  - RIO AZUL,ZONA RURAL,69990000,-7.7197963,-73.3446158,ATIVO,ATIVO,Com acessibilidade,154,154,154,01090|4|445,01090|4|1074,RURAL IDENTIFICADA,True,Termo RURAL no bairro ou no nome do local no arquivo do TSE,ALTA,True
03/08/2026,06:28:06,2026,AC,01090,MÂNCIO LIMA,4,217,1090,ESCOLA JOSEFA DE QUEIROZ,FOZ DO ANIL - RIO MOA,ZONA RURAL,69990000,-7.4558053,-73.6440216,ATIVO,ATIVO,Com acessibilidade,219,219,219,01090|4|217,01090|4|1090,RURAL IDENTIFICADA,True,Termo RURAL no bairro ou no nome do local no arquivo do TSE,ALTA,True
03/08/2026,06:28:06,2026,AC,01090,MÂNCIO LIMA,4,101,1120,ESCOLA FRANCISCO FREIRE DE CARVALHO,RUA GUIOMARD PINHEIRO  FREIRE RODRIGUES - 061,SAO FRANCISCO,69990000,-7.5958235,-72.9249441,ATIVO,ATIVO,Com acessibilidade,278,278,278,01090|4|101,01090|4|1120,URBANA OU NÃO IDENTIFICADA COMO RURAL,False,Ausência de marcador rural nos campos públicos,MÉDIA,True
03/08/2026,06:28:06,2026,AC,01090,MÂNCIO LIMA,4,102,1120,ESCOLA FRANCISCO FREIRE DE CARVALHO,RUA GUIOMARD PINHEIRO  FREIRE RODRIGUES - 061,SAO FRANCISCO,69990000,-7.5958235,-72.9249441,ATIVO,ATIVO,Com acessibilidade,269,269,269,01090|4|102,01090|4|1120,URBANA OU NÃO IDENTIFICADA COMO RURAL,False,Ausência de marcador rural nos campos públicos,MÉDIA,True
03/08/2026,06:28:06,2026,AC,01090,MÂNCIO LIMA,4,180,1120,ESCOLA FRANCISCO FREIRE DE CARVALHO,RUA GUIOMARD PINHEIRO  FREIRE RODRIGUES - 061,SAO FRANCISCO,69990000,-7.5958235,-72.9249441,ATIVO,ATIVO,Com acessibilidade,271,271,271,01090|4|180,01090|4|1120,URBANA OU NÃO IDENTIFICADA COMO RURAL,False,Ausência de marcador rural nos campos públicos,MÉDIA,True
03/08/2026,06:28:06,2026,AC,01090,MÂNCIO LIMA,4,216,1120,ESCOLA FRANCISCO FREIRE DE CARVALHO,RUA GUIOMARD PINHEIRO  FREIRE RODRIGUES - 061,SAO FRANCISCO,69990000,-7.5958235,-72.9249441,ATIVO,ATIVO,Com acessibilidade,273,273,273,01090|4|216,01090|4|1120,URBANA OU NÃO IDENTIFICADA COMO RURAL,False,Ausência de marcador rural nos campos públicos,MÉDIA,True
03/08/2026,06:28:06,2026,AC,01090,MÂNCIO LIMA,4,267,1120,ESCOLA FRANCISCO FREIRE DE CARVALHO,RUA GUIOMARD PINHEIRO  FREIRE RODRIGUES - 061,SAO FRANCISCO,69990000,-7.5958235,-72.9249441,ATIVO,ATIVO,Com acessibilidade,269,269,269,01090|4|267,01090|4|1120,URBANA OU NÃO IDENTIFICADA COMO RURAL,False,Ausência de marcador rural nos campos públicos,MÉDIA,True
03/08/2026,06:28:06,2026,AC,01090,MÂNCIO LIMA,4,346,1120,ESCOLA FRANCISCO FREIRE DE CARVALHO,RUA GUIOMARD PINHEIRO  FREIRE RODRIGUES - 061,SAO FRANCISCO,69990000,-7.5958235,-72.9249441,ATIVO,ATIVO,Com acessibilidade,270,270,270,01090|4|346,01090|4|1120,URBANA OU NÃO IDENTIFICADA COMO RURAL,False,Ausência de marcador rural nos campos públicos,MÉDIA,True
03/08/2026,06:28:06,2026,AC,01090,MÂNCIO LIMA,4,425,1120,ESCOLA FRANCISCO FREIRE DE CARVALHO,RUA GUIOMARD PINHEIRO  FREIRE RODRIGUES - 061,SAO FRANCISCO,69990000,-7.5958235,-72.9249441,ATIVO,ATIVO,Com acessibilidade,272,272,272,01090|4|425,01090|4|1120,URBANA OU NÃO IDENTIFICADA COMO RURAL,False,Ausência de marcador rural nos campos públicos,MÉDIA,True
03/08/2026,06:28:06,2026,AC,01090,MÂNCIO LIMA,4,436,1120,ESCOLA FRANCISCO FREIRE DE CARVALHO,RUA GUIOMARD PINHEIRO  FREIRE RODRIGUES - 061,SAO FRANCISCO,69990000,-7.5958235,-72.9249441,ATIVO,ATIVO,Com acessibilidade,270,270,270,01090|4|436,01090|4|1120,URBANA OU NÃO IDENTIFICADA COMO RURAL,False,Ausência de marcador rural nos campos públicos,MÉDIA,True
03/08/2026,06:28:06,2026,AC,01090,MÂNCIO LIMA,4,491,1120,ESCOLA FRANCISCO FREIRE DE CARVALHO,RUA GUIOMARD PINHEIRO  FREIRE RODRIGUES - 061,SAO FRANCISCO,69990000,-7.5958235,-72.9249441,ATIVO,ATIVO,Sem acessibilidade,274,274,274,01090|4|491,01090|4|1120,URBANA OU NÃO IDENTIFICADA COMO RURAL,False,Ausência de marcador rural nos campos públicos,MÉDIA,True
03/08/2026,06:28:06,2026,AC,01090,MÂNCIO LIMA,4,97,1139,ESCOLA BELARMINO DE MENDONCA,AV JAPIM - 0821,CENTRO,69990000,-7.6137021,-72.9020742,ATIVO,ATIVO,Com acessibilidade,287,287,287,01090|4|97,01090|4|1139,URBANA OU NÃO IDENTIFICADA COMO RURAL,False,Ausência de marcador rural nos campos públicos,MÉDIA,True
03/08/2026,06:28:06,2026,AC,01090,MÂNCIO LIMA,4,103,1139,ESCOLA BELARMINO DE MENDONCA,AV JAPIM - 0821,CENTRO,69990000,-7.6137021,-72.9020742,ATIVO,ATIVO,Com acessibilidade,281,281,281,01090|4|103,01090|4|1139,URBANA OU NÃO IDENTIFICADA COMO RURAL,False,Ausência de marcador rural nos campos públicos,MÉDIA,True
03/08/2026,06:28:06,2026,AC,01090,MÂNCIO LIMA,4,366,1139,ESCOLA BELARMINO DE MENDONCA,AV JAPIM - 0821,CENTRO,69990000,-7.6137021,-72.9020742,ATIVO,ATIVO,Com acessibilidade,280,280,280,01090|4|366,01090|4|1139,URBANA OU NÃO IDENTIFICADA COMO RURAL,False,Ausência de marcador rural nos campos públicos,MÉDIA,True
03/08/2026,06:28:06,2026,AC,01090,MÂNCIO LIMA,4,433,1139,ESCOLA BELARMINO DE MENDONCA,AV JAPIM - 0821,CENTRO,69990000,-7.6137021,-72.9020742,ATIVO,ATIVO,Com acessibilidade,285,285,285,01090|4|433,01090|4|1139,URBANA OU NÃO IDENTIFICADA COMO RURAL,False,Ausência de marcador rural nos campos públicos,MÉDIA,True
03/08/2026,06:28:06,2026,AC,01090,MÂNCIO LIMA,4,104,1147,ESCOLA 1º DE MAIO,RUA JOSÉ DIAS - 560,GUARANI,69990000,-7.6295918,-72.8780274,ATIVO,ATIVO,Com acessibilidade,278,278,278,01090|4|104,01090|4|1147,URBANA OU NÃO IDENTIFICADA COMO RURAL,False,Ausência de marcador rural nos campos públicos,MÉDIA,True
03/08/2026,06:28:06,2026,AC,01090,MÂNCIO LIMA,4,190,1147,ESCOLA 1º DE MAIO,RUA JOSÉ DIAS - 560,GUARANI,69990000,-7.6295918,-72.8780274,ATIVO,ATIVO,Com acessibilidade,277,277,277,01090|4|190,01090|4|1147,URBANA OU NÃO IDENTIFICADA COMO RURAL,False,Ausência de marcador rural nos campos públicos,MÉDIA,True
03/08/2026,06:28:06,2026,AC,01090,MÂNCIO LIMA,4,265,1147,ESCOLA 1º DE MAIO,RUA JOSÉ DIAS - 560,GUARANI,69990000,-7.6295918,-72.8780274,ATIVO,ATIVO,Com acessibilidade,278,278,278,01090|4|265,01090|4|1147,URBANA OU NÃO IDENTIFICADA COMO RURAL,False,Ausência de marcador rural nos campos públicos,MÉDIA,True
03/08/2026,06:28:06,2026,AC,01090,MÂNCIO LIMA,4,335,1147,ESCOLA 1º DE MAIO,RUA JOSÉ DIAS - 560,GUARANI,69990000,-7.6295918,-72.8780274,ATIVO,ATIVO,Com acessibilidade,271,271,271,01090|4|335,01090|4|1147,URBANA OU NÃO IDENTIFICADA COMO RURAL,False,Ausência de marcador rural nos campos públicos,MÉDIA,True
03/08/2026,06:28:06,2026,AC,01090,MÂNCIO LIMA,4,414,1147,ESCOLA 1º DE MAIO,RUA JOSÉ DIAS - 560,GUARANI,69990000,-7.6295918,-72.8780274,ATIVO,ATIVO,Com acessibilidade,278,278,278,01090|4|414,01090|4|1147,URBANA OU NÃO IDENTIFICADA COMO RURAL,False,Ausência de marcador rural nos campos públicos,MÉDIA,True
03/08/2026,06:28:06,2026,AC,01090,MÂNCIO LIMA,4,437,1147,ESCOLA 1º DE MAIO,RUA JOSÉ DIAS - 560,GUARANI,69990000,-7.6295918,-72.8780274,ATIVO,ATIVO,Com acessibilidade,278,278,278,01090|4|437,01090|4|1147,URBANA OU NÃO IDENTIFICADA COMO RURAL,False,Ausência de marcador rural nos campos públicos,MÉDIA,True
03/08/2026,06:28:06,2026,AC,01090,MÂNCIO LIMA,4,473,1147,ESCOLA 1º DE MAIO,RUA JOSÉ DIAS - 560,GUARANI,69990000,-7.6295918,-72.8780274,ATIVO,ATIVO,Com acessibilidade,272,272,272,01090|4|473,01090|4|1147,URBANA OU NÃO IDENTIFICADA COMO RURAL,False,Ausência de marcador rural nos campos públicos,MÉDIA,True
03/08/2026,06:28:06,2026,AC,01090,MÂNCIO LIMA,4,151,1163,ESCOLA PEDRO ANTONIO DE OLIVEIRA,SERINGAL REPUBLICA - RIO MOA,ZONA RURAL,69990000,-7.4314925,-73.4627929,ATIVO,ATIVO,Com acessibilidade,289,289,289,01090|4|151,01090|4|1163,RURAL IDENTIFICADA,True,Termo RURAL no bairro ou no nome do local no arquivo do TSE,ALTA,True
03/08/2026,06:28:06,2026,AC,01090,MÂNCIO LIMA,4,181,1163,ESCOLA PEDRO ANTONIO DE OLIVEIRA,SERINGAL REPUBLICA - RIO MOA,ZONA RURAL,69990000,-7.4314925,-73.4627929,ATIVO,ATIVO,Com acessibilidade,288,288,288,01090|4|181,01090|4|1163,RURAL IDENTIFICADA,True,Termo RURAL no bairro ou no nome do local no arquivo do TSE,ALTA,True
03/08/2026,06:28:06,2026,AC,01090,MÂNCIO LIMA,4,177,1180,ESCOLA JOÃO SABINO DA ROCHA,COMUNIDADE 3 UNIDOS -  RIO AZUL,ZONA RURAL,69990000,-7.5034719,-73.2687437,ATIVO,ATIVO,Com acessibilidade,185,185,185,01090|4|177,01090|4|1180,RURAL IDENTIFICADA,True,Termo RURAL no bairro ou no nome do local no arquivo do TSE,ALTA,True
03/08/2026,06:28:06,2026,AC,01090,MÂNCIO LIMA,4,277,1198,ESCOLA IXUBÃY RABUI PUYANAWA,COMUNIDADE BARÃO,ZONA RURAL,69990000,-7.5260685,-73.0054229,ATIVO,ATIVO,Com acessibilidade,279,279,279,01090|4|277,01090|4|1198,RURAL IDENTIFICADA,True,Termo RURAL no bairro ou no nome do local no arquivo do TSE,ALTA,True
03/08/2026,06:28:06,2026,AC,01090,MÂNCIO LIMA,4,369,1198,ESCOLA IXUBÃY RABUI PUYANAWA,COMUNIDADE BARÃO,ZONA RURAL,69990000,-7.5260685,-73.0054229,ATIVO,ATIVO,Com acessibilidade,284,284,284,01090|4|369,01090|4|1198,RURAL IDENTIFICADA,True,Termo RURAL no bairro ou no nome do local no arquivo do TSE,ALTA,True
03/08/2026,06:28:06,2026,AC,01090,MÂNCIO LIMA,4,273,1201,ESCOLA BRAULINO VIEIRA DE ALENCAR,ALTO PARANÁ PENTECOSTES,ZONA RURAL,69990000,-7.46519876,-72.95983387,ATIVO,ATIVO,Com acessibilidade,257,257,257,01090|4|273,01090|4|1201,RURAL IDENTIFICADA,True,Termo RURAL no bairro ou no nome do local no arquivo do TSE,ALTA,True
03/08/2026,06:28:06,2026,AC,01090,MÂNCIO LIMA,4,276,1201,ESCOLA BRAULINO VIEIRA DE ALENCAR,ALTO PARANÁ PENTECOSTES,ZONA RURAL,69990000,-7.46519876,-72.95983387,ATIVO,ATIVO,Com acessibilidade,253,253,253,01090|4|276,01090|4|1201,RURAL IDENTIFICADA,True,Termo RURAL no bairro ou no nome do local no arquivo do TSE,ALTA,True
03/08/2026,06:28:06,2026,AC,01090,MÂNCIO LIMA,4,426,1201,ESCOLA BRAULINO VIEIRA DE ALENCAR,ALTO PARANÁ PENTECOSTES,ZONA RURAL,69990000,-7.46519876,-72.95983387,ATIVO,ATIVO,Com acessibilidade,261,261,261,01090|4|426,01090|4|1201,RURAL IDENTIFICADA,True,Termo RURAL no bairro ou no nome do local no arquivo do TSE,ALTA,True
03/08/2026,06:28:06,2026,AC,01090,MÂNCIO LIMA,4,172,1210,ESCOLA MARIA FIRMINO CHAVES,COMUNIDADE SÃO SALVADOR - RIO MOA,ZONA RURAL,69990000,-7.41824,-73.2243247,ATIVO,ATIVO,Com acessibilidade,295,295,295,01090|4|172,01090|4|1210,RURAL IDENTIFICADA,True,Termo RURAL no bairro ou no nome do local no arquivo do TSE,ALTA,True
03/08/2026,06:28:06,2026,AC,01090,MÂNCIO LIMA,4,283,1210,ESCOLA MARIA FIRMINO CHAVES,COMUNIDADE SÃO SALVADOR - RIO MOA,ZONA RURAL,69990000,-7.41824,-73.2243247,ATIVO,ATIVO,Com acessibilidade,293,293,293,01090|4|283,01090|4|1210,RURAL IDENTIFICADA,True,Termo RURAL no bairro ou no nome do local no arquivo do TSE,ALTA,True
03/08/2026,06:28:06,2026,AC,01090,MÂNCIO LIMA,4,303,1228,ESCOLA GLÓRIA SORIANO ROSAS,COMUNIDADE BELO MONTE - PENTECOSTES,ZONA RURAL,69990000,-7.3975727,-73.04619658,ATIVO,ATIVO,Com acessibilidade,299,299,299,01090|4|303,01090|4|1228,RURAL IDENTIFICADA,True,Termo RURAL no bairro ou no nome do local no arquivo do TSE,ALTA,True
03/08/2026,06:28:06,2026,AC,01090,MÂNCIO LIMA,4,307,1236,ESCOLA LUIZ DE FONTES,COMUNIDADE SÃO DOMINGOS,ZONA RURAL,69990000,-7.558175,-72.9795628,ATIVO,ATIVO,Com acessibilidade,290,290,290,01090|4|307,01090|4|1236,RURAL IDENTIFICADA,True,Termo RURAL no bairro ou no nome do local no arquivo do TSE,ALTA,True
03/08/2026,06:28:06,2026,AC,01090,MÂNCIO LIMA,4,310,1244,ESCOLA JOAQUIM GENEROSO DE OLIVEIRA,RUA FRANCISCO MENDES DA SILVA - 131,IRACEMA,69990000,-7.589128,-72.9363686,ATIVO,ATIVO,Com acessibilidade,278,278,278,01090|4|310,01090|4|1244,URBANA OU NÃO IDENTIFICADA COMO RURAL,False,Ausência de marcador rural nos campos públicos,MÉDIA,True
03/08/2026,06:28:06,2026,AC,01090,MÂNCIO LIMA,4,367,1244,ESCOLA JOAQUIM GENEROSO DE OLIVEIRA,RUA FRANCISCO MENDES DA SILVA - 131,IRACEMA,69990000,-7.589128,-72.9363686,ATIVO,ATIVO,Com acessibilidade,277,277,277,01090|4|367,01090|4|1244,URBANA OU NÃO IDENTIFICADA COMO RURAL,False,Ausência de marcador rural nos campos públicos,MÉDIA,True
03/08/2026,06:28:06,2026,AC,01090,MÂNCIO LIMA,4,439,1244,ESCOLA JOAQUIM GENEROSO DE OLIVEIRA,RUA FRANCISCO MENDES DA SILVA - 131,IRACEMA,69990000,-7.589128,-72.9363686,ATIVO,ATIVO,Com acessibilidade,280,280,280,01090|4|439,01090|4|1244,URBANA OU NÃO IDENTIFICADA COMO RURAL,False,Ausência de marcador rural nos campos públicos,MÉDIA,True
03/08/2026,06:28:06,2026,AC,01511,PLÁCIDO DE CASTRO,8,3,1023,CAMARA MUNICIPAL DE PLÁCIDO DE CASTRO,"RUA EPITACIO PESSOA, N 87",CAGEACRE,69928000,-10.3338929,-67.1848841,ATIVO,ATIVO,Sem acessibilidade,222,222,222,01511|8|3,01511|8|1023,URBANA OU NÃO IDENTIFICADA COMO RURAL,False,Ausência de marcador rural nos campos públicos,MÉDIA,True
03/08/2026,06:28:06,2026,AC,01511,PLÁCIDO DE CASTRO,8,4,1023,CAMARA MUNICIPAL DE PLÁCIDO DE CASTRO,"RUA EPITACIO PESSOA, N 87",CAGEACRE,69928000,-10.3338929,-67.1848841,ATIVO,ATIVO,Sem acessibilidade,220,220,220,01511|8|4,01511|8|1023,URBANA OU NÃO IDENTIFICADA COMO RURAL,False,Ausência de marcador rural nos campos públicos,MÉDIA,True
03/08/2026,06:28:06,2026,AC,01511,PLÁCIDO DE CASTRO,8,5,1031,ESCOLA CARMELIA ALVES,RUA PROJETADA PROXIMO A CAGEACRE S/N,CENTRO,69928888,-10.3225884,-67.1868657,ATIVO,ATIVO,Sem acessibilidade,248,248,248,01511|8|5,01511|8|1031,URBANA OU NÃO IDENTIFICADA COMO RURAL,False,Ausência de marcador rural nos campos públicos,MÉDIA,True
03/08/2026,06:28:06,2026,AC,01511,PLÁCIDO DE CASTRO,8,80,1031,ESCOLA CARMELIA ALVES,RUA PROJETADA PROXIMO A CAGEACRE S/N,CENTRO,69928888,-10.3225884,-67.1868657,ATIVO,ATIVO,Sem acessibilidade,248,248,248,01511|8|80,01511|8|1031,URBANA OU NÃO IDENTIFICADA COMO RURAL,False,Ausência de marcador rural nos campos públicos,MÉDIA,True
03/08/2026,06:28:06,2026,AC,01511,PLÁCIDO DE CASTRO,8,189,1031,ESCOLA CARMELIA ALVES,RUA PROJETADA PROXIMO A CAGEACRE S/N,CENTRO,69928888,-10.3225884,-67.1868657,ATIVO,ATIVO,Sem acessibilidade,91,91,91,01511|8|189,01511|8|1031,URBANA OU NÃO IDENTIFICADA COMO RURAL,False,Ausência de marcador rural nos campos públicos,MÉDIA,True
03/08/2026,06:28:06,2026,AC,01511,PLÁCIDO DE CASTRO,8,1,1040,SEAGRI (ANTIGA SEPA SEAPROF EMATER),RUA CEL FONTINELE DE CASTRO,CENTRO,69928000,-10.3339927,-67.184387,ATIVO,ATIVO,Sem acessibilidade,94,209,209,01511|8|1,01511|8|1040,URBANA OU NÃO IDENTIFICADA COMO RURAL,False,Ausência de marcador rural nos campos públicos,MÉDIA,True
03/08/2026,06:28:06,2026,AC,01511,PLÁCIDO DE CASTRO,8,6,1040,SEAGRI (ANTIGA SEPA SEAPROF EMATER),RUA CEL FONTINELE DE CASTRO,CENTRO,69928000,-10.3339927,-67.184387,ATIVO,ATIVO,Sem acessibilidade,71,0,0,01511|8|6,01511|8|1040,URBANA OU NÃO IDENTIFICADA COMO RURAL,False,Ausência de marcador rural nos campos públicos,MÉDIA,True
03/08/2026,06:28:06,2026,AC,01511,PLÁCIDO DE CASTRO,8,216,1040,SEAGRI (ANTIGA SEPA SEAPROF EMATER),RUA CEL FONTINELE DE CASTRO,CENTRO,69928000,-10.3339927,-67.184387,ATIVO,ATIVO,Sem acessibilidade,14,0,0,01511|8|216,01511|8|1040,URBANA OU NÃO IDENTIFICADA COMO RURAL,False,Ausência de marcador rural nos campos públicos,MÉDIA,True
03/08/2026,06:28:06,2026,AC,01511,PLÁCIDO DE CASTRO,8,228,1040,SEAGRI (ANTIGA SEPA SEAPROF EMATER),RUA CEL FONTINELE DE CASTRO,CENTRO,69928000,-10.3339927,-67.184387,ATIVO,ATIVO,Sem acessibilidade,16,0,0,01511|8|228,01511|8|1040,URBANA OU NÃO IDENTIFICADA COMO RURAL,False,Ausência de marcador rural nos campos públicos,MÉDIA,True
03/08/2026,06:28:06,2026,AC,01511,PLÁCIDO DE CASTRO,8,255,1040,SEAGRI (ANTIGA SEPA SEAPROF EMATER),RUA CEL FONTINELE DE CASTRO,CENTRO,69928000,-10.3339927,-67.184387,ATIVO,ATIVO,Sem acessibilidade,14,0,0,01511|8|255,01511|8|1040,URBANA OU NÃO IDENTIFICADA COMO RURAL,False,Ausência de marcador rural nos campos públicos,MÉDIA,True
03/08/2026,06:28:06,2026,AC,01511,PLÁCIDO DE CASTRO,8,7,1058,ESCOLA CASINHA DO SABER,RUA CEL FONTINELE DE CASTRO,CENTRO,69928000,-10.3342113,-67.1840949,ATIVO,ATIVO,Sem acessibilidade,128,128,128,01511|8|7,01511|8|1058,URBANA OU NÃO IDENTIFICADA COMO RURAL,False,Ausência de marcador rural nos campos públicos,MÉDIA,True
03/08/2026,06:28:06,2026,AC,01511,PLÁCIDO DE CASTRO,8,42,1058,ESCOLA CASINHA DO SABER,RUA CEL FONTINELE DE CASTRO,CENTRO,69928000,-10.3342113,-67.1840949,ATIVO,ATIVO,Sem acessibilidade,128,254,254,01511|8|42,01511|8|1058,URBANA OU NÃO IDENTIFICADA COMO RURAL,False,Ausência de marcador rural nos campos públicos,MÉDIA,True
03/08/2026,06:28:06,2026,AC,01511,PLÁCIDO DE CASTRO,8,141,1058,ESCOLA CASINHA DO SABER,RUA CEL FONTINELE DE CASTRO,CENTRO,69928000,-10.3342113,-67.1840949,ATIVO,ATIVO,Sem acessibilidade,126,0,0,01511|8|141,01511|8|1058,URBANA OU NÃO IDENTIFICADA COMO RURAL,False,Ausência de marcador rural nos campos públicos,MÉDIA,True
03/08/2026,06:28:06,2026,AC,01511,PLÁCIDO DE CASTRO,8,10,1074,ESCOLA ELIAS MANSOUR SIMAO FILHO,RUA CEL FONTINELE DE CASTRO,CENTRO,69928000,-10.3341461,-67.1844714,ATIVO,ATIVO,Sem acessibilidade,189,189,189,01511|8|10,01511|8|1074,URBANA OU NÃO IDENTIFICADA COMO RURAL,False,Ausência de marcador rural nos campos públicos,MÉDIA,True
03/08/2026,06:28:06,2026,AC,01511,PLÁCIDO DE CASTRO,8,45,1074,ESCOLA ELIAS MANSOUR SIMAO FILHO,RUA CEL FONTINELE DE CASTRO,CENTRO,69928000,-10.3341461,-67.1844714,ATIVO,ATIVO,Sem acessibilidade,187,187,187,01511|8|45,01511|8|1074,URBANA OU NÃO IDENTIFICADA COMO RURAL,False,Ausência de marcador rural nos campos públicos,MÉDIA,True
03/08/2026,06:28:06,2026,AC,01511,PLÁCIDO DE CASTRO,8,137,1074,ESCOLA ELIAS MANSOUR SIMAO FILHO,RUA CEL FONTINELE DE CASTRO,CENTRO,69928000,-10.3341461,-67.1844714,ATIVO,ATIVO,Sem acessibilidade,190,190,190,01511|8|137,01511|8|1074,URBANA OU NÃO IDENTIFICADA COMO RURAL,False,Ausência de marcador rural nos campos públicos,MÉDIA,True
03/08/2026,06:28:06,2026,AC,01511,PLÁCIDO DE CASTRO,8,253,1074,ESCOLA ELIAS MANSOUR SIMAO FILHO,RUA CEL FONTINELE DE CASTRO,CENTRO,69928000,-10.3341461,-67.1844714,ATIVO,ATIVO,Sem acessibilidade,195,195,195,01511|8|253,01511|8|1074,URBANA OU NÃO IDENTIFICADA COMO RURAL,False,Ausência de marcador rural nos campos públicos,MÉDIA,True
03/08/2026,06:28:06,2026,AC,01511,PLÁCIDO DE CASTRO,8,11,1082,ESCOLA JOSE VALMIR,RUA OLIMPIO DA SILVA GOMES,CENTRO,69928000,-10.3271981,-67.1840195,ATIVO,ATIVO,Sem acessibilidade,260,260,260,01511|8|11,01511|8|1082,URBANA OU NÃO IDENTIFICADA COMO RURAL,False,Ausência de marcador rural nos campos públicos,MÉDIA,True
03/08/2026,06:28:06,2026,AC,01511,PLÁCIDO DE CASTRO,8,52,1082,ESCOLA JOSE VALMIR,RUA OLIMPIO DA SILVA GOMES,CENTRO,69928000,-10.3271981,-67.1840195,ATIVO,ATIVO,Sem acessibilidade,265,265,265,01511|8|52,01511|8|1082,URBANA OU NÃO IDENTIFICADA COMO RURAL,False,Ausência de marcador rural nos campos públicos,MÉDIA,True
03/08/2026,06:28:06,2026,AC,01511,PLÁCIDO DE CASTRO,8,75,1082,ESCOLA JOSE VALMIR,RUA OLIMPIO DA SILVA GOMES,CENTRO,69928000,-10.3271981,-67.1840195,ATIVO,ATIVO,Sem acessibilidade,260,260,260,01511|8|75,01511|8|1082,URBANA OU NÃO IDENTIFICADA COMO RURAL,False,Ausência de marcador rural nos campos públicos,MÉDIA,True
03/08/2026,06:28:06,2026,AC,01511,PLÁCIDO DE CASTRO,8,112,1082,ESCOLA JOSE VALMIR,RUA OLIMPIO DA SILVA GOMES,CENTRO,69928000,-10.3271981,-67.1840195,ATIVO,ATIVO,Sem acessibilidade,262,262,262,01511|8|112,01511|8|1082,URBANA OU NÃO IDENTIFICADA COMO RURAL,False,Ausência de marcador rural nos campos públicos,MÉDIA,True
03/08/2026,06:28:06,2026,AC,01511,PLÁCIDO DE CASTRO,8,13,1104,ESC EST SAO LUIZ GONZAGA,RUA UAQUIRI  650 (BR 364  -  KM 60 VILA CAMPINAS),DISTRITO DE VILA CAMPINAS,69929000,-10.063286,-67.2948162,ATIVO,ATIVO,Com acessibilidade,248,248,248,01511|8|13,01511|8|1104,URBANA OU NÃO IDENTIFICADA COMO RURAL,False,Ausência de marcador rural nos campos públicos,MÉDIA,True
03/08/2026,06:28:06,2026,AC,01511,PLÁCIDO DE CASTRO,8,14,1104,ESC EST SAO LUIZ GONZAGA,RUA UAQUIRI  650 (BR 364  -  KM 60 VILA CAMPINAS),DISTRITO DE VILA CAMPINAS,69929000,-10.063286,-67.2948162,ATIVO,ATIVO,Com acessibilidade,242,242,242,01511|8|14,01511|8|1104,URBANA OU NÃO IDENTIFICADA COMO RURAL,False,Ausência de marcador rural nos campos públicos,MÉDIA,True
03/08/2026,06:28:06,2026,AC,01511,PLÁCIDO DE CASTRO,8,15,1104,ESC EST SAO LUIZ GONZAGA,RUA UAQUIRI  650 (BR 364  -  KM 60 VILA CAMPINAS),DISTRITO DE VILA CAMPINAS,69929000,-10.063286,-67.2948162,ATIVO,ATIVO,Com acessibilidade,246,246,246,01511|8|15,01511|8|1104,URBANA OU NÃO IDENTIFICADA COMO RURAL,False,Ausência de marcador rural nos campos públicos,MÉDIA,True
03/08/2026,06:28:06,2026,AC,01511,PLÁCIDO DE CASTRO,8,24,1104,ESC EST SAO LUIZ GONZAGA,RUA UAQUIRI  650 (BR 364  -  KM 60 VILA CAMPINAS),DISTRITO DE VILA CAMPINAS,69929000,-10.063286,-67.2948162,ATIVO,ATIVO,Com acessibilidade,246,246,246,01511|8|24,01511|8|1104,URBANA OU NÃO IDENTIFICADA COMO RURAL,False,Ausência de marcador rural nos campos públicos,MÉDIA,True
03/08/2026,06:28:06,2026,AC,01511,PLÁCIDO DE CASTRO,8,202,1104,ESC EST SAO LUIZ GONZAGA,RUA UAQUIRI  650 (BR 364  -  KM 60 VILA CAMPINAS),DISTRITO DE VILA CAMPINAS,69929000,-10.063286,-67.2948162,ATIVO,ATIVO,Com acessibilidade,245,245,245,01511|8|202,01511|8|1104,URBANA OU NÃO IDENTIFICADA COMO RURAL,False,Ausência de marcador rural nos campos públicos,MÉDIA,True
03/08/2026,06:28:06,2026,AC,01511,PLÁCIDO DE CASTRO,8,263,1104,ESC EST SAO LUIZ GONZAGA,RUA UAQUIRI  650 (BR 364  -  KM 60 VILA CAMPINAS),DISTRITO DE VILA CAMPINAS,69929000,-10.063286,-67.2948162,ATIVO,ATIVO,Com acessibilidade,243,243,243,01511|8|263,01511|8|1104,URBANA OU NÃO IDENTIFICADA COMO RURAL,False,Ausência de marcador rural nos campos públicos,MÉDIA,True
03/08/2026,06:28:06,2026,AC,01511,PLÁCIDO DE CASTRO,8,16,1112,ESCOLA FRANKLIN ROOSEVELT,AVENIDA JUVENAL ANTUNES,CENTRO,69925000,-10.3351657,-67.1862497,ATIVO,ATIVO,Sem acessibilidade,282,282,282,01511|8|16,01511|8|1112,URBANA OU NÃO IDENTIFICADA COMO RURAL,False,Ausência de marcador rural nos campos públicos,MÉDIA,True
03/08/2026,06:28:06,2026,AC,01511,PLÁCIDO DE CASTRO,8,17,1112,ESCOLA FRANKLIN ROOSEVELT,AVENIDA JUVENAL ANTUNES,CENTRO,69925000,-10.3351657,-67.1862497,ATIVO,ATIVO,Sem acessibilidade,272,272,272,01511|8|17,01511|8|1112,URBANA OU NÃO IDENTIFICADA COMO RURAL,False,Ausência de marcador rural nos campos públicos,MÉDIA,True
03/08/2026,06:28:06,2026,AC,01511,PLÁCIDO DE CASTRO,8,86,1112,ESCOLA FRANKLIN ROOSEVELT,AVENIDA JUVENAL ANTUNES,CENTRO,69925000,-10.3351657,-67.1862497,ATIVO,ATIVO,Sem acessibilidade,277,277,277,01511|8|86,01511|8|1112,URBANA OU NÃO IDENTIFICADA COMO RURAL,False,Ausência de marcador rural nos campos públicos,MÉDIA,True
03/08/2026,06:28:06,2026,AC,01511,PLÁCIDO DE CASTRO,8,114,1112,ESCOLA FRANKLIN ROOSEVELT,AVENIDA JUVENAL ANTUNES,CENTRO,69925000,-10.3351657,-67.1862497,ATIVO,ATIVO,Sem acessibilidade,277,277,277,01511|8|114,01511|8|1112,URBANA OU NÃO IDENTIFICADA COMO RURAL,False,Ausência de marcador rural nos campos públicos,MÉDIA,True
03/08/2026,06:28:06,2026,AC,01511,PLÁCIDO DE CASTRO,8,138,1112,ESCOLA FRANKLIN ROOSEVELT,AVENIDA JUVENAL ANTUNES,CENTRO,69925000,-10.3351657,-67.1862497,ATIVO,ATIVO,Sem acessibilidade,273,273,273,01511|8|138,01511|8|1112,URBANA OU NÃO IDENTIFICADA COMO RURAL,False,Ausência de marcador rural nos campos públicos,MÉDIA,True
03/08/2026,06:28:06,2026,AC,01511,PLÁCIDO DE CASTRO,8,23,1155,ESCOLA JOAO RICARDO DE FREITAS (COLEGIO AGRICOLA),RODOVIA AC-40 KM-03 S/N,ZONA RURAL,69928000,-10.3108753,-67.1976988,ATIVO,ATIVO,Sem acessibilidade,334,334,334,01511|8|23,01511|8|1155,RURAL IDENTIFICADA,True,Termo RURAL no bairro ou no nome do local no arquivo do TSE,ALTA,True
03/08/2026,06:28:06,2026,AC,01511,PLÁCIDO DE CASTRO,8,279,1155,ESCOLA JOAO RICARDO DE FREITAS (COLEGIO AGRICOLA),RODOVIA AC-40 KM-03 S/N,ZONA RURAL,69928000,-10.3108753,-67.1976988,ATIVO,ATIVO,Sem acessibilidade,69,69,69,01511|8|279,01511|8|1155,RURAL IDENTIFICADA,True,Termo RURAL no bairro ou no nome do local no arquivo do TSE,ALTA,True
03/08/2026,06:28:06,2026,AC,01511,PLÁCIDO DE CASTRO,8,2,1546,ESCOLA JOSE FRANCISCO DA SILVA,RUA DOMINGOS GALDINO SN,CENTRO,69928000,-10.3294066,-67.1789949,ATIVO,ATIVO,Sem acessibilidade,237,237,237,01511|8|2,01511|8|1546,URBANA OU NÃO IDENTIFICADA COMO RURAL,False,Ausência de marcador rural nos campos públicos,MÉDIA,True
03/08/2026,06:28:06,2026,AC,01511,PLÁCIDO DE CASTRO,8,18,1546,ESCOLA JOSE FRANCISCO DA SILVA,RUA DOMINGOS GALDINO SN,CENTRO,69928000,-10.3294066,-67.1789949,ATIVO,ATIVO,Sem acessibilidade,232,232,232,01511|8|18,01511|8|1546,URBANA OU NÃO IDENTIFICADA COMO RURAL,False,Ausência de marcador rural nos campos públicos,MÉDIA,True
03/08/2026,06:28:06,2026,AC,01511,PLÁCIDO DE CASTRO,8,55,1546,ESCOLA JOSE FRANCISCO DA SILVA,RUA DOMINGOS GALDINO SN,CENTRO,69928000,-10.3294066,-67.1789949,ATIVO,ATIVO,Sem acessibilidade,237,237,237,01511|8|55,01511|8|1546,URBANA OU NÃO IDENTIFICADA COMO RURAL,False,Ausência de marcador rural nos campos públicos,MÉDIA,True
03/08/2026,06:28:06,2026,AC,01511,PLÁCIDO DE CASTRO,8,76,1546,ESCOLA JOSE FRANCISCO DA SILVA,RUA DOMINGOS GALDINO SN,CENTRO,69928000,-10.3294066,-67.1789949,ATIVO,ATIVO,Sem acessibilidade,235,235,235,01511|8|76,01511|8|1546,URBANA OU NÃO IDENTIFICADA COMO RURAL,False,Ausência de marcador rural nos campos públicos,MÉDIA,True
03/08/2026,06:28:06,2026,AC,01511,PLÁCIDO DE CASTRO,8,81,1546,ESCOLA JOSE FRANCISCO DA SILVA,RUA DOMINGOS GALDINO SN,CENTRO,69928000,-10.3294066,-67.1789949,ATIVO,ATIVO,Sem acessibilidade,229,229,229,01511|8|81,01511|8|1546,URBANA OU NÃO IDENTIFICADA COMO RURAL,False,Ausência de marcador rural nos campos públicos,MÉDIA,True
03/08/2026,06:28:06,2026,AC,01511,PLÁCIDO DE CASTRO,8,113,1546,ESCOLA JOSE FRANCISCO DA SILVA,RUA DOMINGOS GALDINO SN,CENTRO,69928000,-10.3294066,-67.1789949,ATIVO,ATIVO,Sem acessibilidade,233,233,233,01511|8|113,01511|8|1546,URBANA OU NÃO IDENTIFICADA COMO RURAL,False,Ausência de marcador rural nos campos públicos,MÉDIA,True
03/08/2026,06:28:06,2026,AC,01511,PLÁCIDO DE CASTRO,8,128,1546,ESCOLA JOSE FRANCISCO DA SILVA,RUA DOMINGOS GALDINO SN,CENTRO,69928000,-10.3294066,-67.1789949,ATIVO,ATIVO,Sem acessibilidade,233,233,233,01511|8|128,01511|8|1546,URBANA OU NÃO IDENTIFICADA COMO RURAL,False,Ausência de marcador rural nos campos públicos,MÉDIA,True
03/08/2026,06:28:06,2026,AC,01511,PLÁCIDO DE CASTRO,8,151,1562,ESCOLA ESTADUAL RURAL MANUEL DE BARROS,RAMAL NOVO HORIZONTE KM 20,ZONA RURAL,69928000,-10.1826251,-67.2534495,ATIVO,ATIVO,Sem acessibilidade,200,200,200,01511|8|151,01511|8|1562,RURAL IDENTIFICADA,True,Termo RURAL no bairro ou no nome do local no arquivo do TSE,ALTA,True
03/08/2026,06:28:06,2026,AC,01511,PLÁCIDO DE CASTRO,8,234,1562,ESCOLA ESTADUAL RURAL MANUEL DE BARROS,RAMAL NOVO HORIZONTE KM 20,ZONA RURAL,69928000,-10.1826251,-67.2534495,ATIVO,ATIVO,Sem acessibilidade,200,200,200,01511|8|234,01511|8|1562,RURAL IDENTIFICADA,True,Termo RURAL no bairro ou no nome do local no arquivo do TSE,ALTA,True
03/08/2026,06:28:06,2026,AC,01511,PLÁCIDO DE CASTRO,8,156,1570,POSTO DE SAUDE MARIO GOMES DA SILVA,AC 40 KM 58,ZONA RURAL,69928000,-10.3318308,-67.5215655,ATIVO,ATIVO,Sem acessibilidade,217,217,217,01511|8|156,01511|8|1570,RURAL IDENTIFICADA,True,Termo RURAL no bairro ou no nome do local no arquivo do TSE,ALTA,True
03/08/2026,06:28:06,2026,AC,01511,PLÁCIDO DE CASTRO,8,203,1570,POSTO DE SAUDE MARIO GOMES DA SILVA,AC 40 KM 58,ZONA RURAL,69928000,-10.3318308,-67.5215655,ATIVO,ATIVO,Sem acessibilidade,218,218,218,01511|8|203,01511|8|1570,RURAL IDENTIFICADA,True,Termo RURAL no bairro ou no nome do local no arquivo do TSE,ALTA,True
03/08/2026,06:28:06,2026,AC,01511,PLÁCIDO DE CASTRO,8,155,1589,ESCOLA ESTADUAL RURAL FLAVIA BARROS PIMENTEL,AC 40 KM 75,ZONA RURAL,69928000,-10.3185211,-67.366454,ATIVO,ATIVO,Sem acessibilidade,193,193,193,01511|8|155,01511|8|1589,RURAL IDENTIFICADA,True,Termo RURAL no bairro ou no nome do local no arquivo do TSE,ALTA,True
03/08/2026,06:28:06,2026,AC,01511,PLÁCIDO DE CASTRO,8,201,1589,ESCOLA ESTADUAL RURAL FLAVIA BARROS PIMENTEL,AC 40 KM 75,ZONA RURAL,69928000,-10.3185211,-67.366454,ATIVO,ATIVO,Sem acessibilidade,195,195,195,01511|8|201,01511|8|1589,RURAL IDENTIFICADA,True,Termo RURAL no bairro ou no nome do local no arquivo do TSE,ALTA,True
03/08/2026,06:28:06,2026,AC,01511,PLÁCIDO DE CASTRO,8,259,1589,ESCOLA ESTADUAL RURAL FLAVIA BARROS PIMENTEL,AC 40 KM 75,ZONA RURAL,69928000,-10.3185211,-67.366454,ATIVO,ATIVO,Sem acessibilidade,195,195,195,01511|8|259,01511|8|1589,RURAL IDENTIFICADA,True,Termo RURAL no bairro ou no nome do local no arquivo do TSE,ALTA,True
03/08/2026,06:28:06,2026,AC,01511,PLÁCIDO DE CASTRO,8,165,1597,ESCOLA MUNICIPAL CARLOS JOSE DOS SANTOS,AC 475 KM 14,ZONA RURAL,69928000,-10.1979274,-67.1645666,ATIVO,ATIVO,Sem acessibilidade,159,321,321,01511|8|165,01511|8|1597,RURAL IDENTIFICADA,True,Termo RURAL no bairro ou no nome do local no arquivo do TSE,ALTA,True
03/08/2026,06:28:06,2026,AC,01511,PLÁCIDO DE CASTRO,8,236,1597,ESCOLA MUNICIPAL CARLOS JOSE DOS SANTOS,AC 475 KM 14,ZONA RURAL,69928000,-10.1979274,-67.1645666,ATIVO,ATIVO,Sem acessibilidade,162,0,0,01511|8|236,01511|8|1597,RURAL IDENTIFICADA,True,Termo RURAL no bairro ou no nome do local no arquivo do TSE,ALTA,True
03/08/2026,06:28:06,2026,AC,01511,PLÁCIDO DE CASTRO,8,96,1600,ESC MUN JOAO BATISTA LOPES DE LIMA,"RUA CARIJOS, 1.130 VILA CAMPINAS",DISTRITO DE VILA CAMPINAS,69929000,-10.0724881,-67.2942705,ATIVO,ATIVO,Sem acessibilidade,147,294,294,01511|8|96,01511|8|1600,URBANA OU NÃO IDENTIFICADA COMO RURAL,False,Ausência de marcador rural nos campos públicos,MÉDIA,True
03/08/2026,06:28:06,2026,AC,01511,PLÁCIDO DE CASTRO,8,121,1600,ESC MUN JOAO BATISTA LOPES DE LIMA,"RUA CARIJOS, 1.130 VILA CAMPINAS",DISTRITO DE VILA CAMPINAS,69929000,-10.0724881,-67.2942705,ATIVO,ATIVO,Sem acessibilidade,147,0,0,01511|8|121,01511|8|1600,URBANA OU NÃO IDENTIFICADA COMO RURAL,False,Ausência de marcador rural nos campos públicos,MÉDIA,True
03/08/2026,06:28:06,2026,AC,01511,PLÁCIDO DE CASTRO,8,173,1600,ESC MUN JOAO BATISTA LOPES DE LIMA,"RUA CARIJOS, 1.130 VILA CAMPINAS",DISTRITO DE VILA CAMPINAS,69929000,-10.0724881,-67.2942705,ATIVO,ATIVO,Sem acessibilidade,143,293,293,01511|8|173,01511|8|1600,URBANA OU NÃO IDENTIFICADA COMO RURAL,False,Ausência de marcador rural nos campos públicos,MÉDIA,True
03/08/2026,06:28:06,2026,AC,01511,PLÁCIDO DE CASTRO,8,252,1600,ESC MUN JOAO BATISTA LOPES DE LIMA,"RUA CARIJOS, 1.130 VILA CAMPINAS",DISTRITO DE VILA CAMPINAS,69929000,-10.0724881,-67.2942705,ATIVO,ATIVO,Sem acessibilidade,150,0,0,01511|8|252,01511|8|1600,URBANA OU NÃO IDENTIFICADA COMO RURAL,False,Ausência de marcador rural nos campos públicos,MÉDIA,True
03/08/2026,06:28:06,2026,AC,01511,PLÁCIDO DE CASTRO,8,51,1619,SECRETARIA MUNICIPAL DE EDUCAÇÃO DE PLACIDO DE CASTRO,RUA EPITÁCIO PESSOA N 146,CENTRO,69928000,-10.327616,-67.1857994,ATIVO,ATIVO,Sem acessibilidade,89,272,272,01511|8|51,01511|8|1619,URBANA OU NÃO IDENTIFICADA COMO RURAL,False,Ausência de marcador rural nos campos públicos,MÉDIA,True
03/08/2026,06:28:06,2026,AC,01511,PLÁCIDO DE CASTRO,8,144,1619,SECRETARIA MUNICIPAL DE EDUCAÇÃO DE PLACIDO DE CASTRO,RUA EPITÁCIO PESSOA N 146,CENTRO,69928000,-10.327616,-67.1857994,ATIVO,ATIVO,Sem acessibilidade,92,0,0,01511|8|144,01511|8|1619,URBANA OU NÃO IDENTIFICADA COMO RURAL,False,Ausência de marcador rural nos campos públicos,MÉDIA,True
03/08/2026,06:28:06,2026,AC,01511,PLÁCIDO DE CASTRO,8,184,1619,SECRETARIA MUNICIPAL DE EDUCAÇÃO DE PLACIDO DE CASTRO,RUA EPITÁCIO PESSOA N 146,CENTRO,69928000,-10.327616,-67.1857994,ATIVO,ATIVO,Sem acessibilidade,91,0,0,01511|8|184,01511|8|1619,URBANA OU NÃO IDENTIFICADA COMO RURAL,False,Ausência de marcador rural nos campos públicos,MÉDIA,True
03/08/2026,06:28:06,2026,AC,01511,PLÁCIDO DE CASTRO,8,54,1627,CENTRO DE FLORESTANIA,RUA EPAMINONDAS JÁCOME - PROX AO MIRANTE,CENTRO,69928000,-10.3368653,-67.1855336,ATIVO,ATIVO,Sem acessibilidade,121,239,239,01511|8|54,01511|8|1627,URBANA OU NÃO IDENTIFICADA COMO RURAL,False,Ausência de marcador rural nos campos públicos,MÉDIA,True
03/08/2026,06:28:06,2026,AC,01511,PLÁCIDO DE CASTRO,8,87,1627,CENTRO DE FLORESTANIA,RUA EPAMINONDAS JÁCOME - PROX AO MIRANTE,CENTRO,69928000,-10.3368653,-67.1855336,ATIVO,ATIVO,Sem acessibilidade,118,0,0,01511|8|87,01511|8|1627,URBANA OU NÃO IDENTIFICADA COMO RURAL,False,Ausência de marcador rural nos campos públicos,MÉDIA,True
03/08/2026,06:28:06,2026,AC,01511,PLÁCIDO DE CASTRO,8,111,1627,CENTRO DE FLORESTANIA,RUA EPAMINONDAS JÁCOME - PROX AO MIRANTE,CENTRO,69928000,-10.3368653,-67.1855336,ATIVO,ATIVO,Sem acessibilidade,122,244,244,01511|8|111,01511|8|1627,URBANA OU NÃO IDENTIFICADA COMO RURAL,False,Ausência de marcador rural nos campos públicos,MÉDIA,True
03/08/2026,06:28:06,2026,AC,01511,PLÁCIDO DE CASTRO,8,183,1627,CENTRO DE FLORESTANIA,RUA EPAMINONDAS JÁCOME - PROX AO MIRANTE,CENTRO,69928000,-10.3368653,-67.1855336,ATIVO,ATIVO,Sem acessibilidade,122,0,0,01511|8|183,01511|8|1627,URBANA OU NÃO IDENTIFICADA COMO RURAL,False,Ausência de marcador rural nos campos públicos,MÉDIA,True
03/08/2026,06:28:06,2026,AC,01511,PLÁCIDO DE CASTRO,8,46,1660,ESCOLA MUNICIPAL INFANTIL CENIRA DOS SANTOS,BR 364 KM 60 VILA CAMPINAS RUA CAETES N 768,DISTRITO DE VILA CAMPINAS,69928000,-10.0686657,-67.2978447,ATIVO,ATIVO,Sem acessibilidade,170,186,186,01511|8|46,01511|8|1660,URBANA OU NÃO IDENTIFICADA COMO RURAL,False,Ausência de marcador rural nos campos públicos,MÉDIA,True
03/08/2026,06:28:06,2026,AC,01511,PLÁCIDO DE CASTRO,8,66,1660,ESCOLA MUNICIPAL INFANTIL CENIRA DOS SANTOS,BR 364 KM 60 VILA CAMPINAS RUA CAETES N 768,DISTRITO DE VILA CAMPINAS,69928000,-10.0686657,-67.2978447,ATIVO,ATIVO,Sem acessibilidade,179,179,179,01511|8|66,01511|8|1660,URBANA OU NÃO IDENTIFICADA COMO RURAL,False,Ausência de marcador rural nos campos públicos,MÉDIA,True
03/08/2026,06:28:06,2026,AC,01511,PLÁCIDO DE CASTRO,8,271,1660,ESCOLA MUNICIPAL INFANTIL CENIRA DOS SANTOS,BR 364 KM 60 VILA CAMPINAS RUA CAETES N 768,DISTRITO DE VILA CAMPINAS,69928000,-10.0686657,-67.2978447,ATIVO,ATIVO,Sem acessibilidade,16,0,0,01511|8|271,01511|8|1660,URBANA OU NÃO IDENTIFICADA COMO RURAL,False,Ausência de marcador rural nos campos públicos,MÉDIA,True
03/08/2026,06:28:06,2026,AC,01511,PLÁCIDO DE CASTRO,8,211,1694,ESCOLA CASTRO ALVES,AC 40 KM 58 RAMAL MONTE ALEGRE KM 14,ZONA RURAL - MONTE ALEGRE,69928000,-10.4315607,-67.5307488,ATIVO,ATIVO,Sem acessibilidade,135,135,135,01511|8|211,01511|8|1694,RURAL IDENTIFICADA,True,Termo RURAL no bairro ou no nome do local no arquivo do TSE,ALTA,True
03/08/2026,06:28:06,2026,AC,01511,PLÁCIDO DE CASTRO,8,43,1724,SESC PLACIDO DE CASTRO,AC 40 KM 02 N°241,CENTRO,69928000,-10.3196661,-67.1906753,ATIVO,ATIVO,Sem acessibilidade,159,159,159,01511|8|43,01511|8|1724,URBANA OU NÃO IDENTIFICADA COMO RURAL,False,Ausência de marcador rural nos campos públicos,MÉDIA,True
03/08/2026,06:28:06,2026,AC,01511,PLÁCIDO DE CASTRO,8,61,1724,SESC PLACIDO DE CASTRO,AC 40 KM 02 N°241,CENTRO,69928000,-10.3196661,-67.1906753,ATIVO,ATIVO,Sem acessibilidade,151,247,247,01511|8|61,01511|8|1724,URBANA OU NÃO IDENTIFICADA COMO RURAL,False,Ausência de marcador rural nos campos públicos,MÉDIA,True
03/08/2026,06:28:06,2026,AC,01511,PLÁCIDO DE CASTRO,8,269,1724,SESC PLACIDO DE CASTRO,AC 40 KM 02 N°241,CENTRO,69928000,-10.3196661,-67.1906753,ATIVO,ATIVO,Sem acessibilidade,96,0,0,01511|8|269,01511|8|1724,URBANA OU NÃO IDENTIFICADA COMO RURAL,False,Ausência de marcador rural nos campos públicos,MÉDIA,True
03/08/2026,06:28:06,2026,AC,01023,PORTO ACRE,1,576,1015,ESCOLA JOSE PLACIDO DE CASTRO,RUA DEPUTADO RAIMUNDO HERMINIO DE MELO S/N,PORTO ACRE,0,-9.5903457,-67.5373017,ATIVO,ATIVO,Com acessibilidade,255,255,255,01023|1|576,01023|1|1015,URBANA OU NÃO IDENTIFICADA COMO RURAL,False,Ausência de marcador rural nos campos públicos,MÉDIA,True
03/08/2026,06:28:06,2026,AC,01023,PORTO ACRE,1,577,1015,ESCOLA JOSE PLACIDO DE CASTRO,RUA DEPUTADO RAIMUNDO HERMINIO DE MELO S/N,PORTO ACRE,0,-9.5903457,-67.5373017,ATIVO,ATIVO,Com acessibilidade,257,257,257,01023|1|577,01023|1|1015,URBANA OU NÃO IDENTIFICADA COMO RURAL,False,Ausência de marcador rural nos campos públicos,MÉDIA,True
03/08/2026,06:28:06,2026,AC,01023,PORTO ACRE,1,578,1015,ESCOLA JOSE PLACIDO DE CASTRO,RUA DEPUTADO RAIMUNDO HERMINIO DE MELO S/N,PORTO ACRE,0,-9.5903457,-67.5373017,ATIVO,ATIVO,Com acessibilidade,263,263,263,01023|1|578,01023|1|1015,URBANA OU NÃO IDENTIFICADA COMO RURAL,False,Ausência de marcador rural nos campos públicos,MÉDIA,True
03/08/2026,06:28:06,2026,AC,01023,PORTO ACRE,1,579,1015,ESCOLA JOSE PLACIDO DE CASTRO,RUA DEPUTADO RAIMUNDO HERMINIO DE MELO S/N,PORTO ACRE,0,-9.5903457,-67.5373017,ATIVO,ATIVO,Com acessibilidade,258,258,258,01023|1|579,01023|1|1015,URBANA OU NÃO IDENTIFICADA COMO RURAL,False,Ausência de marcador rural nos campos públicos,MÉDIA,True
03/08/2026,06:28:06,2026,AC,01023,PORTO ACRE,1,580,1015,ESCOLA JOSE PLACIDO DE CASTRO,RUA DEPUTADO RAIMUNDO HERMINIO DE MELO S/N,PORTO ACRE,0,-9.5903457,-67.5373017,ATIVO,ATIVO,Com acessibilidade,257,257,257,01023|1|580,01023|1|1015,URBANA OU NÃO IDENTIFICADA COMO RURAL,False,Ausência de marcador rural nos campos públicos,MÉDIA,True
03/08/2026,06:28:06,2026,AC,01023,PORTO ACRE,1,581,1015,ESCOLA JOSE PLACIDO DE CASTRO,RUA DEPUTADO RAIMUNDO HERMINIO DE MELO S/N,PORTO ACRE,0,-9.5903457,-67.5373017,ATIVO,ATIVO,Com acessibilidade,261,261,261,01023|1|581,01023|1|1015,URBANA OU NÃO IDENTIFICADA COMO RURAL,False,Ausência de marcador rural nos campos públicos,MÉDIA,True
03/08/2026,06:28:06,2026,AC,01023,PORTO ACRE,1,582,1015,ESCOLA JOSE PLACIDO DE CASTRO,RUA DEPUTADO RAIMUNDO HERMINIO DE MELO S/N,PORTO ACRE,0,-9.5903457,-67.5373017,ATIVO,ATIVO,Com acessibilidade,261,261,261,01023|1|582,01023|1|1015,URBANA OU NÃO IDENTIFICADA COMO RURAL,False,Ausência de marcador rural nos campos públicos,MÉDIA,True
03/08/2026,06:28:06,2026,AC,01023,PORTO ACRE,1,583,1023,ESCOLA EDMUNDO PINTO DE ALMEIDA NETO,RODOVIA AC 10 KM 29 S/N - VILA DO INCRA,PROJETO HUMAITA,0,-9.7293939,-67.7003186,ATIVO,ATIVO,Com acessibilidade,268,268,268,01023|1|583,01023|1|1023,URBANA OU NÃO IDENTIFICADA COMO RURAL,False,Ausência de marcador rural nos campos públicos,MÉDIA,True
03/08/2026,06:28:06,2026,AC,01023,PORTO ACRE,1,584,1023,ESCOLA EDMUNDO PINTO DE ALMEIDA NETO,RODOVIA AC 10 KM 29 S/N - VILA DO INCRA,PROJETO HUMAITA,0,-9.7293939,-67.7003186,ATIVO,ATIVO,Com acessibilidade,268,268,268,01023|1|584,01023|1|1023,URBANA OU NÃO IDENTIFICADA COMO RURAL,False,Ausência de marcador rural nos campos públicos,MÉDIA,True
03/08/2026,06:28:06,2026,AC,01023,PORTO ACRE,1,585,1023,ESCOLA EDMUNDO PINTO DE ALMEIDA NETO,RODOVIA AC 10 KM 29 S/N - VILA DO INCRA,PROJETO HUMAITA,0,-9.7293939,-67.7003186,ATIVO,ATIVO,Com acessibilidade,262,262,262,01023|1|585,01023|1|1023,URBANA OU NÃO IDENTIFICADA COMO RURAL,False,Ausência de marcador rural nos campos públicos,MÉDIA,True
03/08/2026,06:28:06,2026,AC,01023,PORTO ACRE,1,586,1023,ESCOLA EDMUNDO PINTO DE ALMEIDA NETO,RODOVIA AC 10 KM 29 S/N - VILA DO INCRA,PROJETO HUMAITA,0,-9.7293939,-67.7003186,ATIVO,ATIVO,Com acessibilidade,268,268,268,01023|1|586,01023|1|1023,URBANA OU NÃO IDENTIFICADA COMO RURAL,False,Ausência de marcador rural nos campos públicos,MÉDIA,True
03/08/2026,06:28:06,2026,AC,01023,PORTO ACRE,1,587,1023,ESCOLA EDMUNDO PINTO DE ALMEIDA NETO,RODOVIA AC 10 KM 29 S/N - VILA DO INCRA,PROJETO HUMAITA,0,-9.7293939,-67.7003186,ATIVO,ATIVO,Com acessibilidade,269,269,269,01023|1|587,01023|1|1023,URBANA OU NÃO IDENTIFICADA COMO RURAL,False,Ausência de marcador rural nos campos públicos,MÉDIA,True
03/08/2026,06:28:06,2026,AC,01023,PORTO ACRE,1,588,1023,ESCOLA EDMUNDO PINTO DE ALMEIDA NETO,RODOVIA AC 10 KM 29 S/N - VILA DO INCRA,PROJETO HUMAITA,0,-9.7293939,-67.7003186,ATIVO,ATIVO,Com acessibilidade,270,270,270,01023|1|588,01023|1|1023,URBANA OU NÃO IDENTIFICADA COMO RURAL,False,Ausência de marcador rural nos campos públicos,MÉDIA,True
03/08/2026,06:28:06,2026,AC,01023,PORTO ACRE,1,853,1023,ESCOLA EDMUNDO PINTO DE ALMEIDA NETO,RODOVIA AC 10 KM 29 S/N - VILA DO INCRA,PROJETO HUMAITA,0,-9.7293939,-67.7003186,ATIVO,ATIVO,Sem acessibilidade,263,263,263,01023|1|853,01023|1|1023,URBANA OU NÃO IDENTIFICADA COMO RURAL,False,Ausência de marcador rural nos campos públicos,MÉDIA,True
03/08/2026,06:28:06,2026,AC,01023,PORTO ACRE,1,589,1031,ESCOLA PUBLICA JADER SARAIVA MACHADO,PROJETO HUMAITA RAMAL DO V KM 37 S/N,PORTO ACRE,69921000,-9.6781615,-67.7447232,ATIVO,ATIVO,Com acessibilidade,244,244,244,01023|1|589,01023|1|1031,REVISAR CLASSIFICAÇÃO,False,"Indício territorial no nome, bairro ou endereço; requer conferência",BAIXA,True
03/08/2026,06:28:06,2026,AC,01023,PORTO ACRE,1,590,1031,ESCOLA PUBLICA JADER SARAIVA MACHADO,PROJETO HUMAITA RAMAL DO V KM 37 S/N,PORTO ACRE,69921000,-9.6781615,-67.7447232,ATIVO,ATIVO,Com acessibilidade,244,244,244,01023|1|590,01023|1|1031,REVISAR CLASSIFICAÇÃO,False,"Indício territorial no nome, bairro ou endereço; requer conferência",BAIXA,True
03/08/2026,06:28:06,2026,AC,01023,PORTO ACRE,1,591,1031,ESCOLA PUBLICA JADER SARAIVA MACHADO,PROJETO HUMAITA RAMAL DO V KM 37 S/N,PORTO ACRE,69921000,-9.6781615,-67.7447232,ATIVO,ATIVO,Com acessibilidade,247,247,247,01023|1|591,01023|1|1031,REVISAR CLASSIFICAÇÃO,False,"Indício territorial no nome, bairro ou endereço; requer conferência",BAIXA,True
03/08/2026,06:28:06,2026,AC,01023,PORTO ACRE,1,592,1031,ESCOLA PUBLICA JADER SARAIVA MACHADO,PROJETO HUMAITA RAMAL DO V KM 37 S/N,PORTO ACRE,69921000,-9.6781615,-67.7447232,ATIVO,ATIVO,Com acessibilidade,243,243,243,01023|1|592,01023|1|1031,REVISAR CLASSIFICAÇÃO,False,"Indício territorial no nome, bairro ou endereço; requer conferência",BAIXA,True
03/08/2026,06:28:06,2026,AC,01023,PORTO ACRE,1,593,1031,ESCOLA PUBLICA JADER SARAIVA MACHADO,PROJETO HUMAITA RAMAL DO V KM 37 S/N,PORTO ACRE,69921000,-9.6781615,-67.7447232,ATIVO,ATIVO,Com acessibilidade,244,244,244,01023|1|593,01023|1|1031,REVISAR CLASSIFICAÇÃO,False,"Indício territorial no nome, bairro ou endereço; requer conferência",BAIXA,True
03/08/2026,06:28:06,2026,AC,01023,PORTO ACRE,1,594,1031,ESCOLA PUBLICA JADER SARAIVA MACHADO,PROJETO HUMAITA RAMAL DO V KM 37 S/N,PORTO ACRE,69921000,-9.6781615,-67.7447232,ATIVO,ATIVO,Com acessibilidade,246,246,246,01023|1|594,01023|1|1031,REVISAR CLASSIFICAÇÃO,False,"Indício territorial no nome, bairro ou endereço; requer conferência",BAIXA,True
03/08/2026,06:28:06,2026,AC,01023,PORTO ACRE,1,595,1031,ESCOLA PUBLICA JADER SARAIVA MACHADO,PROJETO HUMAITA RAMAL DO V KM 37 S/N,PORTO ACRE,69921000,-9.6781615,-67.7447232,ATIVO,ATIVO,Com acessibilidade,248,248,248,01023|1|595,01023|1|1031,REVISAR CLASSIFICAÇÃO,False,"Indício territorial no nome, bairro ou endereço; requer conferência",BAIXA,True
03/08/2026,06:28:06,2026,AC,01023,PORTO ACRE,1,612,1031,ESCOLA PUBLICA JADER SARAIVA MACHADO,PROJETO HUMAITA RAMAL DO V KM 37 S/N,PORTO ACRE,69921000,-9.6781615,-67.7447232,ATIVO,ATIVO,Com acessibilidade,248,248,248,01023|1|612,01023|1|1031,REVISAR CLASSIFICAÇÃO,False,"Indício territorial no nome, bairro ou endereço; requer conferência",BAIXA,True
03/08/2026,06:28:06,2026,AC,01023,PORTO ACRE,1,613,1031,ESCOLA PUBLICA JADER SARAIVA MACHADO,PROJETO HUMAITA RAMAL DO V KM 37 S/N,PORTO ACRE,69921000,-9.6781615,-67.7447232,ATIVO,ATIVO,Com acessibilidade,246,246,246,01023|1|613,01023|1|1031,REVISAR CLASSIFICAÇÃO,False,"Indício territorial no nome, bairro ou endereço; requer conferência",BAIXA,True
03/08/2026,06:28:06,2026,AC,01023,PORTO ACRE,1,596,1040,ESCOLA NOSSA SENHORA AUXILIADORA,ESTRADA DE PORTO ACRE KM 27 S/N - RAMAL DO FLAVIANO,ZONA RURAL,69921000,-9.8184267,-67.58952,ATIVO,ATIVO,Com acessibilidade,183,183,183,01023|1|596,01023|1|1040,RURAL IDENTIFICADA,True,Termo RURAL no bairro ou no nome do local no arquivo do TSE,ALTA,True
03/08/2026,06:28:06,2026,AC,01023,PORTO ACRE,1,597,1040,ESCOLA NOSSA SENHORA AUXILIADORA,ESTRADA DE PORTO ACRE KM 27 S/N - RAMAL DO FLAVIANO,ZONA RURAL,69921000,-9.8184267,-67.58952,ATIVO,ATIVO,Com acessibilidade,104,143,143,01023|1|597,01023|1|1040,RURAL IDENTIFICADA,True,Termo RURAL no bairro ou no nome do local no arquivo do TSE,ALTA,True
03/08/2026,06:28:06,2026,AC,01023,PORTO ACRE,1,841,1040,ESCOLA NOSSA SENHORA AUXILIADORA,ESTRADA DE PORTO ACRE KM 27 S/N - RAMAL DO FLAVIANO,ZONA RURAL,69921000,-9.8184267,-67.58952,ATIVO,ATIVO,Sem acessibilidade,39,0,0,01023|1|841,01023|1|1040,RURAL IDENTIFICADA,True,Termo RURAL no bairro ou no nome do local no arquivo do TSE,ALTA,True
03/08/2026,06:28:06,2026,AC,01023,PORTO ACRE,1,598,1066,ESCOLA MAJOR WENCESLAU SALINAS,"RUA DO ESTÁDIO, 180",CENTRO,69921000,-9.5887973,-67.5330382,ATIVO,ATIVO,Com acessibilidade,266,266,266,01023|1|598,01023|1|1066,URBANA OU NÃO IDENTIFICADA COMO RURAL,False,Ausência de marcador rural nos campos públicos,MÉDIA,True
03/08/2026,06:28:06,2026,AC,01023,PORTO ACRE,1,599,1066,ESCOLA MAJOR WENCESLAU SALINAS,"RUA DO ESTÁDIO, 180",CENTRO,69921000,-9.5887973,-67.5330382,ATIVO,ATIVO,Com acessibilidade,268,268,268,01023|1|599,01023|1|1066,URBANA OU NÃO IDENTIFICADA COMO RURAL,False,Ausência de marcador rural nos campos públicos,MÉDIA,True
03/08/2026,06:28:06,2026,AC,01023,PORTO ACRE,1,600,1066,ESCOLA MAJOR WENCESLAU SALINAS,"RUA DO ESTÁDIO, 180",CENTRO,69921000,-9.5887973,-67.5330382,ATIVO,ATIVO,Com acessibilidade,266,266,266,01023|1|600,01023|1|1066,URBANA OU NÃO IDENTIFICADA COMO RURAL,False,Ausência de marcador rural nos campos públicos,MÉDIA,True
03/08/2026,06:28:06,2026,AC,01023,PORTO ACRE,1,601,1074,ESCOLA MUNICIPAL JOAQUIM FALCAO MACEDO,PROJETO DE ASSENTAMENTO CAQUETA BR 317 KM 82 RAMAL LINHA 09 LOTE 300,ZONA RURAL,69921000,-9.6739878,-67.3696307,ATIVO,ATIVO,Com acessibilidade,152,152,152,01023|1|601,01023|1|1074,RURAL IDENTIFICADA,True,Termo RURAL no bairro ou no nome do local no arquivo do TSE,ALTA,True
03/08/2026,06:28:06,2026,AC,01023,PORTO ACRE,1,602,1074,ESCOLA MUNICIPAL JOAQUIM FALCAO MACEDO,PROJETO DE ASSENTAMENTO CAQUETA BR 317 KM 82 RAMAL LINHA 09 LOTE 300,ZONA RURAL,69921000,-9.6739878,-67.3696307,ATIVO,ATIVO,Com acessibilidade,151,151,151,01023|1|602,01023|1|1074,RURAL IDENTIFICADA,True,Termo RURAL no bairro ou no nome do local no arquivo do TSE,ALTA,True
03/08/2026,06:28:06,2026,AC,01023,PORTO ACRE,1,603,1074,ESCOLA MUNICIPAL JOAQUIM FALCAO MACEDO,PROJETO DE ASSENTAMENTO CAQUETA BR 317 KM 82 RAMAL LINHA 09 LOTE 300,ZONA RURAL,69921000,-9.6739878,-67.3696307,ATIVO,ATIVO,Com acessibilidade,153,153,153,01023|1|603,01023|1|1074,RURAL IDENTIFICADA,True,Termo RURAL no bairro ou no nome do local no arquivo do TSE,ALTA,True
03/08/2026,06:28:06,2026,AC,01023,PORTO ACRE,1,604,1082,ESCOLA MUNICIPAL NOVO HORIZONTE,"RUA IPÊ ROXO, S/N-VILA DO INCRA",PROJETO HUMAITA,69921000,-9.7288086,-67.7008358,ATIVO,ATIVO,Com acessibilidade,250,250,250,01023|1|604,01023|1|1082,URBANA OU NÃO IDENTIFICADA COMO RURAL,False,Ausência de marcador rural nos campos públicos,MÉDIA,True
03/08/2026,06:28:06,2026,AC,01023,PORTO ACRE,1,605,1082,ESCOLA MUNICIPAL NOVO HORIZONTE,"RUA IPÊ ROXO, S/N-VILA DO INCRA",PROJETO HUMAITA,69921000,-9.7288086,-67.7008358,ATIVO,ATIVO,Com acessibilidade,254,254,254,01023|1|605,01023|1|1082,URBANA OU NÃO IDENTIFICADA COMO RURAL,False,Ausência de marcador rural nos campos públicos,MÉDIA,True
03/08/2026,06:28:06,2026,AC,01023,PORTO ACRE,1,606,1082,ESCOLA MUNICIPAL NOVO HORIZONTE,"RUA IPÊ ROXO, S/N-VILA DO INCRA",PROJETO HUMAITA,69921000,-9.7288086,-67.7008358,ATIVO,ATIVO,Com acessibilidade,249,249,249,01023|1|606,01023|1|1082,URBANA OU NÃO IDENTIFICADA COMO RURAL,False,Ausência de marcador rural nos campos públicos,MÉDIA,True
03/08/2026,06:28:06,2026,AC,01023,PORTO ACRE,1,607,1082,ESCOLA MUNICIPAL NOVO HORIZONTE,"RUA IPÊ ROXO, S/N-VILA DO INCRA",PROJETO HUMAITA,69921000,-9.7288086,-67.7008358,ATIVO,ATIVO,Com acessibilidade,255,255,255,01023|1|607,01023|1|1082,URBANA OU NÃO IDENTIFICADA COMO RURAL,False,Ausência de marcador rural nos campos públicos,MÉDIA,True
03/08/2026,06:28:06,2026,AC,01023,PORTO ACRE,1,608,1082,ESCOLA MUNICIPAL NOVO HORIZONTE,"RUA IPÊ ROXO, S/N-VILA DO INCRA",PROJETO HUMAITA,69921000,-9.7288086,-67.7008358,ATIVO,ATIVO,Com acessibilidade,256,256,256,01023|1|608,01023|1|1082,URBANA OU NÃO IDENTIFICADA COMO RURAL,False,Ausência de marcador rural nos campos públicos,MÉDIA,True
03/08/2026,06:28:06,2026,AC,01023,PORTO ACRE,1,609,1082,ESCOLA MUNICIPAL NOVO HORIZONTE,"RUA IPÊ ROXO, S/N-VILA DO INCRA",PROJETO HUMAITA,69921000,-9.7288086,-67.7008358,ATIVO,ATIVO,Com acessibilidade,251,251,251,01023|1|609,01023|1|1082,URBANA OU NÃO IDENTIFICADA COMO RURAL,False,Ausência de marcador rural nos campos públicos,MÉDIA,True
03/08/2026,06:28:06,2026,AC,01023,PORTO ACRE,1,797,1082,ESCOLA MUNICIPAL NOVO HORIZONTE,"RUA IPÊ ROXO, S/N-VILA DO INCRA",PROJETO HUMAITA,69921000,-9.7288086,-67.7008358,ATIVO,ATIVO,Com acessibilidade,252,252,252,01023|1|797,01023|1|1082,URBANA OU NÃO IDENTIFICADA COMO RURAL,False,Ausência de marcador rural nos campos públicos,MÉDIA,True
03/08/2026,06:28:06,2026,AC,01023,PORTO ACRE,1,610,1090,UNIDADE DE SAÚDE DA FAMÍLIA ILDA BARBOSA DE SOUZA,PROJETO HUMAITA - VILA DO V,PROJETO HUMAITA,69921000,-9.6801161,-67.7466193,ATIVO,ATIVO,Com acessibilidade,223,223,223,01023|1|610,01023|1|1090,URBANA OU NÃO IDENTIFICADA COMO RURAL,False,Ausência de marcador rural nos campos públicos,MÉDIA,True
03/08/2026,06:28:06,2026,AC,01023,PORTO ACRE,1,611,1090,UNIDADE DE SAÚDE DA FAMÍLIA ILDA BARBOSA DE SOUZA,PROJETO HUMAITA - VILA DO V,PROJETO HUMAITA,69921000,-9.6801161,-67.7466193,ATIVO,ATIVO,Com acessibilidade,221,221,221,01023|1|611,01023|1|1090,URBANA OU NÃO IDENTIFICADA COMO RURAL,False,Ausência de marcador rural nos campos públicos,MÉDIA,True
03/08/2026,06:28:06,2026,AC,01023,PORTO ACRE,1,614,1112,ESCOLA SÃO RAIMUNDO NONATO,PIK DO MEIO - PROJETO TOCANTINS,ZONA RURAL,69921000,-9.44959,-67.8158496,ATIVO,ATIVO,Com acessibilidade,236,236,236,01023|1|614,01023|1|1112,RURAL IDENTIFICADA,True,Termo RURAL no bairro ou no nome do local no arquivo do TSE,ALTA,True
03/08/2026,06:28:06,2026,AC,01023,PORTO ACRE,1,615,1112,ESCOLA SÃO RAIMUNDO NONATO,PIK DO MEIO - PROJETO TOCANTINS,ZONA RURAL,69921000,-9.44959,-67.8158496,ATIVO,ATIVO,Com acessibilidade,230,230,230,01023|1|615,01023|1|1112,RURAL IDENTIFICADA,True,Termo RURAL no bairro ou no nome do local no arquivo do TSE,ALTA,True
03/08/2026,06:28:06,2026,AC,01023,PORTO ACRE,1,616,1139,ESCOLA CRISTO REI,"BR 317, KM 72, PROJETO CAQUETÁ",ZONA RURAL,69921000,-9.7559421,-67.3580114,ATIVO,ATIVO,Com acessibilidade,273,273,273,01023|1|616,01023|1|1139,RURAL IDENTIFICADA,True,Termo RURAL no bairro ou no nome do local no arquivo do TSE,ALTA,True
03/08/2026,06:28:06,2026,AC,01023,PORTO ACRE,1,617,1139,ESCOLA CRISTO REI,"BR 317, KM 72, PROJETO CAQUETÁ",ZONA RURAL,69921000,-9.7559421,-67.3580114,ATIVO,ATIVO,Com acessibilidade,268,268,268,01023|1|617,01023|1|1139,RURAL IDENTIFICADA,True,Termo RURAL no bairro ou no nome do local no arquivo do TSE,ALTA,True
03/08/2026,06:28:06,2026,AC,01023,PORTO ACRE,1,618,1139,ESCOLA CRISTO REI,"BR 317, KM 72, PROJETO CAQUETÁ",ZONA RURAL,69921000,-9.7559421,-67.3580114,ATIVO,ATIVO,Com acessibilidade,271,271,271,01023|1|618,01023|1|1139,RURAL IDENTIFICADA,True,Termo RURAL no bairro ou no nome do local no arquivo do TSE,ALTA,True
03/08/2026,06:28:06,2026,AC,01023,PORTO ACRE,1,619,1147,ESCOLA MUNICIPAL DE ENSINO FUNDAMENTAL VITÓRIA,"LINHA 01, PROJETO CAQUETÁ - PORTO ALONSO",ZONA RURAL,69210000,-9.6064267,-67.3716,ATIVO,ATIVO,Com acessibilidade,257,257,257,01023|1|619,01023|1|1147,RURAL IDENTIFICADA,True,Termo RURAL no bairro ou no nome do local no arquivo do TSE,ALTA,True
03/08/2026,06:28:06,2026,AC,01023,PORTO ACRE,1,620,1163,ESCOLA ESTADUAL UNIÃO E PROGRESSO,"BR. 317, KM 72 - PROJETO CAQUETÁ (CONTATO 9943-0082)",ZONA RURAL,69921000,-9.7525731,-67.3533126,ATIVO,ATIVO,Com acessibilidade,229,229,229,01023|1|620,01023|1|1163,RURAL IDENTIFICADA,True,Termo RURAL no bairro ou no nome do local no arquivo do TSE,ALTA,True
03/08/2026,06:28:06,2026,AC,01023,PORTO ACRE,1,621,1163,ESCOLA ESTADUAL UNIÃO E PROGRESSO,"BR. 317, KM 72 - PROJETO CAQUETÁ (CONTATO 9943-0082)",ZONA RURAL,69921000,-9.7525731,-67.3533126,ATIVO,ATIVO,Com acessibilidade,236,236,236,01023|1|621,01023|1|1163,RURAL IDENTIFICADA,True,Termo RURAL no bairro ou no nome do local no arquivo do TSE,ALTA,True
03/08/2026,06:28:06,2026,AC,01023,PORTO ACRE,1,851,1163,ESCOLA ESTADUAL UNIÃO E PROGRESSO,"BR. 317, KM 72 - PROJETO CAQUETÁ (CONTATO 9943-0082)",ZONA RURAL,69921000,-9.7525731,-67.3533126,ATIVO,ATIVO,Sem acessibilidade,233,233,233,01023|1|851,01023|1|1163,RURAL IDENTIFICADA,True,Termo RURAL no bairro ou no nome do local no arquivo do TSE,ALTA,True
03/08/2026,06:28:06,2026,AC,01023,PORTO ACRE,1,622,1171,ESCOLA MUNICIPAL NILCE MACHADO DA ROCHA,"RUA LUIZ GALVEZ, N. 1162",JOSÉ GALDINO,69921000,-9.5910012,-67.5414894,ATIVO,ATIVO,Com acessibilidade,161,161,161,01023|1|622,01023|1|1171,URBANA OU NÃO IDENTIFICADA COMO RURAL,False,Ausência de marcador rural nos campos públicos,MÉDIA,True
03/08/2026,06:28:06,2026,AC,01023,PORTO ACRE,1,799,1171,ESCOLA MUNICIPAL NILCE MACHADO DA ROCHA,"RUA LUIZ GALVEZ, N. 1162",JOSÉ GALDINO,69921000,-9.5910012,-67.5414894,ATIVO,ATIVO,Com acessibilidade,132,206,206,01023|1|799,01023|1|1171,URBANA OU NÃO IDENTIFICADA COMO RURAL,False,Ausência de marcador rural nos campos públicos,MÉDIA,True
03/08/2026,06:28:06,2026,AC,01023,PORTO ACRE,1,844,1171,ESCOLA MUNICIPAL NILCE MACHADO DA ROCHA,"RUA LUIZ GALVEZ, N. 1162",JOSÉ GALDINO,69921000,-9.5910012,-67.5414894,ATIVO,ATIVO,Sem acessibilidade,74,0,0,01023|1|844,01023|1|1171,URBANA OU NÃO IDENTIFICADA COMO RURAL,False,Ausência de marcador rural nos campos públicos,MÉDIA,True
03/08/2026,06:28:06,2026,AC,01023,PORTO ACRE,1,623,1180,CÂMARA MUNICIPAL DE PORTO ACRE,"RODOVIA AC-10, KM. 56",CENTRO,69921000,-9.5932845,-67.5425363,ATIVO,ATIVO,Com acessibilidade,278,278,278,01023|1|623,01023|1|1180,URBANA OU NÃO IDENTIFICADA COMO RURAL,False,Ausência de marcador rural nos campos públicos,MÉDIA,True
03/08/2026,06:28:06,2026,AC,01023,PORTO ACRE,1,624,1198,ESCOLA MUNICIPAL PARAÍSO DO SABER,"RUA DAS AROEIRAS, S/N - PROJETO HUMAITÁ",PROJETO HUMAITA,69921000,-9.7296914,-67.70142619,ATIVO,ATIVO,Com acessibilidade,216,216,216,01023|1|624,01023|1|1198,URBANA OU NÃO IDENTIFICADA COMO RURAL,False,Ausência de marcador rural nos campos públicos,MÉDIA,True
03/08/2026,06:28:06,2026,AC,01023,PORTO ACRE,1,625,1198,ESCOLA MUNICIPAL PARAÍSO DO SABER,"RUA DAS AROEIRAS, S/N - PROJETO HUMAITÁ",PROJETO HUMAITA,69921000,-9.7296914,-67.70142619,ATIVO,ATIVO,Com acessibilidade,211,211,211,01023|1|625,01023|1|1198,URBANA OU NÃO IDENTIFICADA COMO RURAL,False,Ausência de marcador rural nos campos públicos,MÉDIA,True
03/08/2026,06:28:06,2026,AC,01023,PORTO ACRE,1,626,1198,ESCOLA MUNICIPAL PARAÍSO DO SABER,"RUA DAS AROEIRAS, S/N - PROJETO HUMAITÁ",PROJETO HUMAITA,69921000,-9.7296914,-67.70142619,ATIVO,ATIVO,Com acessibilidade,197,259,259,01023|1|626,01023|1|1198,URBANA OU NÃO IDENTIFICADA COMO RURAL,False,Ausência de marcador rural nos campos públicos,MÉDIA,True
03/08/2026,06:28:06,2026,AC,01023,PORTO ACRE,1,847,1198,ESCOLA MUNICIPAL PARAÍSO DO SABER,"RUA DAS AROEIRAS, S/N - PROJETO HUMAITÁ",PROJETO HUMAITA,69921000,-9.7296914,-67.70142619,ATIVO,ATIVO,Sem acessibilidade,62,0,0,01023|1|847,01023|1|1198,URBANA OU NÃO IDENTIFICADA COMO RURAL,False,Ausência de marcador rural nos campos públicos,MÉDIA,True
03/08/2026,06:28:06,2026,AC,01023,PORTO ACRE,1,627,1201,ESCOLA MUNICIPAL PEQUENO PRÍNCIPE,"RUA MARIA ANGÉLICA, S/N - VILA DO V",PROJETO HUMAITA,69921000,-9.68103423,-67.74702184,ATIVO,ATIVO,Com acessibilidade,192,192,192,01023|1|627,01023|1|1201,URBANA OU NÃO IDENTIFICADA COMO RURAL,False,Ausência de marcador rural nos campos públicos,MÉDIA,True
03/08/2026,06:28:06,2026,AC,01023,PORTO ACRE,1,628,1201,ESCOLA MUNICIPAL PEQUENO PRÍNCIPE,"RUA MARIA ANGÉLICA, S/N - VILA DO V",PROJETO HUMAITA,69921000,-9.68103423,-67.74702184,ATIVO,ATIVO,Com acessibilidade,193,193,193,01023|1|628,01023|1|1201,URBANA OU NÃO IDENTIFICADA COMO RURAL,False,Ausência de marcador rural nos campos públicos,MÉDIA,True
03/08/2026,06:28:06,2026,AC,01023,PORTO ACRE,1,629,1201,ESCOLA MUNICIPAL PEQUENO PRÍNCIPE,"RUA MARIA ANGÉLICA, S/N - VILA DO V",PROJETO HUMAITA,69921000,-9.68103423,-67.74702184,ATIVO,ATIVO,Com acessibilidade,191,191,191,01023|1|629,01023|1|1201,URBANA OU NÃO IDENTIFICADA COMO RURAL,False,Ausência de marcador rural nos campos públicos,MÉDIA,True
03/08/2026,06:28:06,2026,AC,01023,PORTO ACRE,1,630,1210,UNIDADE DE SAÚDE DA FAMÍLIA ÁLVARO ARAÚJO NOBRE,"PROJETO TOCANTINS, RAMAL DOS PAULISTAS, KM. 20 - 4 BOCAS",ZONA RURAL,69921000,-9.5233013,-67.7758684,ATIVO,ATIVO,Com acessibilidade,222,222,222,01023|1|630,01023|1|1210,RURAL IDENTIFICADA,True,Termo RURAL no bairro ou no nome do local no arquivo do TSE,ALTA,True
03/08/2026,06:28:06,2026,AC,01023,PORTO ACRE,1,631,1210,UNIDADE DE SAÚDE DA FAMÍLIA ÁLVARO ARAÚJO NOBRE,"PROJETO TOCANTINS, RAMAL DOS PAULISTAS, KM. 20 - 4 BOCAS",ZONA RURAL,69921000,-9.5233013,-67.7758684,ATIVO,ATIVO,Com acessibilidade,223,223,223,01023|1|631,01023|1|1210,RURAL IDENTIFICADA,True,Termo RURAL no bairro ou no nome do local no arquivo do TSE,ALTA,True
03/08/2026,06:28:06,2026,AC,01066,PORTO WALTER,4,132,1015,ESCOLA  MANOEL CORREIA DE PAIVA,RUA JOSÉ ESTEPHAN BARBARY,CENTRO,69982000,-8.2654012,-72.7424826,ATIVO,ATIVO,Com acessibilidade,238,238,238,01066|4|132,01066|4|1015,URBANA OU NÃO IDENTIFICADA COMO RURAL,False,Ausência de marcador rural nos campos públicos,MÉDIA,True
03/08/2026,06:28:06,2026,AC,01066,PORTO WALTER,4,373,1015,ESCOLA  MANOEL CORREIA DE PAIVA,RUA JOSÉ ESTEPHAN BARBARY,CENTRO,69982000,-8.2654012,-72.7424826,ATIVO,ATIVO,Com acessibilidade,233,233,233,01066|4|373,01066|4|1015,URBANA OU NÃO IDENTIFICADA COMO RURAL,False,Ausência de marcador rural nos campos públicos,MÉDIA,True
03/08/2026,06:28:06,2026,AC,01066,PORTO WALTER,4,447,1015,ESCOLA  MANOEL CORREIA DE PAIVA,RUA JOSÉ ESTEPHAN BARBARY,CENTRO,69982000,-8.2654012,-72.7424826,ATIVO,ATIVO,Com acessibilidade,225,225,225,01066|4|447,01066|4|1015,URBANA OU NÃO IDENTIFICADA COMO RURAL,False,Ausência de marcador rural nos campos públicos,MÉDIA,True
03/08/2026,06:28:06,2026,AC,01066,PORTO WALTER,4,480,1015,ESCOLA  MANOEL CORREIA DE PAIVA,RUA JOSÉ ESTEPHAN BARBARY,CENTRO,69982000,-8.2654012,-72.7424826,ATIVO,ATIVO,Com acessibilidade,223,223,223,01066|4|480,01066|4|1015,URBANA OU NÃO IDENTIFICADA COMO RURAL,False,Ausência de marcador rural nos campos públicos,MÉDIA,True
03/08/2026,06:28:06,2026,AC,01066,PORTO WALTER,4,78,1023,COLÉGIO MARISTA PORTO WALTER ,RUA MAMED CAMELI,CENTRO,69982000,-8.2672228,-72.7449898,ATIVO,ATIVO,Com acessibilidade,242,242,242,01066|4|78,01066|4|1023,URBANA OU NÃO IDENTIFICADA COMO RURAL,False,Ausência de marcador rural nos campos públicos,MÉDIA,True
03/08/2026,06:28:06,2026,AC,01066,PORTO WALTER,4,79,1023,COLÉGIO MARISTA PORTO WALTER ,RUA MAMED CAMELI,CENTRO,69982000,-8.2672228,-72.7449898,ATIVO,ATIVO,Com acessibilidade,242,242,242,01066|4|79,01066|4|1023,URBANA OU NÃO IDENTIFICADA COMO RURAL,False,Ausência de marcador rural nos campos públicos,MÉDIA,True
03/08/2026,06:28:06,2026,AC,01066,PORTO WALTER,4,144,1023,COLÉGIO MARISTA PORTO WALTER ,RUA MAMED CAMELI,CENTRO,69982000,-8.2672228,-72.7449898,ATIVO,ATIVO,Com acessibilidade,239,239,239,01066|4|144,01066|4|1023,URBANA OU NÃO IDENTIFICADA COMO RURAL,False,Ausência de marcador rural nos campos públicos,MÉDIA,True
03/08/2026,06:28:06,2026,AC,01066,PORTO WALTER,4,338,1023,COLÉGIO MARISTA PORTO WALTER ,RUA MAMED CAMELI,CENTRO,69982000,-8.2672228,-72.7449898,ATIVO,ATIVO,Com acessibilidade,237,237,237,01066|4|338,01066|4|1023,URBANA OU NÃO IDENTIFICADA COMO RURAL,False,Ausência de marcador rural nos campos públicos,MÉDIA,True
03/08/2026,06:28:06,2026,AC,01066,PORTO WALTER,4,453,1023,COLÉGIO MARISTA PORTO WALTER ,RUA MAMED CAMELI,CENTRO,69982000,-8.2672228,-72.7449898,ATIVO,ATIVO,Com acessibilidade,235,235,235,01066|4|453,01066|4|1023,URBANA OU NÃO IDENTIFICADA COMO RURAL,False,Ausência de marcador rural nos campos públicos,MÉDIA,True
03/08/2026,06:28:06,2026,AC,01066,PORTO WALTER,4,476,1023,COLÉGIO MARISTA PORTO WALTER ,RUA MAMED CAMELI,CENTRO,69982000,-8.2672228,-72.7449898,ATIVO,ATIVO,Com acessibilidade,241,241,241,01066|4|476,01066|4|1023,URBANA OU NÃO IDENTIFICADA COMO RURAL,False,Ausência de marcador rural nos campos públicos,MÉDIA,True
03/08/2026,06:28:06,2026,AC,01066,PORTO WALTER,4,77,1031,ESCOLA BORGES DE AQUINO,RUA BEIRA RIO,CENTRO,69982000,-8.2660218,-72.740761,ATIVO,ATIVO,Com acessibilidade,291,291,291,01066|4|77,01066|4|1031,URBANA OU NÃO IDENTIFICADA COMO RURAL,False,Ausência de marcador rural nos campos públicos,MÉDIA,True
03/08/2026,06:28:06,2026,AC,01066,PORTO WALTER,4,115,1031,ESCOLA BORGES DE AQUINO,RUA BEIRA RIO,CENTRO,69982000,-8.2660218,-72.740761,ATIVO,ATIVO,Com acessibilidade,294,294,294,01066|4|115,01066|4|1031,URBANA OU NÃO IDENTIFICADA COMO RURAL,False,Ausência de marcador rural nos campos públicos,MÉDIA,True
03/08/2026,06:28:06,2026,AC,01066,PORTO WALTER,4,145,1031,ESCOLA BORGES DE AQUINO,RUA BEIRA RIO,CENTRO,69982000,-8.2660218,-72.740761,ATIVO,ATIVO,Com acessibilidade,290,290,290,01066|4|145,01066|4|1031,URBANA OU NÃO IDENTIFICADA COMO RURAL,False,Ausência de marcador rural nos campos públicos,MÉDIA,True
03/08/2026,06:28:06,2026,AC,01066,PORTO WALTER,4,361,1031,ESCOLA BORGES DE AQUINO,RUA BEIRA RIO,CENTRO,69982000,-8.2660218,-72.740761,ATIVO,ATIVO,Com acessibilidade,287,287,287,01066|4|361,01066|4|1031,URBANA OU NÃO IDENTIFICADA COMO RURAL,False,Ausência de marcador rural nos campos públicos,MÉDIA,True
03/08/2026,06:28:06,2026,AC,01066,PORTO WALTER,4,465,1031,ESCOLA BORGES DE AQUINO,RUA BEIRA RIO,CENTRO,69982000,-8.2660218,-72.740761,ATIVO,ATIVO,Com acessibilidade,289,289,289,01066|4|465,01066|4|1031,URBANA OU NÃO IDENTIFICADA COMO RURAL,False,Ausência de marcador rural nos campos públicos,MÉDIA,True
03/08/2026,06:28:06,2026,AC,01066,PORTO WALTER,4,80,1040,ESCOLA IZAURA AMORIM DE LIMA,RUA ALFREDO SALES,CENTRO,69982000,-8.2693738,-72.743784,ATIVO,ATIVO,Com acessibilidade,279,279,279,01066|4|80,01066|4|1040,URBANA OU NÃO IDENTIFICADA COMO RURAL,False,Ausência de marcador rural nos campos públicos,MÉDIA,True
03/08/2026,06:28:06,2026,AC,01066,PORTO WALTER,4,146,1040,ESCOLA IZAURA AMORIM DE LIMA,RUA ALFREDO SALES,CENTRO,69982000,-8.2693738,-72.743784,ATIVO,ATIVO,Com acessibilidade,283,283,283,01066|4|146,01066|4|1040,URBANA OU NÃO IDENTIFICADA COMO RURAL,False,Ausência de marcador rural nos campos públicos,MÉDIA,True
03/08/2026,06:28:06,2026,AC,01066,PORTO WALTER,4,372,1040,ESCOLA IZAURA AMORIM DE LIMA,RUA ALFREDO SALES,CENTRO,69982000,-8.2693738,-72.743784,ATIVO,ATIVO,Com acessibilidade,280,280,280,01066|4|372,01066|4|1040,URBANA OU NÃO IDENTIFICADA COMO RURAL,False,Ausência de marcador rural nos campos públicos,MÉDIA,True
03/08/2026,06:28:06,2026,AC,01066,PORTO WALTER,4,430,1040,ESCOLA IZAURA AMORIM DE LIMA,RUA ALFREDO SALES,CENTRO,69982000,-8.2693738,-72.743784,ATIVO,ATIVO,Com acessibilidade,277,277,277,01066|4|430,01066|4|1040,URBANA OU NÃO IDENTIFICADA COMO RURAL,False,Ausência de marcador rural nos campos públicos,MÉDIA,True
03/08/2026,06:28:06,2026,AC,01066,PORTO WALTER,4,442,1040,ESCOLA IZAURA AMORIM DE LIMA,RUA ALFREDO SALES,CENTRO,69982000,-8.2693738,-72.743784,ATIVO,ATIVO,Com acessibilidade,279,279,279,01066|4|442,01066|4|1040,URBANA OU NÃO IDENTIFICADA COMO RURAL,False,Ausência de marcador rural nos campos públicos,MÉDIA,True
03/08/2026,06:28:06,2026,AC,01066,PORTO WALTER,4,477,1040,ESCOLA IZAURA AMORIM DE LIMA,RUA ALFREDO SALES,CENTRO,69982000,-8.2693738,-72.743784,ATIVO,ATIVO,Com acessibilidade,272,272,272,01066|4|477,01066|4|1040,URBANA OU NÃO IDENTIFICADA COMO RURAL,False,Ausência de marcador rural nos campos públicos,MÉDIA,True
03/08/2026,06:28:06,2026,AC,01066,PORTO WALTER,4,164,1058,ESCOLA SÃO JOSÉ,COMUNIDADE MORORÓ - RIO CRUZEIRO DO VALE,ZONA RURAL,69982000,-8.5733539,-72.4017181,ATIVO,ATIVO,Com acessibilidade,283,283,283,01066|4|164,01066|4|1058,RURAL IDENTIFICADA,True,Termo RURAL no bairro ou no nome do local no arquivo do TSE,ALTA,True
03/08/2026,06:28:06,2026,AC,01066,PORTO WALTER,4,245,1058,ESCOLA SÃO JOSÉ,COMUNIDADE MORORÓ - RIO CRUZEIRO DO VALE,ZONA RURAL,69982000,-8.5733539,-72.4017181,ATIVO,ATIVO,Com acessibilidade,279,279,279,01066|4|245,01066|4|1058,RURAL IDENTIFICADA,True,Termo RURAL no bairro ou no nome do local no arquivo do TSE,ALTA,True
03/08/2026,06:28:06,2026,AC,01066,PORTO WALTER,4,166,1074,ESCOLA NOSSA SENHORA APARECIDA,COMUNIDADE REFORMA - RIO JURUA,ZONA RURAL,69982000,-8.4631216,-72.8443875,ATIVO,ATIVO,Com acessibilidade,221,221,221,01066|4|166,01066|4|1074,RURAL IDENTIFICADA,True,Termo RURAL no bairro ou no nome do local no arquivo do TSE,ALTA,True
03/08/2026,06:28:06,2026,AC,01066,PORTO WALTER,4,314,1082,ESCOLA CHATEAUBRIAND BEZERRA,COMUNIDADE ESTIRÃO AZUL - RIO CRUZEIRO DO VALE,ZONA RURAL,69982000,-8.401093,-72.5904926,ATIVO,ATIVO,Com acessibilidade,146,146,146,01066|4|314,01066|4|1082,RURAL IDENTIFICADA,True,Termo RURAL no bairro ou no nome do local no arquivo do TSE,ALTA,True
03/08/2026,06:28:06,2026,AC,01066,PORTO WALTER,4,311,1090,ESCOLA ARARA INDÍGENA ,ALDEIA FOZ DO NILO - RIO CRUZEIRO DO VALE,ZONA RURAL,69982000,-8.4972295,-72.4558608,ATIVO,ATIVO,Com acessibilidade,235,235,235,01066|4|311,01066|4|1090,RURAL IDENTIFICADA,True,Termo RURAL no bairro ou no nome do local no arquivo do TSE,ALTA,True
03/08/2026,06:28:06,2026,AC,01066,PORTO WALTER,4,498,1090,ESCOLA ARARA INDÍGENA ,ALDEIA FOZ DO NILO - RIO CRUZEIRO DO VALE,ZONA RURAL,69982000,-8.4972295,-72.4558608,ATIVO,ATIVO,Sem acessibilidade,103,103,103,01066|4|498,01066|4|1090,RURAL IDENTIFICADA,True,Termo RURAL no bairro ou no nome do local no arquivo do TSE,ALTA,True
03/08/2026,06:28:06,2026,AC,01066,PORTO WALTER,4,320,1104,ESCOLA ALFREDO SALES,COMUNIDADE LINDALVOS - FOZ GRAJAÚ,ZONA RURAL,69982000,-8.5446252,-72.8112834,ATIVO,ATIVO,Com acessibilidade,234,234,234,01066|4|320,01066|4|1104,RURAL IDENTIFICADA,True,Termo RURAL no bairro ou no nome do local no arquivo do TSE,ALTA,True
03/08/2026,06:28:06,2026,AC,01066,PORTO WALTER,4,429,1104,ESCOLA ALFREDO SALES,COMUNIDADE LINDALVOS - FOZ GRAJAÚ,ZONA RURAL,69982000,-8.5446252,-72.8112834,ATIVO,ATIVO,Com acessibilidade,229,229,229,01066|4|429,01066|4|1104,RURAL IDENTIFICADA,True,Termo RURAL no bairro ou no nome do local no arquivo do TSE,ALTA,True
03/08/2026,06:28:06,2026,AC,01066,PORTO WALTER,4,321,1112,ESCOLA JOSÉ DE MELO BARRETO,COMUNIDADE 3 BOCAS - RIO DAS MINAS,ZONA RURAL,69982000,-8.6014491,-72.9229855,ATIVO,ATIVO,Com acessibilidade,102,102,102,01066|4|321,01066|4|1112,RURAL IDENTIFICADA,True,Termo RURAL no bairro ou no nome do local no arquivo do TSE,ALTA,True
03/08/2026,06:28:06,2026,AC,01066,PORTO WALTER,4,316,1120,ESCOLA VENCESLAU BRÁZ,COMUNIDADE VITÓRIA - RIO JURUÁ,ZONA RURAL,69982000,-8.3635465,-72.7679469,ATIVO,ATIVO,Com acessibilidade,237,237,237,01066|4|316,01066|4|1120,RURAL IDENTIFICADA,True,Termo RURAL no bairro ou no nome do local no arquivo do TSE,ALTA,True
03/08/2026,06:28:06,2026,AC,01066,PORTO WALTER,4,467,1120,ESCOLA VENCESLAU BRÁZ,COMUNIDADE VITÓRIA - RIO JURUÁ,ZONA RURAL,69982000,-8.3635465,-72.7679469,ATIVO,ATIVO,Com acessibilidade,105,105,105,01066|4|467,01066|4|1120,RURAL IDENTIFICADA,True,Termo RURAL no bairro ou no nome do local no arquivo do TSE,ALTA,True
03/08/2026,06:28:06,2026,AC,01066,PORTO WALTER,4,313,1139,ESCOLA SAO FRANCISCO DAS CHAGAS,COMUNIDADE IRACEMA - RIO OURO PRETO,ZONA RURAL,69982000,-8.4332174,-72.9785725,ATIVO,ATIVO,Com acessibilidade,144,144,144,01066|4|313,01066|4|1139,RURAL IDENTIFICADA,True,Termo RURAL no bairro ou no nome do local no arquivo do TSE,ALTA,True
03/08/2026,06:28:06,2026,AC,01066,PORTO WALTER,4,325,1147,ESCOLA CASTELO BRANCO,COMUNIDADE FORMIGUEIRO - IGARAPÉ COMPRIDO,ZONA RURAL,69982000,-8.2363388,-72.9559418,ATIVO,ATIVO,Com acessibilidade,204,204,204,01066|4|325,01066|4|1147,RURAL IDENTIFICADA,True,Termo RURAL no bairro ou no nome do local no arquivo do TSE,ALTA,True
03/08/2026,06:28:06,2026,AC,01392,RIO BRANCO,1,5,1031,COLÉGIO ESTADUAL BARÃO DO RIO BRANCO,"AVENIDA GETULIO VARGAS, 443",CENTRO,69900060,-9.9730288,-67.8104643,ATIVO,ATIVO,Com acessibilidade,316,316,316,01392|1|5,01392|1|1031,URBANA OU NÃO IDENTIFICADA COMO RURAL,False,Ausência de marcador rural nos campos públicos,MÉDIA,True
03/08/2026,06:28:06,2026,AC,01392,RIO BRANCO,1,6,1031,COLÉGIO ESTADUAL BARÃO DO RIO BRANCO,"AVENIDA GETULIO VARGAS, 443",CENTRO,69900060,-9.9730288,-67.8104643,ATIVO,ATIVO,Com acessibilidade,317,317,317,01392|1|6,01392|1|1031,URBANA OU NÃO IDENTIFICADA COMO RURAL,False,Ausência de marcador rural nos campos públicos,MÉDIA,True
03/08/2026,06:28:06,2026,AC,01392,RIO BRANCO,1,8,1031,COLÉGIO ESTADUAL BARÃO DO RIO BRANCO,"AVENIDA GETULIO VARGAS, 443",CENTRO,69900060,-9.9730288,-67.8104643,ATIVO,ATIVO,Com acessibilidade,314,314,314,01392|1|8,01392|1|1031,URBANA OU NÃO IDENTIFICADA COMO RURAL,False,Ausência de marcador rural nos campos públicos,MÉDIA,True
03/08/2026,06:28:06,2026,AC,01392,RIO BRANCO,1,25,1031,COLÉGIO ESTADUAL BARÃO DO RIO BRANCO,"AVENIDA GETULIO VARGAS, 443",CENTRO,69900060,-9.9730288,-67.8104643,ATIVO,ATIVO,Com acessibilidade,323,323,323,01392|1|25,01392|1|1031,URBANA OU NÃO IDENTIFICADA COMO RURAL,False,Ausência de marcador rural nos campos públicos,MÉDIA,True
03/08/2026,06:28:06,2026,AC,01392,RIO BRANCO,1,27,1031,COLÉGIO ESTADUAL BARÃO DO RIO BRANCO,"AVENIDA GETULIO VARGAS, 443",CENTRO,69900060,-9.9730288,-67.8104643,ATIVO,ATIVO,Com acessibilidade,322,322,322,01392|1|27,01392|1|1031,URBANA OU NÃO IDENTIFICADA COMO RURAL,False,Ausência de marcador rural nos campos públicos,MÉDIA,True
03/08/2026,06:28:06,2026,AC,01392,RIO BRANCO,1,272,1031,COLÉGIO ESTADUAL BARÃO DO RIO BRANCO,"AVENIDA GETULIO VARGAS, 443",CENTRO,69900060,-9.9730288,-67.8104643,ATIVO,ATIVO,Com acessibilidade,313,313,313,01392|1|272,01392|1|1031,URBANA OU NÃO IDENTIFICADA COMO RURAL,False,Ausência de marcador rural nos campos públicos,MÉDIA,True
03/08/2026,06:28:06,2026,AC,01392,RIO BRANCO,1,9,1058,INSTITUTO BRASILEIRO DE GEOGRAFIA E ESTATISTICA - IBGE,"RUA BENJAMIN CONSTANT, 907,",CENTRO,0,-9.9750386,-67.8080196,ATIVO,ATIVO,Com acessibilidade,134,265,265,01392|1|9,01392|1|1058,URBANA OU NÃO IDENTIFICADA COMO RURAL,False,Ausência de marcador rural nos campos públicos,MÉDIA,True
03/08/2026,06:28:06,2026,AC,01392,RIO BRANCO,1,11,1058,INSTITUTO BRASILEIRO DE GEOGRAFIA E ESTATISTICA - IBGE,"RUA BENJAMIN CONSTANT, 907,",CENTRO,0,-9.9750386,-67.8080196,ATIVO,ATIVO,Com acessibilidade,131,0,0,01392|1|11,01392|1|1058,URBANA OU NÃO IDENTIFICADA COMO RURAL,False,Ausência de marcador rural nos campos públicos,MÉDIA,True
03/08/2026,06:28:06,2026,AC,01392,RIO BRANCO,1,419,1058,INSTITUTO BRASILEIRO DE GEOGRAFIA E ESTATISTICA - IBGE,"RUA BENJAMIN CONSTANT, 907,",CENTRO,0,-9.9750386,-67.8080196,ATIVO,ATIVO,Com acessibilidade,165,236,236,01392|1|419,01392|1|1058,URBANA OU NÃO IDENTIFICADA COMO RURAL,False,Ausência de marcador rural nos campos públicos,MÉDIA,True
03/08/2026,06:28:06,2026,AC,01392,RIO BRANCO,1,483,1058,INSTITUTO BRASILEIRO DE GEOGRAFIA E ESTATISTICA - IBGE,"RUA BENJAMIN CONSTANT, 907,",CENTRO,0,-9.9750386,-67.8080196,ATIVO,ATIVO,Com acessibilidade,71,0,0,01392|1|483,01392|1|1058,URBANA OU NÃO IDENTIFICADA COMO RURAL,False,Ausência de marcador rural nos campos públicos,MÉDIA,True
03/08/2026,06:28:06,2026,AC,01392,RIO BRANCO,1,12,1066,OCA RIO BRANCO,"RUA QUINTINO BOCAIÚVA, 299",CENTRO,69900000,-9.9729016,-67.806523,ATIVO,ATIVO,Com acessibilidade,227,227,227,01392|1|12,01392|1|1066,URBANA OU NÃO IDENTIFICADA COMO RURAL,False,Ausência de marcador rural nos campos públicos,MÉDIA,True
03/08/2026,06:28:06,2026,AC,01392,RIO BRANCO,1,30,1066,OCA RIO BRANCO,"RUA QUINTINO BOCAIÚVA, 299",CENTRO,69900000,-9.9729016,-67.806523,ATIVO,ATIVO,Com acessibilidade,224,224,224,01392|1|30,01392|1|1066,URBANA OU NÃO IDENTIFICADA COMO RURAL,False,Ausência de marcador rural nos campos públicos,MÉDIA,True
03/08/2026,06:28:06,2026,AC,01392,RIO BRANCO,1,31,1066,OCA RIO BRANCO,"RUA QUINTINO BOCAIÚVA, 299",CENTRO,69900000,-9.9729016,-67.806523,ATIVO,ATIVO,Com acessibilidade,222,222,222,01392|1|31,01392|1|1066,URBANA OU NÃO IDENTIFICADA COMO RURAL,False,Ausência de marcador rural nos campos públicos,MÉDIA,True
03/08/2026,06:28:06,2026,AC,01392,RIO BRANCO,1,151,1066,OCA RIO BRANCO,"RUA QUINTINO BOCAIÚVA, 299",CENTRO,69900000,-9.9729016,-67.806523,ATIVO,ATIVO,Com acessibilidade,223,223,223,01392|1|151,01392|1|1066,URBANA OU NÃO IDENTIFICADA COMO RURAL,False,Ausência de marcador rural nos campos públicos,MÉDIA,True
03/08/2026,06:28:06,2026,AC,01392,RIO BRANCO,1,186,1066,OCA RIO BRANCO,"RUA QUINTINO BOCAIÚVA, 299",CENTRO,69900000,-9.9729016,-67.806523,ATIVO,ATIVO,Com acessibilidade,226,226,226,01392|1|186,01392|1|1066,URBANA OU NÃO IDENTIFICADA COMO RURAL,False,Ausência de marcador rural nos campos públicos,MÉDIA,True
03/08/2026,06:28:06,2026,AC,01392,RIO BRANCO,1,187,1066,OCA RIO BRANCO,"RUA QUINTINO BOCAIÚVA, 299",CENTRO,69900000,-9.9729016,-67.806523,ATIVO,ATIVO,Com acessibilidade,238,238,238,01392|1|187,01392|1|1066,URBANA OU NÃO IDENTIFICADA COMO RURAL,False,Ausência de marcador rural nos campos públicos,MÉDIA,True
03/08/2026,06:28:06,2026,AC,01392,RIO BRANCO,1,515,1066,OCA RIO BRANCO,"RUA QUINTINO BOCAIÚVA, 299",CENTRO,69900000,-9.9729016,-67.806523,ATIVO,ATIVO,Com acessibilidade,223,223,223,01392|1|515,01392|1|1066,URBANA OU NÃO IDENTIFICADA COMO RURAL,False,Ausência de marcador rural nos campos públicos,MÉDIA,True
03/08/2026,06:28:06,2026,AC,01392,RIO BRANCO,1,516,1066,OCA RIO BRANCO,"RUA QUINTINO BOCAIÚVA, 299",CENTRO,69900000,-9.9729016,-67.806523,ATIVO,ATIVO,Com acessibilidade,222,222,222,01392|1|516,01392|1|1066,URBANA OU NÃO IDENTIFICADA COMO RURAL,False,Ausência de marcador rural nos campos públicos,MÉDIA,True
03/08/2026,06:28:06,2026,AC,01392,RIO BRANCO,1,14,1074,CENTRO DE EDUCAÇÃO DE JOVENS E ADULTOS - CEJA CENTRO,"AVENIDA EPAMINONDAS JÁCOME, 3047",CENTRO,69900000,-9.9772859,-67.8095868,ATIVO,ATIVO,Com acessibilidade,212,212,212,01392|1|14,01392|1|1074,URBANA OU NÃO IDENTIFICADA COMO RURAL,False,Ausência de marcador rural nos campos públicos,MÉDIA,True
03/08/2026,06:28:06,2026,AC,01392,RIO BRANCO,1,24,1074,CENTRO DE EDUCAÇÃO DE JOVENS E ADULTOS - CEJA CENTRO,"AVENIDA EPAMINONDAS JÁCOME, 3047",CENTRO,69900000,-9.9772859,-67.8095868,ATIVO,ATIVO,Com acessibilidade,215,215,215,01392|1|24,01392|1|1074,URBANA OU NÃO IDENTIFICADA COMO RURAL,False,Ausência de marcador rural nos campos públicos,MÉDIA,True
03/08/2026,06:28:06,2026,AC,01392,RIO BRANCO,1,43,1074,CENTRO DE EDUCAÇÃO DE JOVENS E ADULTOS - CEJA CENTRO,"AVENIDA EPAMINONDAS JÁCOME, 3047",CENTRO,69900000,-9.9772859,-67.8095868,ATIVO,ATIVO,Com acessibilidade,220,220,220,01392|1|43,01392|1|1074,URBANA OU NÃO IDENTIFICADA COMO RURAL,False,Ausência de marcador rural nos campos públicos,MÉDIA,True
03/08/2026,06:28:06,2026,AC,01392,RIO BRANCO,1,273,1074,CENTRO DE EDUCAÇÃO DE JOVENS E ADULTOS - CEJA CENTRO,"AVENIDA EPAMINONDAS JÁCOME, 3047",CENTRO,69900000,-9.9772859,-67.8095868,ATIVO,ATIVO,Com acessibilidade,215,215,215,01392|1|273,01392|1|1074,URBANA OU NÃO IDENTIFICADA COMO RURAL,False,Ausência de marcador rural nos campos públicos,MÉDIA,True
03/08/2026,06:28:06,2026,AC,01392,RIO BRANCO,1,10,1090,PREFEITURA MUNICIPAL DE RIO BRANCO,"RUA RUI BARBOSA, 285,",CENTRO,69900901,-9.9723789,-67.8100714,ATIVO,ATIVO,Com acessibilidade,233,233,233,01392|1|10,01392|1|1090,URBANA OU NÃO IDENTIFICADA COMO RURAL,False,Ausência de marcador rural nos campos públicos,MÉDIA,True
03/08/2026,06:28:06,2026,AC,01392,RIO BRANCO,1,15,1090,PREFEITURA MUNICIPAL DE RIO BRANCO,"RUA RUI BARBOSA, 285,",CENTRO,69900901,-9.9723789,-67.8100714,ATIVO,ATIVO,Com acessibilidade,232,232,232,01392|1|15,01392|1|1090,URBANA OU NÃO IDENTIFICADA COMO RURAL,False,Ausência de marcador rural nos campos públicos,MÉDIA,True
03/08/2026,06:28:06,2026,AC,01392,RIO BRANCO,1,23,1090,PREFEITURA MUNICIPAL DE RIO BRANCO,"RUA RUI BARBOSA, 285,",CENTRO,69900901,-9.9723789,-67.8100714,ATIVO,ATIVO,Com acessibilidade,233,233,233,01392|1|23,01392|1|1090,URBANA OU NÃO IDENTIFICADA COMO RURAL,False,Ausência de marcador rural nos campos públicos,MÉDIA,True
03/08/2026,06:28:06,2026,AC,01392,RIO BRANCO,1,28,1090,PREFEITURA MUNICIPAL DE RIO BRANCO,"RUA RUI BARBOSA, 285,",CENTRO,69900901,-9.9723789,-67.8100714,ATIVO,ATIVO,Com acessibilidade,233,233,233,01392|1|28,01392|1|1090,URBANA OU NÃO IDENTIFICADA COMO RURAL,False,Ausência de marcador rural nos campos públicos,MÉDIA,True
03/08/2026,06:28:06,2026,AC,01392,RIO BRANCO,1,29,1090,PREFEITURA MUNICIPAL DE RIO BRANCO,"RUA RUI BARBOSA, 285,",CENTRO,69900901,-9.9723789,-67.8100714,ATIVO,ATIVO,Com acessibilidade,234,234,234,01392|1|29,01392|1|1090,URBANA OU NÃO IDENTIFICADA COMO RURAL,False,Ausência de marcador rural nos campos públicos,MÉDIA,True
03/08/2026,06:28:06,2026,AC,01392,RIO BRANCO,1,250,1090,PREFEITURA MUNICIPAL DE RIO BRANCO,"RUA RUI BARBOSA, 285,",CENTRO,69900901,-9.9723789,-67.8100714,ATIVO,ATIVO,Com acessibilidade,232,232,232,01392|1|250,01392|1|1090,URBANA OU NÃO IDENTIFICADA COMO RURAL,False,Ausência de marcador rural nos campos públicos,MÉDIA,True
03/08/2026,06:28:06,2026,AC,01392,RIO BRANCO,1,4,1139,COLEGIO ACREANO,"RUA BENJAMIN CONSTANT, 687,",CENTRO,0,-9.9741257,-67.8061667,ATIVO,ATIVO,Com acessibilidade,335,335,335,01392|1|4,01392|1|1139,URBANA OU NÃO IDENTIFICADA COMO RURAL,False,Ausência de marcador rural nos campos públicos,MÉDIA,True
03/08/2026,06:28:06,2026,AC,01392,RIO BRANCO,1,36,1139,COLEGIO ACREANO,"RUA BENJAMIN CONSTANT, 687,",CENTRO,0,-9.9741257,-67.8061667,ATIVO,ATIVO,Com acessibilidade,338,338,338,01392|1|36,01392|1|1139,URBANA OU NÃO IDENTIFICADA COMO RURAL,False,Ausência de marcador rural nos campos públicos,MÉDIA,True
03/08/2026,06:28:06,2026,AC,01392,RIO BRANCO,1,37,1139,COLEGIO ACREANO,"RUA BENJAMIN CONSTANT, 687,",CENTRO,0,-9.9741257,-67.8061667,ATIVO,ATIVO,Com acessibilidade,322,322,322,01392|1|37,01392|1|1139,URBANA OU NÃO IDENTIFICADA COMO RURAL,False,Ausência de marcador rural nos campos públicos,MÉDIA,True
03/08/2026,06:28:06,2026,AC,01392,RIO BRANCO,1,38,1139,COLEGIO ACREANO,"RUA BENJAMIN CONSTANT, 687,",CENTRO,0,-9.9741257,-67.8061667,ATIVO,ATIVO,Com acessibilidade,333,333,333,01392|1|38,01392|1|1139,URBANA OU NÃO IDENTIFICADA COMO RURAL,False,Ausência de marcador rural nos campos públicos,MÉDIA,True
03/08/2026,06:28:06,2026,AC,01392,RIO BRANCO,1,271,1139,COLEGIO ACREANO,"RUA BENJAMIN CONSTANT, 687,",CENTRO,0,-9.9741257,-67.8061667,ATIVO,ATIVO,Com acessibilidade,330,330,330,01392|1|271,01392|1|1139,URBANA OU NÃO IDENTIFICADA COMO RURAL,False,Ausência de marcador rural nos campos públicos,MÉDIA,True
03/08/2026,06:28:06,2026,AC,01392,RIO BRANCO,1,50,1171,DERACRE,"VIA CHICO MENDES, KM 01",SEGUNDO DISTRITO,69906150,-9.9847741,-67.8062614,ATIVO,ATIVO,Com acessibilidade,238,238,238,01392|1|50,01392|1|1171,URBANA OU NÃO IDENTIFICADA COMO RURAL,False,Ausência de marcador rural nos campos públicos,MÉDIA,True
03/08/2026,06:28:06,2026,AC,01392,RIO BRANCO,1,51,1171,DERACRE,"VIA CHICO MENDES, KM 01",SEGUNDO DISTRITO,69906150,-9.9847741,-67.8062614,ATIVO,ATIVO,Com acessibilidade,238,238,238,01392|1|51,01392|1|1171,URBANA OU NÃO IDENTIFICADA COMO RURAL,False,Ausência de marcador rural nos campos públicos,MÉDIA,True
03/08/2026,06:28:06,2026,AC,01392,RIO BRANCO,1,347,1171,DERACRE,"VIA CHICO MENDES, KM 01",SEGUNDO DISTRITO,69906150,-9.9847741,-67.8062614,ATIVO,ATIVO,Com acessibilidade,241,241,241,01392|1|347,01392|1|1171,URBANA OU NÃO IDENTIFICADA COMO RURAL,False,Ausência de marcador rural nos campos públicos,MÉDIA,True
03/08/2026,06:28:06,2026,AC,01392,RIO BRANCO,1,374,1171,DERACRE,"VIA CHICO MENDES, KM 01",SEGUNDO DISTRITO,69906150,-9.9847741,-67.8062614,ATIVO,ATIVO,Com acessibilidade,238,238,238,01392|1|374,01392|1|1171,URBANA OU NÃO IDENTIFICADA COMO RURAL,False,Ausência de marcador rural nos campos públicos,MÉDIA,True
03/08/2026,06:28:06,2026,AC,01392,RIO BRANCO,1,32,1180,SECRETARIA DE ESTADO DE SAÚDE - SESACRE,"RUA BENJAMIN CONSTANT, 830",CENTRO,69900000,-9.9744011,-67.8075531,ATIVO,ATIVO,Com acessibilidade,163,330,330,01392|1|32,01392|1|1180,URBANA OU NÃO IDENTIFICADA COMO RURAL,False,Ausência de marcador rural nos campos públicos,MÉDIA,True
03/08/2026,06:28:06,2026,AC,01392,RIO BRANCO,1,41,1180,SECRETARIA DE ESTADO DE SAÚDE - SESACRE,"RUA BENJAMIN CONSTANT, 830",CENTRO,69900000,-9.9744011,-67.8075531,ATIVO,ATIVO,Com acessibilidade,165,330,330,01392|1|41,01392|1|1180,URBANA OU NÃO IDENTIFICADA COMO RURAL,False,Ausência de marcador rural nos campos públicos,MÉDIA,True
03/08/2026,06:28:06,2026,AC,01392,RIO BRANCO,1,42,1180,SECRETARIA DE ESTADO DE SAÚDE - SESACRE,"RUA BENJAMIN CONSTANT, 830",CENTRO,69900000,-9.9744011,-67.8075531,ATIVO,ATIVO,Com acessibilidade,165,0,0,01392|1|42,01392|1|1180,URBANA OU NÃO IDENTIFICADA COMO RURAL,False,Ausência de marcador rural nos campos públicos,MÉDIA,True
03/08/2026,06:28:06,2026,AC,01392,RIO BRANCO,1,52,1180,SECRETARIA DE ESTADO DE SAÚDE - SESACRE,"RUA BENJAMIN CONSTANT, 830",CENTRO,69900000,-9.9744011,-67.8075531,ATIVO,ATIVO,Com acessibilidade,167,0,0,01392|1|52,01392|1|1180,URBANA OU NÃO IDENTIFICADA COMO RURAL,False,Ausência de marcador rural nos campos públicos,MÉDIA,True
03/08/2026,06:28:06,2026,AC,01392,RIO BRANCO,1,168,1180,SECRETARIA DE ESTADO DE SAÚDE - SESACRE,"RUA BENJAMIN CONSTANT, 830",CENTRO,69900000,-9.9744011,-67.8075531,ATIVO,ATIVO,Com acessibilidade,302,302,302,01392|1|168,01392|1|1180,URBANA OU NÃO IDENTIFICADA COMO RURAL,False,Ausência de marcador rural nos campos públicos,MÉDIA,True
03/08/2026,06:28:06,2026,AC,01392,RIO BRANCO,1,368,1180,SECRETARIA DE ESTADO DE SAÚDE - SESACRE,"RUA BENJAMIN CONSTANT, 830",CENTRO,69900000,-9.9744011,-67.8075531,ATIVO,ATIVO,Com acessibilidade,293,293,293,01392|1|368,01392|1|1180,URBANA OU NÃO IDENTIFICADA COMO RURAL,False,Ausência de marcador rural nos campos públicos,MÉDIA,True
03/08/2026,06:28:06,2026,AC,01392,RIO BRANCO,1,62,1236,ESCOLA DR. CARLOS VASCONCELOS,BOULEVARD AUGUSTO MONTEIRO 884,QUINZE,69900000,-9.9900356,-67.8111904,ATIVO,ATIVO,Com acessibilidade,247,247,247,01392|1|62,01392|1|1236,URBANA OU NÃO IDENTIFICADA COMO RURAL,False,Ausência de marcador rural nos campos públicos,MÉDIA,True
03/08/2026,06:28:06,2026,AC,01392,RIO BRANCO,1,63,1236,ESCOLA DR. CARLOS VASCONCELOS,BOULEVARD AUGUSTO MONTEIRO 884,QUINZE,69900000,-9.9900356,-67.8111904,ATIVO,ATIVO,Com acessibilidade,251,251,251,01392|1|63,01392|1|1236,URBANA OU NÃO IDENTIFICADA COMO RURAL,False,Ausência de marcador rural nos campos públicos,MÉDIA,True
03/08/2026,06:28:06,2026,AC,01392,RIO BRANCO,1,64,1236,ESCOLA DR. CARLOS VASCONCELOS,BOULEVARD AUGUSTO MONTEIRO 884,QUINZE,69900000,-9.9900356,-67.8111904,ATIVO,ATIVO,Com acessibilidade,253,253,253,01392|1|64,01392|1|1236,URBANA OU NÃO IDENTIFICADA COMO RURAL,False,Ausência de marcador rural nos campos públicos,MÉDIA,True
03/08/2026,06:28:06,2026,AC,01392,RIO BRANCO,1,65,1236,ESCOLA DR. CARLOS VASCONCELOS,BOULEVARD AUGUSTO MONTEIRO 884,QUINZE,69900000,-9.9900356,-67.8111904,ATIVO,ATIVO,Com acessibilidade,249,249,249,01392|1|65,01392|1|1236,URBANA OU NÃO IDENTIFICADA COMO RURAL,False,Ausência de marcador rural nos campos públicos,MÉDIA,True
03/08/2026,06:28:06,2026,AC,01392,RIO BRANCO,1,67,1236,ESCOLA DR. CARLOS VASCONCELOS,BOULEVARD AUGUSTO MONTEIRO 884,QUINZE,69900000,-9.9900356,-67.8111904,ATIVO,ATIVO,Com acessibilidade,252,252,252,01392|1|67,01392|1|1236,URBANA OU NÃO IDENTIFICADA COMO RURAL,False,Ausência de marcador rural nos campos públicos,MÉDIA,True
03/08/2026,06:28:06,2026,AC,01392,RIO BRANCO,1,249,1236,ESCOLA DR. CARLOS VASCONCELOS,BOULEVARD AUGUSTO MONTEIRO 884,QUINZE,69900000,-9.9900356,-67.8111904,ATIVO,ATIVO,Com acessibilidade,252,252,252,01392|1|249,01392|1|1236,URBANA OU NÃO IDENTIFICADA COMO RURAL,False,Ausência de marcador rural nos campos públicos,MÉDIA,True
03/08/2026,06:28:06,2026,AC,01392,RIO BRANCO,1,66,1260,ESCOLA PROF. MARILENA MANSOUR (ANTIGA IRACEMA GOMES PEREIRA),"RUA ACRE, S/N",QUINZE,69905528,-9.9860937,-67.8120348,ATIVO,ATIVO,Com acessibilidade,230,230,230,01392|1|66,01392|1|1260,URBANA OU NÃO IDENTIFICADA COMO RURAL,False,Ausência de marcador rural nos campos públicos,MÉDIA,True
03/08/2026,06:28:06,2026,AC,01392,RIO BRANCO,1,75,1260,ESCOLA PROF. MARILENA MANSOUR (ANTIGA IRACEMA GOMES PEREIRA),"RUA ACRE, S/N",QUINZE,69905528,-9.9860937,-67.8120348,ATIVO,ATIVO,Com acessibilidade,234,234,234,01392|1|75,01392|1|1260,URBANA OU NÃO IDENTIFICADA COMO RURAL,False,Ausência de marcador rural nos campos públicos,MÉDIA,True
03/08/2026,06:28:06,2026,AC,01392,RIO BRANCO,1,76,1260,ESCOLA PROF. MARILENA MANSOUR (ANTIGA IRACEMA GOMES PEREIRA),"RUA ACRE, S/N",QUINZE,69905528,-9.9860937,-67.8120348,ATIVO,ATIVO,Com acessibilidade,233,233,233,01392|1|76,01392|1|1260,URBANA OU NÃO IDENTIFICADA COMO RURAL,False,Ausência de marcador rural nos campos públicos,MÉDIA,True
03/08/2026,06:28:06,2026,AC,01392,RIO BRANCO,1,335,1260,ESCOLA PROF. MARILENA MANSOUR (ANTIGA IRACEMA GOMES PEREIRA),"RUA ACRE, S/N",QUINZE,69905528,-9.9860937,-67.8120348,ATIVO,ATIVO,Com acessibilidade,229,229,229,01392|1|335,01392|1|1260,URBANA OU NÃO IDENTIFICADA COMO RURAL,False,Ausência de marcador rural nos campos públicos,MÉDIA,True
03/08/2026,06:28:06,2026,AC,01392,RIO BRANCO,1,3,1279,ESCOLA MENINO JESUS,"MARECHAL DEODORO, 222",CENTRO,69900000,-9.9747954,-67.8069965,ATIVO,ATIVO,Com acessibilidade,157,312,312,01392|1|3,01392|1|1279,URBANA OU NÃO IDENTIFICADA COMO RURAL,False,Ausência de marcador rural nos campos públicos,MÉDIA,True
03/08/2026,06:28:06,2026,AC,01392,RIO BRANCO,1,46,1279,ESCOLA MENINO JESUS,"MARECHAL DEODORO, 222",CENTRO,69900000,-9.9747954,-67.8069965,ATIVO,ATIVO,Com acessibilidade,155,0,0,01392|1|46,01392|1|1279,URBANA OU NÃO IDENTIFICADA COMO RURAL,False,Ausência de marcador rural nos campos públicos,MÉDIA,True
03/08/2026,06:28:06,2026,AC,01392,RIO BRANCO,1,77,1279,ESCOLA MENINO JESUS,"MARECHAL DEODORO, 222",CENTRO,69900000,-9.9747954,-67.8069965,ATIVO,ATIVO,Com acessibilidade,166,322,322,01392|1|77,01392|1|1279,URBANA OU NÃO IDENTIFICADA COMO RURAL,False,Ausência de marcador rural nos campos públicos,MÉDIA,True
03/08/2026,06:28:06,2026,AC,01392,RIO BRANCO,1,264,1279,ESCOLA MENINO JESUS,"MARECHAL DEODORO, 222",CENTRO,69900000,-9.9747954,-67.8069965,ATIVO,ATIVO,Com acessibilidade,156,0,0,01392|1|264,01392|1|1279,URBANA OU NÃO IDENTIFICADA COMO RURAL,False,Ausência de marcador rural nos campos públicos,MÉDIA,True
03/08/2026,06:28:06,2026,AC,01392,RIO BRANCO,1,275,1279,ESCOLA MENINO JESUS,"MARECHAL DEODORO, 222",CENTRO,69900000,-9.9747954,-67.8069965,ATIVO,ATIVO,Com acessibilidade,157,310,310,01392|1|275,01392|1|1279,URBANA OU NÃO IDENTIFICADA COMO RURAL,False,Ausência de marcador rural nos campos públicos,MÉDIA,True
03/08/2026,06:28:06,2026,AC,01392,RIO BRANCO,1,563,1279,ESCOLA MENINO JESUS,"MARECHAL DEODORO, 222",CENTRO,69900000,-9.9747954,-67.8069965,ATIVO,ATIVO,Com acessibilidade,153,0,0,01392|1|563,01392|1|1279,URBANA OU NÃO IDENTIFICADA COMO RURAL,False,Ausência de marcador rural nos campos públicos,MÉDIA,True
03/08/2026,06:28:06,2026,AC,01392,RIO BRANCO,1,83,1295,ESCOLA ESTADUAL PROFESSORA TEREZINHA MIGUÉIS,"RUA NOSSA SENHORA DA CONCEIÇÃO, S/N",CIDADE NOVA,69900000,-9.9847036,-67.8178327,ATIVO,ATIVO,Com acessibilidade,278,278,278,01392|1|83,01392|1|1295,URBANA OU NÃO IDENTIFICADA COMO RURAL,False,Ausência de marcador rural nos campos públicos,MÉDIA,True
03/08/2026,06:28:06,2026,AC,01392,RIO BRANCO,1,84,1295,ESCOLA ESTADUAL PROFESSORA TEREZINHA MIGUÉIS,"RUA NOSSA SENHORA DA CONCEIÇÃO, S/N",CIDADE NOVA,69900000,-9.9847036,-67.8178327,ATIVO,ATIVO,Com acessibilidade,280,280,280,01392|1|84,01392|1|1295,URBANA OU NÃO IDENTIFICADA COMO RURAL,False,Ausência de marcador rural nos campos públicos,MÉDIA,True
03/08/2026,06:28:06,2026,AC,01392,RIO BRANCO,1,85,1295,ESCOLA ESTADUAL PROFESSORA TEREZINHA MIGUÉIS,"RUA NOSSA SENHORA DA CONCEIÇÃO, S/N",CIDADE NOVA,69900000,-9.9847036,-67.8178327,ATIVO,ATIVO,Com acessibilidade,287,287,287,01392|1|85,01392|1|1295,URBANA OU NÃO IDENTIFICADA COMO RURAL,False,Ausência de marcador rural nos campos públicos,MÉDIA,True
03/08/2026,06:28:06,2026,AC,01392,RIO BRANCO,1,86,1295,ESCOLA ESTADUAL PROFESSORA TEREZINHA MIGUÉIS,"RUA NOSSA SENHORA DA CONCEIÇÃO, S/N",CIDADE NOVA,69900000,-9.9847036,-67.8178327,ATIVO,ATIVO,Com acessibilidade,285,285,285,01392|1|86,01392|1|1295,URBANA OU NÃO IDENTIFICADA COMO RURAL,False,Ausência de marcador rural nos campos públicos,MÉDIA,True
03/08/2026,06:28:06,2026,AC,01392,RIO BRANCO,1,439,1295,ESCOLA ESTADUAL PROFESSORA TEREZINHA MIGUÉIS,"RUA NOSSA SENHORA DA CONCEIÇÃO, S/N",CIDADE NOVA,69900000,-9.9847036,-67.8178327,ATIVO,ATIVO,Com acessibilidade,279,279,279,01392|1|439,01392|1|1295,URBANA OU NÃO IDENTIFICADA COMO RURAL,False,Ausência de marcador rural nos campos públicos,MÉDIA,True
03/08/2026,06:28:06,2026,AC,01392,RIO BRANCO,1,470,1295,ESCOLA ESTADUAL PROFESSORA TEREZINHA MIGUÉIS,"RUA NOSSA SENHORA DA CONCEIÇÃO, S/N",CIDADE NOVA,69900000,-9.9847036,-67.8178327,ATIVO,ATIVO,Com acessibilidade,281,281,281,01392|1|470,01392|1|1295,URBANA OU NÃO IDENTIFICADA COMO RURAL,False,Ausência de marcador rural nos campos públicos,MÉDIA,True
03/08/2026,06:28:06,2026,AC,01392,RIO BRANCO,1,35,1317,ESCOLA PROFESSOR JOSÉ RODRIGUES LEITE (ÉTICA),"RUA BENJAMIN CONSTANT, 493",CENTRO,69900000,-9.9749301,-67.8079722,ATIVO,ATIVO,Com acessibilidade,177,356,356,01392|1|35,01392|1|1317,URBANA OU NÃO IDENTIFICADA COMO RURAL,False,Ausência de marcador rural nos campos públicos,MÉDIA,True
03/08/2026,06:28:06,2026,AC,01392,RIO BRANCO,1,39,1317,ESCOLA PROFESSOR JOSÉ RODRIGUES LEITE (ÉTICA),"RUA BENJAMIN CONSTANT, 493",CENTRO,69900000,-9.9749301,-67.8079722,ATIVO,ATIVO,Com acessibilidade,179,0,0,01392|1|39,01392|1|1317,URBANA OU NÃO IDENTIFICADA COMO RURAL,False,Ausência de marcador rural nos campos públicos,MÉDIA,True
03/08/2026,06:28:06,2026,AC,01392,RIO BRANCO,1,40,1317,ESCOLA PROFESSOR JOSÉ RODRIGUES LEITE (ÉTICA),"RUA BENJAMIN CONSTANT, 493",CENTRO,69900000,-9.9749301,-67.8079722,ATIVO,ATIVO,Com acessibilidade,177,357,357,01392|1|40,01392|1|1317,URBANA OU NÃO IDENTIFICADA COMO RURAL,False,Ausência de marcador rural nos campos públicos,MÉDIA,True
03/08/2026,06:28:06,2026,AC,01392,RIO BRANCO,1,44,1317,ESCOLA PROFESSOR JOSÉ RODRIGUES LEITE (ÉTICA),"RUA BENJAMIN CONSTANT, 493",CENTRO,69900000,-9.9749301,-67.8079722,ATIVO,ATIVO,Com acessibilidade,181,181,181,01392|1|44,01392|1|1317,URBANA OU NÃO IDENTIFICADA COMO RURAL,False,Ausência de marcador rural nos campos públicos,MÉDIA,True
03/08/2026,06:28:06,2026,AC,01392,RIO BRANCO,1,93,1317,ESCOLA PROFESSOR JOSÉ RODRIGUES LEITE (ÉTICA),"RUA BENJAMIN CONSTANT, 493",CENTRO,69900000,-9.9749301,-67.8079722,ATIVO,ATIVO,Com acessibilidade,180,354,354,01392|1|93,01392|1|1317,URBANA OU NÃO IDENTIFICADA COMO RURAL,False,Ausência de marcador rural nos campos públicos,MÉDIA,True
03/08/2026,06:28:06,2026,AC,01392,RIO BRANCO,1,94,1317,ESCOLA PROFESSOR JOSÉ RODRIGUES LEITE (ÉTICA),"RUA BENJAMIN CONSTANT, 493",CENTRO,69900000,-9.9749301,-67.8079722,ATIVO,ATIVO,Com acessibilidade,181,181,181,01392|1|94,01392|1|1317,URBANA OU NÃO IDENTIFICADA COMO RURAL,False,Ausência de marcador rural nos campos públicos,MÉDIA,True
03/08/2026,06:28:06,2026,AC,01392,RIO BRANCO,1,173,1317,ESCOLA PROFESSOR JOSÉ RODRIGUES LEITE (ÉTICA),"RUA BENJAMIN CONSTANT, 493",CENTRO,69900000,-9.9749301,-67.8079722,ATIVO,ATIVO,Com acessibilidade,180,0,0,01392|1|173,01392|1|1317,URBANA OU NÃO IDENTIFICADA COMO RURAL,False,Ausência de marcador rural nos campos públicos,MÉDIA,True
03/08/2026,06:28:06,2026,AC,01392,RIO BRANCO,1,369,1317,ESCOLA PROFESSOR JOSÉ RODRIGUES LEITE (ÉTICA),"RUA BENJAMIN CONSTANT, 493",CENTRO,69900000,-9.9749301,-67.8079722,ATIVO,ATIVO,Com acessibilidade,174,0,0,01392|1|369,01392|1|1317,URBANA OU NÃO IDENTIFICADA COMO RURAL,False,Ausência de marcador rural nos campos públicos,MÉDIA,True
03/08/2026,06:28:06,2026,AC,01392,RIO BRANCO,1,129,1384,ESCOLA ANITA GARIBALDI,"RUA ADOLFO BARBOSA LEITE, 411",TRIÂNGULO VELHO,69900000,-9.9894681,-67.8090883,ATIVO,ATIVO,Com acessibilidade,323,323,323,01392|1|129,01392|1|1384,URBANA OU NÃO IDENTIFICADA COMO RURAL,False,Ausência de marcador rural nos campos públicos,MÉDIA,True
03/08/2026,06:28:06,2026,AC,01392,RIO BRANCO,1,130,1384,ESCOLA ANITA GARIBALDI,"RUA ADOLFO BARBOSA LEITE, 411",TRIÂNGULO VELHO,69900000,-9.9894681,-67.8090883,ATIVO,ATIVO,Com acessibilidade,326,326,326,01392|1|130,01392|1|1384,URBANA OU NÃO IDENTIFICADA COMO RURAL,False,Ausência de marcador rural nos campos públicos,MÉDIA,True
03/08/2026,06:28:06,2026,AC,01392,RIO BRANCO,1,400,1384,ESCOLA ANITA GARIBALDI,"RUA ADOLFO BARBOSA LEITE, 411",TRIÂNGULO VELHO,69900000,-9.9894681,-67.8090883,ATIVO,ATIVO,Com acessibilidade,319,319,319,01392|1|400,01392|1|1384,URBANA OU NÃO IDENTIFICADA COMO RURAL,False,Ausência de marcador rural nos campos públicos,MÉDIA,True
03/08/2026,06:28:06,2026,AC,01392,RIO BRANCO,1,158,1465,INSTITUTO IMACULADA CONCEICAO - CENEC,RUA 16 DE OUTUBRO 165,QUINZE,69905524,-9.9839738,-67.8115361,ATIVO,ATIVO,Com acessibilidade,290,290,290,01392|1|158,01392|1|1465,URBANA OU NÃO IDENTIFICADA COMO RURAL,False,Ausência de marcador rural nos campos públicos,MÉDIA,True
03/08/2026,06:28:06,2026,AC,01392,RIO BRANCO,1,159,1465,INSTITUTO IMACULADA CONCEICAO - CENEC,RUA 16 DE OUTUBRO 165,QUINZE,69905524,-9.9839738,-67.8115361,ATIVO,ATIVO,Com acessibilidade,294,294,294,01392|1|159,01392|1|1465,URBANA OU NÃO IDENTIFICADA COMO RURAL,False,Ausência de marcador rural nos campos públicos,MÉDIA,True
03/08/2026,06:28:06,2026,AC,01392,RIO BRANCO,1,379,1465,INSTITUTO IMACULADA CONCEICAO - CENEC,RUA 16 DE OUTUBRO 165,QUINZE,69905524,-9.9839738,-67.8115361,ATIVO,ATIVO,Com acessibilidade,303,303,303,01392|1|379,01392|1|1465,URBANA OU NÃO IDENTIFICADA COMO RURAL,False,Ausência de marcador rural nos campos públicos,MÉDIA,True
03/08/2026,06:28:06,2026,AC,01392,RIO BRANCO,1,536,1465,INSTITUTO IMACULADA CONCEICAO - CENEC,RUA 16 DE OUTUBRO 165,QUINZE,69905524,-9.9839738,-67.8115361,ATIVO,ATIVO,Com acessibilidade,125,0,0,01392|1|536,01392|1|1465,URBANA OU NÃO IDENTIFICADA COMO RURAL,False,Ausência de marcador rural nos campos públicos,MÉDIA,True
03/08/2026,06:28:06,2026,AC,01392,RIO BRANCO,1,828,1465,INSTITUTO IMACULADA CONCEICAO - CENEC,RUA 16 DE OUTUBRO 165,QUINZE,69905524,-9.9839738,-67.8115361,ATIVO,ATIVO,Com acessibilidade,215,340,340,01392|1|828,01392|1|1465,URBANA OU NÃO IDENTIFICADA COMO RURAL,False,Ausência de marcador rural nos campos públicos,MÉDIA,True
03/08/2026,06:28:06,2026,AC,01392,RIO BRANCO,1,160,1473,INSTITUTO SAO JOSE,"RUA FLORIANO PEIXOTO, 712",CENTRO,69900000,-9.9744167,-67.8115633,ATIVO,ATIVO,Com acessibilidade,277,277,277,01392|1|160,01392|1|1473,URBANA OU NÃO IDENTIFICADA COMO RURAL,False,Ausência de marcador rural nos campos públicos,MÉDIA,True
03/08/2026,06:28:06,2026,AC,01392,RIO BRANCO,1,161,1473,INSTITUTO SAO JOSE,"RUA FLORIANO PEIXOTO, 712",CENTRO,69900000,-9.9744167,-67.8115633,ATIVO,ATIVO,Com acessibilidade,278,278,278,01392|1|161,01392|1|1473,URBANA OU NÃO IDENTIFICADA COMO RURAL,False,Ausência de marcador rural nos campos públicos,MÉDIA,True
03/08/2026,06:28:06,2026,AC,01392,RIO BRANCO,1,277,1473,INSTITUTO SAO JOSE,"RUA FLORIANO PEIXOTO, 712",CENTRO,69900000,-9.9744167,-67.8115633,ATIVO,ATIVO,Com acessibilidade,278,278,278,01392|1|277,01392|1|1473,URBANA OU NÃO IDENTIFICADA COMO RURAL,False,Ausência de marcador rural nos campos públicos,MÉDIA,True
03/08/2026,06:28:06,2026,AC,01392,RIO BRANCO,1,380,1473,INSTITUTO SAO JOSE,"RUA FLORIANO PEIXOTO, 712",CENTRO,69900000,-9.9744167,-67.8115633,ATIVO,ATIVO,Com acessibilidade,279,279,279,01392|1|380,01392|1|1473,URBANA OU NÃO IDENTIFICADA COMO RURAL,False,Ausência de marcador rural nos campos públicos,MÉDIA,True
03/08/2026,06:28:06,2026,AC,01392,RIO BRANCO,1,26,1490,PALACIO DAS SECRETARIAS,"AVENIDA GETULIO VARGAS, 230",CENTRO,69900000,-9.9749768,-67.809171,ATIVO,ATIVO,Com acessibilidade,177,358,358,01392|1|26,01392|1|1490,URBANA OU NÃO IDENTIFICADA COMO RURAL,False,Ausência de marcador rural nos campos públicos,MÉDIA,True
03/08/2026,06:28:06,2026,AC,01392,RIO BRANCO,1,162,1490,PALACIO DAS SECRETARIAS,"AVENIDA GETULIO VARGAS, 230",CENTRO,69900000,-9.9749768,-67.809171,ATIVO,ATIVO,Com acessibilidade,181,0,0,01392|1|162,01392|1|1490,URBANA OU NÃO IDENTIFICADA COMO RURAL,False,Ausência de marcador rural nos campos públicos,MÉDIA,True
03/08/2026,06:28:06,2026,AC,01392,RIO BRANCO,1,163,1490,PALACIO DAS SECRETARIAS,"AVENIDA GETULIO VARGAS, 230",CENTRO,69900000,-9.9749768,-67.809171,ATIVO,ATIVO,Com acessibilidade,192,192,192,01392|1|163,01392|1|1490,URBANA OU NÃO IDENTIFICADA COMO RURAL,False,Ausência de marcador rural nos campos públicos,MÉDIA,True
03/08/2026,06:28:06,2026,AC,01392,RIO BRANCO,1,171,1490,PALACIO DAS SECRETARIAS,"AVENIDA GETULIO VARGAS, 230",CENTRO,69900000,-9.9749768,-67.809171,ATIVO,ATIVO,Com acessibilidade,193,193,193,01392|1|171,01392|1|1490,URBANA OU NÃO IDENTIFICADA COMO RURAL,False,Ausência de marcador rural nos campos públicos,MÉDIA,True
03/08/2026,06:28:06,2026,AC,01392,RIO BRANCO,1,172,1490,PALACIO DAS SECRETARIAS,"AVENIDA GETULIO VARGAS, 230",CENTRO,69900000,-9.9749768,-67.809171,ATIVO,ATIVO,Com acessibilidade,188,188,188,01392|1|172,01392|1|1490,URBANA OU NÃO IDENTIFICADA COMO RURAL,False,Ausência de marcador rural nos campos públicos,MÉDIA,True
03/08/2026,06:28:06,2026,AC,01392,RIO BRANCO,1,194,1490,PALACIO DAS SECRETARIAS,"AVENIDA GETULIO VARGAS, 230",CENTRO,69900000,-9.9749768,-67.809171,ATIVO,ATIVO,Com acessibilidade,178,354,354,01392|1|194,01392|1|1490,URBANA OU NÃO IDENTIFICADA COMO RURAL,False,Ausência de marcador rural nos campos públicos,MÉDIA,True
03/08/2026,06:28:06,2026,AC,01392,RIO BRANCO,1,278,1490,PALACIO DAS SECRETARIAS,"AVENIDA GETULIO VARGAS, 230",CENTRO,69900000,-9.9749768,-67.809171,ATIVO,ATIVO,Com acessibilidade,188,188,188,01392|1|278,01392|1|1490,URBANA OU NÃO IDENTIFICADA COMO RURAL,False,Ausência de marcador rural nos campos públicos,MÉDIA,True
03/08/2026,06:28:06,2026,AC,01392,RIO BRANCO,1,281,1490,PALACIO DAS SECRETARIAS,"AVENIDA GETULIO VARGAS, 230",CENTRO,69900000,-9.9749768,-67.809171,ATIVO,ATIVO,Com acessibilidade,176,0,0,01392|1|281,01392|1|1490,URBANA OU NÃO IDENTIFICADA COMO RURAL,False,Ausência de marcador rural nos campos públicos,MÉDIA,True
03/08/2026,06:28:06,2026,AC,01392,RIO BRANCO,1,429,1490,PALACIO DAS SECRETARIAS,"AVENIDA GETULIO VARGAS, 230",CENTRO,69900000,-9.9749768,-67.809171,ATIVO,ATIVO,Com acessibilidade,180,358,358,01392|1|429,01392|1|1490,URBANA OU NÃO IDENTIFICADA COMO RURAL,False,Ausência de marcador rural nos campos públicos,MÉDIA,True
03/08/2026,06:28:06,2026,AC,01392,RIO BRANCO,1,479,1490,PALACIO DAS SECRETARIAS,"AVENIDA GETULIO VARGAS, 230",CENTRO,69900000,-9.9749768,-67.809171,ATIVO,ATIVO,Com acessibilidade,178,0,0,01392|1|479,01392|1|1490,URBANA OU NÃO IDENTIFICADA COMO RURAL,False,Ausência de marcador rural nos campos públicos,MÉDIA,True
03/08/2026,06:28:06,2026,AC,01392,RIO BRANCO,1,169,1554,CONSELHO REGIONAL DE ENFERMAGEM - COREN,"RUA FLORIANO PEIXOTO, 1.101,",CENTRO,69900000,-9.9712417,-67.8132883,ATIVO,ATIVO,Com acessibilidade,123,244,244,01392|1|169,01392|1|1554,URBANA OU NÃO IDENTIFICADA COMO RURAL,False,Ausência de marcador rural nos campos públicos,MÉDIA,True
03/08/2026,06:28:06,2026,AC,01392,RIO BRANCO,1,170,1554,CONSELHO REGIONAL DE ENFERMAGEM - COREN,"RUA FLORIANO PEIXOTO, 1.101,",CENTRO,69900000,-9.9712417,-67.8132883,ATIVO,ATIVO,Com acessibilidade,121,0,0,01392|1|170,01392|1|1554,URBANA OU NÃO IDENTIFICADA COMO RURAL,False,Ausência de marcador rural nos campos públicos,MÉDIA,True
03/08/2026,06:28:06,2026,AC,01392,RIO BRANCO,1,176,1554,CONSELHO REGIONAL DE ENFERMAGEM - COREN,"RUA FLORIANO PEIXOTO, 1.101,",CENTRO,69900000,-9.9712417,-67.8132883,ATIVO,ATIVO,Com acessibilidade,240,240,240,01392|1|176,01392|1|1554,URBANA OU NÃO IDENTIFICADA COMO RURAL,False,Ausência de marcador rural nos campos públicos,MÉDIA,True
03/08/2026,06:28:06,2026,AC,01392,RIO BRANCO,1,326,1554,CONSELHO REGIONAL DE ENFERMAGEM - COREN,"RUA FLORIANO PEIXOTO, 1.101,",CENTRO,69900000,-9.9712417,-67.8132883,ATIVO,ATIVO,Com acessibilidade,121,245,245,01392|1|326,01392|1|1554,URBANA OU NÃO IDENTIFICADA COMO RURAL,False,Ausência de marcador rural nos campos públicos,MÉDIA,True
03/08/2026,06:28:06,2026,AC,01392,RIO BRANCO,1,349,1554,CONSELHO REGIONAL DE ENFERMAGEM - COREN,"RUA FLORIANO PEIXOTO, 1.101,",CENTRO,69900000,-9.9712417,-67.8132883,ATIVO,ATIVO,Com acessibilidade,124,0,0,01392|1|349,01392|1|1554,URBANA OU NÃO IDENTIFICADA COMO RURAL,False,Ausência de marcador rural nos campos públicos,MÉDIA,True
03/08/2026,06:28:06,2026,AC,01392,RIO BRANCO,1,350,1554,CONSELHO REGIONAL DE ENFERMAGEM - COREN,"RUA FLORIANO PEIXOTO, 1.101,",CENTRO,69900000,-9.9712417,-67.8132883,ATIVO,ATIVO,Com acessibilidade,239,239,239,01392|1|350,01392|1|1554,URBANA OU NÃO IDENTIFICADA COMO RURAL,False,Ausência de marcador rural nos campos públicos,MÉDIA,True
03/08/2026,06:28:06,2026,AC,01392,RIO BRANCO,1,100,1589,SEHURB (ANTIGA SEINFRA),"VIA CHICO MENDES, 805,",TRIÂNGULO,69900000,-9.9847647,-67.8063072,ATIVO,ATIVO,Com acessibilidade,180,180,180,01392|1|100,01392|1|1589,URBANA OU NÃO IDENTIFICADA COMO RURAL,False,Ausência de marcador rural nos campos públicos,MÉDIA,True
03/08/2026,06:28:06,2026,AC,01392,RIO BRANCO,1,178,1589,SEHURB (ANTIGA SEINFRA),"VIA CHICO MENDES, 805,",TRIÂNGULO,69900000,-9.9847647,-67.8063072,ATIVO,ATIVO,Com acessibilidade,165,339,339,01392|1|178,01392|1|1589,URBANA OU NÃO IDENTIFICADA COMO RURAL,False,Ausência de marcador rural nos campos públicos,MÉDIA,True
03/08/2026,06:28:06,2026,AC,01392,RIO BRANCO,1,179,1589,SEHURB (ANTIGA SEINFRA),"VIA CHICO MENDES, 805,",TRIÂNGULO,69900000,-9.9847647,-67.8063072,ATIVO,ATIVO,Com acessibilidade,174,0,0,01392|1|179,01392|1|1589,URBANA OU NÃO IDENTIFICADA COMO RURAL,False,Ausência de marcador rural nos campos públicos,MÉDIA,True
03/08/2026,06:28:06,2026,AC,01392,RIO BRANCO,1,182,1643,ESCOLA LOURIVAL PINHO,RUA GUILHERMINO BASTOS 348,TRIÂNGULO VELHO,69901340,-9.987875,-67.8094751,ATIVO,ATIVO,Com acessibilidade,319,319,319,01392|1|182,01392|1|1643,URBANA OU NÃO IDENTIFICADA COMO RURAL,False,Ausência de marcador rural nos campos públicos,MÉDIA,True
03/08/2026,06:28:06,2026,AC,01392,RIO BRANCO,1,183,1643,ESCOLA LOURIVAL PINHO,RUA GUILHERMINO BASTOS 348,TRIÂNGULO VELHO,69901340,-9.987875,-67.8094751,ATIVO,ATIVO,Com acessibilidade,320,320,320,01392|1|183,01392|1|1643,URBANA OU NÃO IDENTIFICADA COMO RURAL,False,Ausência de marcador rural nos campos públicos,MÉDIA,True
03/08/2026,06:28:06,2026,AC,01392,RIO BRANCO,1,184,1643,ESCOLA LOURIVAL PINHO,RUA GUILHERMINO BASTOS 348,TRIÂNGULO VELHO,69901340,-9.987875,-67.8094751,ATIVO,ATIVO,Com acessibilidade,323,323,323,01392|1|184,01392|1|1643,URBANA OU NÃO IDENTIFICADA COMO RURAL,False,Ausência de marcador rural nos campos públicos,MÉDIA,True
03/08/2026,06:28:06,2026,AC,01392,RIO BRANCO,1,554,1643,ESCOLA LOURIVAL PINHO,RUA GUILHERMINO BASTOS 348,TRIÂNGULO VELHO,69901340,-9.987875,-67.8094751,ATIVO,ATIVO,Com acessibilidade,322,322,322,01392|1|554,01392|1|1643,URBANA OU NÃO IDENTIFICADA COMO RURAL,False,Ausência de marcador rural nos campos públicos,MÉDIA,True
03/08/2026,06:28:06,2026,AC,01392,RIO BRANCO,1,811,1643,ESCOLA LOURIVAL PINHO,RUA GUILHERMINO BASTOS 348,TRIÂNGULO VELHO,69901340,-9.987875,-67.8094751,ATIVO,ATIVO,Com acessibilidade,324,324,324,01392|1|811,01392|1|1643,URBANA OU NÃO IDENTIFICADA COMO RURAL,False,Ausência de marcador rural nos campos públicos,MÉDIA,True
03/08/2026,06:28:06,2026,AC,01392,RIO BRANCO,1,190,1694,SECRETARIA DE GOVERNO,"AVENIDA CEARÁ, 1624",CENTRO,69900379,-9.970875,-67.8110117,ATIVO,ATIVO,Com acessibilidade,201,201,201,01392|1|190,01392|1|1694,URBANA OU NÃO IDENTIFICADA COMO RURAL,False,Ausência de marcador rural nos campos públicos,MÉDIA,True
03/08/2026,06:28:06,2026,AC,01392,RIO BRANCO,1,191,1694,SECRETARIA DE GOVERNO,"AVENIDA CEARÁ, 1624",CENTRO,69900379,-9.970875,-67.8110117,ATIVO,ATIVO,Com acessibilidade,203,203,203,01392|1|191,01392|1|1694,URBANA OU NÃO IDENTIFICADA COMO RURAL,False,Ausência de marcador rural nos campos públicos,MÉDIA,True
03/08/2026,06:28:06,2026,AC,01392,RIO BRANCO,1,248,1694,SECRETARIA DE GOVERNO,"AVENIDA CEARÁ, 1624",CENTRO,69900379,-9.970875,-67.8110117,ATIVO,ATIVO,Com acessibilidade,214,214,214,01392|1|248,01392|1|1694,URBANA OU NÃO IDENTIFICADA COMO RURAL,False,Ausência de marcador rural nos campos públicos,MÉDIA,True
03/08/2026,06:28:06,2026,AC,01392,RIO BRANCO,1,381,1694,SECRETARIA DE GOVERNO,"AVENIDA CEARÁ, 1624",CENTRO,69900379,-9.970875,-67.8110117,ATIVO,ATIVO,Com acessibilidade,210,210,210,01392|1|381,01392|1|1694,URBANA OU NÃO IDENTIFICADA COMO RURAL,False,Ausência de marcador rural nos campos públicos,MÉDIA,True
03/08/2026,06:28:06,2026,AC,01392,RIO BRANCO,1,316,1759,ESCOLA RURAL ERCÍLIA FEITOSA GOMES,BR 364 KM 14 - LIBERDADE (COMUNIDADE DOM MOACIR),ZONA RURAL,69900000,-10.0142517,-67.6731117,ATIVO,ATIVO,Com acessibilidade,256,256,256,01392|1|316,01392|1|1759,RURAL IDENTIFICADA,True,Termo RURAL no bairro ou no nome do local no arquivo do TSE,ALTA,True
03/08/2026,06:28:06,2026,AC,01392,RIO BRANCO,1,511,1759,ESCOLA RURAL ERCÍLIA FEITOSA GOMES,BR 364 KM 14 - LIBERDADE (COMUNIDADE DOM MOACIR),ZONA RURAL,69900000,-10.0142517,-67.6731117,ATIVO,ATIVO,Com acessibilidade,254,254,254,01392|1|511,01392|1|1759,RURAL IDENTIFICADA,True,Termo RURAL no bairro ou no nome do local no arquivo do TSE,ALTA,True
03/08/2026,06:28:06,2026,AC,01392,RIO BRANCO,1,204,1783,ESCOLA RURAL CAPITÃO EDGARD CERQUEIRA FILHO,"BR 317 KM 35, BAIXA VERDE-RIO BRANCO-AC",ZONA RURAL,69900000,-10.0087417,-67.5011,ATIVO,ATIVO,Com acessibilidade,174,351,351,01392|1|204,01392|1|1783,RURAL IDENTIFICADA,True,Termo RURAL no bairro ou no nome do local no arquivo do TSE,ALTA,True
03/08/2026,06:28:06,2026,AC,01392,RIO BRANCO,1,205,1783,ESCOLA RURAL CAPITÃO EDGARD CERQUEIRA FILHO,"BR 317 KM 35, BAIXA VERDE-RIO BRANCO-AC",ZONA RURAL,69900000,-10.0087417,-67.5011,ATIVO,ATIVO,Com acessibilidade,177,0,0,01392|1|205,01392|1|1783,RURAL IDENTIFICADA,True,Termo RURAL no bairro ou no nome do local no arquivo do TSE,ALTA,True
03/08/2026,06:28:06,2026,AC,01392,RIO BRANCO,1,206,1783,ESCOLA RURAL CAPITÃO EDGARD CERQUEIRA FILHO,"BR 317 KM 35, BAIXA VERDE-RIO BRANCO-AC",ZONA RURAL,69900000,-10.0087417,-67.5011,ATIVO,ATIVO,Com acessibilidade,177,352,352,01392|1|206,01392|1|1783,RURAL IDENTIFICADA,True,Termo RURAL no bairro ou no nome do local no arquivo do TSE,ALTA,True
03/08/2026,06:28:06,2026,AC,01392,RIO BRANCO,1,455,1783,ESCOLA RURAL CAPITÃO EDGARD CERQUEIRA FILHO,"BR 317 KM 35, BAIXA VERDE-RIO BRANCO-AC",ZONA RURAL,69900000,-10.0087417,-67.5011,ATIVO,ATIVO,Com acessibilidade,175,0,0,01392|1|455,01392|1|1783,RURAL IDENTIFICADA,True,Termo RURAL no bairro ou no nome do local no arquivo do TSE,ALTA,True
03/08/2026,06:28:06,2026,AC,01392,RIO BRANCO,1,47,1848,ESCOLA MUNICIPAL RAIMUNDO HERMINIO DE MELO,"BR 364, KM 09, 848, VILA SANTA CECÍLIA",ZONA RURAL,69900000,-10.014945,-67.7174717,ATIVO,ATIVO,Com acessibilidade,232,232,232,01392|1|47,01392|1|1848,RURAL IDENTIFICADA,True,Termo RURAL no bairro ou no nome do local no arquivo do TSE,ALTA,True
03/08/2026,06:28:06,2026,AC,01392,RIO BRANCO,1,270,1848,ESCOLA MUNICIPAL RAIMUNDO HERMINIO DE MELO,"BR 364, KM 09, 848, VILA SANTA CECÍLIA",ZONA RURAL,69900000,-10.014945,-67.7174717,ATIVO,ATIVO,Com acessibilidade,230,230,230,01392|1|270,01392|1|1848,RURAL IDENTIFICADA,True,Termo RURAL no bairro ou no nome do local no arquivo do TSE,ALTA,True
03/08/2026,06:28:06,2026,AC,01392,RIO BRANCO,1,445,1848,ESCOLA MUNICIPAL RAIMUNDO HERMINIO DE MELO,"BR 364, KM 09, 848, VILA SANTA CECÍLIA",ZONA RURAL,69900000,-10.014945,-67.7174717,ATIVO,ATIVO,Com acessibilidade,232,232,232,01392|1|445,01392|1|1848,RURAL IDENTIFICADA,True,Termo RURAL no bairro ou no nome do local no arquivo do TSE,ALTA,True
03/08/2026,06:28:06,2026,AC,01392,RIO BRANCO,1,508,1848,ESCOLA MUNICIPAL RAIMUNDO HERMINIO DE MELO,"BR 364, KM 09, 848, VILA SANTA CECÍLIA",ZONA RURAL,69900000,-10.014945,-67.7174717,ATIVO,ATIVO,Com acessibilidade,230,230,230,01392|1|508,01392|1|1848,RURAL IDENTIFICADA,True,Termo RURAL no bairro ou no nome do local no arquivo do TSE,ALTA,True
03/08/2026,06:28:06,2026,AC,01392,RIO BRANCO,1,561,1848,ESCOLA MUNICIPAL RAIMUNDO HERMINIO DE MELO,"BR 364, KM 09, 848, VILA SANTA CECÍLIA",ZONA RURAL,69900000,-10.014945,-67.7174717,ATIVO,ATIVO,Com acessibilidade,236,236,236,01392|1|561,01392|1|1848,RURAL IDENTIFICADA,True,Termo RURAL no bairro ou no nome do local no arquivo do TSE,ALTA,True
03/08/2026,06:28:06,2026,AC,01392,RIO BRANCO,1,261,1856,ESCOLA JOAO MARIANO,"RUA BAGUARI, 1883",TAQUARI,69900000,-10.0055383,-67.8219535,ATIVO,ATIVO,Com acessibilidade,325,325,325,01392|1|261,01392|1|1856,URBANA OU NÃO IDENTIFICADA COMO RURAL,False,Ausência de marcador rural nos campos públicos,MÉDIA,True
03/08/2026,06:28:06,2026,AC,01392,RIO BRANCO,1,321,1856,ESCOLA JOAO MARIANO,"RUA BAGUARI, 1883",TAQUARI,69900000,-10.0055383,-67.8219535,ATIVO,ATIVO,Com acessibilidade,333,333,333,01392|1|321,01392|1|1856,URBANA OU NÃO IDENTIFICADA COMO RURAL,False,Ausência de marcador rural nos campos públicos,MÉDIA,True
03/08/2026,06:28:06,2026,AC,01392,RIO BRANCO,1,337,1856,ESCOLA JOAO MARIANO,"RUA BAGUARI, 1883",TAQUARI,69900000,-10.0055383,-67.8219535,ATIVO,ATIVO,Com acessibilidade,336,336,336,01392|1|337,01392|1|1856,URBANA OU NÃO IDENTIFICADA COMO RURAL,False,Ausência de marcador rural nos campos públicos,MÉDIA,True
03/08/2026,06:28:06,2026,AC,01392,RIO BRANCO,1,385,1856,ESCOLA JOAO MARIANO,"RUA BAGUARI, 1883",TAQUARI,69900000,-10.0055383,-67.8219535,ATIVO,ATIVO,Com acessibilidade,256,256,256,01392|1|385,01392|1|1856,URBANA OU NÃO IDENTIFICADA COMO RURAL,False,Ausência de marcador rural nos campos públicos,MÉDIA,True
03/08/2026,06:28:06,2026,AC,01392,RIO BRANCO,1,426,1856,ESCOLA JOAO MARIANO,"RUA BAGUARI, 1883",TAQUARI,69900000,-10.0055383,-67.8219535,ATIVO,ATIVO,Com acessibilidade,261,261,261,01392|1|426,01392|1|1856,URBANA OU NÃO IDENTIFICADA COMO RURAL,False,Ausência de marcador rural nos campos públicos,MÉDIA,True
03/08/2026,06:28:06,2026,AC,01392,RIO BRANCO,1,480,1856,ESCOLA JOAO MARIANO,"RUA BAGUARI, 1883",TAQUARI,69900000,-10.0055383,-67.8219535,ATIVO,ATIVO,Com acessibilidade,329,329,329,01392|1|480,01392|1|1856,URBANA OU NÃO IDENTIFICADA COMO RURAL,False,Ausência de marcador rural nos campos públicos,MÉDIA,True
03/08/2026,06:28:06,2026,AC,01392,RIO BRANCO,1,174,1872,ESCOLA ROBERTO SANCHES MUBARAC,"RUA 6 DE AGOSTO, 1070",SEIS DE AGOSTO,69905678,-9.9776756,-67.8023091,ATIVO,ATIVO,Com acessibilidade,320,320,320,01392|1|174,01392|1|1872,URBANA OU NÃO IDENTIFICADA COMO RURAL,False,Ausência de marcador rural nos campos públicos,MÉDIA,True
03/08/2026,06:28:06,2026,AC,01392,RIO BRANCO,1,263,1872,ESCOLA ROBERTO SANCHES MUBARAC,"RUA 6 DE AGOSTO, 1070",SEIS DE AGOSTO,69905678,-9.9776756,-67.8023091,ATIVO,ATIVO,Com acessibilidade,318,318,318,01392|1|263,01392|1|1872,URBANA OU NÃO IDENTIFICADA COMO RURAL,False,Ausência de marcador rural nos campos públicos,MÉDIA,True
03/08/2026,06:28:06,2026,AC,01392,RIO BRANCO,1,351,1872,ESCOLA ROBERTO SANCHES MUBARAC,"RUA 6 DE AGOSTO, 1070",SEIS DE AGOSTO,69905678,-9.9776756,-67.8023091,ATIVO,ATIVO,Com acessibilidade,319,319,319,01392|1|351,01392|1|1872,URBANA OU NÃO IDENTIFICADA COMO RURAL,False,Ausência de marcador rural nos campos públicos,MÉDIA,True
03/08/2026,06:28:06,2026,AC,01392,RIO BRANCO,1,386,1872,ESCOLA ROBERTO SANCHES MUBARAC,"RUA 6 DE AGOSTO, 1070",SEIS DE AGOSTO,69905678,-9.9776756,-67.8023091,ATIVO,ATIVO,Com acessibilidade,319,319,319,01392|1|386,01392|1|1872,URBANA OU NÃO IDENTIFICADA COMO RURAL,False,Ausência de marcador rural nos campos públicos,MÉDIA,True
03/08/2026,06:28:06,2026,AC,01392,RIO BRANCO,1,461,1872,ESCOLA ROBERTO SANCHES MUBARAC,"RUA 6 DE AGOSTO, 1070",SEIS DE AGOSTO,69905678,-9.9776756,-67.8023091,ATIVO,ATIVO,Com acessibilidade,322,322,322,01392|1|461,01392|1|1872,URBANA OU NÃO IDENTIFICADA COMO RURAL,False,Ausência de marcador rural nos campos públicos,MÉDIA,True
03/08/2026,06:28:06,2026,AC,01392,RIO BRANCO,1,804,1872,ESCOLA ROBERTO SANCHES MUBARAC,"RUA 6 DE AGOSTO, 1070",SEIS DE AGOSTO,69905678,-9.9776756,-67.8023091,ATIVO,ATIVO,Com acessibilidade,316,316,316,01392|1|804,01392|1|1872,URBANA OU NÃO IDENTIFICADA COMO RURAL,False,Ausência de marcador rural nos campos públicos,MÉDIA,True
03/08/2026,06:28:06,2026,AC,01392,RIO BRANCO,1,268,1929,ESCOLA GEORGETE ELUAN KALUME,"AV. EPAMINONDAS JACOME, 2209",CADEIA VELHA,69900115,-9.9722635,-67.7947468,ATIVO,ATIVO,Com acessibilidade,263,263,263,01392|1|268,01392|1|1929,URBANA OU NÃO IDENTIFICADA COMO RURAL,False,Ausência de marcador rural nos campos públicos,MÉDIA,True
03/08/2026,06:28:06,2026,AC,01392,RIO BRANCO,1,436,1929,ESCOLA GEORGETE ELUAN KALUME,"AV. EPAMINONDAS JACOME, 2209",CADEIA VELHA,69900115,-9.9722635,-67.7947468,ATIVO,ATIVO,Com acessibilidade,270,270,270,01392|1|436,01392|1|1929,URBANA OU NÃO IDENTIFICADA COMO RURAL,False,Ausência de marcador rural nos campos públicos,MÉDIA,True
03/08/2026,06:28:06,2026,AC,01392,RIO BRANCO,1,453,1929,ESCOLA GEORGETE ELUAN KALUME,"AV. EPAMINONDAS JACOME, 2209",CADEIA VELHA,69900115,-9.9722635,-67.7947468,ATIVO,ATIVO,Com acessibilidade,254,254,254,01392|1|453,01392|1|1929,URBANA OU NÃO IDENTIFICADA COMO RURAL,False,Ausência de marcador rural nos campos públicos,MÉDIA,True
03/08/2026,06:28:06,2026,AC,01392,RIO BRANCO,1,501,1929,ESCOLA GEORGETE ELUAN KALUME,"AV. EPAMINONDAS JACOME, 2209",CADEIA VELHA,69900115,-9.9722635,-67.7947468,ATIVO,ATIVO,Com acessibilidade,259,259,259,01392|1|501,01392|1|1929,URBANA OU NÃO IDENTIFICADA COMO RURAL,False,Ausência de marcador rural nos campos públicos,MÉDIA,True
03/08/2026,06:28:06,2026,AC,01392,RIO BRANCO,1,532,1929,ESCOLA GEORGETE ELUAN KALUME,"AV. EPAMINONDAS JACOME, 2209",CADEIA VELHA,69900115,-9.9722635,-67.7947468,ATIVO,ATIVO,Com acessibilidade,261,261,261,01392|1|532,01392|1|1929,URBANA OU NÃO IDENTIFICADA COMO RURAL,False,Ausência de marcador rural nos campos públicos,MÉDIA,True
03/08/2026,06:28:06,2026,AC,01392,RIO BRANCO,1,559,1929,ESCOLA GEORGETE ELUAN KALUME,"AV. EPAMINONDAS JACOME, 2209",CADEIA VELHA,69900115,-9.9722635,-67.7947468,ATIVO,ATIVO,Com acessibilidade,257,257,257,01392|1|559,01392|1|1929,URBANA OU NÃO IDENTIFICADA COMO RURAL,False,Ausência de marcador rural nos campos públicos,MÉDIA,True
03/08/2026,06:28:06,2026,AC,01392,RIO BRANCO,1,13,1961,SUPERINTENDÊNCIA DO MINISTÉRIO DO TRABALHO,"RUA MARECHAL DEODORO, 257",CENTRO,69900000,-9.973743,-67.8075004,ATIVO,ATIVO,Com acessibilidade,152,300,300,01392|1|13,01392|1|1961,URBANA OU NÃO IDENTIFICADA COMO RURAL,False,Ausência de marcador rural nos campos públicos,MÉDIA,True
03/08/2026,06:28:06,2026,AC,01392,RIO BRANCO,1,95,1961,SUPERINTENDÊNCIA DO MINISTÉRIO DO TRABALHO,"RUA MARECHAL DEODORO, 257",CENTRO,69900000,-9.973743,-67.8075004,ATIVO,ATIVO,Com acessibilidade,258,258,258,01392|1|95,01392|1|1961,URBANA OU NÃO IDENTIFICADA COMO RURAL,False,Ausência de marcador rural nos campos públicos,MÉDIA,True
03/08/2026,06:28:06,2026,AC,01392,RIO BRANCO,1,96,1961,SUPERINTENDÊNCIA DO MINISTÉRIO DO TRABALHO,"RUA MARECHAL DEODORO, 257",CENTRO,69900000,-9.973743,-67.8075004,ATIVO,ATIVO,Com acessibilidade,264,264,264,01392|1|96,01392|1|1961,URBANA OU NÃO IDENTIFICADA COMO RURAL,False,Ausência de marcador rural nos campos públicos,MÉDIA,True
03/08/2026,06:28:06,2026,AC,01392,RIO BRANCO,1,297,1961,SUPERINTENDÊNCIA DO MINISTÉRIO DO TRABALHO,"RUA MARECHAL DEODORO, 257",CENTRO,69900000,-9.973743,-67.8075004,ATIVO,ATIVO,Com acessibilidade,148,0,0,01392|1|297,01392|1|1961,URBANA OU NÃO IDENTIFICADA COMO RURAL,False,Ausência de marcador rural nos campos públicos,MÉDIA,True
03/08/2026,06:28:06,2026,AC,01392,RIO BRANCO,1,34,1988,ISE - INSTITUTO SÓCIO EDUCATIVO DO ACRE (ANTIGO IMAC),"RUA RUI BARBOSA, 450",CENTRO,69900000,-9.9719097,-67.8087318,ATIVO,ATIVO,Com acessibilidade,169,169,169,01392|1|34,01392|1|1988,URBANA OU NÃO IDENTIFICADA COMO RURAL,False,Ausência de marcador rural nos campos públicos,MÉDIA,True
03/08/2026,06:28:06,2026,AC,01392,RIO BRANCO,1,185,1988,ISE - INSTITUTO SÓCIO EDUCATIVO DO ACRE (ANTIGO IMAC),"RUA RUI BARBOSA, 450",CENTRO,69900000,-9.9719097,-67.8087318,ATIVO,ATIVO,Com acessibilidade,215,215,215,01392|1|185,01392|1|1988,URBANA OU NÃO IDENTIFICADA COMO RURAL,False,Ausência de marcador rural nos campos públicos,MÉDIA,True
03/08/2026,06:28:06,2026,AC,01392,RIO BRANCO,1,280,1988,ISE - INSTITUTO SÓCIO EDUCATIVO DO ACRE (ANTIGO IMAC),"RUA RUI BARBOSA, 450",CENTRO,69900000,-9.9719097,-67.8087318,ATIVO,ATIVO,Com acessibilidade,167,333,333,01392|1|280,01392|1|1988,URBANA OU NÃO IDENTIFICADA COMO RURAL,False,Ausência de marcador rural nos campos públicos,MÉDIA,True
03/08/2026,06:28:06,2026,AC,01392,RIO BRANCO,1,287,1988,ISE - INSTITUTO SÓCIO EDUCATIVO DO ACRE (ANTIGO IMAC),"RUA RUI BARBOSA, 450",CENTRO,69900000,-9.9719097,-67.8087318,ATIVO,ATIVO,Com acessibilidade,216,216,216,01392|1|287,01392|1|1988,URBANA OU NÃO IDENTIFICADA COMO RURAL,False,Ausência de marcador rural nos campos públicos,MÉDIA,True
03/08/2026,06:28:06,2026,AC,01392,RIO BRANCO,1,303,1988,ISE - INSTITUTO SÓCIO EDUCATIVO DO ACRE (ANTIGO IMAC),"RUA RUI BARBOSA, 450",CENTRO,69900000,-9.9719097,-67.8087318,ATIVO,ATIVO,Com acessibilidade,166,0,0,01392|1|303,01392|1|1988,URBANA OU NÃO IDENTIFICADA COMO RURAL,False,Ausência de marcador rural nos campos públicos,MÉDIA,True
03/08/2026,06:28:06,2026,AC,01392,RIO BRANCO,1,310,1996,ESCOLA ZULEIDE PEREIRA DE SOUZA,"RODOVIA AC 40 KM 05, N. 1298",VILA ACRE,69908070,-10.0239764,-67.7985936,ATIVO,ATIVO,Com acessibilidade,333,333,333,01392|1|310,01392|1|1996,URBANA OU NÃO IDENTIFICADA COMO RURAL,False,Ausência de marcador rural nos campos públicos,MÉDIA,True
03/08/2026,06:28:06,2026,AC,01392,RIO BRANCO,1,390,1996,ESCOLA ZULEIDE PEREIRA DE SOUZA,"RODOVIA AC 40 KM 05, N. 1298",VILA ACRE,69908070,-10.0239764,-67.7985936,ATIVO,ATIVO,Com acessibilidade,337,337,337,01392|1|390,01392|1|1996,URBANA OU NÃO IDENTIFICADA COMO RURAL,False,Ausência de marcador rural nos campos públicos,MÉDIA,True
03/08/2026,06:28:06,2026,AC,01392,RIO BRANCO,1,440,1996,ESCOLA ZULEIDE PEREIRA DE SOUZA,"RODOVIA AC 40 KM 05, N. 1298",VILA ACRE,69908070,-10.0239764,-67.7985936,ATIVO,ATIVO,Com acessibilidade,328,328,328,01392|1|440,01392|1|1996,URBANA OU NÃO IDENTIFICADA COMO RURAL,False,Ausência de marcador rural nos campos públicos,MÉDIA,True
03/08/2026,06:28:06,2026,AC,01392,RIO BRANCO,1,447,1996,ESCOLA ZULEIDE PEREIRA DE SOUZA,"RODOVIA AC 40 KM 05, N. 1298",VILA ACRE,69908070,-10.0239764,-67.7985936,ATIVO,ATIVO,Com acessibilidade,339,339,339,01392|1|447,01392|1|1996,URBANA OU NÃO IDENTIFICADA COMO RURAL,False,Ausência de marcador rural nos campos públicos,MÉDIA,True
03/08/2026,06:28:06,2026,AC,01392,RIO BRANCO,1,803,1996,ESCOLA ZULEIDE PEREIRA DE SOUZA,"RODOVIA AC 40 KM 05, N. 1298",VILA ACRE,69908070,-10.0239764,-67.7985936,ATIVO,ATIVO,Com acessibilidade,329,329,329,01392|1|803,01392|1|1996,URBANA OU NÃO IDENTIFICADA COMO RURAL,False,Ausência de marcador rural nos campos públicos,MÉDIA,True
03/08/2026,06:28:06,2026,AC,01392,RIO BRANCO,1,288,2054,SENAI,AVENIDA EPAMINONDAS JACOME 2209,CADEIA VELHA,0,-9.97211,-67.7942594,ATIVO,ATIVO,Com acessibilidade,312,312,312,01392|1|288,01392|1|2054,URBANA OU NÃO IDENTIFICADA COMO RURAL,False,Ausência de marcador rural nos campos públicos,MÉDIA,True
03/08/2026,06:28:06,2026,AC,01392,RIO BRANCO,1,391,2054,SENAI,AVENIDA EPAMINONDAS JACOME 2209,CADEIA VELHA,0,-9.97211,-67.7942594,ATIVO,ATIVO,Com acessibilidade,316,316,316,01392|1|391,01392|1|2054,URBANA OU NÃO IDENTIFICADA COMO RURAL,False,Ausência de marcador rural nos campos públicos,MÉDIA,True
03/08/2026,06:28:06,2026,AC,01392,RIO BRANCO,1,444,2054,SENAI,AVENIDA EPAMINONDAS JACOME 2209,CADEIA VELHA,0,-9.97211,-67.7942594,ATIVO,ATIVO,Com acessibilidade,310,310,310,01392|1|444,01392|1|2054,URBANA OU NÃO IDENTIFICADA COMO RURAL,False,Ausência de marcador rural nos campos públicos,MÉDIA,True
03/08/2026,06:28:06,2026,AC,01392,RIO BRANCO,1,467,2054,SENAI,AVENIDA EPAMINONDAS JACOME 2209,CADEIA VELHA,0,-9.97211,-67.7942594,ATIVO,ATIVO,Com acessibilidade,312,312,312,01392|1|467,01392|1|2054,URBANA OU NÃO IDENTIFICADA COMO RURAL,False,Ausência de marcador rural nos campos públicos,MÉDIA,True
03/08/2026,06:28:06,2026,AC,01392,RIO BRANCO,1,533,2054,SENAI,AVENIDA EPAMINONDAS JACOME 2209,CADEIA VELHA,0,-9.97211,-67.7942594,ATIVO,ATIVO,Com acessibilidade,315,315,315,01392|1|533,01392|1|2054,URBANA OU NÃO IDENTIFICADA COMO RURAL,False,Ausência de marcador rural nos campos públicos,MÉDIA,True
03/08/2026,06:28:06,2026,AC,01392,RIO BRANCO,1,552,2054,SENAI,AVENIDA EPAMINONDAS JACOME 2209,CADEIA VELHA,0,-9.97211,-67.7942594,ATIVO,ATIVO,Com acessibilidade,308,308,308,01392|1|552,01392|1|2054,URBANA OU NÃO IDENTIFICADA COMO RURAL,False,Ausência de marcador rural nos campos públicos,MÉDIA,True
03/08/2026,06:28:06,2026,AC,01392,RIO BRANCO,1,299,2089,ESCOLA MADRE HILDEBRANDA DO PRA,"RUA DIAMANTINA, 14",CIDADE NOVA,69901540,-9.9809619,-67.8143827,ATIVO,ATIVO,Com acessibilidade,301,301,301,01392|1|299,01392|1|2089,URBANA OU NÃO IDENTIFICADA COMO RURAL,False,Ausência de marcador rural nos campos públicos,MÉDIA,True
03/08/2026,06:28:06,2026,AC,01392,RIO BRANCO,1,330,2089,ESCOLA MADRE HILDEBRANDA DO PRA,"RUA DIAMANTINA, 14",CIDADE NOVA,69901540,-9.9809619,-67.8143827,ATIVO,ATIVO,Com acessibilidade,304,304,304,01392|1|330,01392|1|2089,URBANA OU NÃO IDENTIFICADA COMO RURAL,False,Ausência de marcador rural nos campos públicos,MÉDIA,True
03/08/2026,06:28:06,2026,AC,01392,RIO BRANCO,1,366,2089,ESCOLA MADRE HILDEBRANDA DO PRA,"RUA DIAMANTINA, 14",CIDADE NOVA,69901540,-9.9809619,-67.8143827,ATIVO,ATIVO,Com acessibilidade,297,297,297,01392|1|366,01392|1|2089,URBANA OU NÃO IDENTIFICADA COMO RURAL,False,Ausência de marcador rural nos campos públicos,MÉDIA,True
03/08/2026,06:28:06,2026,AC,01392,RIO BRANCO,1,406,2089,ESCOLA MADRE HILDEBRANDA DO PRA,"RUA DIAMANTINA, 14",CIDADE NOVA,69901540,-9.9809619,-67.8143827,ATIVO,ATIVO,Com acessibilidade,305,305,305,01392|1|406,01392|1|2089,URBANA OU NÃO IDENTIFICADA COMO RURAL,False,Ausência de marcador rural nos campos públicos,MÉDIA,True
03/08/2026,06:28:06,2026,AC,01392,RIO BRANCO,1,164,2100,MUSEU DOS POVOS ACREANOS,AVENIDA EPAMINONDAS JACOME,CENTRO,69900000,-9.9759133,-67.80709,ATIVO,ATIVO,Com acessibilidade,109,214,214,01392|1|164,01392|1|2100,URBANA OU NÃO IDENTIFICADA COMO RURAL,False,Ausência de marcador rural nos campos públicos,MÉDIA,True
03/08/2026,06:28:06,2026,AC,01392,RIO BRANCO,1,188,2100,MUSEU DOS POVOS ACREANOS,AVENIDA EPAMINONDAS JACOME,CENTRO,69900000,-9.9759133,-67.80709,ATIVO,ATIVO,Com acessibilidade,105,0,0,01392|1|188,01392|1|2100,URBANA OU NÃO IDENTIFICADA COMO RURAL,False,Ausência de marcador rural nos campos públicos,MÉDIA,True
03/08/2026,06:28:06,2026,AC,01392,RIO BRANCO,1,308,2100,MUSEU DOS POVOS ACREANOS,AVENIDA EPAMINONDAS JACOME,CENTRO,69900000,-9.9759133,-67.80709,ATIVO,ATIVO,Com acessibilidade,178,178,178,01392|1|308,01392|1|2100,URBANA OU NÃO IDENTIFICADA COMO RURAL,False,Ausência de marcador rural nos campos públicos,MÉDIA,True
03/08/2026,06:28:06,2026,AC,01392,RIO BRANCO,1,398,2313,ESCOLA LEONCIO DE CARVALHO,"RODOVIA AC-40, KM-08",VILA ACRE,69909800,-10.0473976,-67.7913303,ATIVO,ATIVO,Com acessibilidade,336,336,336,01392|1|398,01392|1|2313,URBANA OU NÃO IDENTIFICADA COMO RURAL,False,Ausência de marcador rural nos campos públicos,MÉDIA,True
03/08/2026,06:28:06,2026,AC,01392,RIO BRANCO,1,437,2313,ESCOLA LEONCIO DE CARVALHO,"RODOVIA AC-40, KM-08",VILA ACRE,69909800,-10.0473976,-67.7913303,ATIVO,ATIVO,Com acessibilidade,330,330,330,01392|1|437,01392|1|2313,URBANA OU NÃO IDENTIFICADA COMO RURAL,False,Ausência de marcador rural nos campos públicos,MÉDIA,True
03/08/2026,06:28:06,2026,AC,01392,RIO BRANCO,1,446,2313,ESCOLA LEONCIO DE CARVALHO,"RODOVIA AC-40, KM-08",VILA ACRE,69909800,-10.0473976,-67.7913303,ATIVO,ATIVO,Com acessibilidade,333,333,333,01392|1|446,01392|1|2313,URBANA OU NÃO IDENTIFICADA COMO RURAL,False,Ausência de marcador rural nos campos públicos,MÉDIA,True
03/08/2026,06:28:06,2026,AC,01392,RIO BRANCO,1,471,2313,ESCOLA LEONCIO DE CARVALHO,"RODOVIA AC-40, KM-08",VILA ACRE,69909800,-10.0473976,-67.7913303,ATIVO,ATIVO,Com acessibilidade,331,331,331,01392|1|471,01392|1|2313,URBANA OU NÃO IDENTIFICADA COMO RURAL,False,Ausência de marcador rural nos campos públicos,MÉDIA,True
03/08/2026,06:28:06,2026,AC,01392,RIO BRANCO,1,821,2313,ESCOLA LEONCIO DE CARVALHO,"RODOVIA AC-40, KM-08",VILA ACRE,69909800,-10.0473976,-67.7913303,ATIVO,ATIVO,Com acessibilidade,332,332,332,01392|1|821,01392|1|2313,URBANA OU NÃO IDENTIFICADA COMO RURAL,False,Ausência de marcador rural nos campos públicos,MÉDIA,True
03/08/2026,06:28:06,2026,AC,01392,RIO BRANCO,1,846,2313,ESCOLA LEONCIO DE CARVALHO,"RODOVIA AC-40, KM-08",VILA ACRE,69909800,-10.0473976,-67.7913303,ATIVO,ATIVO,Sem acessibilidade,332,332,332,01392|1|846,01392|1|2313,URBANA OU NÃO IDENTIFICADA COMO RURAL,False,Ausência de marcador rural nos campos públicos,MÉDIA,True
03/08/2026,06:28:06,2026,AC,01392,RIO BRANCO,1,864,2313,ESCOLA LEONCIO DE CARVALHO,"RODOVIA AC-40, KM-08",VILA ACRE,69909800,-10.0473976,-67.7913303,ATIVO,ATIVO,Sem acessibilidade,340,340,340,01392|1|864,01392|1|2313,URBANA OU NÃO IDENTIFICADA COMO RURAL,False,Ausência de marcador rural nos campos públicos,MÉDIA,True
03/08/2026,06:28:06,2026,AC,01392,RIO BRANCO,1,87,2402,ESCOLA ANA TURAM MACHADO FALCAO,"NOSSA SENHORA DA CONCEICAO, 464",CIDADE NOVA,69900000,-9.9822532,-67.81615,ATIVO,ATIVO,Com acessibilidade,250,250,250,01392|1|87,01392|1|2402,URBANA OU NÃO IDENTIFICADA COMO RURAL,False,Ausência de marcador rural nos campos públicos,MÉDIA,True
03/08/2026,06:28:06,2026,AC,01392,RIO BRANCO,1,88,2402,ESCOLA ANA TURAM MACHADO FALCAO,"NOSSA SENHORA DA CONCEICAO, 464",CIDADE NOVA,69900000,-9.9822532,-67.81615,ATIVO,ATIVO,Com acessibilidade,254,254,254,01392|1|88,01392|1|2402,URBANA OU NÃO IDENTIFICADA COMO RURAL,False,Ausência de marcador rural nos campos públicos,MÉDIA,True
03/08/2026,06:28:06,2026,AC,01392,RIO BRANCO,1,89,2402,ESCOLA ANA TURAM MACHADO FALCAO,"NOSSA SENHORA DA CONCEICAO, 464",CIDADE NOVA,69900000,-9.9822532,-67.81615,ATIVO,ATIVO,Com acessibilidade,247,247,247,01392|1|89,01392|1|2402,URBANA OU NÃO IDENTIFICADA COMO RURAL,False,Ausência de marcador rural nos campos públicos,MÉDIA,True
03/08/2026,06:28:06,2026,AC,01392,RIO BRANCO,1,90,2402,ESCOLA ANA TURAM MACHADO FALCAO,"NOSSA SENHORA DA CONCEICAO, 464",CIDADE NOVA,69900000,-9.9822532,-67.81615,ATIVO,ATIVO,Com acessibilidade,247,247,247,01392|1|90,01392|1|2402,URBANA OU NÃO IDENTIFICADA COMO RURAL,False,Ausência de marcador rural nos campos públicos,MÉDIA,True
03/08/2026,06:28:06,2026,AC,01392,RIO BRANCO,1,7,2461,TRIBUNAL REGIONAL DO TRABALHO - TRT,RUA BENJAMIN CONSTANT 1121,CENTRO,69900160,-9.9757432,-67.8097522,ATIVO,ATIVO,Com acessibilidade,300,300,300,01392|1|7,01392|1|2461,URBANA OU NÃO IDENTIFICADA COMO RURAL,False,Ausência de marcador rural nos campos públicos,MÉDIA,True
03/08/2026,06:28:06,2026,AC,01392,RIO BRANCO,1,146,2461,TRIBUNAL REGIONAL DO TRABALHO - TRT,RUA BENJAMIN CONSTANT 1121,CENTRO,69900160,-9.9757432,-67.8097522,ATIVO,ATIVO,Com acessibilidade,115,229,229,01392|1|146,01392|1|2461,URBANA OU NÃO IDENTIFICADA COMO RURAL,False,Ausência de marcador rural nos campos públicos,MÉDIA,True
03/08/2026,06:28:06,2026,AC,01392,RIO BRANCO,1,149,2461,TRIBUNAL REGIONAL DO TRABALHO - TRT,RUA BENJAMIN CONSTANT 1121,CENTRO,69900160,-9.9757432,-67.8097522,ATIVO,ATIVO,Com acessibilidade,114,0,0,01392|1|149,01392|1|2461,URBANA OU NÃO IDENTIFICADA COMO RURAL,False,Ausência de marcador rural nos campos públicos,MÉDIA,True
03/08/2026,06:28:06,2026,AC,01392,RIO BRANCO,1,416,2470,ESCOLA ANTONIA FERNANDES DE FREITAS,"RUA EDMUNDO PINTO, 477",SANTA INÊS,69914840,-10.0073855,-67.7943495,ATIVO,ATIVO,Com acessibilidade,319,319,319,01392|1|416,01392|1|2470,URBANA OU NÃO IDENTIFICADA COMO RURAL,False,Ausência de marcador rural nos campos públicos,MÉDIA,True
03/08/2026,06:28:06,2026,AC,01392,RIO BRANCO,1,438,2470,ESCOLA ANTONIA FERNANDES DE FREITAS,"RUA EDMUNDO PINTO, 477",SANTA INÊS,69914840,-10.0073855,-67.7943495,ATIVO,ATIVO,Com acessibilidade,324,324,324,01392|1|438,01392|1|2470,URBANA OU NÃO IDENTIFICADA COMO RURAL,False,Ausência de marcador rural nos campos públicos,MÉDIA,True
03/08/2026,06:28:06,2026,AC,01392,RIO BRANCO,1,448,2470,ESCOLA ANTONIA FERNANDES DE FREITAS,"RUA EDMUNDO PINTO, 477",SANTA INÊS,69914840,-10.0073855,-67.7943495,ATIVO,ATIVO,Com acessibilidade,318,318,318,01392|1|448,01392|1|2470,URBANA OU NÃO IDENTIFICADA COMO RURAL,False,Ausência de marcador rural nos campos públicos,MÉDIA,True
03/08/2026,06:28:06,2026,AC,01392,RIO BRANCO,1,475,2470,ESCOLA ANTONIA FERNANDES DE FREITAS,"RUA EDMUNDO PINTO, 477",SANTA INÊS,69914840,-10.0073855,-67.7943495,ATIVO,ATIVO,Com acessibilidade,320,320,320,01392|1|475,01392|1|2470,URBANA OU NÃO IDENTIFICADA COMO RURAL,False,Ausência de marcador rural nos campos públicos,MÉDIA,True
03/08/2026,06:28:06,2026,AC,01392,RIO BRANCO,1,823,2470,ESCOLA ANTONIA FERNANDES DE FREITAS,"RUA EDMUNDO PINTO, 477",SANTA INÊS,69914840,-10.0073855,-67.7943495,ATIVO,ATIVO,Com acessibilidade,320,320,320,01392|1|823,01392|1|2470,URBANA OU NÃO IDENTIFICADA COMO RURAL,False,Ausência de marcador rural nos campos públicos,MÉDIA,True
03/08/2026,06:28:06,2026,AC,01392,RIO BRANCO,1,189,2488,BIBLIOTECA PÚBLICA ESTADUAL,"AVENIDA GETULIO VARGAS, 389,",CENTRO,69900000,-9.9736122,-67.809969,ATIVO,ATIVO,Com acessibilidade,202,220,220,01392|1|189,01392|1|2488,URBANA OU NÃO IDENTIFICADA COMO RURAL,False,Ausência de marcador rural nos campos públicos,MÉDIA,True
03/08/2026,06:28:06,2026,AC,01392,RIO BRANCO,1,477,2488,BIBLIOTECA PÚBLICA ESTADUAL,"AVENIDA GETULIO VARGAS, 389,",CENTRO,69900000,-9.9736122,-67.809969,ATIVO,ATIVO,Com acessibilidade,221,221,221,01392|1|477,01392|1|2488,URBANA OU NÃO IDENTIFICADA COMO RURAL,False,Ausência de marcador rural nos campos públicos,MÉDIA,True
03/08/2026,06:28:06,2026,AC,01392,RIO BRANCO,1,548,2488,BIBLIOTECA PÚBLICA ESTADUAL,"AVENIDA GETULIO VARGAS, 389,",CENTRO,69900000,-9.9736122,-67.809969,ATIVO,ATIVO,Com acessibilidade,18,0,0,01392|1|548,01392|1|2488,URBANA OU NÃO IDENTIFICADA COMO RURAL,False,Ausência de marcador rural nos campos públicos,MÉDIA,True
03/08/2026,06:28:06,2026,AC,01392,RIO BRANCO,1,192,2500,INSS - AGÊNCIA CENTRO,"AV. GETULIO VARGAS, 647",CENTRO,69900660,-9.9714138,-67.8110809,ATIVO,ATIVO,Com acessibilidade,153,312,312,01392|1|192,01392|1|2500,URBANA OU NÃO IDENTIFICADA COMO RURAL,False,Ausência de marcador rural nos campos públicos,MÉDIA,True
03/08/2026,06:28:06,2026,AC,01392,RIO BRANCO,1,193,2500,INSS - AGÊNCIA CENTRO,"AV. GETULIO VARGAS, 647",CENTRO,69900660,-9.9714138,-67.8110809,ATIVO,ATIVO,Com acessibilidade,159,0,0,01392|1|193,01392|1|2500,URBANA OU NÃO IDENTIFICADA COMO RURAL,False,Ausência de marcador rural nos campos públicos,MÉDIA,True
03/08/2026,06:28:06,2026,AC,01392,RIO BRANCO,1,443,2534,ESCOLA OSCAR FELICIO DE SOUZA,BR 364 KM 12,VILA ALBERT SAMPAIO,69908970,-10.016485,-67.6992633,ATIVO,ATIVO,Com acessibilidade,232,232,232,01392|1|443,01392|1|2534,URBANA OU NÃO IDENTIFICADA COMO RURAL,False,Ausência de marcador rural nos campos públicos,MÉDIA,True
03/08/2026,06:28:06,2026,AC,01392,RIO BRANCO,1,500,2534,ESCOLA OSCAR FELICIO DE SOUZA,BR 364 KM 12,VILA ALBERT SAMPAIO,69908970,-10.016485,-67.6992633,ATIVO,ATIVO,Com acessibilidade,234,234,234,01392|1|500,01392|1|2534,URBANA OU NÃO IDENTIFICADA COMO RURAL,False,Ausência de marcador rural nos campos públicos,MÉDIA,True
03/08/2026,06:28:06,2026,AC,01392,RIO BRANCO,1,560,2534,ESCOLA OSCAR FELICIO DE SOUZA,BR 364 KM 12,VILA ALBERT SAMPAIO,69908970,-10.016485,-67.6992633,ATIVO,ATIVO,Com acessibilidade,237,237,237,01392|1|560,01392|1|2534,URBANA OU NÃO IDENTIFICADA COMO RURAL,False,Ausência de marcador rural nos campos públicos,MÉDIA,True
03/08/2026,06:28:06,2026,AC,01392,RIO BRANCO,1,442,2542,ESCOLA PAULO FREIRE,"BR 364, KM 2, RAMAL DA UNIÃO",BELO JARDIM II,69990930,-10.0107046,-67.7768855,ATIVO,ATIVO,Com acessibilidade,322,322,322,01392|1|442,01392|1|2542,REVISAR CLASSIFICAÇÃO,False,"Indício territorial no nome, bairro ou endereço; requer conferência",BAIXA,True
03/08/2026,06:28:06,2026,AC,01392,RIO BRANCO,1,452,2542,ESCOLA PAULO FREIRE,"BR 364, KM 2, RAMAL DA UNIÃO",BELO JARDIM II,69990930,-10.0107046,-67.7768855,ATIVO,ATIVO,Com acessibilidade,323,323,323,01392|1|452,01392|1|2542,REVISAR CLASSIFICAÇÃO,False,"Indício territorial no nome, bairro ou endereço; requer conferência",BAIXA,True
03/08/2026,06:28:06,2026,AC,01392,RIO BRANCO,1,460,2542,ESCOLA PAULO FREIRE,"BR 364, KM 2, RAMAL DA UNIÃO",BELO JARDIM II,69990930,-10.0107046,-67.7768855,ATIVO,ATIVO,Com acessibilidade,334,334,334,01392|1|460,01392|1|2542,REVISAR CLASSIFICAÇÃO,False,"Indício territorial no nome, bairro ou endereço; requer conferência",BAIXA,True
03/08/2026,06:28:06,2026,AC,01392,RIO BRANCO,1,478,2542,ESCOLA PAULO FREIRE,"BR 364, KM 2, RAMAL DA UNIÃO",BELO JARDIM II,69990930,-10.0107046,-67.7768855,ATIVO,ATIVO,Com acessibilidade,323,323,323,01392|1|478,01392|1|2542,REVISAR CLASSIFICAÇÃO,False,"Indício territorial no nome, bairro ou endereço; requer conferência",BAIXA,True
03/08/2026,06:28:06,2026,AC,01392,RIO BRANCO,1,485,2542,ESCOLA PAULO FREIRE,"BR 364, KM 2, RAMAL DA UNIÃO",BELO JARDIM II,69990930,-10.0107046,-67.7768855,ATIVO,ATIVO,Com acessibilidade,322,322,322,01392|1|485,01392|1|2542,REVISAR CLASSIFICAÇÃO,False,"Indício territorial no nome, bairro ou endereço; requer conferência",BAIXA,True
03/08/2026,06:28:06,2026,AC,01392,RIO BRANCO,1,494,2542,ESCOLA PAULO FREIRE,"BR 364, KM 2, RAMAL DA UNIÃO",BELO JARDIM II,69990930,-10.0107046,-67.7768855,ATIVO,ATIVO,Com acessibilidade,327,327,327,01392|1|494,01392|1|2542,REVISAR CLASSIFICAÇÃO,False,"Indício territorial no nome, bairro ou endereço; requer conferência",BAIXA,True
03/08/2026,06:28:06,2026,AC,01392,RIO BRANCO,1,441,2550,ESCOLA PROF. SEBASTIÃO PEDROSA (ARENA DA FLORESTA),"TRAVESSA COMARA, 101",COMARA,69900000,-9.9978116,-67.8056687,ATIVO,ATIVO,Com acessibilidade,221,221,221,01392|1|441,01392|1|2550,URBANA OU NÃO IDENTIFICADA COMO RURAL,False,Ausência de marcador rural nos campos públicos,MÉDIA,True
03/08/2026,06:28:06,2026,AC,01392,RIO BRANCO,1,458,2550,ESCOLA PROF. SEBASTIÃO PEDROSA (ARENA DA FLORESTA),"TRAVESSA COMARA, 101",COMARA,69900000,-9.9978116,-67.8056687,ATIVO,ATIVO,Com acessibilidade,226,226,226,01392|1|458,01392|1|2550,URBANA OU NÃO IDENTIFICADA COMO RURAL,False,Ausência de marcador rural nos campos públicos,MÉDIA,True
03/08/2026,06:28:06,2026,AC,01392,RIO BRANCO,1,466,2550,ESCOLA PROF. SEBASTIÃO PEDROSA (ARENA DA FLORESTA),"TRAVESSA COMARA, 101",COMARA,69900000,-9.9978116,-67.8056687,ATIVO,ATIVO,Com acessibilidade,219,219,219,01392|1|466,01392|1|2550,URBANA OU NÃO IDENTIFICADA COMO RURAL,False,Ausência de marcador rural nos campos públicos,MÉDIA,True
03/08/2026,06:28:06,2026,AC,01392,RIO BRANCO,1,519,2550,ESCOLA PROF. SEBASTIÃO PEDROSA (ARENA DA FLORESTA),"TRAVESSA COMARA, 101",COMARA,69900000,-9.9978116,-67.8056687,ATIVO,ATIVO,Com acessibilidade,227,227,227,01392|1|519,01392|1|2550,URBANA OU NÃO IDENTIFICADA COMO RURAL,False,Ausência de marcador rural nos campos públicos,MÉDIA,True
03/08/2026,06:28:06,2026,AC,01392,RIO BRANCO,1,543,2550,ESCOLA PROF. SEBASTIÃO PEDROSA (ARENA DA FLORESTA),"TRAVESSA COMARA, 101",COMARA,69900000,-9.9978116,-67.8056687,ATIVO,ATIVO,Com acessibilidade,226,226,226,01392|1|543,01392|1|2550,URBANA OU NÃO IDENTIFICADA COMO RURAL,False,Ausência de marcador rural nos campos públicos,MÉDIA,True
03/08/2026,06:28:06,2026,AC,01392,RIO BRANCO,1,558,2550,ESCOLA PROF. SEBASTIÃO PEDROSA (ARENA DA FLORESTA),"TRAVESSA COMARA, 101",COMARA,69900000,-9.9978116,-67.8056687,ATIVO,ATIVO,Com acessibilidade,226,226,226,01392|1|558,01392|1|2550,URBANA OU NÃO IDENTIFICADA COMO RURAL,False,Ausência de marcador rural nos campos públicos,MÉDIA,True
03/08/2026,06:28:06,2026,AC,01392,RIO BRANCO,1,97,2569,ESCOLA MARIA ANGÉLICA DE CASTRO,"RUA 24 DE JANEIRO, 125",CENTRO,69905596,-9.9795681,-67.8069783,ATIVO,ATIVO,Com acessibilidade,218,218,218,01392|1|97,01392|1|2569,URBANA OU NÃO IDENTIFICADA COMO RURAL,False,Ausência de marcador rural nos campos públicos,MÉDIA,True
03/08/2026,06:28:06,2026,AC,01392,RIO BRANCO,1,98,2569,ESCOLA MARIA ANGÉLICA DE CASTRO,"RUA 24 DE JANEIRO, 125",CENTRO,69905596,-9.9795681,-67.8069783,ATIVO,ATIVO,Com acessibilidade,219,219,219,01392|1|98,01392|1|2569,URBANA OU NÃO IDENTIFICADA COMO RURAL,False,Ausência de marcador rural nos campos públicos,MÉDIA,True
03/08/2026,06:28:06,2026,AC,01392,RIO BRANCO,1,99,2569,ESCOLA MARIA ANGÉLICA DE CASTRO,"RUA 24 DE JANEIRO, 125",CENTRO,69905596,-9.9795681,-67.8069783,ATIVO,ATIVO,Com acessibilidade,218,218,218,01392|1|99,01392|1|2569,URBANA OU NÃO IDENTIFICADA COMO RURAL,False,Ausência de marcador rural nos campos públicos,MÉDIA,True
03/08/2026,06:28:06,2026,AC,01392,RIO BRANCO,1,422,2569,ESCOLA MARIA ANGÉLICA DE CASTRO,"RUA 24 DE JANEIRO, 125",CENTRO,69905596,-9.9795681,-67.8069783,ATIVO,ATIVO,Com acessibilidade,228,228,228,01392|1|422,01392|1|2569,URBANA OU NÃO IDENTIFICADA COMO RURAL,False,Ausência de marcador rural nos campos públicos,MÉDIA,True
03/08/2026,06:28:06,2026,AC,01392,RIO BRANCO,1,454,2569,ESCOLA MARIA ANGÉLICA DE CASTRO,"RUA 24 DE JANEIRO, 125",CENTRO,69905596,-9.9795681,-67.8069783,ATIVO,ATIVO,Com acessibilidade,211,211,211,01392|1|454,01392|1|2569,URBANA OU NÃO IDENTIFICADA COMO RURAL,False,Ausência de marcador rural nos campos públicos,MÉDIA,True
03/08/2026,06:28:06,2026,AC,01392,RIO BRANCO,1,482,2569,ESCOLA MARIA ANGÉLICA DE CASTRO,"RUA 24 DE JANEIRO, 125",CENTRO,69905596,-9.9795681,-67.8069783,ATIVO,ATIVO,Com acessibilidade,215,215,215,01392|1|482,01392|1|2569,URBANA OU NÃO IDENTIFICADA COMO RURAL,False,Ausência de marcador rural nos campos públicos,MÉDIA,True
03/08/2026,06:28:06,2026,AC,01392,RIO BRANCO,1,556,2569,ESCOLA MARIA ANGÉLICA DE CASTRO,"RUA 24 DE JANEIRO, 125",CENTRO,69905596,-9.9795681,-67.8069783,ATIVO,ATIVO,Com acessibilidade,217,217,217,01392|1|556,01392|1|2569,URBANA OU NÃO IDENTIFICADA COMO RURAL,False,Ausência de marcador rural nos campos públicos,MÉDIA,True
03/08/2026,06:28:06,2026,AC,01392,RIO BRANCO,1,434,2577,ESCOLA JOSE CHALUB LEITE,"RUA EDMUNDO PINTO, 861",AREAL,69900000,-10.0027685,-67.8008759,ATIVO,ATIVO,Com acessibilidade,270,270,270,01392|1|434,01392|1|2577,URBANA OU NÃO IDENTIFICADA COMO RURAL,False,Ausência de marcador rural nos campos públicos,MÉDIA,True
03/08/2026,06:28:06,2026,AC,01392,RIO BRANCO,1,449,2577,ESCOLA JOSE CHALUB LEITE,"RUA EDMUNDO PINTO, 861",AREAL,69900000,-10.0027685,-67.8008759,ATIVO,ATIVO,Com acessibilidade,266,266,266,01392|1|449,01392|1|2577,URBANA OU NÃO IDENTIFICADA COMO RURAL,False,Ausência de marcador rural nos campos públicos,MÉDIA,True
03/08/2026,06:28:06,2026,AC,01392,RIO BRANCO,1,465,2577,ESCOLA JOSE CHALUB LEITE,"RUA EDMUNDO PINTO, 861",AREAL,69900000,-10.0027685,-67.8008759,ATIVO,ATIVO,Com acessibilidade,264,264,264,01392|1|465,01392|1|2577,URBANA OU NÃO IDENTIFICADA COMO RURAL,False,Ausência de marcador rural nos campos públicos,MÉDIA,True
03/08/2026,06:28:06,2026,AC,01392,RIO BRANCO,1,825,2577,ESCOLA JOSE CHALUB LEITE,"RUA EDMUNDO PINTO, 861",AREAL,69900000,-10.0027685,-67.8008759,ATIVO,ATIVO,Com acessibilidade,263,263,263,01392|1|825,01392|1|2577,URBANA OU NÃO IDENTIFICADA COMO RURAL,False,Ausência de marcador rural nos campos públicos,MÉDIA,True
03/08/2026,06:28:06,2026,AC,01392,RIO BRANCO,1,435,2585,DEPARTAMENTO NACIONAL DE INFRAESTRUTURA E TRANSPORTE - DNIT,"BR 364, 4.274, LOTEAMENTO SANTA HELENA",BAIRRO DA CORRENTE,69908768,-10.0119909,-67.7955158,ATIVO,ATIVO,Com acessibilidade,269,269,269,01392|1|435,01392|1|2585,URBANA OU NÃO IDENTIFICADA COMO RURAL,False,Ausência de marcador rural nos campos públicos,MÉDIA,True
03/08/2026,06:28:06,2026,AC,01392,RIO BRANCO,1,451,2585,DEPARTAMENTO NACIONAL DE INFRAESTRUTURA E TRANSPORTE - DNIT,"BR 364, 4.274, LOTEAMENTO SANTA HELENA",BAIRRO DA CORRENTE,69908768,-10.0119909,-67.7955158,ATIVO,ATIVO,Com acessibilidade,277,277,277,01392|1|451,01392|1|2585,URBANA OU NÃO IDENTIFICADA COMO RURAL,False,Ausência de marcador rural nos campos públicos,MÉDIA,True
03/08/2026,06:28:06,2026,AC,01392,RIO BRANCO,1,492,2585,DEPARTAMENTO NACIONAL DE INFRAESTRUTURA E TRANSPORTE - DNIT,"BR 364, 4.274, LOTEAMENTO SANTA HELENA",BAIRRO DA CORRENTE,69908768,-10.0119909,-67.7955158,ATIVO,ATIVO,Com acessibilidade,277,277,277,01392|1|492,01392|1|2585,URBANA OU NÃO IDENTIFICADA COMO RURAL,False,Ausência de marcador rural nos campos públicos,MÉDIA,True
03/08/2026,06:28:06,2026,AC,01392,RIO BRANCO,1,327,2615,SECRETARIA DE ESTADO DE COMUNICAÇÃO - SECOM,"RUA FRANCO RIBEIRO, 51",CENTRO,69900000,-9.973865,-67.8107522,ATIVO,ATIVO,Com acessibilidade,202,202,202,01392|1|327,01392|1|2615,URBANA OU NÃO IDENTIFICADA COMO RURAL,False,Ausência de marcador rural nos campos públicos,MÉDIA,True
03/08/2026,06:28:06,2026,AC,01392,RIO BRANCO,1,456,2666,ESCOLA SANTO ANTONIO II,"BR 364, KM 08 - RAM.  BELO JARDIM, KM 07, VILA BELO JARDIM",ZONA RURAL,69900050,-9.9673168,-67.7311486,ATIVO,ATIVO,Com acessibilidade,327,327,327,01392|1|456,01392|1|2666,RURAL IDENTIFICADA,True,Termo RURAL no bairro ou no nome do local no arquivo do TSE,ALTA,True
03/08/2026,06:28:06,2026,AC,01392,RIO BRANCO,1,481,2666,ESCOLA SANTO ANTONIO II,"BR 364, KM 08 - RAM.  BELO JARDIM, KM 07, VILA BELO JARDIM",ZONA RURAL,69900050,-9.9673168,-67.7311486,ATIVO,ATIVO,Com acessibilidade,330,330,330,01392|1|481,01392|1|2666,RURAL IDENTIFICADA,True,Termo RURAL no bairro ou no nome do local no arquivo do TSE,ALTA,True
03/08/2026,06:28:06,2026,AC,01392,RIO BRANCO,1,557,2666,ESCOLA SANTO ANTONIO II,"BR 364, KM 08 - RAM.  BELO JARDIM, KM 07, VILA BELO JARDIM",ZONA RURAL,69900050,-9.9673168,-67.7311486,ATIVO,ATIVO,Com acessibilidade,327,327,327,01392|1|557,01392|1|2666,RURAL IDENTIFICADA,True,Termo RURAL no bairro ou no nome do local no arquivo do TSE,ALTA,True
03/08/2026,06:28:06,2026,AC,01392,RIO BRANCO,1,459,2674,ESCOLA BENFICA,"ROD AC 40, KM 08, RAMAL BENFICA",VILA ACRE,69909800,-10.0468981,-67.7910701,ATIVO,ATIVO,Com acessibilidade,322,322,322,01392|1|459,01392|1|2674,REVISAR CLASSIFICAÇÃO,False,"Indício territorial no nome, bairro ou endereço; requer conferência",BAIXA,True
03/08/2026,06:28:06,2026,AC,01392,RIO BRANCO,1,468,2674,ESCOLA BENFICA,"ROD AC 40, KM 08, RAMAL BENFICA",VILA ACRE,69909800,-10.0468981,-67.7910701,ATIVO,ATIVO,Com acessibilidade,332,332,332,01392|1|468,01392|1|2674,REVISAR CLASSIFICAÇÃO,False,"Indício territorial no nome, bairro ou endereço; requer conferência",BAIXA,True
03/08/2026,06:28:06,2026,AC,01392,RIO BRANCO,1,484,2674,ESCOLA BENFICA,"ROD AC 40, KM 08, RAMAL BENFICA",VILA ACRE,69909800,-10.0468981,-67.7910701,ATIVO,ATIVO,Com acessibilidade,329,329,329,01392|1|484,01392|1|2674,REVISAR CLASSIFICAÇÃO,False,"Indício territorial no nome, bairro ou endereço; requer conferência",BAIXA,True
03/08/2026,06:28:06,2026,AC,01392,RIO BRANCO,1,836,2674,ESCOLA BENFICA,"ROD AC 40, KM 08, RAMAL BENFICA",VILA ACRE,69909800,-10.0468981,-67.7910701,ATIVO,ATIVO,Com acessibilidade,121,0,0,01392|1|836,01392|1|2674,REVISAR CLASSIFICAÇÃO,False,"Indício territorial no nome, bairro ou endereço; requer conferência",BAIXA,True
03/08/2026,06:28:06,2026,AC,01392,RIO BRANCO,1,862,2674,ESCOLA BENFICA,"ROD AC 40, KM 08, RAMAL BENFICA",VILA ACRE,69909800,-10.0468981,-67.7910701,ATIVO,ATIVO,Sem acessibilidade,119,240,240,01392|1|862,01392|1|2674,REVISAR CLASSIFICAÇÃO,False,"Indício territorial no nome, bairro ou endereço; requer conferência",BAIXA,True
03/08/2026,06:28:06,2026,AC,01392,RIO BRANCO,1,464,2690,SEST/SENAT,"ROD. AC 40, KM 05, N. 2000",VILA ACRE,69900000,-10.0277545,-67.7991818,ATIVO,ATIVO,Com acessibilidade,319,319,319,01392|1|464,01392|1|2690,URBANA OU NÃO IDENTIFICADA COMO RURAL,False,Ausência de marcador rural nos campos públicos,MÉDIA,True
03/08/2026,06:28:06,2026,AC,01392,RIO BRANCO,1,476,2690,SEST/SENAT,"ROD. AC 40, KM 05, N. 2000",VILA ACRE,69900000,-10.0277545,-67.7991818,ATIVO,ATIVO,Com acessibilidade,326,326,326,01392|1|476,01392|1|2690,URBANA OU NÃO IDENTIFICADA COMO RURAL,False,Ausência de marcador rural nos campos públicos,MÉDIA,True
03/08/2026,06:28:06,2026,AC,01392,RIO BRANCO,1,491,2690,SEST/SENAT,"ROD. AC 40, KM 05, N. 2000",VILA ACRE,69900000,-10.0277545,-67.7991818,ATIVO,ATIVO,Com acessibilidade,318,318,318,01392|1|491,01392|1|2690,URBANA OU NÃO IDENTIFICADA COMO RURAL,False,Ausência de marcador rural nos campos públicos,MÉDIA,True
03/08/2026,06:28:06,2026,AC,01392,RIO BRANCO,1,506,2690,SEST/SENAT,"ROD. AC 40, KM 05, N. 2000",VILA ACRE,69900000,-10.0277545,-67.7991818,ATIVO,ATIVO,Com acessibilidade,324,324,324,01392|1|506,01392|1|2690,URBANA OU NÃO IDENTIFICADA COMO RURAL,False,Ausência de marcador rural nos campos públicos,MÉDIA,True
03/08/2026,06:28:06,2026,AC,01392,RIO BRANCO,1,827,2690,SEST/SENAT,"ROD. AC 40, KM 05, N. 2000",VILA ACRE,69900000,-10.0277545,-67.7991818,ATIVO,ATIVO,Com acessibilidade,328,328,328,01392|1|827,01392|1|2690,URBANA OU NÃO IDENTIFICADA COMO RURAL,False,Ausência de marcador rural nos campos públicos,MÉDIA,True
03/08/2026,06:28:06,2026,AC,01392,RIO BRANCO,1,473,2712,ESCOLA PROFESSOR JOSUÉ FERNANDES,"RUA COELHO, RECANTO DOS BURITIS",RECANTO DOS BURITIS,69900000,-10.0028443,-67.7931509,ATIVO,ATIVO,Com acessibilidade,282,282,282,01392|1|473,01392|1|2712,URBANA OU NÃO IDENTIFICADA COMO RURAL,False,Ausência de marcador rural nos campos públicos,MÉDIA,True
03/08/2026,06:28:06,2026,AC,01392,RIO BRANCO,1,499,2712,ESCOLA PROFESSOR JOSUÉ FERNANDES,"RUA COELHO, RECANTO DOS BURITIS",RECANTO DOS BURITIS,69900000,-10.0028443,-67.7931509,ATIVO,ATIVO,Com acessibilidade,287,287,287,01392|1|499,01392|1|2712,URBANA OU NÃO IDENTIFICADA COMO RURAL,False,Ausência de marcador rural nos campos públicos,MÉDIA,True
03/08/2026,06:28:06,2026,AC,01392,RIO BRANCO,1,509,2712,ESCOLA PROFESSOR JOSUÉ FERNANDES,"RUA COELHO, RECANTO DOS BURITIS",RECANTO DOS BURITIS,69900000,-10.0028443,-67.7931509,ATIVO,ATIVO,Com acessibilidade,281,281,281,01392|1|509,01392|1|2712,URBANA OU NÃO IDENTIFICADA COMO RURAL,False,Ausência de marcador rural nos campos públicos,MÉDIA,True
03/08/2026,06:28:06,2026,AC,01392,RIO BRANCO,1,555,2712,ESCOLA PROFESSOR JOSUÉ FERNANDES,"RUA COELHO, RECANTO DOS BURITIS",RECANTO DOS BURITIS,69900000,-10.0028443,-67.7931509,ATIVO,ATIVO,Com acessibilidade,276,276,276,01392|1|555,01392|1|2712,URBANA OU NÃO IDENTIFICADA COMO RURAL,False,Ausência de marcador rural nos campos públicos,MÉDIA,True
03/08/2026,06:28:06,2026,AC,01392,RIO BRANCO,1,810,2712,ESCOLA PROFESSOR JOSUÉ FERNANDES,"RUA COELHO, RECANTO DOS BURITIS",RECANTO DOS BURITIS,69900000,-10.0028443,-67.7931509,ATIVO,ATIVO,Com acessibilidade,271,271,271,01392|1|810,01392|1|2712,URBANA OU NÃO IDENTIFICADA COMO RURAL,False,Ausência de marcador rural nos campos públicos,MÉDIA,True
03/08/2026,06:28:06,2026,AC,01392,RIO BRANCO,1,463,2720,ESCOLA DUQUE DE CAXIAS,"BR, 364, KM 04",BELO JARDIM II,69900000,-10.0118461,-67.7744809,ATIVO,ATIVO,Com acessibilidade,325,325,325,01392|1|463,01392|1|2720,URBANA OU NÃO IDENTIFICADA COMO RURAL,False,Ausência de marcador rural nos campos públicos,MÉDIA,True
03/08/2026,06:28:06,2026,AC,01392,RIO BRANCO,1,469,2720,ESCOLA DUQUE DE CAXIAS,"BR, 364, KM 04",BELO JARDIM II,69900000,-10.0118461,-67.7744809,ATIVO,ATIVO,Com acessibilidade,317,317,317,01392|1|469,01392|1|2720,URBANA OU NÃO IDENTIFICADA COMO RURAL,False,Ausência de marcador rural nos campos públicos,MÉDIA,True
03/08/2026,06:28:06,2026,AC,01392,RIO BRANCO,1,472,2720,ESCOLA DUQUE DE CAXIAS,"BR, 364, KM 04",BELO JARDIM II,69900000,-10.0118461,-67.7744809,ATIVO,ATIVO,Com acessibilidade,324,324,324,01392|1|472,01392|1|2720,URBANA OU NÃO IDENTIFICADA COMO RURAL,False,Ausência de marcador rural nos campos públicos,MÉDIA,True
03/08/2026,06:28:06,2026,AC,01392,RIO BRANCO,1,505,2720,ESCOLA DUQUE DE CAXIAS,"BR, 364, KM 04",BELO JARDIM II,69900000,-10.0118461,-67.7744809,ATIVO,ATIVO,Com acessibilidade,319,319,319,01392|1|505,01392|1|2720,URBANA OU NÃO IDENTIFICADA COMO RURAL,False,Ausência de marcador rural nos campos públicos,MÉDIA,True
03/08/2026,06:28:06,2026,AC,01392,RIO BRANCO,1,487,2763,ESCOLA DR. JOSÉ CARVALHO,"RODOVIA AC 40 KM 09, RAMAL DA PALHEIRA, KM 1",VILA ACRE,69900000,-10.0627157,-67.7802353,ATIVO,ATIVO,Com acessibilidade,287,287,287,01392|1|487,01392|1|2763,REVISAR CLASSIFICAÇÃO,False,"Indício territorial no nome, bairro ou endereço; requer conferência",BAIXA,True
03/08/2026,06:28:06,2026,AC,01392,RIO BRANCO,1,517,2763,ESCOLA DR. JOSÉ CARVALHO,"RODOVIA AC 40 KM 09, RAMAL DA PALHEIRA, KM 1",VILA ACRE,69900000,-10.0627157,-67.7802353,ATIVO,ATIVO,Com acessibilidade,280,280,280,01392|1|517,01392|1|2763,REVISAR CLASSIFICAÇÃO,False,"Indício territorial no nome, bairro ou endereço; requer conferência",BAIXA,True
03/08/2026,06:28:06,2026,AC,01392,RIO BRANCO,1,551,2763,ESCOLA DR. JOSÉ CARVALHO,"RODOVIA AC 40 KM 09, RAMAL DA PALHEIRA, KM 1",VILA ACRE,69900000,-10.0627157,-67.7802353,ATIVO,ATIVO,Com acessibilidade,284,284,284,01392|1|551,01392|1|2763,REVISAR CLASSIFICAÇÃO,False,"Indício territorial no nome, bairro ou endereço; requer conferência",BAIXA,True
03/08/2026,06:28:06,2026,AC,01392,RIO BRANCO,1,489,2771,ESCOLA RURAL SÃO PEDRO I,"ESTRADA DO AMAPÁ, RAMAL DA PIÇAREIRA, KM 14 - SERINGAL BENFICA",ZONA RURAL,69900000,-10.0887627,-67.8204514,ATIVO,ATIVO,Com acessibilidade,257,257,257,01392|1|489,01392|1|2771,RURAL IDENTIFICADA,True,Termo RURAL no bairro ou no nome do local no arquivo do TSE,ALTA,True
03/08/2026,06:28:06,2026,AC,01392,RIO BRANCO,1,544,2771,ESCOLA RURAL SÃO PEDRO I,"ESTRADA DO AMAPÁ, RAMAL DA PIÇAREIRA, KM 14 - SERINGAL BENFICA",ZONA RURAL,69900000,-10.0887627,-67.8204514,ATIVO,ATIVO,Com acessibilidade,245,245,245,01392|1|544,01392|1|2771,RURAL IDENTIFICADA,True,Termo RURAL no bairro ou no nome do local no arquivo do TSE,ALTA,True
03/08/2026,06:28:06,2026,AC,01392,RIO BRANCO,1,856,2771,ESCOLA RURAL SÃO PEDRO I,"ESTRADA DO AMAPÁ, RAMAL DA PIÇAREIRA, KM 14 - SERINGAL BENFICA",ZONA RURAL,69900000,-10.0887627,-67.8204514,ATIVO,ATIVO,Sem acessibilidade,196,196,196,01392|1|856,01392|1|2771,RURAL IDENTIFICADA,True,Termo RURAL no bairro ou no nome do local no arquivo do TSE,ALTA,True
03/08/2026,06:28:06,2026,AC,01392,RIO BRANCO,1,488,2780,ESCOLA MAURICILA SANTANA,"PROJETO DE ASSENTAMENTO BENFICA, RAMAL DA GARAPEIRA, KM 03",VILA BENFICA,69900050,-10.0690439,-67.8001699,ATIVO,ATIVO,Com acessibilidade,281,362,362,01392|1|488,01392|1|2780,REVISAR CLASSIFICAÇÃO,False,"Indício territorial no nome, bairro ou endereço; requer conferência",BAIXA,True
03/08/2026,06:28:06,2026,AC,01392,RIO BRANCO,1,547,2780,ESCOLA MAURICILA SANTANA,"PROJETO DE ASSENTAMENTO BENFICA, RAMAL DA GARAPEIRA, KM 03",VILA BENFICA,69900050,-10.0690439,-67.8001699,ATIVO,ATIVO,Com acessibilidade,282,282,282,01392|1|547,01392|1|2780,REVISAR CLASSIFICAÇÃO,False,"Indício territorial no nome, bairro ou endereço; requer conferência",BAIXA,True
03/08/2026,06:28:06,2026,AC,01392,RIO BRANCO,1,818,2780,ESCOLA MAURICILA SANTANA,"PROJETO DE ASSENTAMENTO BENFICA, RAMAL DA GARAPEIRA, KM 03",VILA BENFICA,69900050,-10.0690439,-67.8001699,ATIVO,ATIVO,Com acessibilidade,288,288,288,01392|1|818,01392|1|2780,REVISAR CLASSIFICAÇÃO,False,"Indício territorial no nome, bairro ou endereço; requer conferência",BAIXA,True
03/08/2026,06:28:06,2026,AC,01392,RIO BRANCO,1,865,2780,ESCOLA MAURICILA SANTANA,"PROJETO DE ASSENTAMENTO BENFICA, RAMAL DA GARAPEIRA, KM 03",VILA BENFICA,69900050,-10.0690439,-67.8001699,ATIVO,ATIVO,Sem acessibilidade,81,0,0,01392|1|865,01392|1|2780,REVISAR CLASSIFICAÇÃO,False,"Indício territorial no nome, bairro ou endereço; requer conferência",BAIXA,True
03/08/2026,06:28:06,2026,AC,01392,RIO BRANCO,1,486,2798,ESCOLA BELO JARDIM,"BR 364, KM 02, S/N RAMAL DA ZEZÉ",BELO JARDIM I,69900000,-10.0089831,-67.7755628,ATIVO,ATIVO,Com acessibilidade,286,286,286,01392|1|486,01392|1|2798,REVISAR CLASSIFICAÇÃO,False,"Indício territorial no nome, bairro ou endereço; requer conferência",BAIXA,True
03/08/2026,06:28:06,2026,AC,01392,RIO BRANCO,1,513,2798,ESCOLA BELO JARDIM,"BR 364, KM 02, S/N RAMAL DA ZEZÉ",BELO JARDIM I,69900000,-10.0089831,-67.7755628,ATIVO,ATIVO,Com acessibilidade,289,289,289,01392|1|513,01392|1|2798,REVISAR CLASSIFICAÇÃO,False,"Indício territorial no nome, bairro ou endereço; requer conferência",BAIXA,True
03/08/2026,06:28:06,2026,AC,01392,RIO BRANCO,1,549,2798,ESCOLA BELO JARDIM,"BR 364, KM 02, S/N RAMAL DA ZEZÉ",BELO JARDIM I,69900000,-10.0089831,-67.7755628,ATIVO,ATIVO,Com acessibilidade,296,296,296,01392|1|549,01392|1|2798,REVISAR CLASSIFICAÇÃO,False,"Indício territorial no nome, bairro ou endereço; requer conferência",BAIXA,True
03/08/2026,06:28:06,2026,AC,01392,RIO BRANCO,1,490,2801,ESCOLA SANTA MARIA II,"ROD AC 40, KM 10 - RAMAL DA CASTANHEIRA, KM 1",SANTA MARIA,69900000,-10.0486791,-67.7713291,ATIVO,ATIVO,Com acessibilidade,345,345,345,01392|1|490,01392|1|2801,REVISAR CLASSIFICAÇÃO,False,"Indício territorial no nome, bairro ou endereço; requer conferência",BAIXA,True
03/08/2026,06:28:06,2026,AC,01392,RIO BRANCO,1,510,2801,ESCOLA SANTA MARIA II,"ROD AC 40, KM 10 - RAMAL DA CASTANHEIRA, KM 1",SANTA MARIA,69900000,-10.0486791,-67.7713291,ATIVO,ATIVO,Com acessibilidade,345,345,345,01392|1|510,01392|1|2801,REVISAR CLASSIFICAÇÃO,False,"Indício territorial no nome, bairro ou endereço; requer conferência",BAIXA,True
03/08/2026,06:28:06,2026,AC,01392,RIO BRANCO,1,562,2801,ESCOLA SANTA MARIA II,"ROD AC 40, KM 10 - RAMAL DA CASTANHEIRA, KM 1",SANTA MARIA,69900000,-10.0486791,-67.7713291,ATIVO,ATIVO,Com acessibilidade,340,340,340,01392|1|562,01392|1|2801,REVISAR CLASSIFICAÇÃO,False,"Indício territorial no nome, bairro ou endereço; requer conferência",BAIXA,True
03/08/2026,06:28:06,2026,AC,01392,RIO BRANCO,1,497,2810,IDAF - VILA ACRE,"RODOVIA AC 40, KM 5, N. 1.054",VILA ACRE,69908640,-10.0228568,-67.7989488,ATIVO,ATIVO,Com acessibilidade,277,277,277,01392|1|497,01392|1|2810,URBANA OU NÃO IDENTIFICADA COMO RURAL,False,Ausência de marcador rural nos campos públicos,MÉDIA,True
03/08/2026,06:28:06,2026,AC,01392,RIO BRANCO,1,512,2810,IDAF - VILA ACRE,"RODOVIA AC 40, KM 5, N. 1.054",VILA ACRE,69908640,-10.0228568,-67.7989488,ATIVO,ATIVO,Com acessibilidade,279,279,279,01392|1|512,01392|1|2810,URBANA OU NÃO IDENTIFICADA COMO RURAL,False,Ausência de marcador rural nos campos públicos,MÉDIA,True
03/08/2026,06:28:06,2026,AC,01392,RIO BRANCO,1,553,2810,IDAF - VILA ACRE,"RODOVIA AC 40, KM 5, N. 1.054",VILA ACRE,69908640,-10.0228568,-67.7989488,ATIVO,ATIVO,Com acessibilidade,279,279,279,01392|1|553,01392|1|2810,URBANA OU NÃO IDENTIFICADA COMO RURAL,False,Ausência de marcador rural nos campos públicos,MÉDIA,True
03/08/2026,06:28:06,2026,AC,01392,RIO BRANCO,1,796,2810,IDAF - VILA ACRE,"RODOVIA AC 40, KM 5, N. 1.054",VILA ACRE,69908640,-10.0228568,-67.7989488,ATIVO,ATIVO,Com acessibilidade,280,280,280,01392|1|796,01392|1|2810,URBANA OU NÃO IDENTIFICADA COMO RURAL,False,Ausência de marcador rural nos campos públicos,MÉDIA,True
03/08/2026,06:28:06,2026,AC,01392,RIO BRANCO,1,147,2828,ACREPREVIDÊNCIA,"RUA AMAZONAS, 135",CERÂMICA,69900000,-9.9727462,-67.8025616,ATIVO,ATIVO,Com acessibilidade,246,246,246,01392|1|147,01392|1|2828,URBANA OU NÃO IDENTIFICADA COMO RURAL,False,Ausência de marcador rural nos campos públicos,MÉDIA,True
03/08/2026,06:28:06,2026,AC,01392,RIO BRANCO,1,148,2828,ACREPREVIDÊNCIA,"RUA AMAZONAS, 135",CERÂMICA,69900000,-9.9727462,-67.8025616,ATIVO,ATIVO,Com acessibilidade,249,249,249,01392|1|148,01392|1|2828,URBANA OU NÃO IDENTIFICADA COMO RURAL,False,Ausência de marcador rural nos campos públicos,MÉDIA,True
03/08/2026,06:28:06,2026,AC,01392,RIO BRANCO,1,496,2828,ACREPREVIDÊNCIA,"RUA AMAZONAS, 135",CERÂMICA,69900000,-9.9727462,-67.8025616,ATIVO,ATIVO,Com acessibilidade,249,249,249,01392|1|496,01392|1|2828,URBANA OU NÃO IDENTIFICADA COMO RURAL,False,Ausência de marcador rural nos campos públicos,MÉDIA,True
03/08/2026,06:28:06,2026,AC,01392,RIO BRANCO,1,495,2836,IFAC - REITORIA,"VIA CHICO MENDES, 3084",COMARA,69906310,-10.0057206,-67.8055155,ATIVO,ATIVO,Com acessibilidade,289,289,289,01392|1|495,01392|1|2836,URBANA OU NÃO IDENTIFICADA COMO RURAL,False,Ausência de marcador rural nos campos públicos,MÉDIA,True
03/08/2026,06:28:06,2026,AC,01392,RIO BRANCO,1,507,2836,IFAC - REITORIA,"VIA CHICO MENDES, 3084",COMARA,69906310,-10.0057206,-67.8055155,ATIVO,ATIVO,Com acessibilidade,273,273,273,01392|1|507,01392|1|2836,URBANA OU NÃO IDENTIFICADA COMO RURAL,False,Ausência de marcador rural nos campos públicos,MÉDIA,True
03/08/2026,06:28:06,2026,AC,01392,RIO BRANCO,1,498,2844,ESCOLA RURAL BEIJA-FLOR,"RAMAL DA ZEZÉ, 75,",BELO JARDIM II,69918340,-10.0016907,-67.7716626,ATIVO,ATIVO,Com acessibilidade,332,332,332,01392|1|498,01392|1|2844,RURAL IDENTIFICADA,True,Termo RURAL no bairro ou no nome do local no arquivo do TSE,ALTA,True
03/08/2026,06:28:06,2026,AC,01392,RIO BRANCO,1,794,2844,ESCOLA RURAL BEIJA-FLOR,"RAMAL DA ZEZÉ, 75,",BELO JARDIM II,69918340,-10.0016907,-67.7716626,ATIVO,ATIVO,Com acessibilidade,329,329,329,01392|1|794,01392|1|2844,RURAL IDENTIFICADA,True,Termo RURAL no bairro ou no nome do local no arquivo do TSE,ALTA,True
03/08/2026,06:28:06,2026,AC,01392,RIO BRANCO,1,502,2852,ESCOLA RURAL RUY AZEVEDO,"ESTRADA DO AMAPÁ, KM 5, RAMAL DO GURGEL",ZONA RURAL,69900000,-10.0401008,-67.8329596,ATIVO,ATIVO,Com acessibilidade,254,254,254,01392|1|502,01392|1|2852,RURAL IDENTIFICADA,True,Termo RURAL no bairro ou no nome do local no arquivo do TSE,ALTA,True
03/08/2026,06:28:06,2026,AC,01392,RIO BRANCO,1,793,2852,ESCOLA RURAL RUY AZEVEDO,"ESTRADA DO AMAPÁ, KM 5, RAMAL DO GURGEL",ZONA RURAL,69900000,-10.0401008,-67.8329596,ATIVO,ATIVO,Com acessibilidade,255,255,255,01392|1|793,01392|1|2852,RURAL IDENTIFICADA,True,Termo RURAL no bairro ou no nome do local no arquivo do TSE,ALTA,True
03/08/2026,06:28:06,2026,AC,01392,RIO BRANCO,1,504,2860,ESCOLA DJANIRA BEZERRA DOS REIS,"AVENIDA PRAIA DO AMAPÁ, S/N",TAQUARI,69900000,-10.0088453,-67.8301873,ATIVO,ATIVO,Com acessibilidade,159,159,159,01392|1|504,01392|1|2860,URBANA OU NÃO IDENTIFICADA COMO RURAL,False,Ausência de marcador rural nos campos públicos,MÉDIA,True
03/08/2026,06:28:06,2026,AC,01392,RIO BRANCO,1,539,2860,ESCOLA DJANIRA BEZERRA DOS REIS,"AVENIDA PRAIA DO AMAPÁ, S/N",TAQUARI,69900000,-10.0088453,-67.8301873,ATIVO,ATIVO,Com acessibilidade,133,263,263,01392|1|539,01392|1|2860,URBANA OU NÃO IDENTIFICADA COMO RURAL,False,Ausência de marcador rural nos campos públicos,MÉDIA,True
03/08/2026,06:28:06,2026,AC,01392,RIO BRANCO,1,817,2860,ESCOLA DJANIRA BEZERRA DOS REIS,"AVENIDA PRAIA DO AMAPÁ, S/N",TAQUARI,69900000,-10.0088453,-67.8301873,ATIVO,ATIVO,Com acessibilidade,130,0,0,01392|1|817,01392|1|2860,URBANA OU NÃO IDENTIFICADA COMO RURAL,False,Ausência de marcador rural nos campos públicos,MÉDIA,True
03/08/2026,06:28:06,2026,AC,01392,RIO BRANCO,1,518,2895,ESCOLA PROF RAIMUNDA SILVA PARÁ,"BR 364, KM 5, AVENIDA 1, SETOR 03",CIDADE DO POVO,69900000,-10.0253183,-67.7532717,ATIVO,ATIVO,Com acessibilidade,317,317,317,01392|1|518,01392|1|2895,URBANA OU NÃO IDENTIFICADA COMO RURAL,False,Ausência de marcador rural nos campos públicos,MÉDIA,True
03/08/2026,06:28:06,2026,AC,01392,RIO BRANCO,1,545,2895,ESCOLA PROF RAIMUNDA SILVA PARÁ,"BR 364, KM 5, AVENIDA 1, SETOR 03",CIDADE DO POVO,69900000,-10.0253183,-67.7532717,ATIVO,ATIVO,Com acessibilidade,324,324,324,01392|1|545,01392|1|2895,URBANA OU NÃO IDENTIFICADA COMO RURAL,False,Ausência de marcador rural nos campos públicos,MÉDIA,True
03/08/2026,06:28:06,2026,AC,01392,RIO BRANCO,1,546,2895,ESCOLA PROF RAIMUNDA SILVA PARÁ,"BR 364, KM 5, AVENIDA 1, SETOR 03",CIDADE DO POVO,69900000,-10.0253183,-67.7532717,ATIVO,ATIVO,Com acessibilidade,320,320,320,01392|1|546,01392|1|2895,URBANA OU NÃO IDENTIFICADA COMO RURAL,False,Ausência de marcador rural nos campos públicos,MÉDIA,True
03/08/2026,06:28:06,2026,AC,01392,RIO BRANCO,1,789,2895,ESCOLA PROF RAIMUNDA SILVA PARÁ,"BR 364, KM 5, AVENIDA 1, SETOR 03",CIDADE DO POVO,69900000,-10.0253183,-67.7532717,ATIVO,ATIVO,Com acessibilidade,332,332,332,01392|1|789,01392|1|2895,URBANA OU NÃO IDENTIFICADA COMO RURAL,False,Ausência de marcador rural nos campos públicos,MÉDIA,True
03/08/2026,06:28:06,2026,AC,01392,RIO BRANCO,1,798,2895,ESCOLA PROF RAIMUNDA SILVA PARÁ,"BR 364, KM 5, AVENIDA 1, SETOR 03",CIDADE DO POVO,69900000,-10.0253183,-67.7532717,ATIVO,ATIVO,Com acessibilidade,321,321,321,01392|1|798,01392|1|2895,URBANA OU NÃO IDENTIFICADA COMO RURAL,False,Ausência de marcador rural nos campos públicos,MÉDIA,True
03/08/2026,06:28:06,2026,AC,01392,RIO BRANCO,1,863,2895,ESCOLA PROF RAIMUNDA SILVA PARÁ,"BR 364, KM 5, AVENIDA 1, SETOR 03",CIDADE DO POVO,69900000,-10.0253183,-67.7532717,ATIVO,ATIVO,Sem acessibilidade,256,256,256,01392|1|863,01392|1|2895,URBANA OU NÃO IDENTIFICADA COMO RURAL,False,Ausência de marcador rural nos campos públicos,MÉDIA,True
03/08/2026,06:28:06,2026,AC,01392,RIO BRANCO,1,520,2909,CONTROLADORIA GERAL DA UNIÃO - CGU,VIA CHICO MENDES N. 2896,TRIÂNGULO NOVO,69906302,-10.004288,-67.8074429,ATIVO,ATIVO,Com acessibilidade,179,354,354,01392|1|520,01392|1|2909,URBANA OU NÃO IDENTIFICADA COMO RURAL,False,Ausência de marcador rural nos campos públicos,MÉDIA,True
03/08/2026,06:28:06,2026,AC,01392,RIO BRANCO,1,550,2909,CONTROLADORIA GERAL DA UNIÃO - CGU,VIA CHICO MENDES N. 2896,TRIÂNGULO NOVO,69906302,-10.004288,-67.8074429,ATIVO,ATIVO,Com acessibilidade,175,0,0,01392|1|550,01392|1|2909,URBANA OU NÃO IDENTIFICADA COMO RURAL,False,Ausência de marcador rural nos campos públicos,MÉDIA,True
03/08/2026,06:28:06,2026,AC,01392,RIO BRANCO,1,521,2917,ESCOLA MARIA IZALIZ CORREIA TEIXEIRA,TRAVESSA PELEGRINO S/N LOT RECANTO DOS BURITIS,SANTA INÊS,69907554,-10.0002117,-67.7950493,ATIVO,ATIVO,Com acessibilidade,121,245,245,01392|1|521,01392|1|2917,URBANA OU NÃO IDENTIFICADA COMO RURAL,False,Ausência de marcador rural nos campos públicos,MÉDIA,True
03/08/2026,06:28:06,2026,AC,01392,RIO BRANCO,1,522,2917,ESCOLA MARIA IZALIZ CORREIA TEIXEIRA,TRAVESSA PELEGRINO S/N LOT RECANTO DOS BURITIS,SANTA INÊS,69907554,-10.0002117,-67.7950493,ATIVO,ATIVO,Com acessibilidade,124,0,0,01392|1|522,01392|1|2917,URBANA OU NÃO IDENTIFICADA COMO RURAL,False,Ausência de marcador rural nos campos públicos,MÉDIA,True
03/08/2026,06:28:06,2026,AC,01392,RIO BRANCO,1,537,2917,ESCOLA MARIA IZALIZ CORREIA TEIXEIRA,TRAVESSA PELEGRINO S/N LOT RECANTO DOS BURITIS,SANTA INÊS,69907554,-10.0002117,-67.7950493,ATIVO,ATIVO,Com acessibilidade,146,146,146,01392|1|537,01392|1|2917,URBANA OU NÃO IDENTIFICADA COMO RURAL,False,Ausência de marcador rural nos campos públicos,MÉDIA,True
03/08/2026,06:28:06,2026,AC,01392,RIO BRANCO,1,524,2933,ESCOLA MUNICIPAL CHICO MENDES,"RUA ROMILDO MAGALHÃES, 468",SANTA INÊS,69907731,-10.0107817,-67.7980598,ATIVO,ATIVO,Com acessibilidade,238,238,238,01392|1|524,01392|1|2933,URBANA OU NÃO IDENTIFICADA COMO RURAL,False,Ausência de marcador rural nos campos públicos,MÉDIA,True
03/08/2026,06:28:06,2026,AC,01392,RIO BRANCO,1,791,2933,ESCOLA MUNICIPAL CHICO MENDES,"RUA ROMILDO MAGALHÃES, 468",SANTA INÊS,69907731,-10.0107817,-67.7980598,ATIVO,ATIVO,Com acessibilidade,249,249,249,01392|1|791,01392|1|2933,URBANA OU NÃO IDENTIFICADA COMO RURAL,False,Ausência de marcador rural nos campos públicos,MÉDIA,True
03/08/2026,06:28:06,2026,AC,01392,RIO BRANCO,1,839,2933,ESCOLA MUNICIPAL CHICO MENDES,"RUA ROMILDO MAGALHÃES, 468",SANTA INÊS,69907731,-10.0107817,-67.7980598,ATIVO,ATIVO,Sem acessibilidade,245,245,245,01392|1|839,01392|1|2933,URBANA OU NÃO IDENTIFICADA COMO RURAL,False,Ausência de marcador rural nos campos públicos,MÉDIA,True
03/08/2026,06:28:06,2026,AC,01392,RIO BRANCO,1,450,2950,UNIDADE DE SAÚDE MARIA DE JESUS DE ANDRADE,RUA BAGUARI N 2383,TAQUARI,69906426,-10.0081221,-67.8257273,ATIVO,ATIVO,Com acessibilidade,258,258,258,01392|1|450,01392|1|2950,URBANA OU NÃO IDENTIFICADA COMO RURAL,False,Ausência de marcador rural nos campos públicos,MÉDIA,True
03/08/2026,06:28:06,2026,AC,01392,RIO BRANCO,1,523,2950,UNIDADE DE SAÚDE MARIA DE JESUS DE ANDRADE,RUA BAGUARI N 2383,TAQUARI,69906426,-10.0081221,-67.8257273,ATIVO,ATIVO,Com acessibilidade,241,241,241,01392|1|523,01392|1|2950,URBANA OU NÃO IDENTIFICADA COMO RURAL,False,Ausência de marcador rural nos campos públicos,MÉDIA,True
03/08/2026,06:28:06,2026,AC,01392,RIO BRANCO,1,530,2968,ESCOLA CARMELITA BARBOSA MONTENEGRO,TRAVESSA SERINGUEIRA N. 271,VILA ACRE,69909736,-10.0361547,-67.8001102,ATIVO,ATIVO,Com acessibilidade,238,238,238,01392|1|530,01392|1|2968,URBANA OU NÃO IDENTIFICADA COMO RURAL,False,Ausência de marcador rural nos campos públicos,MÉDIA,True
03/08/2026,06:28:06,2026,AC,01392,RIO BRANCO,1,795,2968,ESCOLA CARMELITA BARBOSA MONTENEGRO,TRAVESSA SERINGUEIRA N. 271,VILA ACRE,69909736,-10.0361547,-67.8001102,ATIVO,ATIVO,Com acessibilidade,232,232,232,01392|1|795,01392|1|2968,URBANA OU NÃO IDENTIFICADA COMO RURAL,False,Ausência de marcador rural nos campos públicos,MÉDIA,True
03/08/2026,06:28:06,2026,AC,01392,RIO BRANCO,1,852,2968,ESCOLA CARMELITA BARBOSA MONTENEGRO,TRAVESSA SERINGUEIRA N. 271,VILA ACRE,69909736,-10.0361547,-67.8001102,ATIVO,ATIVO,Sem acessibilidade,226,226,226,01392|1|852,01392|1|2968,URBANA OU NÃO IDENTIFICADA COMO RURAL,False,Ausência de marcador rural nos campos públicos,MÉDIA,True
03/08/2026,06:28:06,2026,AC,01392,RIO BRANCO,1,525,2984,ESCOLA DE EDUCAÇÃO INFANTIL WILLY VIANA DAS NEVES,RUA SERTANEJA N. 1777,CIDADE NOVA,69905446,-9.9819126,-67.8173117,ATIVO,ATIVO,Com acessibilidade,121,244,244,01392|1|525,01392|1|2984,URBANA OU NÃO IDENTIFICADA COMO RURAL,False,Ausência de marcador rural nos campos públicos,MÉDIA,True
03/08/2026,06:28:06,2026,AC,01392,RIO BRANCO,1,528,2984,ESCOLA DE EDUCAÇÃO INFANTIL WILLY VIANA DAS NEVES,RUA SERTANEJA N. 1777,CIDADE NOVA,69905446,-9.9819126,-67.8173117,ATIVO,ATIVO,Com acessibilidade,123,0,0,01392|1|528,01392|1|2984,URBANA OU NÃO IDENTIFICADA COMO RURAL,False,Ausência de marcador rural nos campos públicos,MÉDIA,True
03/08/2026,06:28:06,2026,AC,01392,RIO BRANCO,1,529,2984,ESCOLA DE EDUCAÇÃO INFANTIL WILLY VIANA DAS NEVES,RUA SERTANEJA N. 1777,CIDADE NOVA,69905446,-9.9819126,-67.8173117,ATIVO,ATIVO,Com acessibilidade,139,139,139,01392|1|529,01392|1|2984,URBANA OU NÃO IDENTIFICADA COMO RURAL,False,Ausência de marcador rural nos campos públicos,MÉDIA,True
03/08/2026,06:28:06,2026,AC,01392,RIO BRANCO,1,541,2984,ESCOLA DE EDUCAÇÃO INFANTIL WILLY VIANA DAS NEVES,RUA SERTANEJA N. 1777,CIDADE NOVA,69905446,-9.9819126,-67.8173117,ATIVO,ATIVO,Com acessibilidade,241,241,241,01392|1|541,01392|1|2984,URBANA OU NÃO IDENTIFICADA COMO RURAL,False,Ausência de marcador rural nos campos públicos,MÉDIA,True
03/08/2026,06:28:06,2026,AC,01392,RIO BRANCO,1,526,3026,UNIDADE BÁSICA DE SAÚDE MARIA DA CONCEIÇÃO,"RUA PRIMAVERA N. 36, BELO JARDIM I",BELO JARDIM I,69907854,-10.0081649,-67.7841663,ATIVO,ATIVO,Com acessibilidade,307,307,307,01392|1|526,01392|1|3026,URBANA OU NÃO IDENTIFICADA COMO RURAL,False,Ausência de marcador rural nos campos públicos,MÉDIA,True
03/08/2026,06:28:06,2026,AC,01392,RIO BRANCO,1,809,3026,UNIDADE BÁSICA DE SAÚDE MARIA DA CONCEIÇÃO,"RUA PRIMAVERA N. 36, BELO JARDIM I",BELO JARDIM I,69907854,-10.0081649,-67.7841663,ATIVO,ATIVO,Com acessibilidade,307,307,307,01392|1|809,01392|1|3026,URBANA OU NÃO IDENTIFICADA COMO RURAL,False,Ausência de marcador rural nos campos públicos,MÉDIA,True
03/08/2026,06:28:06,2026,AC,01392,RIO BRANCO,1,531,3034,"MINISTÉRIO DA AGRICULTURA, PECUÁRIA E ABASTECIMENTO - MAPA","RODOVIA AC 40, N. 793, CORRENTE",CORRENTE,69908732,-10.0193464,-67.7975659,ATIVO,ATIVO,Com acessibilidade,261,261,261,01392|1|531,01392|1|3034,URBANA OU NÃO IDENTIFICADA COMO RURAL,False,Ausência de marcador rural nos campos públicos,MÉDIA,True
03/08/2026,06:28:06,2026,AC,01392,RIO BRANCO,1,564,3034,"MINISTÉRIO DA AGRICULTURA, PECUÁRIA E ABASTECIMENTO - MAPA","RODOVIA AC 40, N. 793, CORRENTE",CORRENTE,69908732,-10.0193464,-67.7975659,ATIVO,ATIVO,Com acessibilidade,260,260,260,01392|1|564,01392|1|3034,URBANA OU NÃO IDENTIFICADA COMO RURAL,False,Ausência de marcador rural nos campos públicos,MÉDIA,True
03/08/2026,06:28:06,2026,AC,01392,RIO BRANCO,1,808,3034,"MINISTÉRIO DA AGRICULTURA, PECUÁRIA E ABASTECIMENTO - MAPA","RODOVIA AC 40, N. 793, CORRENTE",CORRENTE,69908732,-10.0193464,-67.7975659,ATIVO,ATIVO,Com acessibilidade,263,263,263,01392|1|808,01392|1|3034,URBANA OU NÃO IDENTIFICADA COMO RURAL,False,Ausência de marcador rural nos campos públicos,MÉDIA,True
03/08/2026,06:28:06,2026,AC,01392,RIO BRANCO,1,535,3050,COLEGIO BATISTA BETEL,"AV DURVAL CAMILO, 1723, ANTIGO RAMAL DO JUDIA",CANAÃ,69905718,-9.9933587,-67.7952146,ATIVO,ATIVO,Com acessibilidade,153,304,304,01392|1|535,01392|1|3050,REVISAR CLASSIFICAÇÃO,False,"Indício territorial no nome, bairro ou endereço; requer conferência",BAIXA,True
03/08/2026,06:28:06,2026,AC,01392,RIO BRANCO,1,538,3050,COLEGIO BATISTA BETEL,"AV DURVAL CAMILO, 1723, ANTIGO RAMAL DO JUDIA",CANAÃ,69905718,-9.9933587,-67.7952146,ATIVO,ATIVO,Com acessibilidade,156,156,156,01392|1|538,01392|1|3050,REVISAR CLASSIFICAÇÃO,False,"Indício territorial no nome, bairro ou endereço; requer conferência",BAIXA,True
03/08/2026,06:28:06,2026,AC,01392,RIO BRANCO,1,540,3050,COLEGIO BATISTA BETEL,"AV DURVAL CAMILO, 1723, ANTIGO RAMAL DO JUDIA",CANAÃ,69905718,-9.9933587,-67.7952146,ATIVO,ATIVO,Com acessibilidade,151,0,0,01392|1|540,01392|1|3050,REVISAR CLASSIFICAÇÃO,False,"Indício territorial no nome, bairro ou endereço; requer conferência",BAIXA,True
03/08/2026,06:28:06,2026,AC,01392,RIO BRANCO,1,527,3093,ESCOLA MANOEL MACHADO,"BR 364, KM 03, RAMAL SÃO JOSÉ, BELO JARDIM",BELO JARDIM I,69905718,-9.9813962,-67.7913016,ATIVO,ATIVO,Com acessibilidade,264,264,264,01392|1|527,01392|1|3093,REVISAR CLASSIFICAÇÃO,False,"Indício territorial no nome, bairro ou endereço; requer conferência",BAIXA,True
03/08/2026,06:28:06,2026,AC,01392,RIO BRANCO,1,816,3093,ESCOLA MANOEL MACHADO,"BR 364, KM 03, RAMAL SÃO JOSÉ, BELO JARDIM",BELO JARDIM I,69905718,-9.9813962,-67.7913016,ATIVO,ATIVO,Com acessibilidade,260,260,260,01392|1|816,01392|1|3093,REVISAR CLASSIFICAÇÃO,False,"Indício territorial no nome, bairro ou endereço; requer conferência",BAIXA,True
03/08/2026,06:28:06,2026,AC,01392,RIO BRANCO,1,855,3093,ESCOLA MANOEL MACHADO,"BR 364, KM 03, RAMAL SÃO JOSÉ, BELO JARDIM",BELO JARDIM I,69905718,-9.9813962,-67.7913016,ATIVO,ATIVO,Sem acessibilidade,256,256,256,01392|1|855,01392|1|3093,REVISAR CLASSIFICAÇÃO,False,"Indício territorial no nome, bairro ou endereço; requer conferência",BAIXA,True
03/08/2026,06:28:06,2026,AC,01392,RIO BRANCO,1,542,3115,ESCOLA TUFIC ASSMAR,"RODOVIA AC 40 KM 13, RAMAL ITUCUMÃ KM 01",SANTA MARIA,69900000,-10.0631815,-67.7440907,ATIVO,ATIVO,Com acessibilidade,189,189,189,01392|1|542,01392|1|3115,REVISAR CLASSIFICAÇÃO,False,"Indício territorial no nome, bairro ou endereço; requer conferência",BAIXA,True
03/08/2026,06:28:06,2026,AC,01392,RIO BRANCO,1,837,3115,ESCOLA TUFIC ASSMAR,"RODOVIA AC 40 KM 13, RAMAL ITUCUMÃ KM 01",SANTA MARIA,69900000,-10.0631815,-67.7440907,ATIVO,ATIVO,Sem acessibilidade,177,177,177,01392|1|837,01392|1|3115,REVISAR CLASSIFICAÇÃO,False,"Indício territorial no nome, bairro ou endereço; requer conferência",BAIXA,True
03/08/2026,06:28:06,2026,AC,01392,RIO BRANCO,1,457,3174,ESCOLA CLARISSE FECURY,"RUA DA SANACRE, 1292",SANTA INÊS,69900000,-10.009127,-67.7987722,ATIVO,ATIVO,Com acessibilidade,298,298,298,01392|1|457,01392|1|3174,URBANA OU NÃO IDENTIFICADA COMO RURAL,False,Ausência de marcador rural nos campos públicos,MÉDIA,True
03/08/2026,06:28:06,2026,AC,01392,RIO BRANCO,1,462,3174,ESCOLA CLARISSE FECURY,"RUA DA SANACRE, 1292",SANTA INÊS,69900000,-10.009127,-67.7987722,ATIVO,ATIVO,Com acessibilidade,301,301,301,01392|1|462,01392|1|3174,URBANA OU NÃO IDENTIFICADA COMO RURAL,False,Ausência de marcador rural nos campos públicos,MÉDIA,True
03/08/2026,06:28:06,2026,AC,01392,RIO BRANCO,1,474,3174,ESCOLA CLARISSE FECURY,"RUA DA SANACRE, 1292",SANTA INÊS,69900000,-10.009127,-67.7987722,ATIVO,ATIVO,Com acessibilidade,302,302,302,01392|1|474,01392|1|3174,URBANA OU NÃO IDENTIFICADA COMO RURAL,False,Ausência de marcador rural nos campos públicos,MÉDIA,True
03/08/2026,06:28:06,2026,AC,01392,RIO BRANCO,1,503,3174,ESCOLA CLARISSE FECURY,"RUA DA SANACRE, 1292",SANTA INÊS,69900000,-10.009127,-67.7987722,ATIVO,ATIVO,Com acessibilidade,308,308,308,01392|1|503,01392|1|3174,URBANA OU NÃO IDENTIFICADA COMO RURAL,False,Ausência de marcador rural nos campos públicos,MÉDIA,True
03/08/2026,06:28:06,2026,AC,01392,RIO BRANCO,1,565,3247,ESCOLA MUNICIPAL MONTE CASTELO,"ESTRADA APOLONIO SALES,KM.4, RESID.SANTA CRUZ",APOLÔNIO SALES,69900000,-9.9258146,-67.8123512,ATIVO,ATIVO,Com acessibilidade,228,228,228,01392|1|565,01392|1|3247,URBANA OU NÃO IDENTIFICADA COMO RURAL,False,Ausência de marcador rural nos campos públicos,MÉDIA,True
03/08/2026,06:28:06,2026,AC,01392,RIO BRANCO,1,566,3247,ESCOLA MUNICIPAL MONTE CASTELO,"ESTRADA APOLONIO SALES,KM.4, RESID.SANTA CRUZ",APOLÔNIO SALES,69900000,-9.9258146,-67.8123512,ATIVO,ATIVO,Com acessibilidade,261,261,261,01392|1|566,01392|1|3247,URBANA OU NÃO IDENTIFICADA COMO RURAL,False,Ausência de marcador rural nos campos públicos,MÉDIA,True
03/08/2026,06:28:06,2026,AC,01392,RIO BRANCO,1,567,3247,ESCOLA MUNICIPAL MONTE CASTELO,"ESTRADA APOLONIO SALES,KM.4, RESID.SANTA CRUZ",APOLÔNIO SALES,69900000,-9.9258146,-67.8123512,ATIVO,ATIVO,Com acessibilidade,290,290,290,01392|1|567,01392|1|3247,URBANA OU NÃO IDENTIFICADA COMO RURAL,False,Ausência de marcador rural nos campos públicos,MÉDIA,True
03/08/2026,06:28:06,2026,AC,01392,RIO BRANCO,1,568,3247,ESCOLA MUNICIPAL MONTE CASTELO,"ESTRADA APOLONIO SALES,KM.4, RESID.SANTA CRUZ",APOLÔNIO SALES,69900000,-9.9258146,-67.8123512,ATIVO,ATIVO,Com acessibilidade,289,289,289,01392|1|568,01392|1|3247,URBANA OU NÃO IDENTIFICADA COMO RURAL,False,Ausência de marcador rural nos campos públicos,MÉDIA,True
03/08/2026,06:28:06,2026,AC,01392,RIO BRANCO,1,805,3247,ESCOLA MUNICIPAL MONTE CASTELO,"ESTRADA APOLONIO SALES,KM.4, RESID.SANTA CRUZ",APOLÔNIO SALES,69900000,-9.9258146,-67.8123512,ATIVO,ATIVO,Com acessibilidade,286,286,286,01392|1|805,01392|1|3247,URBANA OU NÃO IDENTIFICADA COMO RURAL,False,Ausência de marcador rural nos campos públicos,MÉDIA,True
03/08/2026,06:28:06,2026,AC,01392,RIO BRANCO,1,569,3255,ESCOLA CASTELO BRANCO,"ESTRADA DO AVIARIO, 233",AVIÁRIO,69900000,-9.9675467,-67.8033367,ATIVO,ATIVO,Com acessibilidade,331,331,331,01392|1|569,01392|1|3255,URBANA OU NÃO IDENTIFICADA COMO RURAL,False,Ausência de marcador rural nos campos públicos,MÉDIA,True
03/08/2026,06:28:06,2026,AC,01392,RIO BRANCO,1,570,3255,ESCOLA CASTELO BRANCO,"ESTRADA DO AVIARIO, 233",AVIÁRIO,69900000,-9.9675467,-67.8033367,ATIVO,ATIVO,Com acessibilidade,328,328,328,01392|1|570,01392|1|3255,URBANA OU NÃO IDENTIFICADA COMO RURAL,False,Ausência de marcador rural nos campos públicos,MÉDIA,True
03/08/2026,06:28:06,2026,AC,01392,RIO BRANCO,1,571,3255,ESCOLA CASTELO BRANCO,"ESTRADA DO AVIARIO, 233",AVIÁRIO,69900000,-9.9675467,-67.8033367,ATIVO,ATIVO,Com acessibilidade,334,334,334,01392|1|571,01392|1|3255,URBANA OU NÃO IDENTIFICADA COMO RURAL,False,Ausência de marcador rural nos campos públicos,MÉDIA,True
03/08/2026,06:28:06,2026,AC,01392,RIO BRANCO,1,572,3255,ESCOLA CASTELO BRANCO,"ESTRADA DO AVIARIO, 233",AVIÁRIO,69900000,-9.9675467,-67.8033367,ATIVO,ATIVO,Com acessibilidade,320,320,320,01392|1|572,01392|1|3255,URBANA OU NÃO IDENTIFICADA COMO RURAL,False,Ausência de marcador rural nos campos públicos,MÉDIA,True
03/08/2026,06:28:06,2026,AC,01392,RIO BRANCO,1,573,3263,URAP RONEY MEIRELES,"RUA GAVIÃO, 2-96 - CONJUNTO ADALBERTO SENA",VILA IVONETE,69921198,-9.9336412,-67.8260065,ATIVO,ATIVO,Com acessibilidade,343,343,343,01392|1|573,01392|1|3263,URBANA OU NÃO IDENTIFICADA COMO RURAL,False,Ausência de marcador rural nos campos públicos,MÉDIA,True
03/08/2026,06:28:06,2026,AC,01392,RIO BRANCO,1,574,3263,URAP RONEY MEIRELES,"RUA GAVIÃO, 2-96 - CONJUNTO ADALBERTO SENA",VILA IVONETE,69921198,-9.9336412,-67.8260065,ATIVO,ATIVO,Com acessibilidade,338,338,338,01392|1|574,01392|1|3263,URBANA OU NÃO IDENTIFICADA COMO RURAL,False,Ausência de marcador rural nos campos públicos,MÉDIA,True
03/08/2026,06:28:06,2026,AC,01392,RIO BRANCO,1,632,3280,INCRA - INSTITUTO NACIONAL DE COLONIZAÇÃO E REFORMA AGRÁRIA,"ESTRADA DO SAO FRANCISCO, 135",AVIÁRIO,0,-9.9658556,-67.802421,ATIVO,ATIVO,Com acessibilidade,303,303,303,01392|1|632,01392|1|3280,URBANA OU NÃO IDENTIFICADA COMO RURAL,False,Ausência de marcador rural nos campos públicos,MÉDIA,True
03/08/2026,06:28:06,2026,AC,01392,RIO BRANCO,1,633,3280,INCRA - INSTITUTO NACIONAL DE COLONIZAÇÃO E REFORMA AGRÁRIA,"ESTRADA DO SAO FRANCISCO, 135",AVIÁRIO,0,-9.9658556,-67.802421,ATIVO,ATIVO,Com acessibilidade,309,309,309,01392|1|633,01392|1|3280,URBANA OU NÃO IDENTIFICADA COMO RURAL,False,Ausência de marcador rural nos campos públicos,MÉDIA,True
03/08/2026,06:28:06,2026,AC,01392,RIO BRANCO,1,634,3280,INCRA - INSTITUTO NACIONAL DE COLONIZAÇÃO E REFORMA AGRÁRIA,"ESTRADA DO SAO FRANCISCO, 135",AVIÁRIO,0,-9.9658556,-67.802421,ATIVO,ATIVO,Com acessibilidade,304,304,304,01392|1|634,01392|1|3280,URBANA OU NÃO IDENTIFICADA COMO RURAL,False,Ausência de marcador rural nos campos públicos,MÉDIA,True
03/08/2026,06:28:06,2026,AC,01392,RIO BRANCO,1,635,3280,INCRA - INSTITUTO NACIONAL DE COLONIZAÇÃO E REFORMA AGRÁRIA,"ESTRADA DO SAO FRANCISCO, 135",AVIÁRIO,0,-9.9658556,-67.802421,ATIVO,ATIVO,Com acessibilidade,306,306,306,01392|1|635,01392|1|3280,URBANA OU NÃO IDENTIFICADA COMO RURAL,False,Ausência de marcador rural nos campos públicos,MÉDIA,True
03/08/2026,06:28:06,2026,AC,01392,RIO BRANCO,1,636,3280,INCRA - INSTITUTO NACIONAL DE COLONIZAÇÃO E REFORMA AGRÁRIA,"ESTRADA DO SAO FRANCISCO, 135",AVIÁRIO,0,-9.9658556,-67.802421,ATIVO,ATIVO,Com acessibilidade,311,311,311,01392|1|636,01392|1|3280,URBANA OU NÃO IDENTIFICADA COMO RURAL,False,Ausência de marcador rural nos campos públicos,MÉDIA,True
03/08/2026,06:28:06,2026,AC,01392,RIO BRANCO,1,637,3298,ESCOLA NEUTEL MAIA,AVENIDA NACOES UNIDAS 1209,BOSQUE,0,-9.9666916,-67.8175362,ATIVO,ATIVO,Com acessibilidade,338,338,338,01392|1|637,01392|1|3298,URBANA OU NÃO IDENTIFICADA COMO RURAL,False,Ausência de marcador rural nos campos públicos,MÉDIA,True
03/08/2026,06:28:06,2026,AC,01392,RIO BRANCO,1,638,3298,ESCOLA NEUTEL MAIA,AVENIDA NACOES UNIDAS 1209,BOSQUE,0,-9.9666916,-67.8175362,ATIVO,ATIVO,Com acessibilidade,339,339,339,01392|1|638,01392|1|3298,URBANA OU NÃO IDENTIFICADA COMO RURAL,False,Ausência de marcador rural nos campos públicos,MÉDIA,True
03/08/2026,06:28:06,2026,AC,01392,RIO BRANCO,1,639,3298,ESCOLA NEUTEL MAIA,AVENIDA NACOES UNIDAS 1209,BOSQUE,0,-9.9666916,-67.8175362,ATIVO,ATIVO,Com acessibilidade,338,338,338,01392|1|639,01392|1|3298,URBANA OU NÃO IDENTIFICADA COMO RURAL,False,Ausência de marcador rural nos campos públicos,MÉDIA,True
03/08/2026,06:28:06,2026,AC,01392,RIO BRANCO,1,640,3298,ESCOLA NEUTEL MAIA,AVENIDA NACOES UNIDAS 1209,BOSQUE,0,-9.9666916,-67.8175362,ATIVO,ATIVO,Com acessibilidade,339,339,339,01392|1|640,01392|1|3298,URBANA OU NÃO IDENTIFICADA COMO RURAL,False,Ausência de marcador rural nos campos públicos,MÉDIA,True
03/08/2026,06:28:06,2026,AC,01392,RIO BRANCO,1,641,3298,ESCOLA NEUTEL MAIA,AVENIDA NACOES UNIDAS 1209,BOSQUE,0,-9.9666916,-67.8175362,ATIVO,ATIVO,Com acessibilidade,341,341,341,01392|1|641,01392|1|3298,URBANA OU NÃO IDENTIFICADA COMO RURAL,False,Ausência de marcador rural nos campos públicos,MÉDIA,True
03/08/2026,06:28:06,2026,AC,01392,RIO BRANCO,1,642,3301,ESCOLA ESTADUAL PROFESSOR RAIMUNDO BORGES,"RUA FRANCISCO ADEMAR, 188",CHICO MENDES,69900050,-9.9411453,-67.804408,ATIVO,ATIVO,Com acessibilidade,338,338,338,01392|1|642,01392|1|3301,URBANA OU NÃO IDENTIFICADA COMO RURAL,False,Ausência de marcador rural nos campos públicos,MÉDIA,True
03/08/2026,06:28:06,2026,AC,01392,RIO BRANCO,1,643,3301,ESCOLA ESTADUAL PROFESSOR RAIMUNDO BORGES,"RUA FRANCISCO ADEMAR, 188",CHICO MENDES,69900050,-9.9411453,-67.804408,ATIVO,ATIVO,Com acessibilidade,336,336,336,01392|1|643,01392|1|3301,URBANA OU NÃO IDENTIFICADA COMO RURAL,False,Ausência de marcador rural nos campos públicos,MÉDIA,True
03/08/2026,06:28:06,2026,AC,01392,RIO BRANCO,1,644,3301,ESCOLA ESTADUAL PROFESSOR RAIMUNDO BORGES,"RUA FRANCISCO ADEMAR, 188",CHICO MENDES,69900050,-9.9411453,-67.804408,ATIVO,ATIVO,Com acessibilidade,339,339,339,01392|1|644,01392|1|3301,URBANA OU NÃO IDENTIFICADA COMO RURAL,False,Ausência de marcador rural nos campos públicos,MÉDIA,True
03/08/2026,06:28:06,2026,AC,01392,RIO BRANCO,1,645,3310,ESCOLA SAMUEL BARREIRA,"RUA LAPLACE S/N, CONJ. GUIOMARD SANTOS I (COHAB DO BOSQUE)",BOSQUE,0,-9.9593368,-67.8065098,ATIVO,ATIVO,Com acessibilidade,312,312,312,01392|1|645,01392|1|3310,URBANA OU NÃO IDENTIFICADA COMO RURAL,False,Ausência de marcador rural nos campos públicos,MÉDIA,True
03/08/2026,06:28:06,2026,AC,01392,RIO BRANCO,1,646,3310,ESCOLA SAMUEL BARREIRA,"RUA LAPLACE S/N, CONJ. GUIOMARD SANTOS I (COHAB DO BOSQUE)",BOSQUE,0,-9.9593368,-67.8065098,ATIVO,ATIVO,Com acessibilidade,310,310,310,01392|1|646,01392|1|3310,URBANA OU NÃO IDENTIFICADA COMO RURAL,False,Ausência de marcador rural nos campos públicos,MÉDIA,True
03/08/2026,06:28:06,2026,AC,01392,RIO BRANCO,1,647,3310,ESCOLA SAMUEL BARREIRA,"RUA LAPLACE S/N, CONJ. GUIOMARD SANTOS I (COHAB DO BOSQUE)",BOSQUE,0,-9.9593368,-67.8065098,ATIVO,ATIVO,Com acessibilidade,306,306,306,01392|1|647,01392|1|3310,URBANA OU NÃO IDENTIFICADA COMO RURAL,False,Ausência de marcador rural nos campos públicos,MÉDIA,True
03/08/2026,06:28:06,2026,AC,01392,RIO BRANCO,1,648,3310,ESCOLA SAMUEL BARREIRA,"RUA LAPLACE S/N, CONJ. GUIOMARD SANTOS I (COHAB DO BOSQUE)",BOSQUE,0,-9.9593368,-67.8065098,ATIVO,ATIVO,Com acessibilidade,309,309,309,01392|1|648,01392|1|3310,URBANA OU NÃO IDENTIFICADA COMO RURAL,False,Ausência de marcador rural nos campos públicos,MÉDIA,True
03/08/2026,06:28:06,2026,AC,01392,RIO BRANCO,1,705,3310,ESCOLA SAMUEL BARREIRA,"RUA LAPLACE S/N, CONJ. GUIOMARD SANTOS I (COHAB DO BOSQUE)",BOSQUE,0,-9.9593368,-67.8065098,ATIVO,ATIVO,Com acessibilidade,314,314,314,01392|1|705,01392|1|3310,URBANA OU NÃO IDENTIFICADA COMO RURAL,False,Ausência de marcador rural nos campos públicos,MÉDIA,True
03/08/2026,06:28:06,2026,AC,01392,RIO BRANCO,1,649,3328,ESCOLA ESTADUAL RAIMUNDO HERMINIO DE MELO,"RUA PROFESSOR RIBAMAR, 83, Q/10",RAIMUNDO MELO,69921008,-9.9426373,-67.821025,ATIVO,ATIVO,Com acessibilidade,342,342,342,01392|1|649,01392|1|3328,URBANA OU NÃO IDENTIFICADA COMO RURAL,False,Ausência de marcador rural nos campos públicos,MÉDIA,True
03/08/2026,06:28:06,2026,AC,01392,RIO BRANCO,1,650,3328,ESCOLA ESTADUAL RAIMUNDO HERMINIO DE MELO,"RUA PROFESSOR RIBAMAR, 83, Q/10",RAIMUNDO MELO,69921008,-9.9426373,-67.821025,ATIVO,ATIVO,Com acessibilidade,342,342,342,01392|1|650,01392|1|3328,URBANA OU NÃO IDENTIFICADA COMO RURAL,False,Ausência de marcador rural nos campos públicos,MÉDIA,True
03/08/2026,06:28:06,2026,AC,01392,RIO BRANCO,1,651,3328,ESCOLA ESTADUAL RAIMUNDO HERMINIO DE MELO,"RUA PROFESSOR RIBAMAR, 83, Q/10",RAIMUNDO MELO,69921008,-9.9426373,-67.821025,ATIVO,ATIVO,Com acessibilidade,338,338,338,01392|1|651,01392|1|3328,URBANA OU NÃO IDENTIFICADA COMO RURAL,False,Ausência de marcador rural nos campos públicos,MÉDIA,True
03/08/2026,06:28:06,2026,AC,01392,RIO BRANCO,1,652,3328,ESCOLA ESTADUAL RAIMUNDO HERMINIO DE MELO,"RUA PROFESSOR RIBAMAR, 83, Q/10",RAIMUNDO MELO,69921008,-9.9426373,-67.821025,ATIVO,ATIVO,Com acessibilidade,335,335,335,01392|1|652,01392|1|3328,URBANA OU NÃO IDENTIFICADA COMO RURAL,False,Ausência de marcador rural nos campos públicos,MÉDIA,True
03/08/2026,06:28:06,2026,AC,01392,RIO BRANCO,1,653,3328,ESCOLA ESTADUAL RAIMUNDO HERMINIO DE MELO,"RUA PROFESSOR RIBAMAR, 83, Q/10",RAIMUNDO MELO,69921008,-9.9426373,-67.821025,ATIVO,ATIVO,Com acessibilidade,338,338,338,01392|1|653,01392|1|3328,URBANA OU NÃO IDENTIFICADA COMO RURAL,False,Ausência de marcador rural nos campos públicos,MÉDIA,True
03/08/2026,06:28:06,2026,AC,01392,RIO BRANCO,1,654,3336,ESCOLA PIMENTEL GOMES,RUA SANTA INES S/N,SÃO FRANCISCO,69900000,-9.9488268,-67.7949102,ATIVO,ATIVO,Com acessibilidade,333,333,333,01392|1|654,01392|1|3336,URBANA OU NÃO IDENTIFICADA COMO RURAL,False,Ausência de marcador rural nos campos públicos,MÉDIA,True
03/08/2026,06:28:06,2026,AC,01392,RIO BRANCO,1,655,3336,ESCOLA PIMENTEL GOMES,RUA SANTA INES S/N,SÃO FRANCISCO,69900000,-9.9488268,-67.7949102,ATIVO,ATIVO,Com acessibilidade,334,334,334,01392|1|655,01392|1|3336,URBANA OU NÃO IDENTIFICADA COMO RURAL,False,Ausência de marcador rural nos campos públicos,MÉDIA,True
03/08/2026,06:28:06,2026,AC,01392,RIO BRANCO,1,656,3336,ESCOLA PIMENTEL GOMES,RUA SANTA INES S/N,SÃO FRANCISCO,69900000,-9.9488268,-67.7949102,ATIVO,ATIVO,Com acessibilidade,337,337,337,01392|1|656,01392|1|3336,URBANA OU NÃO IDENTIFICADA COMO RURAL,False,Ausência de marcador rural nos campos públicos,MÉDIA,True
03/08/2026,06:28:06,2026,AC,01392,RIO BRANCO,1,788,3336,ESCOLA PIMENTEL GOMES,RUA SANTA INES S/N,SÃO FRANCISCO,69900000,-9.9488268,-67.7949102,ATIVO,ATIVO,Com acessibilidade,337,337,337,01392|1|788,01392|1|3336,URBANA OU NÃO IDENTIFICADA COMO RURAL,False,Ausência de marcador rural nos campos públicos,MÉDIA,True
03/08/2026,06:28:06,2026,AC,01392,RIO BRANCO,1,806,3336,ESCOLA PIMENTEL GOMES,RUA SANTA INES S/N,SÃO FRANCISCO,69900000,-9.9488268,-67.7949102,ATIVO,ATIVO,Com acessibilidade,338,338,338,01392|1|806,01392|1|3336,URBANA OU NÃO IDENTIFICADA COMO RURAL,False,Ausência de marcador rural nos campos públicos,MÉDIA,True
03/08/2026,06:28:06,2026,AC,01392,RIO BRANCO,1,657,3344,ESCOLA PROFESSORA CLÍCIA GADELHA,"RUA DO SÃO FRANCISCO, 1968",SÃO FRANCISCO,69900000,-9.9481284,-67.7949781,ATIVO,ATIVO,Com acessibilidade,336,336,336,01392|1|657,01392|1|3344,URBANA OU NÃO IDENTIFICADA COMO RURAL,False,Ausência de marcador rural nos campos públicos,MÉDIA,True
03/08/2026,06:28:06,2026,AC,01392,RIO BRANCO,1,658,3344,ESCOLA PROFESSORA CLÍCIA GADELHA,"RUA DO SÃO FRANCISCO, 1968",SÃO FRANCISCO,69900000,-9.9481284,-67.7949781,ATIVO,ATIVO,Com acessibilidade,331,331,331,01392|1|658,01392|1|3344,URBANA OU NÃO IDENTIFICADA COMO RURAL,False,Ausência de marcador rural nos campos públicos,MÉDIA,True
03/08/2026,06:28:06,2026,AC,01392,RIO BRANCO,1,659,3344,ESCOLA PROFESSORA CLÍCIA GADELHA,"RUA DO SÃO FRANCISCO, 1968",SÃO FRANCISCO,69900000,-9.9481284,-67.7949781,ATIVO,ATIVO,Com acessibilidade,340,340,340,01392|1|659,01392|1|3344,URBANA OU NÃO IDENTIFICADA COMO RURAL,False,Ausência de marcador rural nos campos públicos,MÉDIA,True
03/08/2026,06:28:06,2026,AC,01392,RIO BRANCO,1,660,3344,ESCOLA PROFESSORA CLÍCIA GADELHA,"RUA DO SÃO FRANCISCO, 1968",SÃO FRANCISCO,69900000,-9.9481284,-67.7949781,ATIVO,ATIVO,Com acessibilidade,341,341,341,01392|1|660,01392|1|3344,URBANA OU NÃO IDENTIFICADA COMO RURAL,False,Ausência de marcador rural nos campos públicos,MÉDIA,True
03/08/2026,06:28:06,2026,AC,01392,RIO BRANCO,1,824,3344,ESCOLA PROFESSORA CLÍCIA GADELHA,"RUA DO SÃO FRANCISCO, 1968",SÃO FRANCISCO,69900000,-9.9481284,-67.7949781,ATIVO,ATIVO,Com acessibilidade,339,339,339,01392|1|824,01392|1|3344,URBANA OU NÃO IDENTIFICADA COMO RURAL,False,Ausência de marcador rural nos campos públicos,MÉDIA,True
03/08/2026,06:28:06,2026,AC,01392,RIO BRANCO,1,661,3352,ESCOLA JORGE FELIX LAVOCAT,"RUA DO ANTURIOS, 753 - TROPICAL I",TROPICAL,0,-9.9587135,-67.7944707,ATIVO,ATIVO,Com acessibilidade,321,321,321,01392|1|661,01392|1|3352,URBANA OU NÃO IDENTIFICADA COMO RURAL,False,Ausência de marcador rural nos campos públicos,MÉDIA,True
03/08/2026,06:28:06,2026,AC,01392,RIO BRANCO,1,662,3352,ESCOLA JORGE FELIX LAVOCAT,"RUA DO ANTURIOS, 753 - TROPICAL I",TROPICAL,0,-9.9587135,-67.7944707,ATIVO,ATIVO,Com acessibilidade,323,323,323,01392|1|662,01392|1|3352,URBANA OU NÃO IDENTIFICADA COMO RURAL,False,Ausência de marcador rural nos campos públicos,MÉDIA,True
03/08/2026,06:28:06,2026,AC,01392,RIO BRANCO,1,663,3352,ESCOLA JORGE FELIX LAVOCAT,"RUA DO ANTURIOS, 753 - TROPICAL I",TROPICAL,0,-9.9587135,-67.7944707,ATIVO,ATIVO,Com acessibilidade,317,317,317,01392|1|663,01392|1|3352,URBANA OU NÃO IDENTIFICADA COMO RURAL,False,Ausência de marcador rural nos campos públicos,MÉDIA,True
03/08/2026,06:28:06,2026,AC,01392,RIO BRANCO,1,664,3352,ESCOLA JORGE FELIX LAVOCAT,"RUA DO ANTURIOS, 753 - TROPICAL I",TROPICAL,0,-9.9587135,-67.7944707,ATIVO,ATIVO,Com acessibilidade,322,322,322,01392|1|664,01392|1|3352,URBANA OU NÃO IDENTIFICADA COMO RURAL,False,Ausência de marcador rural nos campos públicos,MÉDIA,True
03/08/2026,06:28:06,2026,AC,01392,RIO BRANCO,1,665,3360,ESCOLA  MOZART DONIZETE,RUA ANTONIO DA ROCHA VIANA 07,VILA IVONETE,69900000,-9.9504828,-67.824347,ATIVO,ATIVO,Com acessibilidade,327,327,327,01392|1|665,01392|1|3360,URBANA OU NÃO IDENTIFICADA COMO RURAL,False,Ausência de marcador rural nos campos públicos,MÉDIA,True
03/08/2026,06:28:06,2026,AC,01392,RIO BRANCO,1,666,3360,ESCOLA  MOZART DONIZETE,RUA ANTONIO DA ROCHA VIANA 07,VILA IVONETE,69900000,-9.9504828,-67.824347,ATIVO,ATIVO,Com acessibilidade,327,327,327,01392|1|666,01392|1|3360,URBANA OU NÃO IDENTIFICADA COMO RURAL,False,Ausência de marcador rural nos campos públicos,MÉDIA,True
03/08/2026,06:28:06,2026,AC,01392,RIO BRANCO,1,667,3360,ESCOLA  MOZART DONIZETE,RUA ANTONIO DA ROCHA VIANA 07,VILA IVONETE,69900000,-9.9504828,-67.824347,ATIVO,ATIVO,Com acessibilidade,323,323,323,01392|1|667,01392|1|3360,URBANA OU NÃO IDENTIFICADA COMO RURAL,False,Ausência de marcador rural nos campos públicos,MÉDIA,True
03/08/2026,06:28:06,2026,AC,01392,RIO BRANCO,1,668,3360,ESCOLA  MOZART DONIZETE,RUA ANTONIO DA ROCHA VIANA 07,VILA IVONETE,69900000,-9.9504828,-67.824347,ATIVO,ATIVO,Com acessibilidade,324,324,324,01392|1|668,01392|1|3360,URBANA OU NÃO IDENTIFICADA COMO RURAL,False,Ausência de marcador rural nos campos públicos,MÉDIA,True
03/08/2026,06:28:06,2026,AC,01392,RIO BRANCO,1,669,3360,ESCOLA  MOZART DONIZETE,RUA ANTONIO DA ROCHA VIANA 07,VILA IVONETE,69900000,-9.9504828,-67.824347,ATIVO,ATIVO,Com acessibilidade,327,327,327,01392|1|669,01392|1|3360,URBANA OU NÃO IDENTIFICADA COMO RURAL,False,Ausência de marcador rural nos campos públicos,MÉDIA,True
03/08/2026,06:28:06,2026,AC,01392,RIO BRANCO,1,670,3379,ESCOLA BERTA VIEIRA DE ANDRADE,ESTRADA DO SAO FRANCISCO SN,SÃO FRANCISCO,69900000,-9.9523559,-67.7965921,ATIVO,ATIVO,Com acessibilidade,335,335,335,01392|1|670,01392|1|3379,URBANA OU NÃO IDENTIFICADA COMO RURAL,False,Ausência de marcador rural nos campos públicos,MÉDIA,True
03/08/2026,06:28:06,2026,AC,01392,RIO BRANCO,1,671,3379,ESCOLA BERTA VIEIRA DE ANDRADE,ESTRADA DO SAO FRANCISCO SN,SÃO FRANCISCO,69900000,-9.9523559,-67.7965921,ATIVO,ATIVO,Com acessibilidade,334,334,334,01392|1|671,01392|1|3379,URBANA OU NÃO IDENTIFICADA COMO RURAL,False,Ausência de marcador rural nos campos públicos,MÉDIA,True
03/08/2026,06:28:06,2026,AC,01392,RIO BRANCO,1,672,3379,ESCOLA BERTA VIEIRA DE ANDRADE,ESTRADA DO SAO FRANCISCO SN,SÃO FRANCISCO,69900000,-9.9523559,-67.7965921,ATIVO,ATIVO,Com acessibilidade,337,337,337,01392|1|672,01392|1|3379,URBANA OU NÃO IDENTIFICADA COMO RURAL,False,Ausência de marcador rural nos campos públicos,MÉDIA,True
03/08/2026,06:28:06,2026,AC,01392,RIO BRANCO,1,673,3379,ESCOLA BERTA VIEIRA DE ANDRADE,ESTRADA DO SAO FRANCISCO SN,SÃO FRANCISCO,69900000,-9.9523559,-67.7965921,ATIVO,ATIVO,Com acessibilidade,332,332,332,01392|1|673,01392|1|3379,URBANA OU NÃO IDENTIFICADA COMO RURAL,False,Ausência de marcador rural nos campos públicos,MÉDIA,True
03/08/2026,06:28:06,2026,AC,01392,RIO BRANCO,1,674,3379,ESCOLA BERTA VIEIRA DE ANDRADE,ESTRADA DO SAO FRANCISCO SN,SÃO FRANCISCO,69900000,-9.9523559,-67.7965921,ATIVO,ATIVO,Com acessibilidade,330,330,330,01392|1|674,01392|1|3379,URBANA OU NÃO IDENTIFICADA COMO RURAL,False,Ausência de marcador rural nos campos públicos,MÉDIA,True
03/08/2026,06:28:06,2026,AC,01392,RIO BRANCO,1,675,3379,ESCOLA BERTA VIEIRA DE ANDRADE,ESTRADA DO SAO FRANCISCO SN,SÃO FRANCISCO,69900000,-9.9523559,-67.7965921,ATIVO,ATIVO,Com acessibilidade,336,336,336,01392|1|675,01392|1|3379,URBANA OU NÃO IDENTIFICADA COMO RURAL,False,Ausência de marcador rural nos campos públicos,MÉDIA,True
03/08/2026,06:28:06,2026,AC,01392,RIO BRANCO,1,676,3387,IDAF - AVIÁRIO,"ESTRADA DO AVIARIO, 23",AVIÁRIO,69900000,-9.9664576,-67.8031797,ATIVO,ATIVO,Com acessibilidade,230,230,230,01392|1|676,01392|1|3387,URBANA OU NÃO IDENTIFICADA COMO RURAL,False,Ausência de marcador rural nos campos públicos,MÉDIA,True
03/08/2026,06:28:06,2026,AC,01392,RIO BRANCO,1,677,3387,IDAF - AVIÁRIO,"ESTRADA DO AVIARIO, 23",AVIÁRIO,69900000,-9.9664576,-67.8031797,ATIVO,ATIVO,Com acessibilidade,181,181,181,01392|1|677,01392|1|3387,URBANA OU NÃO IDENTIFICADA COMO RURAL,False,Ausência de marcador rural nos campos públicos,MÉDIA,True
03/08/2026,06:28:06,2026,AC,01392,RIO BRANCO,1,678,3387,IDAF - AVIÁRIO,"ESTRADA DO AVIARIO, 23",AVIÁRIO,69900000,-9.9664576,-67.8031797,ATIVO,ATIVO,Com acessibilidade,182,182,182,01392|1|678,01392|1|3387,URBANA OU NÃO IDENTIFICADA COMO RURAL,False,Ausência de marcador rural nos campos públicos,MÉDIA,True
03/08/2026,06:28:06,2026,AC,01392,RIO BRANCO,1,685,3425,ESCOLA LINDAURA MARTINS LEITÃO,"RUA LOURENÇO LOPES, 676",ELDORADO,69900000,-9.9382839,-67.8021315,ATIVO,ATIVO,Com acessibilidade,338,338,338,01392|1|685,01392|1|3425,URBANA OU NÃO IDENTIFICADA COMO RURAL,False,Ausência de marcador rural nos campos públicos,MÉDIA,True
03/08/2026,06:28:06,2026,AC,01392,RIO BRANCO,1,686,3425,ESCOLA LINDAURA MARTINS LEITÃO,"RUA LOURENÇO LOPES, 676",ELDORADO,69900000,-9.9382839,-67.8021315,ATIVO,ATIVO,Com acessibilidade,338,338,338,01392|1|686,01392|1|3425,URBANA OU NÃO IDENTIFICADA COMO RURAL,False,Ausência de marcador rural nos campos públicos,MÉDIA,True
03/08/2026,06:28:06,2026,AC,01392,RIO BRANCO,1,687,3425,ESCOLA LINDAURA MARTINS LEITÃO,"RUA LOURENÇO LOPES, 676",ELDORADO,69900000,-9.9382839,-67.8021315,ATIVO,ATIVO,Com acessibilidade,327,361,361,01392|1|687,01392|1|3425,URBANA OU NÃO IDENTIFICADA COMO RURAL,False,Ausência de marcador rural nos campos públicos,MÉDIA,True
03/08/2026,06:28:06,2026,AC,01392,RIO BRANCO,1,688,3425,ESCOLA LINDAURA MARTINS LEITÃO,"RUA LOURENÇO LOPES, 676",ELDORADO,69900000,-9.9382839,-67.8021315,ATIVO,ATIVO,Com acessibilidade,334,334,334,01392|1|688,01392|1|3425,URBANA OU NÃO IDENTIFICADA COMO RURAL,False,Ausência de marcador rural nos campos públicos,MÉDIA,True
03/08/2026,06:28:06,2026,AC,01392,RIO BRANCO,1,822,3425,ESCOLA LINDAURA MARTINS LEITÃO,"RUA LOURENÇO LOPES, 676",ELDORADO,69900000,-9.9382839,-67.8021315,ATIVO,ATIVO,Com acessibilidade,334,334,334,01392|1|822,01392|1|3425,URBANA OU NÃO IDENTIFICADA COMO RURAL,False,Ausência de marcador rural nos campos públicos,MÉDIA,True
03/08/2026,06:28:06,2026,AC,01392,RIO BRANCO,1,866,3425,ESCOLA LINDAURA MARTINS LEITÃO,"RUA LOURENÇO LOPES, 676",ELDORADO,69900000,-9.9382839,-67.8021315,ATIVO,ATIVO,Sem acessibilidade,34,0,0,01392|1|866,01392|1|3425,URBANA OU NÃO IDENTIFICADA COMO RURAL,False,Ausência de marcador rural nos campos públicos,MÉDIA,True
03/08/2026,06:28:06,2026,AC,01392,RIO BRANCO,1,689,3433,ESCOLA ESTADUAL IZA MELLO,"RUA AIRTON SENA, S/N",SÃO FRANCISCO,69900000,-9.9523303,-67.7975217,ATIVO,ATIVO,Com acessibilidade,338,338,338,01392|1|689,01392|1|3433,URBANA OU NÃO IDENTIFICADA COMO RURAL,False,Ausência de marcador rural nos campos públicos,MÉDIA,True
03/08/2026,06:28:06,2026,AC,01392,RIO BRANCO,1,690,3433,ESCOLA ESTADUAL IZA MELLO,"RUA AIRTON SENA, S/N",SÃO FRANCISCO,69900000,-9.9523303,-67.7975217,ATIVO,ATIVO,Com acessibilidade,339,339,339,01392|1|690,01392|1|3433,URBANA OU NÃO IDENTIFICADA COMO RURAL,False,Ausência de marcador rural nos campos públicos,MÉDIA,True
03/08/2026,06:28:06,2026,AC,01392,RIO BRANCO,1,813,3433,ESCOLA ESTADUAL IZA MELLO,"RUA AIRTON SENA, S/N",SÃO FRANCISCO,69900000,-9.9523303,-67.7975217,ATIVO,ATIVO,Com acessibilidade,340,340,340,01392|1|813,01392|1|3433,URBANA OU NÃO IDENTIFICADA COMO RURAL,False,Ausência de marcador rural nos campos públicos,MÉDIA,True
03/08/2026,06:28:06,2026,AC,01392,RIO BRANCO,1,691,3441,ESCOLA MARIANA DA SILVA OLIVEIRA (ANTIGA NAZARÉ DOURADO),RUA PADRE CARLOS CASAVECHIA - CJ. VANDERLEI DANTAS,PLACAS,69900000,-9.9326913,-67.8210115,ATIVO,ATIVO,Com acessibilidade,322,322,322,01392|1|691,01392|1|3441,URBANA OU NÃO IDENTIFICADA COMO RURAL,False,Ausência de marcador rural nos campos públicos,MÉDIA,True
03/08/2026,06:28:06,2026,AC,01392,RIO BRANCO,1,692,3441,ESCOLA MARIANA DA SILVA OLIVEIRA (ANTIGA NAZARÉ DOURADO),RUA PADRE CARLOS CASAVECHIA - CJ. VANDERLEI DANTAS,PLACAS,69900000,-9.9326913,-67.8210115,ATIVO,ATIVO,Com acessibilidade,317,317,317,01392|1|692,01392|1|3441,URBANA OU NÃO IDENTIFICADA COMO RURAL,False,Ausência de marcador rural nos campos públicos,MÉDIA,True
03/08/2026,06:28:06,2026,AC,01392,RIO BRANCO,1,693,3441,ESCOLA MARIANA DA SILVA OLIVEIRA (ANTIGA NAZARÉ DOURADO),RUA PADRE CARLOS CASAVECHIA - CJ. VANDERLEI DANTAS,PLACAS,69900000,-9.9326913,-67.8210115,ATIVO,ATIVO,Com acessibilidade,318,318,318,01392|1|693,01392|1|3441,URBANA OU NÃO IDENTIFICADA COMO RURAL,False,Ausência de marcador rural nos campos públicos,MÉDIA,True
03/08/2026,06:28:06,2026,AC,01392,RIO BRANCO,1,694,3450,CENTRO DE SAÚDE VILA IVONETE,"AV. ANTÔNIO DA ROCHA VIANA, 2910",VILA IVONETE,69914610,-9.9501503,-67.8243392,ATIVO,ATIVO,Com acessibilidade,344,344,344,01392|1|694,01392|1|3450,URBANA OU NÃO IDENTIFICADA COMO RURAL,False,Ausência de marcador rural nos campos públicos,MÉDIA,True
03/08/2026,06:28:06,2026,AC,01392,RIO BRANCO,1,695,3468,ESCOLA GLÓRIA PEREZ,"AVENIDA BRASIL, 85",XAVIER MAIA,69900000,-9.9390295,-67.813653,ATIVO,ATIVO,Com acessibilidade,338,338,338,01392|1|695,01392|1|3468,URBANA OU NÃO IDENTIFICADA COMO RURAL,False,Ausência de marcador rural nos campos públicos,MÉDIA,True
03/08/2026,06:28:06,2026,AC,01392,RIO BRANCO,1,696,3468,ESCOLA GLÓRIA PEREZ,"AVENIDA BRASIL, 85",XAVIER MAIA,69900000,-9.9390295,-67.813653,ATIVO,ATIVO,Com acessibilidade,341,341,341,01392|1|696,01392|1|3468,URBANA OU NÃO IDENTIFICADA COMO RURAL,False,Ausência de marcador rural nos campos públicos,MÉDIA,True
03/08/2026,06:28:06,2026,AC,01392,RIO BRANCO,1,697,3468,ESCOLA GLÓRIA PEREZ,"AVENIDA BRASIL, 85",XAVIER MAIA,69900000,-9.9390295,-67.813653,ATIVO,ATIVO,Com acessibilidade,342,342,342,01392|1|697,01392|1|3468,URBANA OU NÃO IDENTIFICADA COMO RURAL,False,Ausência de marcador rural nos campos públicos,MÉDIA,True
03/08/2026,06:28:06,2026,AC,01392,RIO BRANCO,1,698,3468,ESCOLA GLÓRIA PEREZ,"AVENIDA BRASIL, 85",XAVIER MAIA,69900000,-9.9390295,-67.813653,ATIVO,ATIVO,Com acessibilidade,341,341,341,01392|1|698,01392|1|3468,URBANA OU NÃO IDENTIFICADA COMO RURAL,False,Ausência de marcador rural nos campos públicos,MÉDIA,True
03/08/2026,06:28:06,2026,AC,01392,RIO BRANCO,1,699,3468,ESCOLA GLÓRIA PEREZ,"AVENIDA BRASIL, 85",XAVIER MAIA,69900000,-9.9390295,-67.813653,ATIVO,ATIVO,Com acessibilidade,340,340,340,01392|1|699,01392|1|3468,URBANA OU NÃO IDENTIFICADA COMO RURAL,False,Ausência de marcador rural nos campos públicos,MÉDIA,True
03/08/2026,06:28:06,2026,AC,01392,RIO BRANCO,1,700,3468,ESCOLA GLÓRIA PEREZ,"AVENIDA BRASIL, 85",XAVIER MAIA,69900000,-9.9390295,-67.813653,ATIVO,ATIVO,Com acessibilidade,338,338,338,01392|1|700,01392|1|3468,URBANA OU NÃO IDENTIFICADA COMO RURAL,False,Ausência de marcador rural nos campos públicos,MÉDIA,True
03/08/2026,06:28:06,2026,AC,01392,RIO BRANCO,1,820,3468,ESCOLA GLÓRIA PEREZ,"AVENIDA BRASIL, 85",XAVIER MAIA,69900000,-9.9390295,-67.813653,ATIVO,ATIVO,Com acessibilidade,344,344,344,01392|1|820,01392|1|3468,URBANA OU NÃO IDENTIFICADA COMO RURAL,False,Ausência de marcador rural nos campos públicos,MÉDIA,True
03/08/2026,06:28:06,2026,AC,01392,RIO BRANCO,1,850,3468,ESCOLA GLÓRIA PEREZ,"AVENIDA BRASIL, 85",XAVIER MAIA,69900000,-9.9390295,-67.813653,ATIVO,ATIVO,Sem acessibilidade,343,343,343,01392|1|850,01392|1|3468,URBANA OU NÃO IDENTIFICADA COMO RURAL,False,Ausência de marcador rural nos campos públicos,MÉDIA,True
03/08/2026,06:28:06,2026,AC,01392,RIO BRANCO,1,701,3476,SECRETARIA DE ESTADO DE ADMINISTRAÇÃO-SEAD (ANTIGA SEPLAG),"RUA DO AVIARIO, 315,",AVIÁRIO,69900000,-9.9667014,-67.8035723,ATIVO,ATIVO,Com acessibilidade,171,171,171,01392|1|701,01392|1|3476,URBANA OU NÃO IDENTIFICADA COMO RURAL,False,Ausência de marcador rural nos campos públicos,MÉDIA,True
03/08/2026,06:28:06,2026,AC,01392,RIO BRANCO,1,702,3476,SECRETARIA DE ESTADO DE ADMINISTRAÇÃO-SEAD (ANTIGA SEPLAG),"RUA DO AVIARIO, 315,",AVIÁRIO,69900000,-9.9667014,-67.8035723,ATIVO,ATIVO,Com acessibilidade,171,339,339,01392|1|702,01392|1|3476,URBANA OU NÃO IDENTIFICADA COMO RURAL,False,Ausência de marcador rural nos campos públicos,MÉDIA,True
03/08/2026,06:28:06,2026,AC,01392,RIO BRANCO,1,703,3476,SECRETARIA DE ESTADO DE ADMINISTRAÇÃO-SEAD (ANTIGA SEPLAG),"RUA DO AVIARIO, 315,",AVIÁRIO,69900000,-9.9667014,-67.8035723,ATIVO,ATIVO,Com acessibilidade,167,272,272,01392|1|703,01392|1|3476,URBANA OU NÃO IDENTIFICADA COMO RURAL,False,Ausência de marcador rural nos campos públicos,MÉDIA,True
03/08/2026,06:28:06,2026,AC,01392,RIO BRANCO,1,704,3476,SECRETARIA DE ESTADO DE ADMINISTRAÇÃO-SEAD (ANTIGA SEPLAG),"RUA DO AVIARIO, 315,",AVIÁRIO,69900000,-9.9667014,-67.8035723,ATIVO,ATIVO,Com acessibilidade,168,0,0,01392|1|704,01392|1|3476,URBANA OU NÃO IDENTIFICADA COMO RURAL,False,Ausência de marcador rural nos campos públicos,MÉDIA,True
03/08/2026,06:28:06,2026,AC,01392,RIO BRANCO,1,742,3476,SECRETARIA DE ESTADO DE ADMINISTRAÇÃO-SEAD (ANTIGA SEPLAG),"RUA DO AVIARIO, 315,",AVIÁRIO,69900000,-9.9667014,-67.8035723,ATIVO,ATIVO,Com acessibilidade,201,201,201,01392|1|742,01392|1|3476,URBANA OU NÃO IDENTIFICADA COMO RURAL,False,Ausência de marcador rural nos campos públicos,MÉDIA,True
03/08/2026,06:28:06,2026,AC,01392,RIO BRANCO,1,743,3476,SECRETARIA DE ESTADO DE ADMINISTRAÇÃO-SEAD (ANTIGA SEPLAG),"RUA DO AVIARIO, 315,",AVIÁRIO,69900000,-9.9667014,-67.8035723,ATIVO,ATIVO,Com acessibilidade,184,184,184,01392|1|743,01392|1|3476,URBANA OU NÃO IDENTIFICADA COMO RURAL,False,Ausência de marcador rural nos campos públicos,MÉDIA,True
03/08/2026,06:28:06,2026,AC,01392,RIO BRANCO,1,843,3476,SECRETARIA DE ESTADO DE ADMINISTRAÇÃO-SEAD (ANTIGA SEPLAG),"RUA DO AVIARIO, 315,",AVIÁRIO,69900000,-9.9667014,-67.8035723,ATIVO,ATIVO,Sem acessibilidade,105,0,0,01392|1|843,01392|1|3476,URBANA OU NÃO IDENTIFICADA COMO RURAL,False,Ausência de marcador rural nos campos públicos,MÉDIA,True
03/08/2026,06:28:06,2026,AC,01392,RIO BRANCO,1,706,3492,ESCOLA HUMBERTO SOARES,TRAVESSA RIACHUELO S/N - BOSQUE,JOSÉ AUGUSTO,0,-9.9656962,-67.8082963,ATIVO,ATIVO,Com acessibilidade,238,238,238,01392|1|706,01392|1|3492,URBANA OU NÃO IDENTIFICADA COMO RURAL,False,Ausência de marcador rural nos campos públicos,MÉDIA,True
03/08/2026,06:28:06,2026,AC,01392,RIO BRANCO,1,707,3492,ESCOLA HUMBERTO SOARES,TRAVESSA RIACHUELO S/N - BOSQUE,JOSÉ AUGUSTO,0,-9.9656962,-67.8082963,ATIVO,ATIVO,Com acessibilidade,233,233,233,01392|1|707,01392|1|3492,URBANA OU NÃO IDENTIFICADA COMO RURAL,False,Ausência de marcador rural nos campos públicos,MÉDIA,True
03/08/2026,06:28:06,2026,AC,01392,RIO BRANCO,1,708,3492,ESCOLA HUMBERTO SOARES,TRAVESSA RIACHUELO S/N - BOSQUE,JOSÉ AUGUSTO,0,-9.9656962,-67.8082963,ATIVO,ATIVO,Com acessibilidade,232,232,232,01392|1|708,01392|1|3492,URBANA OU NÃO IDENTIFICADA COMO RURAL,False,Ausência de marcador rural nos campos públicos,MÉDIA,True
03/08/2026,06:28:06,2026,AC,01392,RIO BRANCO,1,709,3492,ESCOLA HUMBERTO SOARES,TRAVESSA RIACHUELO S/N - BOSQUE,JOSÉ AUGUSTO,0,-9.9656962,-67.8082963,ATIVO,ATIVO,Com acessibilidade,234,234,234,01392|1|709,01392|1|3492,URBANA OU NÃO IDENTIFICADA COMO RURAL,False,Ausência de marcador rural nos campos públicos,MÉDIA,True
03/08/2026,06:28:06,2026,AC,01392,RIO BRANCO,1,744,3492,ESCOLA HUMBERTO SOARES,TRAVESSA RIACHUELO S/N - BOSQUE,JOSÉ AUGUSTO,0,-9.9656962,-67.8082963,ATIVO,ATIVO,Com acessibilidade,238,238,238,01392|1|744,01392|1|3492,URBANA OU NÃO IDENTIFICADA COMO RURAL,False,Ausência de marcador rural nos campos públicos,MÉDIA,True
03/08/2026,06:28:06,2026,AC,01392,RIO BRANCO,1,745,3492,ESCOLA HUMBERTO SOARES,TRAVESSA RIACHUELO S/N - BOSQUE,JOSÉ AUGUSTO,0,-9.9656962,-67.8082963,ATIVO,ATIVO,Com acessibilidade,234,234,234,01392|1|745,01392|1|3492,URBANA OU NÃO IDENTIFICADA COMO RURAL,False,Ausência de marcador rural nos campos públicos,MÉDIA,True
03/08/2026,06:28:06,2026,AC,01392,RIO BRANCO,1,772,3492,ESCOLA HUMBERTO SOARES,TRAVESSA RIACHUELO S/N - BOSQUE,JOSÉ AUGUSTO,0,-9.9656962,-67.8082963,ATIVO,ATIVO,Com acessibilidade,234,234,234,01392|1|772,01392|1|3492,URBANA OU NÃO IDENTIFICADA COMO RURAL,False,Ausência de marcador rural nos campos públicos,MÉDIA,True
03/08/2026,06:28:06,2026,AC,01392,RIO BRANCO,1,773,3492,ESCOLA HUMBERTO SOARES,TRAVESSA RIACHUELO S/N - BOSQUE,JOSÉ AUGUSTO,0,-9.9656962,-67.8082963,ATIVO,ATIVO,Com acessibilidade,234,234,234,01392|1|773,01392|1|3492,URBANA OU NÃO IDENTIFICADA COMO RURAL,False,Ausência de marcador rural nos campos públicos,MÉDIA,True
03/08/2026,06:28:06,2026,AC,01392,RIO BRANCO,1,710,3506,ESCOLA THEODOLINA FALCAO MACEDO,"RUA 10 DE JUNHO, 368",PLACAS,0,-9.9449346,-67.8123654,ATIVO,ATIVO,Com acessibilidade,349,349,349,01392|1|710,01392|1|3506,URBANA OU NÃO IDENTIFICADA COMO RURAL,False,Ausência de marcador rural nos campos públicos,MÉDIA,True
03/08/2026,06:28:06,2026,AC,01392,RIO BRANCO,1,711,3506,ESCOLA THEODOLINA FALCAO MACEDO,"RUA 10 DE JUNHO, 368",PLACAS,0,-9.9449346,-67.8123654,ATIVO,ATIVO,Com acessibilidade,348,348,348,01392|1|711,01392|1|3506,URBANA OU NÃO IDENTIFICADA COMO RURAL,False,Ausência de marcador rural nos campos públicos,MÉDIA,True
03/08/2026,06:28:06,2026,AC,01392,RIO BRANCO,1,712,3506,ESCOLA THEODOLINA FALCAO MACEDO,"RUA 10 DE JUNHO, 368",PLACAS,0,-9.9449346,-67.8123654,ATIVO,ATIVO,Com acessibilidade,344,344,344,01392|1|712,01392|1|3506,URBANA OU NÃO IDENTIFICADA COMO RURAL,False,Ausência de marcador rural nos campos públicos,MÉDIA,True
03/08/2026,06:28:06,2026,AC,01392,RIO BRANCO,1,713,3506,ESCOLA THEODOLINA FALCAO MACEDO,"RUA 10 DE JUNHO, 368",PLACAS,0,-9.9449346,-67.8123654,ATIVO,ATIVO,Com acessibilidade,335,335,335,01392|1|713,01392|1|3506,URBANA OU NÃO IDENTIFICADA COMO RURAL,False,Ausência de marcador rural nos campos públicos,MÉDIA,True
03/08/2026,06:28:06,2026,AC,01392,RIO BRANCO,1,812,3506,ESCOLA THEODOLINA FALCAO MACEDO,"RUA 10 DE JUNHO, 368",PLACAS,0,-9.9449346,-67.8123654,ATIVO,ATIVO,Com acessibilidade,344,344,344,01392|1|812,01392|1|3506,URBANA OU NÃO IDENTIFICADA COMO RURAL,False,Ausência de marcador rural nos campos públicos,MÉDIA,True
03/08/2026,06:28:06,2026,AC,01392,RIO BRANCO,1,714,3514,FEDERAÇÃO DO COMÉRCIO - FECOMÉRCIO/AC,AVENIDA GETÚLIO VARGAS N. 2473,VILA IVONETE,69900607,-9.9566951,-67.8175951,ATIVO,ATIVO,Com acessibilidade,182,315,315,01392|1|714,01392|1|3514,URBANA OU NÃO IDENTIFICADA COMO RURAL,False,Ausência de marcador rural nos campos públicos,MÉDIA,True
03/08/2026,06:28:06,2026,AC,01392,RIO BRANCO,1,840,3514,FEDERAÇÃO DO COMÉRCIO - FECOMÉRCIO/AC,AVENIDA GETÚLIO VARGAS N. 2473,VILA IVONETE,69900607,-9.9566951,-67.8175951,ATIVO,ATIVO,Sem acessibilidade,133,0,0,01392|1|840,01392|1|3514,URBANA OU NÃO IDENTIFICADA COMO RURAL,False,Ausência de marcador rural nos campos públicos,MÉDIA,True
03/08/2026,06:28:06,2026,AC,01392,RIO BRANCO,1,682,3522,SENAC,RUA DA ALVORADA 777,BOSQUE,0,-9.9564933,-67.8153418,ATIVO,ATIVO,Com acessibilidade,162,323,323,01392|1|682,01392|1|3522,URBANA OU NÃO IDENTIFICADA COMO RURAL,False,Ausência de marcador rural nos campos públicos,MÉDIA,True
03/08/2026,06:28:06,2026,AC,01392,RIO BRANCO,1,683,3522,SENAC,RUA DA ALVORADA 777,BOSQUE,0,-9.9564933,-67.8153418,ATIVO,ATIVO,Com acessibilidade,161,0,0,01392|1|683,01392|1|3522,URBANA OU NÃO IDENTIFICADA COMO RURAL,False,Ausência de marcador rural nos campos públicos,MÉDIA,True
03/08/2026,06:28:06,2026,AC,01392,RIO BRANCO,1,715,3522,SENAC,RUA DA ALVORADA 777,BOSQUE,0,-9.9564933,-67.8153418,ATIVO,ATIVO,Com acessibilidade,258,258,258,01392|1|715,01392|1|3522,URBANA OU NÃO IDENTIFICADA COMO RURAL,False,Ausência de marcador rural nos campos públicos,MÉDIA,True
03/08/2026,06:28:06,2026,AC,01392,RIO BRANCO,1,716,3522,SENAC,RUA DA ALVORADA 777,BOSQUE,0,-9.9564933,-67.8153418,ATIVO,ATIVO,Com acessibilidade,261,261,261,01392|1|716,01392|1|3522,URBANA OU NÃO IDENTIFICADA COMO RURAL,False,Ausência de marcador rural nos campos públicos,MÉDIA,True
03/08/2026,06:28:06,2026,AC,01392,RIO BRANCO,1,717,3522,SENAC,RUA DA ALVORADA 777,BOSQUE,0,-9.9564933,-67.8153418,ATIVO,ATIVO,Com acessibilidade,124,261,261,01392|1|717,01392|1|3522,URBANA OU NÃO IDENTIFICADA COMO RURAL,False,Ausência de marcador rural nos campos públicos,MÉDIA,True
03/08/2026,06:28:06,2026,AC,01392,RIO BRANCO,1,718,3522,SENAC,RUA DA ALVORADA 777,BOSQUE,0,-9.9564933,-67.8153418,ATIVO,ATIVO,Com acessibilidade,137,0,0,01392|1|718,01392|1|3522,URBANA OU NÃO IDENTIFICADA COMO RURAL,False,Ausência de marcador rural nos campos públicos,MÉDIA,True
03/08/2026,06:28:06,2026,AC,01392,RIO BRANCO,1,722,3549,ESCOLA MARIA LÚCIA MOURA MARIN,"RUA MERCÚRIO, Q 05, S/N",MORADA DO SOL,69900000,-9.9632375,-67.7948371,ATIVO,ATIVO,Com acessibilidade,328,328,328,01392|1|722,01392|1|3549,URBANA OU NÃO IDENTIFICADA COMO RURAL,False,Ausência de marcador rural nos campos públicos,MÉDIA,True
03/08/2026,06:28:06,2026,AC,01392,RIO BRANCO,1,723,3549,ESCOLA MARIA LÚCIA MOURA MARIN,"RUA MERCÚRIO, Q 05, S/N",MORADA DO SOL,69900000,-9.9632375,-67.7948371,ATIVO,ATIVO,Com acessibilidade,333,333,333,01392|1|723,01392|1|3549,URBANA OU NÃO IDENTIFICADA COMO RURAL,False,Ausência de marcador rural nos campos públicos,MÉDIA,True
03/08/2026,06:28:06,2026,AC,01392,RIO BRANCO,1,724,3549,ESCOLA MARIA LÚCIA MOURA MARIN,"RUA MERCÚRIO, Q 05, S/N",MORADA DO SOL,69900000,-9.9632375,-67.7948371,ATIVO,ATIVO,Com acessibilidade,329,329,329,01392|1|724,01392|1|3549,URBANA OU NÃO IDENTIFICADA COMO RURAL,False,Ausência de marcador rural nos campos públicos,MÉDIA,True
03/08/2026,06:28:06,2026,AC,01392,RIO BRANCO,1,802,3549,ESCOLA MARIA LÚCIA MOURA MARIN,"RUA MERCÚRIO, Q 05, S/N",MORADA DO SOL,69900000,-9.9632375,-67.7948371,ATIVO,ATIVO,Com acessibilidade,333,333,333,01392|1|802,01392|1|3549,URBANA OU NÃO IDENTIFICADA COMO RURAL,False,Ausência de marcador rural nos campos públicos,MÉDIA,True
03/08/2026,06:28:06,2026,AC,01392,RIO BRANCO,1,725,3557,ESCOLA AGNALDO MORENO (ANTIGA MARILENA MANSOUR),ESTRADA DO QUIXADÁ KM 23 - RAMAL BOA AGUA,ZONA RURAL,69902387,-9.8845263,-67.6801148,ATIVO,ATIVO,Com acessibilidade,296,296,296,01392|1|725,01392|1|3557,RURAL IDENTIFICADA,True,Termo RURAL no bairro ou no nome do local no arquivo do TSE,ALTA,True
03/08/2026,06:28:06,2026,AC,01392,RIO BRANCO,1,726,3557,ESCOLA AGNALDO MORENO (ANTIGA MARILENA MANSOUR),ESTRADA DO QUIXADÁ KM 23 - RAMAL BOA AGUA,ZONA RURAL,69902387,-9.8845263,-67.6801148,ATIVO,ATIVO,Com acessibilidade,300,300,300,01392|1|726,01392|1|3557,RURAL IDENTIFICADA,True,Termo RURAL no bairro ou no nome do local no arquivo do TSE,ALTA,True
03/08/2026,06:28:06,2026,AC,01392,RIO BRANCO,1,727,3565,CIEC (ANTIGO CEJA) - SÃO FRANCISCO,"ESTRADA DO SÃO FRANCISCO, 1682",SÃO FRANCISCO,69900000,-9.9514688,-67.7951328,ATIVO,ATIVO,Com acessibilidade,301,301,301,01392|1|727,01392|1|3565,URBANA OU NÃO IDENTIFICADA COMO RURAL,False,Ausência de marcador rural nos campos públicos,MÉDIA,True
03/08/2026,06:28:06,2026,AC,01392,RIO BRANCO,1,728,3565,CIEC (ANTIGO CEJA) - SÃO FRANCISCO,"ESTRADA DO SÃO FRANCISCO, 1682",SÃO FRANCISCO,69900000,-9.9514688,-67.7951328,ATIVO,ATIVO,Com acessibilidade,303,303,303,01392|1|728,01392|1|3565,URBANA OU NÃO IDENTIFICADA COMO RURAL,False,Ausência de marcador rural nos campos públicos,MÉDIA,True
03/08/2026,06:28:06,2026,AC,01392,RIO BRANCO,1,848,3565,CIEC (ANTIGO CEJA) - SÃO FRANCISCO,"ESTRADA DO SÃO FRANCISCO, 1682",SÃO FRANCISCO,69900000,-9.9514688,-67.7951328,ATIVO,ATIVO,Sem acessibilidade,309,309,309,01392|1|848,01392|1|3565,URBANA OU NÃO IDENTIFICADA COMO RURAL,False,Ausência de marcador rural nos campos públicos,MÉDIA,True
03/08/2026,06:28:06,2026,AC,01392,RIO BRANCO,1,729,3573,ESCOLA MUNICIPAL LUIZA CARNEIRO DANTAS,"ESTRADA DO SÃO FRANCISCO, 1201",SÃO FRANCISCO,69900000,-9.9538403,-67.7980533,ATIVO,ATIVO,Com acessibilidade,311,311,311,01392|1|729,01392|1|3573,URBANA OU NÃO IDENTIFICADA COMO RURAL,False,Ausência de marcador rural nos campos públicos,MÉDIA,True
03/08/2026,06:28:06,2026,AC,01392,RIO BRANCO,1,730,3573,ESCOLA MUNICIPAL LUIZA CARNEIRO DANTAS,"ESTRADA DO SÃO FRANCISCO, 1201",SÃO FRANCISCO,69900000,-9.9538403,-67.7980533,ATIVO,ATIVO,Com acessibilidade,315,315,315,01392|1|730,01392|1|3573,URBANA OU NÃO IDENTIFICADA COMO RURAL,False,Ausência de marcador rural nos campos públicos,MÉDIA,True
03/08/2026,06:28:06,2026,AC,01392,RIO BRANCO,1,731,3573,ESCOLA MUNICIPAL LUIZA CARNEIRO DANTAS,"ESTRADA DO SÃO FRANCISCO, 1201",SÃO FRANCISCO,69900000,-9.9538403,-67.7980533,ATIVO,ATIVO,Com acessibilidade,307,307,307,01392|1|731,01392|1|3573,URBANA OU NÃO IDENTIFICADA COMO RURAL,False,Ausência de marcador rural nos campos públicos,MÉDIA,True
03/08/2026,06:28:06,2026,AC,01392,RIO BRANCO,1,790,3573,ESCOLA MUNICIPAL LUIZA CARNEIRO DANTAS,"ESTRADA DO SÃO FRANCISCO, 1201",SÃO FRANCISCO,69900000,-9.9538403,-67.7980533,ATIVO,ATIVO,Com acessibilidade,319,319,319,01392|1|790,01392|1|3573,URBANA OU NÃO IDENTIFICADA COMO RURAL,False,Ausência de marcador rural nos campos públicos,MÉDIA,True
03/08/2026,06:28:06,2026,AC,01392,RIO BRANCO,1,680,3581,INSTITUTO DE EDUCACAO LOURENCO FILHO,"AVENIDA GETULIO VARGAS, 2.855,",VILA IVONETE,69900607,-9.9531519,-67.819173,ATIVO,ATIVO,Com acessibilidade,274,274,274,01392|1|680,01392|1|3581,URBANA OU NÃO IDENTIFICADA COMO RURAL,False,Ausência de marcador rural nos campos públicos,MÉDIA,True
03/08/2026,06:28:06,2026,AC,01392,RIO BRANCO,1,681,3581,INSTITUTO DE EDUCACAO LOURENCO FILHO,"AVENIDA GETULIO VARGAS, 2.855,",VILA IVONETE,69900607,-9.9531519,-67.819173,ATIVO,ATIVO,Com acessibilidade,272,272,272,01392|1|681,01392|1|3581,URBANA OU NÃO IDENTIFICADA COMO RURAL,False,Ausência de marcador rural nos campos públicos,MÉDIA,True
03/08/2026,06:28:06,2026,AC,01392,RIO BRANCO,1,732,3581,INSTITUTO DE EDUCACAO LOURENCO FILHO,"AVENIDA GETULIO VARGAS, 2.855,",VILA IVONETE,69900607,-9.9531519,-67.819173,ATIVO,ATIVO,Com acessibilidade,277,277,277,01392|1|732,01392|1|3581,URBANA OU NÃO IDENTIFICADA COMO RURAL,False,Ausência de marcador rural nos campos públicos,MÉDIA,True
03/08/2026,06:28:06,2026,AC,01392,RIO BRANCO,1,733,3581,INSTITUTO DE EDUCACAO LOURENCO FILHO,"AVENIDA GETULIO VARGAS, 2.855,",VILA IVONETE,69900607,-9.9531519,-67.819173,ATIVO,ATIVO,Com acessibilidade,272,272,272,01392|1|733,01392|1|3581,URBANA OU NÃO IDENTIFICADA COMO RURAL,False,Ausência de marcador rural nos campos públicos,MÉDIA,True
03/08/2026,06:28:06,2026,AC,01392,RIO BRANCO,1,734,3581,INSTITUTO DE EDUCACAO LOURENCO FILHO,"AVENIDA GETULIO VARGAS, 2.855,",VILA IVONETE,69900607,-9.9531519,-67.819173,ATIVO,ATIVO,Com acessibilidade,278,278,278,01392|1|734,01392|1|3581,URBANA OU NÃO IDENTIFICADA COMO RURAL,False,Ausência de marcador rural nos campos públicos,MÉDIA,True
03/08/2026,06:28:06,2026,AC,01392,RIO BRANCO,1,735,3581,INSTITUTO DE EDUCACAO LOURENCO FILHO,"AVENIDA GETULIO VARGAS, 2.855,",VILA IVONETE,69900607,-9.9531519,-67.819173,ATIVO,ATIVO,Com acessibilidade,264,264,264,01392|1|735,01392|1|3581,URBANA OU NÃO IDENTIFICADA COMO RURAL,False,Ausência de marcador rural nos campos públicos,MÉDIA,True
03/08/2026,06:28:06,2026,AC,01392,RIO BRANCO,1,835,3581,INSTITUTO DE EDUCACAO LOURENCO FILHO,"AVENIDA GETULIO VARGAS, 2.855,",VILA IVONETE,69900607,-9.9531519,-67.819173,ATIVO,ATIVO,Com acessibilidade,277,277,277,01392|1|835,01392|1|3581,URBANA OU NÃO IDENTIFICADA COMO RURAL,False,Ausência de marcador rural nos campos públicos,MÉDIA,True
03/08/2026,06:28:06,2026,AC,01392,RIO BRANCO,1,736,3590,ESCOLA VOVO MOCINHA,"RUA AIRTON SENA, 123 - CONJ. XAVIER MAIA",PLACAS,69918430,-9.9393783,-67.8148636,ATIVO,ATIVO,Com acessibilidade,340,340,340,01392|1|736,01392|1|3590,URBANA OU NÃO IDENTIFICADA COMO RURAL,False,Ausência de marcador rural nos campos públicos,MÉDIA,True
03/08/2026,06:28:06,2026,AC,01392,RIO BRANCO,1,737,3590,ESCOLA VOVO MOCINHA,"RUA AIRTON SENA, 123 - CONJ. XAVIER MAIA",PLACAS,69918430,-9.9393783,-67.8148636,ATIVO,ATIVO,Com acessibilidade,340,340,340,01392|1|737,01392|1|3590,URBANA OU NÃO IDENTIFICADA COMO RURAL,False,Ausência de marcador rural nos campos públicos,MÉDIA,True
03/08/2026,06:28:06,2026,AC,01392,RIO BRANCO,1,738,3590,ESCOLA VOVO MOCINHA,"RUA AIRTON SENA, 123 - CONJ. XAVIER MAIA",PLACAS,69918430,-9.9393783,-67.8148636,ATIVO,ATIVO,Com acessibilidade,340,340,340,01392|1|738,01392|1|3590,URBANA OU NÃO IDENTIFICADA COMO RURAL,False,Ausência de marcador rural nos campos públicos,MÉDIA,True
03/08/2026,06:28:06,2026,AC,01392,RIO BRANCO,1,739,3590,ESCOLA VOVO MOCINHA,"RUA AIRTON SENA, 123 - CONJ. XAVIER MAIA",PLACAS,69918430,-9.9393783,-67.8148636,ATIVO,ATIVO,Com acessibilidade,341,341,341,01392|1|739,01392|1|3590,URBANA OU NÃO IDENTIFICADA COMO RURAL,False,Ausência de marcador rural nos campos públicos,MÉDIA,True
03/08/2026,06:28:06,2026,AC,01392,RIO BRANCO,1,746,3638,ESCOLA DOM GIOCONDO MARIA GROTTI,CONJUNTO GUIOMAR SANTOS I S/N,BOSQUE,0,-9.9597733,-67.8088167,ATIVO,ATIVO,Com acessibilidade,323,323,323,01392|1|746,01392|1|3638,URBANA OU NÃO IDENTIFICADA COMO RURAL,False,Ausência de marcador rural nos campos públicos,MÉDIA,True
03/08/2026,06:28:06,2026,AC,01392,RIO BRANCO,1,747,3638,ESCOLA DOM GIOCONDO MARIA GROTTI,CONJUNTO GUIOMAR SANTOS I S/N,BOSQUE,0,-9.9597733,-67.8088167,ATIVO,ATIVO,Com acessibilidade,324,324,324,01392|1|747,01392|1|3638,URBANA OU NÃO IDENTIFICADA COMO RURAL,False,Ausência de marcador rural nos campos públicos,MÉDIA,True
03/08/2026,06:28:06,2026,AC,01392,RIO BRANCO,1,748,3638,ESCOLA DOM GIOCONDO MARIA GROTTI,CONJUNTO GUIOMAR SANTOS I S/N,BOSQUE,0,-9.9597733,-67.8088167,ATIVO,ATIVO,Com acessibilidade,326,326,326,01392|1|748,01392|1|3638,URBANA OU NÃO IDENTIFICADA COMO RURAL,False,Ausência de marcador rural nos campos públicos,MÉDIA,True
03/08/2026,06:28:06,2026,AC,01392,RIO BRANCO,1,755,3638,ESCOLA DOM GIOCONDO MARIA GROTTI,CONJUNTO GUIOMAR SANTOS I S/N,BOSQUE,0,-9.9597733,-67.8088167,ATIVO,ATIVO,Com acessibilidade,324,324,324,01392|1|755,01392|1|3638,URBANA OU NÃO IDENTIFICADA COMO RURAL,False,Ausência de marcador rural nos campos públicos,MÉDIA,True
03/08/2026,06:28:06,2026,AC,01392,RIO BRANCO,1,749,3646,COHAB-ACRE,RUA VALERIO MAGALHAES 172,BOSQUE,0,-9.9607269,-67.8108371,ATIVO,ATIVO,Com acessibilidade,325,325,325,01392|1|749,01392|1|3646,URBANA OU NÃO IDENTIFICADA COMO RURAL,False,Ausência de marcador rural nos campos públicos,MÉDIA,True
03/08/2026,06:28:06,2026,AC,01392,RIO BRANCO,1,750,3646,COHAB-ACRE,RUA VALERIO MAGALHAES 172,BOSQUE,0,-9.9607269,-67.8108371,ATIVO,ATIVO,Com acessibilidade,322,322,322,01392|1|750,01392|1|3646,URBANA OU NÃO IDENTIFICADA COMO RURAL,False,Ausência de marcador rural nos campos públicos,MÉDIA,True
03/08/2026,06:28:06,2026,AC,01392,RIO BRANCO,1,751,3646,COHAB-ACRE,RUA VALERIO MAGALHAES 172,BOSQUE,0,-9.9607269,-67.8108371,ATIVO,ATIVO,Com acessibilidade,319,319,319,01392|1|751,01392|1|3646,URBANA OU NÃO IDENTIFICADA COMO RURAL,False,Ausência de marcador rural nos campos públicos,MÉDIA,True
03/08/2026,06:28:06,2026,AC,01392,RIO BRANCO,1,756,3662,ESCOLA LUIZ DE CARVALHO FONTENELLE,"TRAVESSA HENRIQUE DIAS, 535 - ALEGRIA",BOSQUE,0,-9.9604383,-67.8187021,ATIVO,ATIVO,Com acessibilidade,287,287,287,01392|1|756,01392|1|3662,URBANA OU NÃO IDENTIFICADA COMO RURAL,False,Ausência de marcador rural nos campos públicos,MÉDIA,True
03/08/2026,06:28:06,2026,AC,01392,RIO BRANCO,1,757,3662,ESCOLA LUIZ DE CARVALHO FONTENELLE,"TRAVESSA HENRIQUE DIAS, 535 - ALEGRIA",BOSQUE,0,-9.9604383,-67.8187021,ATIVO,ATIVO,Com acessibilidade,213,213,213,01392|1|757,01392|1|3662,URBANA OU NÃO IDENTIFICADA COMO RURAL,False,Ausência de marcador rural nos campos públicos,MÉDIA,True
03/08/2026,06:28:06,2026,AC,01392,RIO BRANCO,1,758,3662,ESCOLA LUIZ DE CARVALHO FONTENELLE,"TRAVESSA HENRIQUE DIAS, 535 - ALEGRIA",BOSQUE,0,-9.9604383,-67.8187021,ATIVO,ATIVO,Com acessibilidade,217,217,217,01392|1|758,01392|1|3662,URBANA OU NÃO IDENTIFICADA COMO RURAL,False,Ausência de marcador rural nos campos públicos,MÉDIA,True
03/08/2026,06:28:06,2026,AC,01392,RIO BRANCO,1,759,3662,ESCOLA LUIZ DE CARVALHO FONTENELLE,"TRAVESSA HENRIQUE DIAS, 535 - ALEGRIA",BOSQUE,0,-9.9604383,-67.8187021,ATIVO,ATIVO,Com acessibilidade,218,218,218,01392|1|759,01392|1|3662,URBANA OU NÃO IDENTIFICADA COMO RURAL,False,Ausência de marcador rural nos campos públicos,MÉDIA,True
03/08/2026,06:28:06,2026,AC,01392,RIO BRANCO,1,760,3662,ESCOLA LUIZ DE CARVALHO FONTENELLE,"TRAVESSA HENRIQUE DIAS, 535 - ALEGRIA",BOSQUE,0,-9.9604383,-67.8187021,ATIVO,ATIVO,Com acessibilidade,213,213,213,01392|1|760,01392|1|3662,URBANA OU NÃO IDENTIFICADA COMO RURAL,False,Ausência de marcador rural nos campos públicos,MÉDIA,True
03/08/2026,06:28:06,2026,AC,01392,RIO BRANCO,1,761,3662,ESCOLA LUIZ DE CARVALHO FONTENELLE,"TRAVESSA HENRIQUE DIAS, 535 - ALEGRIA",BOSQUE,0,-9.9604383,-67.8187021,ATIVO,ATIVO,Com acessibilidade,217,217,217,01392|1|761,01392|1|3662,URBANA OU NÃO IDENTIFICADA COMO RURAL,False,Ausência de marcador rural nos campos públicos,MÉDIA,True
03/08/2026,06:28:06,2026,AC,01392,RIO BRANCO,1,679,3697,PROCURADORIA GERAL DO ESTADO DO ACRE - PGE/AC,"AV. GETÚLIO VARGAS, N.2852 (BOSQUE)",VILA IVONETE,69900589,-9.9532166,-67.8189913,ATIVO,ATIVO,Com acessibilidade,213,213,213,01392|1|679,01392|1|3697,URBANA OU NÃO IDENTIFICADA COMO RURAL,False,Ausência de marcador rural nos campos públicos,MÉDIA,True
03/08/2026,06:28:06,2026,AC,01392,RIO BRANCO,1,765,3697,PROCURADORIA GERAL DO ESTADO DO ACRE - PGE/AC,"AV. GETÚLIO VARGAS, N.2852 (BOSQUE)",VILA IVONETE,69900589,-9.9532166,-67.8189913,ATIVO,ATIVO,Com acessibilidade,256,256,256,01392|1|765,01392|1|3697,URBANA OU NÃO IDENTIFICADA COMO RURAL,False,Ausência de marcador rural nos campos públicos,MÉDIA,True
03/08/2026,06:28:06,2026,AC,01392,RIO BRANCO,1,807,3697,PROCURADORIA GERAL DO ESTADO DO ACRE - PGE/AC,"AV. GETÚLIO VARGAS, N.2852 (BOSQUE)",VILA IVONETE,69900589,-9.9532166,-67.8189913,ATIVO,ATIVO,Com acessibilidade,198,198,198,01392|1|807,01392|1|3697,URBANA OU NÃO IDENTIFICADA COMO RURAL,False,Ausência de marcador rural nos campos públicos,MÉDIA,True
03/08/2026,06:28:06,2026,AC,01392,RIO BRANCO,1,766,3700,ESCOLA DR. MARIO DE OLIVEIRA,"TRAVESSA GUAPORE, 296",CERÂMICA,0,-9.971218,-67.8040407,ATIVO,ATIVO,Com acessibilidade,296,296,296,01392|1|766,01392|1|3700,URBANA OU NÃO IDENTIFICADA COMO RURAL,False,Ausência de marcador rural nos campos públicos,MÉDIA,True
03/08/2026,06:28:06,2026,AC,01392,RIO BRANCO,1,767,3700,ESCOLA DR. MARIO DE OLIVEIRA,"TRAVESSA GUAPORE, 296",CERÂMICA,0,-9.971218,-67.8040407,ATIVO,ATIVO,Com acessibilidade,305,305,305,01392|1|767,01392|1|3700,URBANA OU NÃO IDENTIFICADA COMO RURAL,False,Ausência de marcador rural nos campos públicos,MÉDIA,True
03/08/2026,06:28:06,2026,AC,01392,RIO BRANCO,1,768,3700,ESCOLA DR. MARIO DE OLIVEIRA,"TRAVESSA GUAPORE, 296",CERÂMICA,0,-9.971218,-67.8040407,ATIVO,ATIVO,Com acessibilidade,292,292,292,01392|1|768,01392|1|3700,URBANA OU NÃO IDENTIFICADA COMO RURAL,False,Ausência de marcador rural nos campos públicos,MÉDIA,True
03/08/2026,06:28:06,2026,AC,01392,RIO BRANCO,1,769,3700,ESCOLA DR. MARIO DE OLIVEIRA,"TRAVESSA GUAPORE, 296",CERÂMICA,0,-9.971218,-67.8040407,ATIVO,ATIVO,Com acessibilidade,298,298,298,01392|1|769,01392|1|3700,URBANA OU NÃO IDENTIFICADA COMO RURAL,False,Ausência de marcador rural nos campos públicos,MÉDIA,True
03/08/2026,06:28:06,2026,AC,01392,RIO BRANCO,1,770,3700,ESCOLA DR. MARIO DE OLIVEIRA,"TRAVESSA GUAPORE, 296",CERÂMICA,0,-9.971218,-67.8040407,ATIVO,ATIVO,Com acessibilidade,298,298,298,01392|1|770,01392|1|3700,URBANA OU NÃO IDENTIFICADA COMO RURAL,False,Ausência de marcador rural nos campos públicos,MÉDIA,True
03/08/2026,06:28:06,2026,AC,01392,RIO BRANCO,1,771,3719,UNIDADE DE SAÚDE DA FAMÍLIA - VITÓRIA,"RUA BOA VISTA, 894 (VITÓRIA)",CHICO MENDES,69900000,-9.945233,-67.8005727,ATIVO,ATIVO,Com acessibilidade,334,334,334,01392|1|771,01392|1|3719,URBANA OU NÃO IDENTIFICADA COMO RURAL,False,Ausência de marcador rural nos campos públicos,MÉDIA,True
03/08/2026,06:28:06,2026,AC,01392,RIO BRANCO,1,774,3735,COLÉGIO LATO SENSU,"RUA DAS PALMEIRA, 16, Q/7",TROPICAL,69907311,-9.9603797,-67.7953891,ATIVO,ATIVO,Com acessibilidade,338,338,338,01392|1|774,01392|1|3735,URBANA OU NÃO IDENTIFICADA COMO RURAL,False,Ausência de marcador rural nos campos públicos,MÉDIA,True
03/08/2026,06:28:06,2026,AC,01392,RIO BRANCO,1,775,3735,COLÉGIO LATO SENSU,"RUA DAS PALMEIRA, 16, Q/7",TROPICAL,69907311,-9.9603797,-67.7953891,ATIVO,ATIVO,Com acessibilidade,344,344,344,01392|1|775,01392|1|3735,URBANA OU NÃO IDENTIFICADA COMO RURAL,False,Ausência de marcador rural nos campos públicos,MÉDIA,True
03/08/2026,06:28:06,2026,AC,01392,RIO BRANCO,1,776,3735,COLÉGIO LATO SENSU,"RUA DAS PALMEIRA, 16, Q/7",TROPICAL,69907311,-9.9603797,-67.7953891,ATIVO,ATIVO,Com acessibilidade,344,344,344,01392|1|776,01392|1|3735,URBANA OU NÃO IDENTIFICADA COMO RURAL,False,Ausência de marcador rural nos campos públicos,MÉDIA,True
03/08/2026,06:28:06,2026,AC,01392,RIO BRANCO,1,777,3735,COLÉGIO LATO SENSU,"RUA DAS PALMEIRA, 16, Q/7",TROPICAL,69907311,-9.9603797,-67.7953891,ATIVO,ATIVO,Com acessibilidade,342,342,342,01392|1|777,01392|1|3735,URBANA OU NÃO IDENTIFICADA COMO RURAL,False,Ausência de marcador rural nos campos públicos,MÉDIA,True
03/08/2026,06:28:06,2026,AC,01392,RIO BRANCO,1,778,3743,ESCOLA PADRE CARLOS CASAVECCHIA,"RUA WILSON RIBEIRO, N. 60 , Q/20",XAVIER MAIA,0,-9.9325044,-67.8200805,ATIVO,ATIVO,Com acessibilidade,332,332,332,01392|1|778,01392|1|3743,URBANA OU NÃO IDENTIFICADA COMO RURAL,False,Ausência de marcador rural nos campos públicos,MÉDIA,True
03/08/2026,06:28:06,2026,AC,01392,RIO BRANCO,1,779,3743,ESCOLA PADRE CARLOS CASAVECCHIA,"RUA WILSON RIBEIRO, N. 60 , Q/20",XAVIER MAIA,0,-9.9325044,-67.8200805,ATIVO,ATIVO,Com acessibilidade,337,337,337,01392|1|779,01392|1|3743,URBANA OU NÃO IDENTIFICADA COMO RURAL,False,Ausência de marcador rural nos campos públicos,MÉDIA,True
03/08/2026,06:28:06,2026,AC,01392,RIO BRANCO,1,780,3743,ESCOLA PADRE CARLOS CASAVECCHIA,"RUA WILSON RIBEIRO, N. 60 , Q/20",XAVIER MAIA,0,-9.9325044,-67.8200805,ATIVO,ATIVO,Com acessibilidade,333,333,333,01392|1|780,01392|1|3743,URBANA OU NÃO IDENTIFICADA COMO RURAL,False,Ausência de marcador rural nos campos públicos,MÉDIA,True
03/08/2026,06:28:06,2026,AC,01392,RIO BRANCO,1,781,3743,ESCOLA PADRE CARLOS CASAVECCHIA,"RUA WILSON RIBEIRO, N. 60 , Q/20",XAVIER MAIA,0,-9.9325044,-67.8200805,ATIVO,ATIVO,Com acessibilidade,332,332,332,01392|1|781,01392|1|3743,URBANA OU NÃO IDENTIFICADA COMO RURAL,False,Ausência de marcador rural nos campos públicos,MÉDIA,True
03/08/2026,06:28:06,2026,AC,01392,RIO BRANCO,1,826,3743,ESCOLA PADRE CARLOS CASAVECCHIA,"RUA WILSON RIBEIRO, N. 60 , Q/20",XAVIER MAIA,0,-9.9325044,-67.8200805,ATIVO,ATIVO,Com acessibilidade,332,332,332,01392|1|826,01392|1|3743,URBANA OU NÃO IDENTIFICADA COMO RURAL,False,Ausência de marcador rural nos campos públicos,MÉDIA,True
03/08/2026,06:28:06,2026,AC,01392,RIO BRANCO,1,849,3743,ESCOLA PADRE CARLOS CASAVECCHIA,"RUA WILSON RIBEIRO, N. 60 , Q/20",XAVIER MAIA,0,-9.9325044,-67.8200805,ATIVO,ATIVO,Sem acessibilidade,334,334,334,01392|1|849,01392|1|3743,URBANA OU NÃO IDENTIFICADA COMO RURAL,False,Ausência de marcador rural nos campos públicos,MÉDIA,True
03/08/2026,06:28:06,2026,AC,01392,RIO BRANCO,1,782,3751,INSTITUTO FEDERAL DO ACRE - IFAC,"AVENIDA BRASIL, 920",XAVIER MAIA,69900000,-9.9315357,-67.8178897,ATIVO,ATIVO,Com acessibilidade,339,339,339,01392|1|782,01392|1|3751,URBANA OU NÃO IDENTIFICADA COMO RURAL,False,Ausência de marcador rural nos campos públicos,MÉDIA,True
03/08/2026,06:28:06,2026,AC,01392,RIO BRANCO,1,783,3751,INSTITUTO FEDERAL DO ACRE - IFAC,"AVENIDA BRASIL, 920",XAVIER MAIA,69900000,-9.9315357,-67.8178897,ATIVO,ATIVO,Com acessibilidade,326,326,326,01392|1|783,01392|1|3751,URBANA OU NÃO IDENTIFICADA COMO RURAL,False,Ausência de marcador rural nos campos públicos,MÉDIA,True
03/08/2026,06:28:06,2026,AC,01392,RIO BRANCO,1,784,3751,INSTITUTO FEDERAL DO ACRE - IFAC,"AVENIDA BRASIL, 920",XAVIER MAIA,69900000,-9.9315357,-67.8178897,ATIVO,ATIVO,Com acessibilidade,343,343,343,01392|1|784,01392|1|3751,URBANA OU NÃO IDENTIFICADA COMO RURAL,False,Ausência de marcador rural nos campos públicos,MÉDIA,True
03/08/2026,06:28:06,2026,AC,01392,RIO BRANCO,1,785,3751,INSTITUTO FEDERAL DO ACRE - IFAC,"AVENIDA BRASIL, 920",XAVIER MAIA,69900000,-9.9315357,-67.8178897,ATIVO,ATIVO,Com acessibilidade,335,335,335,01392|1|785,01392|1|3751,URBANA OU NÃO IDENTIFICADA COMO RURAL,False,Ausência de marcador rural nos campos públicos,MÉDIA,True
03/08/2026,06:28:06,2026,AC,01392,RIO BRANCO,1,786,3751,INSTITUTO FEDERAL DO ACRE - IFAC,"AVENIDA BRASIL, 920",XAVIER MAIA,69900000,-9.9315357,-67.8178897,ATIVO,ATIVO,Com acessibilidade,336,336,336,01392|1|786,01392|1|3751,URBANA OU NÃO IDENTIFICADA COMO RURAL,False,Ausência de marcador rural nos campos públicos,MÉDIA,True
03/08/2026,06:28:06,2026,AC,01392,RIO BRANCO,1,787,3751,INSTITUTO FEDERAL DO ACRE - IFAC,"AVENIDA BRASIL, 920",XAVIER MAIA,69900000,-9.9315357,-67.8178897,ATIVO,ATIVO,Com acessibilidade,337,337,337,01392|1|787,01392|1|3751,URBANA OU NÃO IDENTIFICADA COMO RURAL,False,Ausência de marcador rural nos campos públicos,MÉDIA,True
03/08/2026,06:28:06,2026,AC,01392,RIO BRANCO,1,792,3751,INSTITUTO FEDERAL DO ACRE - IFAC,"AVENIDA BRASIL, 920",XAVIER MAIA,69900000,-9.9315357,-67.8178897,ATIVO,ATIVO,Com acessibilidade,339,339,339,01392|1|792,01392|1|3751,URBANA OU NÃO IDENTIFICADA COMO RURAL,False,Ausência de marcador rural nos campos públicos,MÉDIA,True
03/08/2026,06:28:06,2026,AC,01392,RIO BRANCO,1,800,3751,INSTITUTO FEDERAL DO ACRE - IFAC,"AVENIDA BRASIL, 920",XAVIER MAIA,69900000,-9.9315357,-67.8178897,ATIVO,ATIVO,Com acessibilidade,312,312,312,01392|1|800,01392|1|3751,URBANA OU NÃO IDENTIFICADA COMO RURAL,False,Ausência de marcador rural nos campos públicos,MÉDIA,True
03/08/2026,06:28:06,2026,AC,01392,RIO BRANCO,1,814,3778,ESCOLA FREI ANDRÉ MARIA FICARELLI,"RUA FRANCO SILVA, N 12, SETOR II",CIDADE DO POVO,69900000,-10.0268717,-67.7545083,ATIVO,ATIVO,Com acessibilidade,284,284,284,01392|1|814,01392|1|3778,URBANA OU NÃO IDENTIFICADA COMO RURAL,False,Ausência de marcador rural nos campos públicos,MÉDIA,True
03/08/2026,06:28:06,2026,AC,01392,RIO BRANCO,1,829,3778,ESCOLA FREI ANDRÉ MARIA FICARELLI,"RUA FRANCO SILVA, N 12, SETOR II",CIDADE DO POVO,69900000,-10.0268717,-67.7545083,ATIVO,ATIVO,Com acessibilidade,292,292,292,01392|1|829,01392|1|3778,URBANA OU NÃO IDENTIFICADA COMO RURAL,False,Ausência de marcador rural nos campos públicos,MÉDIA,True
03/08/2026,06:28:06,2026,AC,01392,RIO BRANCO,1,842,3778,ESCOLA FREI ANDRÉ MARIA FICARELLI,"RUA FRANCO SILVA, N 12, SETOR II",CIDADE DO POVO,69900000,-10.0268717,-67.7545083,ATIVO,ATIVO,Sem acessibilidade,321,321,321,01392|1|842,01392|1|3778,URBANA OU NÃO IDENTIFICADA COMO RURAL,False,Ausência de marcador rural nos campos públicos,MÉDIA,True
03/08/2026,06:28:06,2026,AC,01392,RIO BRANCO,1,859,3778,ESCOLA FREI ANDRÉ MARIA FICARELLI,"RUA FRANCO SILVA, N 12, SETOR II",CIDADE DO POVO,69900000,-10.0268717,-67.7545083,ATIVO,ATIVO,Sem acessibilidade,294,294,294,01392|1|859,01392|1|3778,URBANA OU NÃO IDENTIFICADA COMO RURAL,False,Ausência de marcador rural nos campos públicos,MÉDIA,True
03/08/2026,06:28:06,2026,AC,01392,RIO BRANCO,1,815,3786,ESCOLA PROFESSORA CRISTINA MAIA,"AVENIDA JORGE CARDOZO, S/N, SETOR I",CIDADE DO POVO,69900000,-10.0300556,-67.7631992,ATIVO,ATIVO,Com acessibilidade,294,294,294,01392|1|815,01392|1|3786,URBANA OU NÃO IDENTIFICADA COMO RURAL,False,Ausência de marcador rural nos campos públicos,MÉDIA,True
03/08/2026,06:28:06,2026,AC,01392,RIO BRANCO,1,854,3786,ESCOLA PROFESSORA CRISTINA MAIA,"AVENIDA JORGE CARDOZO, S/N, SETOR I",CIDADE DO POVO,69900000,-10.0300556,-67.7631992,ATIVO,ATIVO,Sem acessibilidade,230,230,230,01392|1|854,01392|1|3786,URBANA OU NÃO IDENTIFICADA COMO RURAL,False,Ausência de marcador rural nos campos públicos,MÉDIA,True
03/08/2026,06:28:06,2026,AC,01392,RIO BRANCO,1,830,3794,CRECHE MARIA ESTELA MARQUES,"ESTRADA DO SÃO FRANCISCO, ELDORADO",ELDORADO,69900000,-9.935945,-67.7964376,ATIVO,ATIVO,Com acessibilidade,285,285,285,01392|1|830,01392|1|3794,URBANA OU NÃO IDENTIFICADA COMO RURAL,False,Ausência de marcador rural nos campos públicos,MÉDIA,True
03/08/2026,06:28:06,2026,AC,01392,RIO BRANCO,1,833,3816,ESCOLA MUNICIPAL BOA UNIÃO,"RAMAL DA GARAPEIRA, VILA ACRE",SANTA MARIA,69900000,-10.05189,-67.7610382,ATIVO,ATIVO,Com acessibilidade,307,307,307,01392|1|833,01392|1|3816,REVISAR CLASSIFICAÇÃO,False,"Indício territorial no nome, bairro ou endereço; requer conferência",BAIXA,True
03/08/2026,06:28:06,2026,AC,01392,RIO BRANCO,1,534,3840,COLÉGIO MILITAR DOM PEDRO II,RUA INES MEDEIROS DE MORAES,RESIDENCIAL SANTO AFONSO,69925000,-10.0183533,-67.78068,ATIVO,ATIVO,Com acessibilidade,298,298,298,01392|1|534,01392|1|3840,URBANA OU NÃO IDENTIFICADA COMO RURAL,False,Ausência de marcador rural nos campos públicos,MÉDIA,True
03/08/2026,06:28:06,2026,AC,01392,RIO BRANCO,1,801,3840,COLÉGIO MILITAR DOM PEDRO II,RUA INES MEDEIROS DE MORAES,RESIDENCIAL SANTO AFONSO,69925000,-10.0183533,-67.78068,ATIVO,ATIVO,Com acessibilidade,281,281,281,01392|1|801,01392|1|3840,URBANA OU NÃO IDENTIFICADA COMO RURAL,False,Ausência de marcador rural nos campos públicos,MÉDIA,True
03/08/2026,06:28:06,2026,AC,01392,RIO BRANCO,1,819,3840,COLÉGIO MILITAR DOM PEDRO II,RUA INES MEDEIROS DE MORAES,RESIDENCIAL SANTO AFONSO,69925000,-10.0183533,-67.78068,ATIVO,ATIVO,Com acessibilidade,281,281,281,01392|1|819,01392|1|3840,URBANA OU NÃO IDENTIFICADA COMO RURAL,False,Ausência de marcador rural nos campos públicos,MÉDIA,True
03/08/2026,06:28:06,2026,AC,01392,RIO BRANCO,1,832,3840,COLÉGIO MILITAR DOM PEDRO II,RUA INES MEDEIROS DE MORAES,RESIDENCIAL SANTO AFONSO,69925000,-10.0183533,-67.78068,ATIVO,ATIVO,Com acessibilidade,276,276,276,01392|1|832,01392|1|3840,URBANA OU NÃO IDENTIFICADA COMO RURAL,False,Ausência de marcador rural nos campos públicos,MÉDIA,True
03/08/2026,06:28:06,2026,AC,01392,RIO BRANCO,1,834,3840,COLÉGIO MILITAR DOM PEDRO II,RUA INES MEDEIROS DE MORAES,RESIDENCIAL SANTO AFONSO,69925000,-10.0183533,-67.78068,ATIVO,ATIVO,Com acessibilidade,283,283,283,01392|1|834,01392|1|3840,URBANA OU NÃO IDENTIFICADA COMO RURAL,False,Ausência de marcador rural nos campos públicos,MÉDIA,True
03/08/2026,06:28:06,2026,AC,01392,RIO BRANCO,1,752,3859,INSTITUTO ÁGUIAS DO SABER,"ESTRADA DO SÃO FRANCISCO, 244",SÃO FRANCISCO,69909021,-9.9614403,-67.8019471,ATIVO,ATIVO,Com acessibilidade,253,253,253,01392|1|752,01392|1|3859,URBANA OU NÃO IDENTIFICADA COMO RURAL,False,Ausência de marcador rural nos campos públicos,MÉDIA,True
03/08/2026,06:28:06,2026,AC,01392,RIO BRANCO,1,753,3859,INSTITUTO ÁGUIAS DO SABER,"ESTRADA DO SÃO FRANCISCO, 244",SÃO FRANCISCO,69909021,-9.9614403,-67.8019471,ATIVO,ATIVO,Com acessibilidade,240,240,240,01392|1|753,01392|1|3859,URBANA OU NÃO IDENTIFICADA COMO RURAL,False,Ausência de marcador rural nos campos públicos,MÉDIA,True
03/08/2026,06:28:06,2026,AC,01392,RIO BRANCO,1,754,3859,INSTITUTO ÁGUIAS DO SABER,"ESTRADA DO SÃO FRANCISCO, 244",SÃO FRANCISCO,69909021,-9.9614403,-67.8019471,ATIVO,ATIVO,Com acessibilidade,260,260,260,01392|1|754,01392|1|3859,URBANA OU NÃO IDENTIFICADA COMO RURAL,False,Ausência de marcador rural nos campos públicos,MÉDIA,True
03/08/2026,06:28:06,2026,AC,01392,RIO BRANCO,1,762,3859,INSTITUTO ÁGUIAS DO SABER,"ESTRADA DO SÃO FRANCISCO, 244",SÃO FRANCISCO,69909021,-9.9614403,-67.8019471,ATIVO,ATIVO,Com acessibilidade,83,325,325,01392|1|762,01392|1|3859,URBANA OU NÃO IDENTIFICADA COMO RURAL,False,Ausência de marcador rural nos campos públicos,MÉDIA,True
03/08/2026,06:28:06,2026,AC,01392,RIO BRANCO,1,763,3859,INSTITUTO ÁGUIAS DO SABER,"ESTRADA DO SÃO FRANCISCO, 244",SÃO FRANCISCO,69909021,-9.9614403,-67.8019471,ATIVO,ATIVO,Com acessibilidade,78,0,0,01392|1|763,01392|1|3859,URBANA OU NÃO IDENTIFICADA COMO RURAL,False,Ausência de marcador rural nos campos públicos,MÉDIA,True
03/08/2026,06:28:06,2026,AC,01392,RIO BRANCO,1,764,3859,INSTITUTO ÁGUIAS DO SABER,"ESTRADA DO SÃO FRANCISCO, 244",SÃO FRANCISCO,69909021,-9.9614403,-67.8019471,ATIVO,ATIVO,Com acessibilidade,79,0,0,01392|1|764,01392|1|3859,URBANA OU NÃO IDENTIFICADA COMO RURAL,False,Ausência de marcador rural nos campos públicos,MÉDIA,True
03/08/2026,06:28:06,2026,AC,01392,RIO BRANCO,1,838,3859,INSTITUTO ÁGUIAS DO SABER,"ESTRADA DO SÃO FRANCISCO, 244",SÃO FRANCISCO,69909021,-9.9614403,-67.8019471,ATIVO,ATIVO,Sem acessibilidade,85,0,0,01392|1|838,01392|1|3859,URBANA OU NÃO IDENTIFICADA COMO RURAL,False,Ausência de marcador rural nos campos públicos,MÉDIA,True
03/08/2026,06:28:06,2026,AC,01392,RIO BRANCO,1,45,3875,MINISTÉRIO PÚBLICO DO TRABALHO - MPT,"RUA RIO GRANDE DO SUL, 275",DOM GIOCONDO,69900324,-9.9723246,-67.8132755,ATIVO,ATIVO,Com acessibilidade,224,224,224,01392|1|45,01392|1|3875,URBANA OU NÃO IDENTIFICADA COMO RURAL,False,Ausência de marcador rural nos campos públicos,MÉDIA,True
03/08/2026,06:28:06,2026,AC,01392,RIO BRANCO,1,401,3875,MINISTÉRIO PÚBLICO DO TRABALHO - MPT,"RUA RIO GRANDE DO SUL, 275",DOM GIOCONDO,69900324,-9.9723246,-67.8132755,ATIVO,ATIVO,Com acessibilidade,233,233,233,01392|1|401,01392|1|3875,URBANA OU NÃO IDENTIFICADA COMO RURAL,False,Ausência de marcador rural nos campos públicos,MÉDIA,True
03/08/2026,06:28:06,2026,AC,01392,RIO BRANCO,1,719,3956,SECRETARIA MUNICIPAL DE INFRAESTRUTURA E MOBILIDADE URBANA - SEINFRA,"RUA RUI BARBOSA, 285",CENTRO,69900120,-9.9721572,-67.8094935,ATIVO,ATIVO,Com acessibilidade,107,245,245,01392|1|719,01392|1|3956,URBANA OU NÃO IDENTIFICADA COMO RURAL,False,Ausência de marcador rural nos campos públicos,MÉDIA,True
03/08/2026,06:28:06,2026,AC,01392,RIO BRANCO,1,720,3956,SECRETARIA MUNICIPAL DE INFRAESTRUTURA E MOBILIDADE URBANA - SEINFRA,"RUA RUI BARBOSA, 285",CENTRO,69900120,-9.9721572,-67.8094935,ATIVO,ATIVO,Com acessibilidade,70,0,0,01392|1|720,01392|1|3956,URBANA OU NÃO IDENTIFICADA COMO RURAL,False,Ausência de marcador rural nos campos públicos,MÉDIA,True
03/08/2026,06:28:06,2026,AC,01392,RIO BRANCO,1,721,3956,SECRETARIA MUNICIPAL DE INFRAESTRUTURA E MOBILIDADE URBANA - SEINFRA,"RUA RUI BARBOSA, 285",CENTRO,69900120,-9.9721572,-67.8094935,ATIVO,ATIVO,Com acessibilidade,68,0,0,01392|1|721,01392|1|3956,URBANA OU NÃO IDENTIFICADA COMO RURAL,False,Ausência de marcador rural nos campos públicos,MÉDIA,True
03/08/2026,06:28:06,2026,AC,01392,RIO BRANCO,1,740,3956,SECRETARIA MUNICIPAL DE INFRAESTRUTURA E MOBILIDADE URBANA - SEINFRA,"RUA RUI BARBOSA, 285",CENTRO,69900120,-9.9721572,-67.8094935,ATIVO,ATIVO,Com acessibilidade,139,286,286,01392|1|740,01392|1|3956,URBANA OU NÃO IDENTIFICADA COMO RURAL,False,Ausência de marcador rural nos campos públicos,MÉDIA,True
03/08/2026,06:28:06,2026,AC,01392,RIO BRANCO,1,741,3956,SECRETARIA MUNICIPAL DE INFRAESTRUTURA E MOBILIDADE URBANA - SEINFRA,"RUA RUI BARBOSA, 285",CENTRO,69900120,-9.9721572,-67.8094935,ATIVO,ATIVO,Com acessibilidade,147,0,0,01392|1|741,01392|1|3956,URBANA OU NÃO IDENTIFICADA COMO RURAL,False,Ausência de marcador rural nos campos públicos,MÉDIA,True
03/08/2026,06:28:06,2026,AC,01392,RIO BRANCO,9,114,1015,ESCOLA PÚBLICA HELOÍSA MOURÃO MARQUES,"RUA RIO GRANDE DO SUL, 1.908",AEROPORTO VELHO,69911027,-9.9780998,-67.8246919,ATIVO,ATIVO,Com acessibilidade,338,338,338,01392|9|114,01392|9|1015,URBANA OU NÃO IDENTIFICADA COMO RURAL,False,Ausência de marcador rural nos campos públicos,MÉDIA,True
03/08/2026,06:28:06,2026,AC,01392,RIO BRANCO,9,115,1015,ESCOLA PÚBLICA HELOÍSA MOURÃO MARQUES,"RUA RIO GRANDE DO SUL, 1.908",AEROPORTO VELHO,69911027,-9.9780998,-67.8246919,ATIVO,ATIVO,Com acessibilidade,337,337,337,01392|9|115,01392|9|1015,URBANA OU NÃO IDENTIFICADA COMO RURAL,False,Ausência de marcador rural nos campos públicos,MÉDIA,True
03/08/2026,06:28:06,2026,AC,01392,RIO BRANCO,9,116,1015,ESCOLA PÚBLICA HELOÍSA MOURÃO MARQUES,"RUA RIO GRANDE DO SUL, 1.908",AEROPORTO VELHO,69911027,-9.9780998,-67.8246919,ATIVO,ATIVO,Com acessibilidade,338,338,338,01392|9|116,01392|9|1015,URBANA OU NÃO IDENTIFICADA COMO RURAL,False,Ausência de marcador rural nos campos públicos,MÉDIA,True
03/08/2026,06:28:06,2026,AC,01392,RIO BRANCO,9,117,1015,ESCOLA PÚBLICA HELOÍSA MOURÃO MARQUES,"RUA RIO GRANDE DO SUL, 1.908",AEROPORTO VELHO,69911027,-9.9780998,-67.8246919,ATIVO,ATIVO,Com acessibilidade,333,333,333,01392|9|117,01392|9|1015,URBANA OU NÃO IDENTIFICADA COMO RURAL,False,Ausência de marcador rural nos campos públicos,MÉDIA,True
03/08/2026,06:28:06,2026,AC,01392,RIO BRANCO,9,179,1015,ESCOLA PÚBLICA HELOÍSA MOURÃO MARQUES,"RUA RIO GRANDE DO SUL, 1.908",AEROPORTO VELHO,69911027,-9.9780998,-67.8246919,ATIVO,ATIVO,Com acessibilidade,339,339,339,01392|9|179,01392|9|1015,URBANA OU NÃO IDENTIFICADA COMO RURAL,False,Ausência de marcador rural nos campos públicos,MÉDIA,True
03/08/2026,06:28:06,2026,AC,01392,RIO BRANCO,9,79,1023,IEPTEC - ANTIGO INSTITUTO FEDERAL DO ACRE - IFAC -  BAIXADA,"RUA RIO GRANDE DO SUL, 2600",AEROPORTO VELHO,69911030,-9.9848126,-67.8225501,ATIVO,ATIVO,Com acessibilidade,300,300,300,01392|9|79,01392|9|1023,URBANA OU NÃO IDENTIFICADA COMO RURAL,False,Ausência de marcador rural nos campos públicos,MÉDIA,True
03/08/2026,06:28:06,2026,AC,01392,RIO BRANCO,9,80,1023,IEPTEC - ANTIGO INSTITUTO FEDERAL DO ACRE - IFAC -  BAIXADA,"RUA RIO GRANDE DO SUL, 2600",AEROPORTO VELHO,69911030,-9.9848126,-67.8225501,ATIVO,ATIVO,Com acessibilidade,303,303,303,01392|9|80,01392|9|1023,URBANA OU NÃO IDENTIFICADA COMO RURAL,False,Ausência de marcador rural nos campos públicos,MÉDIA,True
03/08/2026,06:28:06,2026,AC,01392,RIO BRANCO,9,121,1023,IEPTEC - ANTIGO INSTITUTO FEDERAL DO ACRE - IFAC -  BAIXADA,"RUA RIO GRANDE DO SUL, 2600",AEROPORTO VELHO,69911030,-9.9848126,-67.8225501,ATIVO,ATIVO,Com acessibilidade,257,257,257,01392|9|121,01392|9|1023,URBANA OU NÃO IDENTIFICADA COMO RURAL,False,Ausência de marcador rural nos campos públicos,MÉDIA,True
03/08/2026,06:28:06,2026,AC,01392,RIO BRANCO,9,303,1023,IEPTEC - ANTIGO INSTITUTO FEDERAL DO ACRE - IFAC -  BAIXADA,"RUA RIO GRANDE DO SUL, 2600",AEROPORTO VELHO,69911030,-9.9848126,-67.8225501,ATIVO,ATIVO,Com acessibilidade,257,257,257,01392|9|303,01392|9|1023,URBANA OU NÃO IDENTIFICADA COMO RURAL,False,Ausência de marcador rural nos campos públicos,MÉDIA,True
03/08/2026,06:28:06,2026,AC,01392,RIO BRANCO,9,318,1023,IEPTEC - ANTIGO INSTITUTO FEDERAL DO ACRE - IFAC -  BAIXADA,"RUA RIO GRANDE DO SUL, 2600",AEROPORTO VELHO,69911030,-9.9848126,-67.8225501,ATIVO,ATIVO,Com acessibilidade,255,255,255,01392|9|318,01392|9|1023,URBANA OU NÃO IDENTIFICADA COMO RURAL,False,Ausência de marcador rural nos campos públicos,MÉDIA,True
03/08/2026,06:28:06,2026,AC,01392,RIO BRANCO,9,422,1023,IEPTEC - ANTIGO INSTITUTO FEDERAL DO ACRE - IFAC -  BAIXADA,"RUA RIO GRANDE DO SUL, 2600",AEROPORTO VELHO,69911030,-9.9848126,-67.8225501,ATIVO,ATIVO,Com acessibilidade,260,260,260,01392|9|422,01392|9|1023,URBANA OU NÃO IDENTIFICADA COMO RURAL,False,Ausência de marcador rural nos campos públicos,MÉDIA,True
03/08/2026,06:28:06,2026,AC,01392,RIO BRANCO,9,18,1031,ESCOLA FRANCISCO SALGADO FILHO,"RUA OMAR SABINO, 227",FLORESTA,69918000,-9.9712986,-67.8319397,ATIVO,ATIVO,Com acessibilidade,312,312,312,01392|9|18,01392|9|1031,URBANA OU NÃO IDENTIFICADA COMO RURAL,False,Ausência de marcador rural nos campos públicos,MÉDIA,True
03/08/2026,06:28:06,2026,AC,01392,RIO BRANCO,9,19,1031,ESCOLA FRANCISCO SALGADO FILHO,"RUA OMAR SABINO, 227",FLORESTA,69918000,-9.9712986,-67.8319397,ATIVO,ATIVO,Com acessibilidade,309,309,309,01392|9|19,01392|9|1031,URBANA OU NÃO IDENTIFICADA COMO RURAL,False,Ausência de marcador rural nos campos públicos,MÉDIA,True
03/08/2026,06:28:06,2026,AC,01392,RIO BRANCO,9,169,1031,ESCOLA FRANCISCO SALGADO FILHO,"RUA OMAR SABINO, 227",FLORESTA,69918000,-9.9712986,-67.8319397,ATIVO,ATIVO,Com acessibilidade,302,302,302,01392|9|169,01392|9|1031,URBANA OU NÃO IDENTIFICADA COMO RURAL,False,Ausência de marcador rural nos campos públicos,MÉDIA,True
03/08/2026,06:28:06,2026,AC,01392,RIO BRANCO,9,282,1031,ESCOLA FRANCISCO SALGADO FILHO,"RUA OMAR SABINO, 227",FLORESTA,69918000,-9.9712986,-67.8319397,ATIVO,ATIVO,Com acessibilidade,310,310,310,01392|9|282,01392|9|1031,URBANA OU NÃO IDENTIFICADA COMO RURAL,False,Ausência de marcador rural nos campos públicos,MÉDIA,True
03/08/2026,06:28:06,2026,AC,01392,RIO BRANCO,9,408,1031,ESCOLA FRANCISCO SALGADO FILHO,"RUA OMAR SABINO, 227",FLORESTA,69918000,-9.9712986,-67.8319397,ATIVO,ATIVO,Com acessibilidade,311,311,311,01392|9|408,01392|9|1031,URBANA OU NÃO IDENTIFICADA COMO RURAL,False,Ausência de marcador rural nos campos públicos,MÉDIA,True
03/08/2026,06:28:06,2026,AC,01392,RIO BRANCO,9,35,1040,ESCOLA MUNICIPAL ANGELINA GONÇALVES DE SOUZA,"RUA 12 DE OUTUBRO, 307 - NOVA ESPERANÇA",FLORESTA,69900000,-9.9750609,-67.8436397,ATIVO,ATIVO,Com acessibilidade,331,331,331,01392|9|35,01392|9|1040,URBANA OU NÃO IDENTIFICADA COMO RURAL,False,Ausência de marcador rural nos campos públicos,MÉDIA,True
03/08/2026,06:28:06,2026,AC,01392,RIO BRANCO,9,125,1040,ESCOLA MUNICIPAL ANGELINA GONÇALVES DE SOUZA,"RUA 12 DE OUTUBRO, 307 - NOVA ESPERANÇA",FLORESTA,69900000,-9.9750609,-67.8436397,ATIVO,ATIVO,Com acessibilidade,328,328,328,01392|9|125,01392|9|1040,URBANA OU NÃO IDENTIFICADA COMO RURAL,False,Ausência de marcador rural nos campos públicos,MÉDIA,True
03/08/2026,06:28:06,2026,AC,01392,RIO BRANCO,9,133,1040,ESCOLA MUNICIPAL ANGELINA GONÇALVES DE SOUZA,"RUA 12 DE OUTUBRO, 307 - NOVA ESPERANÇA",FLORESTA,69900000,-9.9750609,-67.8436397,ATIVO,ATIVO,Com acessibilidade,330,330,330,01392|9|133,01392|9|1040,URBANA OU NÃO IDENTIFICADA COMO RURAL,False,Ausência de marcador rural nos campos públicos,MÉDIA,True
03/08/2026,06:28:06,2026,AC,01392,RIO BRANCO,9,188,1040,ESCOLA MUNICIPAL ANGELINA GONÇALVES DE SOUZA,"RUA 12 DE OUTUBRO, 307 - NOVA ESPERANÇA",FLORESTA,69900000,-9.9750609,-67.8436397,ATIVO,ATIVO,Com acessibilidade,320,320,320,01392|9|188,01392|9|1040,URBANA OU NÃO IDENTIFICADA COMO RURAL,False,Ausência de marcador rural nos campos públicos,MÉDIA,True
03/08/2026,06:28:06,2026,AC,01392,RIO BRANCO,9,25,1058,ESCOLA LOURIVAL SOMBRA,"RUA SÃO FRANCISCO, 159",ESTAÇÃO EXPERIMENTAL,69915016,-9.9640372,-67.837953,ATIVO,ATIVO,Com acessibilidade,335,335,335,01392|9|25,01392|9|1058,URBANA OU NÃO IDENTIFICADA COMO RURAL,False,Ausência de marcador rural nos campos públicos,MÉDIA,True
03/08/2026,06:28:06,2026,AC,01392,RIO BRANCO,9,26,1058,ESCOLA LOURIVAL SOMBRA,"RUA SÃO FRANCISCO, 159",ESTAÇÃO EXPERIMENTAL,69915016,-9.9640372,-67.837953,ATIVO,ATIVO,Com acessibilidade,327,327,327,01392|9|26,01392|9|1058,URBANA OU NÃO IDENTIFICADA COMO RURAL,False,Ausência de marcador rural nos campos públicos,MÉDIA,True
03/08/2026,06:28:06,2026,AC,01392,RIO BRANCO,9,27,1058,ESCOLA LOURIVAL SOMBRA,"RUA SÃO FRANCISCO, 159",ESTAÇÃO EXPERIMENTAL,69915016,-9.9640372,-67.837953,ATIVO,ATIVO,Com acessibilidade,339,339,339,01392|9|27,01392|9|1058,URBANA OU NÃO IDENTIFICADA COMO RURAL,False,Ausência de marcador rural nos campos públicos,MÉDIA,True
03/08/2026,06:28:06,2026,AC,01392,RIO BRANCO,9,210,1058,ESCOLA LOURIVAL SOMBRA,"RUA SÃO FRANCISCO, 159",ESTAÇÃO EXPERIMENTAL,69915016,-9.9640372,-67.837953,ATIVO,ATIVO,Com acessibilidade,337,337,337,01392|9|210,01392|9|1058,URBANA OU NÃO IDENTIFICADA COMO RURAL,False,Ausência de marcador rural nos campos públicos,MÉDIA,True
03/08/2026,06:28:06,2026,AC,01392,RIO BRANCO,9,295,1058,ESCOLA LOURIVAL SOMBRA,"RUA SÃO FRANCISCO, 159",ESTAÇÃO EXPERIMENTAL,69915016,-9.9640372,-67.837953,ATIVO,ATIVO,Com acessibilidade,334,334,334,01392|9|295,01392|9|1058,URBANA OU NÃO IDENTIFICADA COMO RURAL,False,Ausência de marcador rural nos campos públicos,MÉDIA,True
03/08/2026,06:28:06,2026,AC,01392,RIO BRANCO,9,30,1066,ESCOLA LUIZA BATISTA DE SOUZA,"RUA ALFREDO THAUNAY CONJ. ESPERANÇA II, 276Q13, N 276",FLORESTA,69900000,-9.9706337,-67.8360925,ATIVO,ATIVO,Com acessibilidade,315,315,315,01392|9|30,01392|9|1066,URBANA OU NÃO IDENTIFICADA COMO RURAL,False,Ausência de marcador rural nos campos públicos,MÉDIA,True
03/08/2026,06:28:06,2026,AC,01392,RIO BRANCO,9,31,1066,ESCOLA LUIZA BATISTA DE SOUZA,"RUA ALFREDO THAUNAY CONJ. ESPERANÇA II, 276Q13, N 276",FLORESTA,69900000,-9.9706337,-67.8360925,ATIVO,ATIVO,Com acessibilidade,312,312,312,01392|9|31,01392|9|1066,URBANA OU NÃO IDENTIFICADA COMO RURAL,False,Ausência de marcador rural nos campos públicos,MÉDIA,True
03/08/2026,06:28:06,2026,AC,01392,RIO BRANCO,9,172,1066,ESCOLA LUIZA BATISTA DE SOUZA,"RUA ALFREDO THAUNAY CONJ. ESPERANÇA II, 276Q13, N 276",FLORESTA,69900000,-9.9706337,-67.8360925,ATIVO,ATIVO,Com acessibilidade,304,304,304,01392|9|172,01392|9|1066,URBANA OU NÃO IDENTIFICADA COMO RURAL,False,Ausência de marcador rural nos campos públicos,MÉDIA,True
03/08/2026,06:28:06,2026,AC,01392,RIO BRANCO,9,211,1066,ESCOLA LUIZA BATISTA DE SOUZA,"RUA ALFREDO THAUNAY CONJ. ESPERANÇA II, 276Q13, N 276",FLORESTA,69900000,-9.9706337,-67.8360925,ATIVO,ATIVO,Com acessibilidade,313,313,313,01392|9|211,01392|9|1066,URBANA OU NÃO IDENTIFICADA COMO RURAL,False,Ausência de marcador rural nos campos públicos,MÉDIA,True
03/08/2026,06:28:06,2026,AC,01392,RIO BRANCO,9,301,1066,ESCOLA LUIZA BATISTA DE SOUZA,"RUA ALFREDO THAUNAY CONJ. ESPERANÇA II, 276Q13, N 276",FLORESTA,69900000,-9.9706337,-67.8360925,ATIVO,ATIVO,Com acessibilidade,139,139,139,01392|9|301,01392|9|1066,URBANA OU NÃO IDENTIFICADA COMO RURAL,False,Ausência de marcador rural nos campos públicos,MÉDIA,True
03/08/2026,06:28:06,2026,AC,01392,RIO BRANCO,9,451,1066,ESCOLA LUIZA BATISTA DE SOUZA,"RUA ALFREDO THAUNAY CONJ. ESPERANÇA II, 276Q13, N 276",FLORESTA,69900000,-9.9706337,-67.8360925,ATIVO,ATIVO,Com acessibilidade,307,307,307,01392|9|451,01392|9|1066,URBANA OU NÃO IDENTIFICADA COMO RURAL,False,Ausência de marcador rural nos campos públicos,MÉDIA,True
03/08/2026,06:28:06,2026,AC,01392,RIO BRANCO,9,36,1074,ESCOLA NATALINO DA SILVEIRA BRITO,"RUA CEL. FONTENELE DE CASTRO, 176",ESTAÇÃO EXPERIMENTAL,69918188,-9.9639995,-67.8334841,ATIVO,ATIVO,Com acessibilidade,339,339,339,01392|9|36,01392|9|1074,URBANA OU NÃO IDENTIFICADA COMO RURAL,False,Ausência de marcador rural nos campos públicos,MÉDIA,True
03/08/2026,06:28:06,2026,AC,01392,RIO BRANCO,9,37,1074,ESCOLA NATALINO DA SILVEIRA BRITO,"RUA CEL. FONTENELE DE CASTRO, 176",ESTAÇÃO EXPERIMENTAL,69918188,-9.9639995,-67.8334841,ATIVO,ATIVO,Com acessibilidade,337,337,337,01392|9|37,01392|9|1074,URBANA OU NÃO IDENTIFICADA COMO RURAL,False,Ausência de marcador rural nos campos públicos,MÉDIA,True
03/08/2026,06:28:06,2026,AC,01392,RIO BRANCO,9,38,1074,ESCOLA NATALINO DA SILVEIRA BRITO,"RUA CEL. FONTENELE DE CASTRO, 176",ESTAÇÃO EXPERIMENTAL,69918188,-9.9639995,-67.8334841,ATIVO,ATIVO,Com acessibilidade,334,334,334,01392|9|38,01392|9|1074,URBANA OU NÃO IDENTIFICADA COMO RURAL,False,Ausência de marcador rural nos campos públicos,MÉDIA,True
03/08/2026,06:28:06,2026,AC,01392,RIO BRANCO,9,41,1074,ESCOLA NATALINO DA SILVEIRA BRITO,"RUA CEL. FONTENELE DE CASTRO, 176",ESTAÇÃO EXPERIMENTAL,69918188,-9.9639995,-67.8334841,ATIVO,ATIVO,Com acessibilidade,338,338,338,01392|9|41,01392|9|1074,URBANA OU NÃO IDENTIFICADA COMO RURAL,False,Ausência de marcador rural nos campos públicos,MÉDIA,True
03/08/2026,06:28:06,2026,AC,01392,RIO BRANCO,9,45,1082,ESCOLA PADRE DIOGO FEIJÓ,"RUA ARY RODRIGUES, 669",ABRAÃO ALAB,69918046,-9.9719054,-67.8269298,ATIVO,ATIVO,Com acessibilidade,333,333,333,01392|9|45,01392|9|1082,URBANA OU NÃO IDENTIFICADA COMO RURAL,False,Ausência de marcador rural nos campos públicos,MÉDIA,True
03/08/2026,06:28:06,2026,AC,01392,RIO BRANCO,9,46,1082,ESCOLA PADRE DIOGO FEIJÓ,"RUA ARY RODRIGUES, 669",ABRAÃO ALAB,69918046,-9.9719054,-67.8269298,ATIVO,ATIVO,Com acessibilidade,331,331,331,01392|9|46,01392|9|1082,URBANA OU NÃO IDENTIFICADA COMO RURAL,False,Ausência de marcador rural nos campos públicos,MÉDIA,True
03/08/2026,06:28:06,2026,AC,01392,RIO BRANCO,9,47,1082,ESCOLA PADRE DIOGO FEIJÓ,"RUA ARY RODRIGUES, 669",ABRAÃO ALAB,69918046,-9.9719054,-67.8269298,ATIVO,ATIVO,Com acessibilidade,337,337,337,01392|9|47,01392|9|1082,URBANA OU NÃO IDENTIFICADA COMO RURAL,False,Ausência de marcador rural nos campos públicos,MÉDIA,True
03/08/2026,06:28:06,2026,AC,01392,RIO BRANCO,9,189,1082,ESCOLA PADRE DIOGO FEIJÓ,"RUA ARY RODRIGUES, 669",ABRAÃO ALAB,69918046,-9.9719054,-67.8269298,ATIVO,ATIVO,Com acessibilidade,332,332,332,01392|9|189,01392|9|1082,URBANA OU NÃO IDENTIFICADA COMO RURAL,False,Ausência de marcador rural nos campos públicos,MÉDIA,True
03/08/2026,06:28:06,2026,AC,01392,RIO BRANCO,9,51,1090,ESCOLA SERAFIM DA SILVA SALGADO,"RUA RIO GRANDE DO SUL, 2422",AEROPORTO VELHO,69903420,-9.9832743,-67.8243169,ATIVO,ATIVO,Com acessibilidade,331,331,331,01392|9|51,01392|9|1090,URBANA OU NÃO IDENTIFICADA COMO RURAL,False,Ausência de marcador rural nos campos públicos,MÉDIA,True
03/08/2026,06:28:06,2026,AC,01392,RIO BRANCO,9,52,1090,ESCOLA SERAFIM DA SILVA SALGADO,"RUA RIO GRANDE DO SUL, 2422",AEROPORTO VELHO,69903420,-9.9832743,-67.8243169,ATIVO,ATIVO,Com acessibilidade,332,332,332,01392|9|52,01392|9|1090,URBANA OU NÃO IDENTIFICADA COMO RURAL,False,Ausência de marcador rural nos campos públicos,MÉDIA,True
03/08/2026,06:28:06,2026,AC,01392,RIO BRANCO,9,53,1090,ESCOLA SERAFIM DA SILVA SALGADO,"RUA RIO GRANDE DO SUL, 2422",AEROPORTO VELHO,69903420,-9.9832743,-67.8243169,ATIVO,ATIVO,Com acessibilidade,329,329,329,01392|9|53,01392|9|1090,URBANA OU NÃO IDENTIFICADA COMO RURAL,False,Ausência de marcador rural nos campos públicos,MÉDIA,True
03/08/2026,06:28:06,2026,AC,01392,RIO BRANCO,9,233,1090,ESCOLA SERAFIM DA SILVA SALGADO,"RUA RIO GRANDE DO SUL, 2422",AEROPORTO VELHO,69903420,-9.9832743,-67.8243169,ATIVO,ATIVO,Com acessibilidade,330,330,330,01392|9|233,01392|9|1090,URBANA OU NÃO IDENTIFICADA COMO RURAL,False,Ausência de marcador rural nos campos públicos,MÉDIA,True
03/08/2026,06:28:06,2026,AC,01392,RIO BRANCO,9,57,1104,ESCOLA TANCREDO NEVES,"RUA AMIZADE, 285 - GLÓRIA",GLÓRIA,69900000,-9.9902118,-67.8268286,ATIVO,ATIVO,Com acessibilidade,316,316,316,01392|9|57,01392|9|1104,URBANA OU NÃO IDENTIFICADA COMO RURAL,False,Ausência de marcador rural nos campos públicos,MÉDIA,True
03/08/2026,06:28:06,2026,AC,01392,RIO BRANCO,9,58,1104,ESCOLA TANCREDO NEVES,"RUA AMIZADE, 285 - GLÓRIA",GLÓRIA,69900000,-9.9902118,-67.8268286,ATIVO,ATIVO,Com acessibilidade,322,322,322,01392|9|58,01392|9|1104,URBANA OU NÃO IDENTIFICADA COMO RURAL,False,Ausência de marcador rural nos campos públicos,MÉDIA,True
03/08/2026,06:28:06,2026,AC,01392,RIO BRANCO,9,158,1104,ESCOLA TANCREDO NEVES,"RUA AMIZADE, 285 - GLÓRIA",GLÓRIA,69900000,-9.9902118,-67.8268286,ATIVO,ATIVO,Com acessibilidade,309,309,309,01392|9|158,01392|9|1104,URBANA OU NÃO IDENTIFICADA COMO RURAL,False,Ausência de marcador rural nos campos públicos,MÉDIA,True
03/08/2026,06:28:06,2026,AC,01392,RIO BRANCO,9,159,1104,ESCOLA TANCREDO NEVES,"RUA AMIZADE, 285 - GLÓRIA",GLÓRIA,69900000,-9.9902118,-67.8268286,ATIVO,ATIVO,Com acessibilidade,319,319,319,01392|9|159,01392|9|1104,URBANA OU NÃO IDENTIFICADA COMO RURAL,False,Ausência de marcador rural nos campos públicos,MÉDIA,True
03/08/2026,06:28:06,2026,AC,01392,RIO BRANCO,9,245,1104,ESCOLA TANCREDO NEVES,"RUA AMIZADE, 285 - GLÓRIA",GLÓRIA,69900000,-9.9902118,-67.8268286,ATIVO,ATIVO,Com acessibilidade,320,320,320,01392|9|245,01392|9|1104,URBANA OU NÃO IDENTIFICADA COMO RURAL,False,Ausência de marcador rural nos campos públicos,MÉDIA,True
03/08/2026,06:28:06,2026,AC,01392,RIO BRANCO,9,247,1104,ESCOLA TANCREDO NEVES,"RUA AMIZADE, 285 - GLÓRIA",GLÓRIA,69900000,-9.9902118,-67.8268286,ATIVO,ATIVO,Com acessibilidade,324,324,324,01392|9|247,01392|9|1104,URBANA OU NÃO IDENTIFICADA COMO RURAL,False,Ausência de marcador rural nos campos públicos,MÉDIA,True
03/08/2026,06:28:06,2026,AC,01392,RIO BRANCO,9,250,1104,ESCOLA TANCREDO NEVES,"RUA AMIZADE, 285 - GLÓRIA",GLÓRIA,69900000,-9.9902118,-67.8268286,ATIVO,ATIVO,Com acessibilidade,323,323,323,01392|9|250,01392|9|1104,URBANA OU NÃO IDENTIFICADA COMO RURAL,False,Ausência de marcador rural nos campos públicos,MÉDIA,True
03/08/2026,06:28:06,2026,AC,01392,RIO BRANCO,9,55,1112,SECRETARIA DE EDUCAÇÃO E CULTURA,"RUA RIO GRANDE DO SUL, 1.907",AEROPORTO VELHO,69911018,-9.978895,-67.8245802,ATIVO,ATIVO,Com acessibilidade,304,304,304,01392|9|55,01392|9|1112,URBANA OU NÃO IDENTIFICADA COMO RURAL,False,Ausência de marcador rural nos campos públicos,MÉDIA,True
03/08/2026,06:28:06,2026,AC,01392,RIO BRANCO,9,56,1112,SECRETARIA DE EDUCAÇÃO E CULTURA,"RUA RIO GRANDE DO SUL, 1.907",AEROPORTO VELHO,69911018,-9.978895,-67.8245802,ATIVO,ATIVO,Com acessibilidade,304,304,304,01392|9|56,01392|9|1112,URBANA OU NÃO IDENTIFICADA COMO RURAL,False,Ausência de marcador rural nos campos públicos,MÉDIA,True
03/08/2026,06:28:06,2026,AC,01392,RIO BRANCO,9,168,1112,SECRETARIA DE EDUCAÇÃO E CULTURA,"RUA RIO GRANDE DO SUL, 1.907",AEROPORTO VELHO,69911018,-9.978895,-67.8245802,ATIVO,ATIVO,Com acessibilidade,300,300,300,01392|9|168,01392|9|1112,URBANA OU NÃO IDENTIFICADA COMO RURAL,False,Ausência de marcador rural nos campos públicos,MÉDIA,True
03/08/2026,06:28:06,2026,AC,01392,RIO BRANCO,9,315,1112,SECRETARIA DE EDUCAÇÃO E CULTURA,"RUA RIO GRANDE DO SUL, 1.907",AEROPORTO VELHO,69911018,-9.978895,-67.8245802,ATIVO,ATIVO,Com acessibilidade,305,305,305,01392|9|315,01392|9|1112,URBANA OU NÃO IDENTIFICADA COMO RURAL,False,Ausência de marcador rural nos campos públicos,MÉDIA,True
03/08/2026,06:28:06,2026,AC,01392,RIO BRANCO,9,64,1139,ESCOLA PÚBLICA ADALBERTO SENA,"RUA W1, N. 284CONJUNTO TUCUMÃ",DISTRITO INDUSTRIAL,69919775,-9.9550293,-67.8578388,ATIVO,ATIVO,Com acessibilidade,336,336,336,01392|9|64,01392|9|1139,URBANA OU NÃO IDENTIFICADA COMO RURAL,False,Ausência de marcador rural nos campos públicos,MÉDIA,True
03/08/2026,06:28:06,2026,AC,01392,RIO BRANCO,9,65,1139,ESCOLA PÚBLICA ADALBERTO SENA,"RUA W1, N. 284CONJUNTO TUCUMÃ",DISTRITO INDUSTRIAL,69919775,-9.9550293,-67.8578388,ATIVO,ATIVO,Com acessibilidade,332,332,332,01392|9|65,01392|9|1139,URBANA OU NÃO IDENTIFICADA COMO RURAL,False,Ausência de marcador rural nos campos públicos,MÉDIA,True
03/08/2026,06:28:06,2026,AC,01392,RIO BRANCO,9,66,1139,ESCOLA PÚBLICA ADALBERTO SENA,"RUA W1, N. 284CONJUNTO TUCUMÃ",DISTRITO INDUSTRIAL,69919775,-9.9550293,-67.8578388,ATIVO,ATIVO,Com acessibilidade,336,336,336,01392|9|66,01392|9|1139,URBANA OU NÃO IDENTIFICADA COMO RURAL,False,Ausência de marcador rural nos campos públicos,MÉDIA,True
03/08/2026,06:28:06,2026,AC,01392,RIO BRANCO,9,177,1139,ESCOLA PÚBLICA ADALBERTO SENA,"RUA W1, N. 284CONJUNTO TUCUMÃ",DISTRITO INDUSTRIAL,69919775,-9.9550293,-67.8578388,ATIVO,ATIVO,Com acessibilidade,336,336,336,01392|9|177,01392|9|1139,URBANA OU NÃO IDENTIFICADA COMO RURAL,False,Ausência de marcador rural nos campos públicos,MÉDIA,True
03/08/2026,06:28:06,2026,AC,01392,RIO BRANCO,9,205,1139,ESCOLA PÚBLICA ADALBERTO SENA,"RUA W1, N. 284CONJUNTO TUCUMÃ",DISTRITO INDUSTRIAL,69919775,-9.9550293,-67.8578388,ATIVO,ATIVO,Com acessibilidade,336,336,336,01392|9|205,01392|9|1139,URBANA OU NÃO IDENTIFICADA COMO RURAL,False,Ausência de marcador rural nos campos públicos,MÉDIA,True
03/08/2026,06:28:06,2026,AC,01392,RIO BRANCO,9,454,1139,ESCOLA PÚBLICA ADALBERTO SENA,"RUA W1, N. 284CONJUNTO TUCUMÃ",DISTRITO INDUSTRIAL,69919775,-9.9550293,-67.8578388,ATIVO,ATIVO,Com acessibilidade,332,332,332,01392|9|454,01392|9|1139,URBANA OU NÃO IDENTIFICADA COMO RURAL,False,Ausência de marcador rural nos campos públicos,MÉDIA,True
03/08/2026,06:28:06,2026,AC,01392,RIO BRANCO,9,68,1147,ESCOLA PÚBLICA ALCIMAR LEITÃO,"AVENIDA MARIA JOSÉ DE OLIVEIRA, 1072 - CONJUNTO UNIVERSITÁRIO II",DISTRITO INDUSTRIAL,69917742,-9.9457045,-67.8814429,ATIVO,ATIVO,Com acessibilidade,337,337,337,01392|9|68,01392|9|1147,URBANA OU NÃO IDENTIFICADA COMO RURAL,False,Ausência de marcador rural nos campos públicos,MÉDIA,True
03/08/2026,06:28:06,2026,AC,01392,RIO BRANCO,9,69,1147,ESCOLA PÚBLICA ALCIMAR LEITÃO,"AVENIDA MARIA JOSÉ DE OLIVEIRA, 1072 - CONJUNTO UNIVERSITÁRIO II",DISTRITO INDUSTRIAL,69917742,-9.9457045,-67.8814429,ATIVO,ATIVO,Com acessibilidade,340,340,340,01392|9|69,01392|9|1147,URBANA OU NÃO IDENTIFICADA COMO RURAL,False,Ausência de marcador rural nos campos públicos,MÉDIA,True
03/08/2026,06:28:06,2026,AC,01392,RIO BRANCO,9,175,1147,ESCOLA PÚBLICA ALCIMAR LEITÃO,"AVENIDA MARIA JOSÉ DE OLIVEIRA, 1072 - CONJUNTO UNIVERSITÁRIO II",DISTRITO INDUSTRIAL,69917742,-9.9457045,-67.8814429,ATIVO,ATIVO,Com acessibilidade,345,345,345,01392|9|175,01392|9|1147,URBANA OU NÃO IDENTIFICADA COMO RURAL,False,Ausência de marcador rural nos campos públicos,MÉDIA,True
03/08/2026,06:28:06,2026,AC,01392,RIO BRANCO,9,190,1147,ESCOLA PÚBLICA ALCIMAR LEITÃO,"AVENIDA MARIA JOSÉ DE OLIVEIRA, 1072 - CONJUNTO UNIVERSITÁRIO II",DISTRITO INDUSTRIAL,69917742,-9.9457045,-67.8814429,ATIVO,ATIVO,Com acessibilidade,336,336,336,01392|9|190,01392|9|1147,URBANA OU NÃO IDENTIFICADA COMO RURAL,False,Ausência de marcador rural nos campos públicos,MÉDIA,True
03/08/2026,06:28:06,2026,AC,01392,RIO BRANCO,9,231,1147,ESCOLA PÚBLICA ALCIMAR LEITÃO,"AVENIDA MARIA JOSÉ DE OLIVEIRA, 1072 - CONJUNTO UNIVERSITÁRIO II",DISTRITO INDUSTRIAL,69917742,-9.9457045,-67.8814429,ATIVO,ATIVO,Com acessibilidade,332,332,332,01392|9|231,01392|9|1147,URBANA OU NÃO IDENTIFICADA COMO RURAL,False,Ausência de marcador rural nos campos públicos,MÉDIA,True
03/08/2026,06:28:06,2026,AC,01392,RIO BRANCO,9,39,1155,SEAGRI/CAGEACRE,"AVENIDA NAÇÕES UNIDAS, 2.604 - ESTACAO EXPERIMENTAL",ESTAÇÃO EXPERIMENTAL,69918093,-9.96626,-67.8309551,ATIVO,ATIVO,Com acessibilidade,213,213,213,01392|9|39,01392|9|1155,URBANA OU NÃO IDENTIFICADA COMO RURAL,False,Ausência de marcador rural nos campos públicos,MÉDIA,True
03/08/2026,06:28:06,2026,AC,01392,RIO BRANCO,9,40,1155,SEAGRI/CAGEACRE,"AVENIDA NAÇÕES UNIDAS, 2.604 - ESTACAO EXPERIMENTAL",ESTAÇÃO EXPERIMENTAL,69918093,-9.96626,-67.8309551,ATIVO,ATIVO,Com acessibilidade,217,217,217,01392|9|40,01392|9|1155,URBANA OU NÃO IDENTIFICADA COMO RURAL,False,Ausência de marcador rural nos campos públicos,MÉDIA,True
03/08/2026,06:28:06,2026,AC,01392,RIO BRANCO,9,71,1155,SEAGRI/CAGEACRE,"AVENIDA NAÇÕES UNIDAS, 2.604 - ESTACAO EXPERIMENTAL",ESTAÇÃO EXPERIMENTAL,69918093,-9.96626,-67.8309551,ATIVO,ATIVO,Com acessibilidade,214,214,214,01392|9|71,01392|9|1155,URBANA OU NÃO IDENTIFICADA COMO RURAL,False,Ausência de marcador rural nos campos públicos,MÉDIA,True
03/08/2026,06:28:06,2026,AC,01392,RIO BRANCO,9,72,1155,SEAGRI/CAGEACRE,"AVENIDA NAÇÕES UNIDAS, 2.604 - ESTACAO EXPERIMENTAL",ESTAÇÃO EXPERIMENTAL,69918093,-9.96626,-67.8309551,ATIVO,ATIVO,Com acessibilidade,217,217,217,01392|9|72,01392|9|1155,URBANA OU NÃO IDENTIFICADA COMO RURAL,False,Ausência de marcador rural nos campos públicos,MÉDIA,True
03/08/2026,06:28:06,2026,AC,01392,RIO BRANCO,9,73,1155,SEAGRI/CAGEACRE,"AVENIDA NAÇÕES UNIDAS, 2.604 - ESTACAO EXPERIMENTAL",ESTAÇÃO EXPERIMENTAL,69918093,-9.96626,-67.8309551,ATIVO,ATIVO,Com acessibilidade,219,219,219,01392|9|73,01392|9|1155,URBANA OU NÃO IDENTIFICADA COMO RURAL,False,Ausência de marcador rural nos campos públicos,MÉDIA,True
03/08/2026,06:28:06,2026,AC,01392,RIO BRANCO,9,225,1155,SEAGRI/CAGEACRE,"AVENIDA NAÇÕES UNIDAS, 2.604 - ESTACAO EXPERIMENTAL",ESTAÇÃO EXPERIMENTAL,69918093,-9.96626,-67.8309551,ATIVO,ATIVO,Com acessibilidade,210,210,210,01392|9|225,01392|9|1155,URBANA OU NÃO IDENTIFICADA COMO RURAL,False,Ausência de marcador rural nos campos públicos,MÉDIA,True
03/08/2026,06:28:06,2026,AC,01392,RIO BRANCO,9,236,1155,SEAGRI/CAGEACRE,"AVENIDA NAÇÕES UNIDAS, 2.604 - ESTACAO EXPERIMENTAL",ESTAÇÃO EXPERIMENTAL,69918093,-9.96626,-67.8309551,ATIVO,ATIVO,Com acessibilidade,211,211,211,01392|9|236,01392|9|1155,URBANA OU NÃO IDENTIFICADA COMO RURAL,False,Ausência de marcador rural nos campos públicos,MÉDIA,True
03/08/2026,06:28:06,2026,AC,01392,RIO BRANCO,9,76,1163,ESCOLA PÚBLICA ÁUREA PIRES,"RUA RIO GRANDE DO SUL, 3070",AEROPORTO VELHO,69911030,-9.9892259,-67.821565,ATIVO,ATIVO,Com acessibilidade,323,323,323,01392|9|76,01392|9|1163,URBANA OU NÃO IDENTIFICADA COMO RURAL,False,Ausência de marcador rural nos campos públicos,MÉDIA,True
03/08/2026,06:28:06,2026,AC,01392,RIO BRANCO,9,77,1163,ESCOLA PÚBLICA ÁUREA PIRES,"RUA RIO GRANDE DO SUL, 3070",AEROPORTO VELHO,69911030,-9.9892259,-67.821565,ATIVO,ATIVO,Com acessibilidade,326,326,326,01392|9|77,01392|9|1163,URBANA OU NÃO IDENTIFICADA COMO RURAL,False,Ausência de marcador rural nos campos públicos,MÉDIA,True
03/08/2026,06:28:06,2026,AC,01392,RIO BRANCO,9,167,1163,ESCOLA PÚBLICA ÁUREA PIRES,"RUA RIO GRANDE DO SUL, 3070",AEROPORTO VELHO,69911030,-9.9892259,-67.821565,ATIVO,ATIVO,Com acessibilidade,319,319,319,01392|9|167,01392|9|1163,URBANA OU NÃO IDENTIFICADA COMO RURAL,False,Ausência de marcador rural nos campos públicos,MÉDIA,True
03/08/2026,06:28:06,2026,AC,01392,RIO BRANCO,9,193,1163,ESCOLA PÚBLICA ÁUREA PIRES,"RUA RIO GRANDE DO SUL, 3070",AEROPORTO VELHO,69911030,-9.9892259,-67.821565,ATIVO,ATIVO,Com acessibilidade,318,318,318,01392|9|193,01392|9|1163,URBANA OU NÃO IDENTIFICADA COMO RURAL,False,Ausência de marcador rural nos campos públicos,MÉDIA,True
03/08/2026,06:28:06,2026,AC,01392,RIO BRANCO,9,85,1180,INSTITUTO FEDERAL DO ACRE (IFAC) - TRANSACREANA,ROD AC 90KM 28,ZONA RURAL,0,-10.0099355,-67.9897363,ATIVO,ATIVO,Com acessibilidade,244,244,244,01392|9|85,01392|9|1180,RURAL IDENTIFICADA,True,Termo RURAL no bairro ou no nome do local no arquivo do TSE,ALTA,True
03/08/2026,06:28:06,2026,AC,01392,RIO BRANCO,9,166,1180,INSTITUTO FEDERAL DO ACRE (IFAC) - TRANSACREANA,ROD AC 90KM 28,ZONA RURAL,0,-10.0099355,-67.9897363,ATIVO,ATIVO,Com acessibilidade,236,236,236,01392|9|166,01392|9|1180,RURAL IDENTIFICADA,True,Termo RURAL no bairro ou no nome do local no arquivo do TSE,ALTA,True
03/08/2026,06:28:06,2026,AC,01392,RIO BRANCO,9,191,1180,INSTITUTO FEDERAL DO ACRE (IFAC) - TRANSACREANA,ROD AC 90KM 28,ZONA RURAL,0,-10.0099355,-67.9897363,ATIVO,ATIVO,Com acessibilidade,243,243,243,01392|9|191,01392|9|1180,RURAL IDENTIFICADA,True,Termo RURAL no bairro ou no nome do local no arquivo do TSE,ALTA,True
03/08/2026,06:28:06,2026,AC,01392,RIO BRANCO,9,259,1180,INSTITUTO FEDERAL DO ACRE (IFAC) - TRANSACREANA,ROD AC 90KM 28,ZONA RURAL,0,-10.0099355,-67.9897363,ATIVO,ATIVO,Com acessibilidade,245,245,245,01392|9|259,01392|9|1180,RURAL IDENTIFICADA,True,Termo RURAL no bairro ou no nome do local no arquivo do TSE,ALTA,True
03/08/2026,06:28:06,2026,AC,01392,RIO BRANCO,9,275,1180,INSTITUTO FEDERAL DO ACRE (IFAC) - TRANSACREANA,ROD AC 90KM 28,ZONA RURAL,0,-10.0099355,-67.9897363,BLOQUEADO,ATIVO,Com acessibilidade,172,172,172,01392|9|275,01392|9|1180,RURAL IDENTIFICADA,True,Termo RURAL no bairro ou no nome do local no arquivo do TSE,ALTA,False
03/08/2026,06:28:06,2026,AC,01392,RIO BRANCO,9,86,1198,UFAC - UNIVERSIDADE FEDERAL DO ACRE,BR 364 KM 04,DISTRITO INDUSTRIAL,69920900,-9.9562477,-67.8634495,ATIVO,ATIVO,Com acessibilidade,322,322,322,01392|9|86,01392|9|1198,URBANA OU NÃO IDENTIFICADA COMO RURAL,False,Ausência de marcador rural nos campos públicos,MÉDIA,True
03/08/2026,06:28:06,2026,AC,01392,RIO BRANCO,9,129,1198,UFAC - UNIVERSIDADE FEDERAL DO ACRE,BR 364 KM 04,DISTRITO INDUSTRIAL,69920900,-9.9562477,-67.8634495,ATIVO,ATIVO,Com acessibilidade,319,319,319,01392|9|129,01392|9|1198,URBANA OU NÃO IDENTIFICADA COMO RURAL,False,Ausência de marcador rural nos campos públicos,MÉDIA,True
03/08/2026,06:28:06,2026,AC,01392,RIO BRANCO,9,176,1198,UFAC - UNIVERSIDADE FEDERAL DO ACRE,BR 364 KM 04,DISTRITO INDUSTRIAL,69920900,-9.9562477,-67.8634495,ATIVO,ATIVO,Com acessibilidade,327,327,327,01392|9|176,01392|9|1198,URBANA OU NÃO IDENTIFICADA COMO RURAL,False,Ausência de marcador rural nos campos públicos,MÉDIA,True
03/08/2026,06:28:06,2026,AC,01392,RIO BRANCO,9,224,1198,UFAC - UNIVERSIDADE FEDERAL DO ACRE,BR 364 KM 04,DISTRITO INDUSTRIAL,69920900,-9.9562477,-67.8634495,ATIVO,ATIVO,Com acessibilidade,329,329,329,01392|9|224,01392|9|1198,URBANA OU NÃO IDENTIFICADA COMO RURAL,False,Ausência de marcador rural nos campos públicos,MÉDIA,True
03/08/2026,06:28:06,2026,AC,01392,RIO BRANCO,9,286,1198,UFAC - UNIVERSIDADE FEDERAL DO ACRE,BR 364 KM 04,DISTRITO INDUSTRIAL,69920900,-9.9562477,-67.8634495,ATIVO,ATIVO,Com acessibilidade,324,324,324,01392|9|286,01392|9|1198,URBANA OU NÃO IDENTIFICADA COMO RURAL,False,Ausência de marcador rural nos campos públicos,MÉDIA,True
03/08/2026,06:28:06,2026,AC,01392,RIO BRANCO,9,313,1198,UFAC - UNIVERSIDADE FEDERAL DO ACRE,BR 364 KM 04,DISTRITO INDUSTRIAL,69920900,-9.9562477,-67.8634495,ATIVO,ATIVO,Com acessibilidade,318,318,318,01392|9|313,01392|9|1198,URBANA OU NÃO IDENTIFICADA COMO RURAL,False,Ausência de marcador rural nos campos públicos,MÉDIA,True
03/08/2026,06:28:06,2026,AC,01392,RIO BRANCO,9,409,1198,UFAC - UNIVERSIDADE FEDERAL DO ACRE,BR 364 KM 04,DISTRITO INDUSTRIAL,69920900,-9.9562477,-67.8634495,ATIVO,ATIVO,Com acessibilidade,316,316,316,01392|9|409,01392|9|1198,URBANA OU NÃO IDENTIFICADA COMO RURAL,False,Ausência de marcador rural nos campos públicos,MÉDIA,True
03/08/2026,06:28:06,2026,AC,01392,RIO BRANCO,9,434,1198,UFAC - UNIVERSIDADE FEDERAL DO ACRE,BR 364 KM 04,DISTRITO INDUSTRIAL,69920900,-9.9562477,-67.8634495,ATIVO,ATIVO,Com acessibilidade,321,321,321,01392|9|434,01392|9|1198,URBANA OU NÃO IDENTIFICADA COMO RURAL,False,Ausência de marcador rural nos campos públicos,MÉDIA,True
03/08/2026,06:28:06,2026,AC,01392,RIO BRANCO,9,448,1198,UFAC - UNIVERSIDADE FEDERAL DO ACRE,BR 364 KM 04,DISTRITO INDUSTRIAL,69920900,-9.9562477,-67.8634495,ATIVO,ATIVO,Com acessibilidade,324,324,324,01392|9|448,01392|9|1198,URBANA OU NÃO IDENTIFICADA COMO RURAL,False,Ausência de marcador rural nos campos públicos,MÉDIA,True
03/08/2026,06:28:06,2026,AC,01392,RIO BRANCO,9,87,1201,ESCOLA HENRIQUE LIMA,"RUA LUIZ PEREIRA, 106",CALAFATE,69914310,-9.976667,-67.8857893,ATIVO,ATIVO,Com acessibilidade,333,333,333,01392|9|87,01392|9|1201,URBANA OU NÃO IDENTIFICADA COMO RURAL,False,Ausência de marcador rural nos campos públicos,MÉDIA,True
03/08/2026,06:28:06,2026,AC,01392,RIO BRANCO,9,88,1201,ESCOLA HENRIQUE LIMA,"RUA LUIZ PEREIRA, 106",CALAFATE,69914310,-9.976667,-67.8857893,ATIVO,ATIVO,Com acessibilidade,336,336,336,01392|9|88,01392|9|1201,URBANA OU NÃO IDENTIFICADA COMO RURAL,False,Ausência de marcador rural nos campos públicos,MÉDIA,True
03/08/2026,06:28:06,2026,AC,01392,RIO BRANCO,9,165,1201,ESCOLA HENRIQUE LIMA,"RUA LUIZ PEREIRA, 106",CALAFATE,69914310,-9.976667,-67.8857893,ATIVO,ATIVO,Com acessibilidade,331,331,331,01392|9|165,01392|9|1201,URBANA OU NÃO IDENTIFICADA COMO RURAL,False,Ausência de marcador rural nos campos públicos,MÉDIA,True
03/08/2026,06:28:06,2026,AC,01392,RIO BRANCO,9,235,1201,ESCOLA HENRIQUE LIMA,"RUA LUIZ PEREIRA, 106",CALAFATE,69914310,-9.976667,-67.8857893,ATIVO,ATIVO,Com acessibilidade,325,325,325,01392|9|235,01392|9|1201,URBANA OU NÃO IDENTIFICADA COMO RURAL,False,Ausência de marcador rural nos campos públicos,MÉDIA,True
03/08/2026,06:28:06,2026,AC,01392,RIO BRANCO,9,251,1201,ESCOLA HENRIQUE LIMA,"RUA LUIZ PEREIRA, 106",CALAFATE,69914310,-9.976667,-67.8857893,ATIVO,ATIVO,Com acessibilidade,330,330,330,01392|9|251,01392|9|1201,URBANA OU NÃO IDENTIFICADA COMO RURAL,False,Ausência de marcador rural nos campos públicos,MÉDIA,True
03/08/2026,06:28:06,2026,AC,01392,RIO BRANCO,9,258,1201,ESCOLA HENRIQUE LIMA,"RUA LUIZ PEREIRA, 106",CALAFATE,69914310,-9.976667,-67.8857893,ATIVO,ATIVO,Com acessibilidade,337,337,337,01392|9|258,01392|9|1201,URBANA OU NÃO IDENTIFICADA COMO RURAL,False,Ausência de marcador rural nos campos públicos,MÉDIA,True
03/08/2026,06:28:06,2026,AC,01392,RIO BRANCO,9,90,1210,ESCOLA SHEILA MARIA NASSERALA,"RUA EDMUNDO PINTO, 423 - CONJUNTO TANGARÁ",ESTAÇÃO EXPERIMENTAL,0,-9.9633929,-67.8401375,ATIVO,ATIVO,Com acessibilidade,332,332,332,01392|9|90,01392|9|1210,URBANA OU NÃO IDENTIFICADA COMO RURAL,False,Ausência de marcador rural nos campos públicos,MÉDIA,True
03/08/2026,06:28:06,2026,AC,01392,RIO BRANCO,9,91,1210,ESCOLA SHEILA MARIA NASSERALA,"RUA EDMUNDO PINTO, 423 - CONJUNTO TANGARÁ",ESTAÇÃO EXPERIMENTAL,0,-9.9633929,-67.8401375,ATIVO,ATIVO,Com acessibilidade,334,334,334,01392|9|91,01392|9|1210,URBANA OU NÃO IDENTIFICADA COMO RURAL,False,Ausência de marcador rural nos campos públicos,MÉDIA,True
03/08/2026,06:28:06,2026,AC,01392,RIO BRANCO,9,93,1236,ESCOLA JOÃO PAULO I,"RUA SÃO FRANCISCO, 177",JOÃO EDUARDO,0,-9.9812157,-67.8328172,ATIVO,ATIVO,Com acessibilidade,341,341,341,01392|9|93,01392|9|1236,URBANA OU NÃO IDENTIFICADA COMO RURAL,False,Ausência de marcador rural nos campos públicos,MÉDIA,True
03/08/2026,06:28:06,2026,AC,01392,RIO BRANCO,9,94,1236,ESCOLA JOÃO PAULO I,"RUA SÃO FRANCISCO, 177",JOÃO EDUARDO,0,-9.9812157,-67.8328172,ATIVO,ATIVO,Com acessibilidade,342,342,342,01392|9|94,01392|9|1236,URBANA OU NÃO IDENTIFICADA COMO RURAL,False,Ausência de marcador rural nos campos públicos,MÉDIA,True
03/08/2026,06:28:06,2026,AC,01392,RIO BRANCO,9,95,1236,ESCOLA JOÃO PAULO I,"RUA SÃO FRANCISCO, 177",JOÃO EDUARDO,0,-9.9812157,-67.8328172,ATIVO,ATIVO,Com acessibilidade,338,338,338,01392|9|95,01392|9|1236,URBANA OU NÃO IDENTIFICADA COMO RURAL,False,Ausência de marcador rural nos campos públicos,MÉDIA,True
03/08/2026,06:28:06,2026,AC,01392,RIO BRANCO,9,171,1236,ESCOLA JOÃO PAULO I,"RUA SÃO FRANCISCO, 177",JOÃO EDUARDO,0,-9.9812157,-67.8328172,ATIVO,ATIVO,Com acessibilidade,340,340,340,01392|9|171,01392|9|1236,URBANA OU NÃO IDENTIFICADA COMO RURAL,False,Ausência de marcador rural nos campos públicos,MÉDIA,True
03/08/2026,06:28:06,2026,AC,01392,RIO BRANCO,9,206,1236,ESCOLA JOÃO PAULO I,"RUA SÃO FRANCISCO, 177",JOÃO EDUARDO,0,-9.9812157,-67.8328172,ATIVO,ATIVO,Com acessibilidade,334,334,334,01392|9|206,01392|9|1236,URBANA OU NÃO IDENTIFICADA COMO RURAL,False,Ausência de marcador rural nos campos públicos,MÉDIA,True
03/08/2026,06:28:06,2026,AC,01392,RIO BRANCO,9,98,1244,ESCOLA CLÍNIO BRANDÃO,"BR 364 - VIA VERDE, 2478",FLORESTA,0,-9.9894608,-67.8481081,ATIVO,ATIVO,Com acessibilidade,341,341,341,01392|9|98,01392|9|1244,URBANA OU NÃO IDENTIFICADA COMO RURAL,False,Ausência de marcador rural nos campos públicos,MÉDIA,True
03/08/2026,06:28:06,2026,AC,01392,RIO BRANCO,9,127,1244,ESCOLA CLÍNIO BRANDÃO,"BR 364 - VIA VERDE, 2478",FLORESTA,0,-9.9894608,-67.8481081,ATIVO,ATIVO,Com acessibilidade,338,338,338,01392|9|127,01392|9|1244,URBANA OU NÃO IDENTIFICADA COMO RURAL,False,Ausência de marcador rural nos campos públicos,MÉDIA,True
03/08/2026,06:28:06,2026,AC,01392,RIO BRANCO,9,214,1244,ESCOLA CLÍNIO BRANDÃO,"BR 364 - VIA VERDE, 2478",FLORESTA,0,-9.9894608,-67.8481081,ATIVO,ATIVO,Com acessibilidade,342,342,342,01392|9|214,01392|9|1244,URBANA OU NÃO IDENTIFICADA COMO RURAL,False,Ausência de marcador rural nos campos públicos,MÉDIA,True
03/08/2026,06:28:06,2026,AC,01392,RIO BRANCO,9,447,1244,ESCOLA CLÍNIO BRANDÃO,"BR 364 - VIA VERDE, 2478",FLORESTA,0,-9.9894608,-67.8481081,ATIVO,ATIVO,Com acessibilidade,346,346,346,01392|9|447,01392|9|1244,URBANA OU NÃO IDENTIFICADA COMO RURAL,False,Ausência de marcador rural nos campos públicos,MÉDIA,True
03/08/2026,06:28:06,2026,AC,01392,RIO BRANCO,9,99,1252,ESCOLA JOÃO PAULO II,"RODOVIA AC 90 KM 03, 659",SOBRAL,0,-10.0013926,-67.8336337,ATIVO,ATIVO,Com acessibilidade,333,333,333,01392|9|99,01392|9|1252,URBANA OU NÃO IDENTIFICADA COMO RURAL,False,Ausência de marcador rural nos campos públicos,MÉDIA,True
03/08/2026,06:28:06,2026,AC,01392,RIO BRANCO,9,100,1252,ESCOLA JOÃO PAULO II,"RODOVIA AC 90 KM 03, 659",SOBRAL,0,-10.0013926,-67.8336337,ATIVO,ATIVO,Com acessibilidade,335,335,335,01392|9|100,01392|9|1252,URBANA OU NÃO IDENTIFICADA COMO RURAL,False,Ausência de marcador rural nos campos públicos,MÉDIA,True
03/08/2026,06:28:06,2026,AC,01392,RIO BRANCO,9,161,1252,ESCOLA JOÃO PAULO II,"RODOVIA AC 90 KM 03, 659",SOBRAL,0,-10.0013926,-67.8336337,ATIVO,ATIVO,Com acessibilidade,341,341,341,01392|9|161,01392|9|1252,URBANA OU NÃO IDENTIFICADA COMO RURAL,False,Ausência de marcador rural nos campos públicos,MÉDIA,True
03/08/2026,06:28:06,2026,AC,01392,RIO BRANCO,9,229,1252,ESCOLA JOÃO PAULO II,"RODOVIA AC 90 KM 03, 659",SOBRAL,0,-10.0013926,-67.8336337,ATIVO,ATIVO,Com acessibilidade,336,336,336,01392|9|229,01392|9|1252,URBANA OU NÃO IDENTIFICADA COMO RURAL,False,Ausência de marcador rural nos campos públicos,MÉDIA,True
03/08/2026,06:28:06,2026,AC,01392,RIO BRANCO,9,256,1252,ESCOLA JOÃO PAULO II,"RODOVIA AC 90 KM 03, 659",SOBRAL,0,-10.0013926,-67.8336337,ATIVO,ATIVO,Com acessibilidade,335,335,335,01392|9|256,01392|9|1252,URBANA OU NÃO IDENTIFICADA COMO RURAL,False,Ausência de marcador rural nos campos públicos,MÉDIA,True
03/08/2026,06:28:06,2026,AC,01392,RIO BRANCO,9,453,1252,ESCOLA JOÃO PAULO II,"RODOVIA AC 90 KM 03, 659",SOBRAL,0,-10.0013926,-67.8336337,ATIVO,ATIVO,Com acessibilidade,343,343,343,01392|9|453,01392|9|1252,URBANA OU NÃO IDENTIFICADA COMO RURAL,False,Ausência de marcador rural nos campos públicos,MÉDIA,True
03/08/2026,06:28:06,2026,AC,01392,RIO BRANCO,9,103,1260,ESCOLA JOSÉ SALES DE ARAÚJO,"AVENIDA MARIA JOSÉ DE OLIVEIRA N. 1184, CONJUNTO UNIVERSITÁRIO II",DISTRITO INDUSTRIAL,69917680,-9.9463529,-67.8819124,ATIVO,ATIVO,Com acessibilidade,303,303,303,01392|9|103,01392|9|1260,URBANA OU NÃO IDENTIFICADA COMO RURAL,False,Ausência de marcador rural nos campos públicos,MÉDIA,True
03/08/2026,06:28:06,2026,AC,01392,RIO BRANCO,9,119,1260,ESCOLA JOSÉ SALES DE ARAÚJO,"AVENIDA MARIA JOSÉ DE OLIVEIRA N. 1184, CONJUNTO UNIVERSITÁRIO II",DISTRITO INDUSTRIAL,69917680,-9.9463529,-67.8819124,ATIVO,ATIVO,Com acessibilidade,304,304,304,01392|9|119,01392|9|1260,URBANA OU NÃO IDENTIFICADA COMO RURAL,False,Ausência de marcador rural nos campos públicos,MÉDIA,True
03/08/2026,06:28:06,2026,AC,01392,RIO BRANCO,9,130,1260,ESCOLA JOSÉ SALES DE ARAÚJO,"AVENIDA MARIA JOSÉ DE OLIVEIRA N. 1184, CONJUNTO UNIVERSITÁRIO II",DISTRITO INDUSTRIAL,69917680,-9.9463529,-67.8819124,ATIVO,ATIVO,Com acessibilidade,303,303,303,01392|9|130,01392|9|1260,URBANA OU NÃO IDENTIFICADA COMO RURAL,False,Ausência de marcador rural nos campos públicos,MÉDIA,True
03/08/2026,06:28:06,2026,AC,01392,RIO BRANCO,9,180,1260,ESCOLA JOSÉ SALES DE ARAÚJO,"AVENIDA MARIA JOSÉ DE OLIVEIRA N. 1184, CONJUNTO UNIVERSITÁRIO II",DISTRITO INDUSTRIAL,69917680,-9.9463529,-67.8819124,ATIVO,ATIVO,Com acessibilidade,309,309,309,01392|9|180,01392|9|1260,URBANA OU NÃO IDENTIFICADA COMO RURAL,False,Ausência de marcador rural nos campos públicos,MÉDIA,True
03/08/2026,06:28:06,2026,AC,01392,RIO BRANCO,9,459,1260,ESCOLA JOSÉ SALES DE ARAÚJO,"AVENIDA MARIA JOSÉ DE OLIVEIRA N. 1184, CONJUNTO UNIVERSITÁRIO II",DISTRITO INDUSTRIAL,69917680,-9.9463529,-67.8819124,ATIVO,ATIVO,Sem acessibilidade,310,310,310,01392|9|459,01392|9|1260,URBANA OU NÃO IDENTIFICADA COMO RURAL,False,Ausência de marcador rural nos campos públicos,MÉDIA,True
03/08/2026,06:28:06,2026,AC,01392,RIO BRANCO,9,109,1295,ESCOLA MARIA RAIMUNDA BALBINO DA SILVA,"RUA TIÃO NATUREZA, 349",PALHEIRAL,0,-9.9839954,-67.8271412,ATIVO,ATIVO,Com acessibilidade,340,340,340,01392|9|109,01392|9|1295,URBANA OU NÃO IDENTIFICADA COMO RURAL,False,Ausência de marcador rural nos campos públicos,MÉDIA,True
03/08/2026,06:28:06,2026,AC,01392,RIO BRANCO,9,110,1295,ESCOLA MARIA RAIMUNDA BALBINO DA SILVA,"RUA TIÃO NATUREZA, 349",PALHEIRAL,0,-9.9839954,-67.8271412,ATIVO,ATIVO,Com acessibilidade,336,336,336,01392|9|110,01392|9|1295,URBANA OU NÃO IDENTIFICADA COMO RURAL,False,Ausência de marcador rural nos campos públicos,MÉDIA,True
03/08/2026,06:28:06,2026,AC,01392,RIO BRANCO,9,128,1295,ESCOLA MARIA RAIMUNDA BALBINO DA SILVA,"RUA TIÃO NATUREZA, 349",PALHEIRAL,0,-9.9839954,-67.8271412,ATIVO,ATIVO,Com acessibilidade,338,338,338,01392|9|128,01392|9|1295,URBANA OU NÃO IDENTIFICADA COMO RURAL,False,Ausência de marcador rural nos campos públicos,MÉDIA,True
03/08/2026,06:28:06,2026,AC,01392,RIO BRANCO,9,111,1309,ESCOLA RURAL PROF. CLAUDIO AUGUSTO F. DE SALES,RODOVIA AC 90 KM 45,ZONA RURAL,69912290,-9.9600689,-68.1858957,ATIVO,ATIVO,Com acessibilidade,327,327,327,01392|9|111,01392|9|1309,RURAL IDENTIFICADA,True,Termo RURAL no bairro ou no nome do local no arquivo do TSE,ALTA,True
03/08/2026,06:28:06,2026,AC,01392,RIO BRANCO,9,249,1309,ESCOLA RURAL PROF. CLAUDIO AUGUSTO F. DE SALES,RODOVIA AC 90 KM 45,ZONA RURAL,69912290,-9.9600689,-68.1858957,ATIVO,ATIVO,Com acessibilidade,338,338,338,01392|9|249,01392|9|1309,RURAL IDENTIFICADA,True,Termo RURAL no bairro ou no nome do local no arquivo do TSE,ALTA,True
03/08/2026,06:28:06,2026,AC,01392,RIO BRANCO,9,112,1317,ESCOLA MUN PROF TEREZINHA MIGUÉIS (PROJ. FIGUEIRA - INCRA),"RODOVIA AC 90 KM 58, VILA VERDE",ZONA RURAL,69900000,-9.9353199,-68.3038963,ATIVO,ATIVO,Com acessibilidade,290,290,290,01392|9|112,01392|9|1317,RURAL IDENTIFICADA,True,Termo RURAL no bairro ou no nome do local no arquivo do TSE,ALTA,True
03/08/2026,06:28:06,2026,AC,01392,RIO BRANCO,9,131,1317,ESCOLA MUN PROF TEREZINHA MIGUÉIS (PROJ. FIGUEIRA - INCRA),"RODOVIA AC 90 KM 58, VILA VERDE",ZONA RURAL,69900000,-9.9353199,-68.3038963,ATIVO,ATIVO,Com acessibilidade,293,293,293,01392|9|131,01392|9|1317,RURAL IDENTIFICADA,True,Termo RURAL no bairro ou no nome do local no arquivo do TSE,ALTA,True
03/08/2026,06:28:06,2026,AC,01392,RIO BRANCO,9,182,1317,ESCOLA MUN PROF TEREZINHA MIGUÉIS (PROJ. FIGUEIRA - INCRA),"RODOVIA AC 90 KM 58, VILA VERDE",ZONA RURAL,69900000,-9.9353199,-68.3038963,ATIVO,ATIVO,Com acessibilidade,286,286,286,01392|9|182,01392|9|1317,RURAL IDENTIFICADA,True,Termo RURAL no bairro ou no nome do local no arquivo do TSE,ALTA,True
03/08/2026,06:28:06,2026,AC,01392,RIO BRANCO,9,113,1325,SMZC - SECRETARIA MUNICIPAL E ZELADORIA DA CIDADE,"AV. SOBRAL, 70",AEROPORTO VELHO,69911114,-9.982756,-67.8247212,ATIVO,ATIVO,Com acessibilidade,272,272,272,01392|9|113,01392|9|1325,URBANA OU NÃO IDENTIFICADA COMO RURAL,False,Ausência de marcador rural nos campos públicos,MÉDIA,True
03/08/2026,06:28:06,2026,AC,01392,RIO BRANCO,9,272,1325,SMZC - SECRETARIA MUNICIPAL E ZELADORIA DA CIDADE,"AV. SOBRAL, 70",AEROPORTO VELHO,69911114,-9.982756,-67.8247212,ATIVO,ATIVO,Com acessibilidade,266,266,266,01392|9|272,01392|9|1325,URBANA OU NÃO IDENTIFICADA COMO RURAL,False,Ausência de marcador rural nos campos públicos,MÉDIA,True
03/08/2026,06:28:06,2026,AC,01392,RIO BRANCO,9,67,1333,ESCOLA PÚBLICA RAIMUNDO GOMES DE OLIVEIRA,AV CENTAL S/N  -  CONJUNTO TUCUMÃ II,DISTRITO INDUSTRIAL,69919712,-9.9489275,-67.859322,ATIVO,ATIVO,Com acessibilidade,339,339,339,01392|9|67,01392|9|1333,URBANA OU NÃO IDENTIFICADA COMO RURAL,False,Ausência de marcador rural nos campos públicos,MÉDIA,True
03/08/2026,06:28:06,2026,AC,01392,RIO BRANCO,9,134,1333,ESCOLA PÚBLICA RAIMUNDO GOMES DE OLIVEIRA,AV CENTAL S/N  -  CONJUNTO TUCUMÃ II,DISTRITO INDUSTRIAL,69919712,-9.9489275,-67.859322,ATIVO,ATIVO,Com acessibilidade,335,335,335,01392|9|134,01392|9|1333,URBANA OU NÃO IDENTIFICADA COMO RURAL,False,Ausência de marcador rural nos campos públicos,MÉDIA,True
03/08/2026,06:28:06,2026,AC,01392,RIO BRANCO,9,135,1333,ESCOLA PÚBLICA RAIMUNDO GOMES DE OLIVEIRA,AV CENTAL S/N  -  CONJUNTO TUCUMÃ II,DISTRITO INDUSTRIAL,69919712,-9.9489275,-67.859322,ATIVO,ATIVO,Com acessibilidade,340,340,340,01392|9|135,01392|9|1333,URBANA OU NÃO IDENTIFICADA COMO RURAL,False,Ausência de marcador rural nos campos públicos,MÉDIA,True
03/08/2026,06:28:06,2026,AC,01392,RIO BRANCO,9,138,1333,ESCOLA PÚBLICA RAIMUNDO GOMES DE OLIVEIRA,AV CENTAL S/N  -  CONJUNTO TUCUMÃ II,DISTRITO INDUSTRIAL,69919712,-9.9489275,-67.859322,ATIVO,ATIVO,Com acessibilidade,331,331,331,01392|9|138,01392|9|1333,URBANA OU NÃO IDENTIFICADA COMO RURAL,False,Ausência de marcador rural nos campos públicos,MÉDIA,True
03/08/2026,06:28:06,2026,AC,01392,RIO BRANCO,9,244,1333,ESCOLA PÚBLICA RAIMUNDO GOMES DE OLIVEIRA,AV CENTAL S/N  -  CONJUNTO TUCUMÃ II,DISTRITO INDUSTRIAL,69919712,-9.9489275,-67.859322,ATIVO,ATIVO,Com acessibilidade,335,335,335,01392|9|244,01392|9|1333,URBANA OU NÃO IDENTIFICADA COMO RURAL,False,Ausência de marcador rural nos campos públicos,MÉDIA,True
03/08/2026,06:28:06,2026,AC,01392,RIO BRANCO,9,246,1333,ESCOLA PÚBLICA RAIMUNDO GOMES DE OLIVEIRA,AV CENTAL S/N  -  CONJUNTO TUCUMÃ II,DISTRITO INDUSTRIAL,69919712,-9.9489275,-67.859322,ATIVO,ATIVO,Com acessibilidade,334,334,334,01392|9|246,01392|9|1333,URBANA OU NÃO IDENTIFICADA COMO RURAL,False,Ausência de marcador rural nos campos públicos,MÉDIA,True
03/08/2026,06:28:06,2026,AC,01392,RIO BRANCO,9,302,1333,ESCOLA PÚBLICA RAIMUNDO GOMES DE OLIVEIRA,AV CENTAL S/N  -  CONJUNTO TUCUMÃ II,DISTRITO INDUSTRIAL,69919712,-9.9489275,-67.859322,ATIVO,ATIVO,Com acessibilidade,336,336,336,01392|9|302,01392|9|1333,URBANA OU NÃO IDENTIFICADA COMO RURAL,False,Ausência de marcador rural nos campos públicos,MÉDIA,True
03/08/2026,06:28:06,2026,AC,01392,RIO BRANCO,9,11,1368,ESCOLA INFANTIL MONTEIRO LOBATO,"R. ALFREDO ZAIRE, 102 - CONJ. BELA VISTA, RIO BRANCO - AC, 69911-304",BELA VISTA,69911304,-9.9751839,-67.8284581,ATIVO,ATIVO,Com acessibilidade,285,285,285,01392|9|11,01392|9|1368,URBANA OU NÃO IDENTIFICADA COMO RURAL,False,Ausência de marcador rural nos campos públicos,MÉDIA,True
03/08/2026,06:28:06,2026,AC,01392,RIO BRANCO,9,12,1368,ESCOLA INFANTIL MONTEIRO LOBATO,"R. ALFREDO ZAIRE, 102 - CONJ. BELA VISTA, RIO BRANCO - AC, 69911-304",BELA VISTA,69911304,-9.9751839,-67.8284581,ATIVO,ATIVO,Com acessibilidade,283,283,283,01392|9|12,01392|9|1368,URBANA OU NÃO IDENTIFICADA COMO RURAL,False,Ausência de marcador rural nos campos públicos,MÉDIA,True
03/08/2026,06:28:06,2026,AC,01392,RIO BRANCO,9,14,1368,ESCOLA INFANTIL MONTEIRO LOBATO,"R. ALFREDO ZAIRE, 102 - CONJ. BELA VISTA, RIO BRANCO - AC, 69911-304",BELA VISTA,69911304,-9.9751839,-67.8284581,ATIVO,ATIVO,Com acessibilidade,301,301,301,01392|9|14,01392|9|1368,URBANA OU NÃO IDENTIFICADA COMO RURAL,False,Ausência de marcador rural nos campos públicos,MÉDIA,True
03/08/2026,06:28:06,2026,AC,01392,RIO BRANCO,9,15,1368,ESCOLA INFANTIL MONTEIRO LOBATO,"R. ALFREDO ZAIRE, 102 - CONJ. BELA VISTA, RIO BRANCO - AC, 69911-304",BELA VISTA,69911304,-9.9751839,-67.8284581,ATIVO,ATIVO,Com acessibilidade,302,302,302,01392|9|15,01392|9|1368,URBANA OU NÃO IDENTIFICADA COMO RURAL,False,Ausência de marcador rural nos campos públicos,MÉDIA,True
03/08/2026,06:28:06,2026,AC,01392,RIO BRANCO,9,157,1368,ESCOLA INFANTIL MONTEIRO LOBATO,"R. ALFREDO ZAIRE, 102 - CONJ. BELA VISTA, RIO BRANCO - AC, 69911-304",BELA VISTA,69911304,-9.9751839,-67.8284581,ATIVO,ATIVO,Com acessibilidade,298,298,298,01392|9|157,01392|9|1368,URBANA OU NÃO IDENTIFICADA COMO RURAL,False,Ausência de marcador rural nos campos públicos,MÉDIA,True
03/08/2026,06:28:06,2026,AC,01392,RIO BRANCO,9,21,1376,FEDERAÇÃO DAS INDÚSTRIAS DO ESTADO DO ACRE - FIEAC,"AVENIDA CEARÁ, 3727",ESTAÇÃO EXPERIMENTAL,69918108,-9.9682409,-67.8301579,ATIVO,ATIVO,Com acessibilidade,318,318,318,01392|9|21,01392|9|1376,URBANA OU NÃO IDENTIFICADA COMO RURAL,False,Ausência de marcador rural nos campos públicos,MÉDIA,True
03/08/2026,06:28:06,2026,AC,01392,RIO BRANCO,9,22,1376,FEDERAÇÃO DAS INDÚSTRIAS DO ESTADO DO ACRE - FIEAC,"AVENIDA CEARÁ, 3727",ESTAÇÃO EXPERIMENTAL,69918108,-9.9682409,-67.8301579,ATIVO,ATIVO,Com acessibilidade,316,316,316,01392|9|22,01392|9|1376,URBANA OU NÃO IDENTIFICADA COMO RURAL,False,Ausência de marcador rural nos campos públicos,MÉDIA,True
03/08/2026,06:28:06,2026,AC,01392,RIO BRANCO,9,152,1376,FEDERAÇÃO DAS INDÚSTRIAS DO ESTADO DO ACRE - FIEAC,"AVENIDA CEARÁ, 3727",ESTAÇÃO EXPERIMENTAL,69918108,-9.9682409,-67.8301579,ATIVO,ATIVO,Com acessibilidade,318,318,318,01392|9|152,01392|9|1376,URBANA OU NÃO IDENTIFICADA COMO RURAL,False,Ausência de marcador rural nos campos públicos,MÉDIA,True
03/08/2026,06:28:06,2026,AC,01392,RIO BRANCO,9,23,1384,ESCOLA FRANCISCO AUGUSTO BACURAU,"RUA SENADOR GUIOMARD SANTOS, 480",FLORESTA,69915278,-9.9801413,-67.8432867,ATIVO,ATIVO,Com acessibilidade,340,340,340,01392|9|23,01392|9|1384,URBANA OU NÃO IDENTIFICADA COMO RURAL,False,Ausência de marcador rural nos campos públicos,MÉDIA,True
03/08/2026,06:28:06,2026,AC,01392,RIO BRANCO,9,24,1384,ESCOLA FRANCISCO AUGUSTO BACURAU,"RUA SENADOR GUIOMARD SANTOS, 480",FLORESTA,69915278,-9.9801413,-67.8432867,ATIVO,ATIVO,Com acessibilidade,336,336,336,01392|9|24,01392|9|1384,URBANA OU NÃO IDENTIFICADA COMO RURAL,False,Ausência de marcador rural nos campos públicos,MÉDIA,True
03/08/2026,06:28:06,2026,AC,01392,RIO BRANCO,9,151,1384,ESCOLA FRANCISCO AUGUSTO BACURAU,"RUA SENADOR GUIOMARD SANTOS, 480",FLORESTA,69915278,-9.9801413,-67.8432867,ATIVO,ATIVO,Com acessibilidade,333,333,333,01392|9|151,01392|9|1384,URBANA OU NÃO IDENTIFICADA COMO RURAL,False,Ausência de marcador rural nos campos públicos,MÉDIA,True
03/08/2026,06:28:06,2026,AC,01392,RIO BRANCO,9,199,1384,ESCOLA FRANCISCO AUGUSTO BACURAU,"RUA SENADOR GUIOMARD SANTOS, 480",FLORESTA,69915278,-9.9801413,-67.8432867,ATIVO,ATIVO,Com acessibilidade,338,338,338,01392|9|199,01392|9|1384,URBANA OU NÃO IDENTIFICADA COMO RURAL,False,Ausência de marcador rural nos campos públicos,MÉDIA,True
03/08/2026,06:28:06,2026,AC,01392,RIO BRANCO,9,20,1422,COLÉGIO ALTERNATIVO,"AVENIDA GENERAL VIEIRA DE MELO, 183",FLORESTA,69915178,-9.9737396,-67.8345305,ATIVO,ATIVO,Com acessibilidade,312,312,312,01392|9|20,01392|9|1422,URBANA OU NÃO IDENTIFICADA COMO RURAL,False,Ausência de marcador rural nos campos públicos,MÉDIA,True
03/08/2026,06:28:06,2026,AC,01392,RIO BRANCO,9,150,1422,COLÉGIO ALTERNATIVO,"AVENIDA GENERAL VIEIRA DE MELO, 183",FLORESTA,69915178,-9.9737396,-67.8345305,ATIVO,ATIVO,Com acessibilidade,316,316,316,01392|9|150,01392|9|1422,URBANA OU NÃO IDENTIFICADA COMO RURAL,False,Ausência de marcador rural nos campos públicos,MÉDIA,True
03/08/2026,06:28:06,2026,AC,01392,RIO BRANCO,9,153,1422,COLÉGIO ALTERNATIVO,"AVENIDA GENERAL VIEIRA DE MELO, 183",FLORESTA,69915178,-9.9737396,-67.8345305,ATIVO,ATIVO,Com acessibilidade,257,257,257,01392|9|153,01392|9|1422,URBANA OU NÃO IDENTIFICADA COMO RURAL,False,Ausência de marcador rural nos campos públicos,MÉDIA,True
03/08/2026,06:28:06,2026,AC,01392,RIO BRANCO,9,164,1422,COLÉGIO ALTERNATIVO,"AVENIDA GENERAL VIEIRA DE MELO, 183",FLORESTA,69915178,-9.9737396,-67.8345305,ATIVO,ATIVO,Com acessibilidade,256,256,256,01392|9|164,01392|9|1422,URBANA OU NÃO IDENTIFICADA COMO RURAL,False,Ausência de marcador rural nos campos públicos,MÉDIA,True
03/08/2026,06:28:06,2026,AC,01392,RIO BRANCO,9,207,1422,COLÉGIO ALTERNATIVO,"AVENIDA GENERAL VIEIRA DE MELO, 183",FLORESTA,69915178,-9.9737396,-67.8345305,ATIVO,ATIVO,Com acessibilidade,314,314,314,01392|9|207,01392|9|1422,URBANA OU NÃO IDENTIFICADA COMO RURAL,False,Ausência de marcador rural nos campos públicos,MÉDIA,True
03/08/2026,06:28:06,2026,AC,01392,RIO BRANCO,9,291,1422,COLÉGIO ALTERNATIVO,"AVENIDA GENERAL VIEIRA DE MELO, 183",FLORESTA,69915178,-9.9737396,-67.8345305,ATIVO,ATIVO,Com acessibilidade,288,288,288,01392|9|291,01392|9|1422,URBANA OU NÃO IDENTIFICADA COMO RURAL,False,Ausência de marcador rural nos campos públicos,MÉDIA,True
03/08/2026,06:28:06,2026,AC,01392,RIO BRANCO,9,470,1422,COLÉGIO ALTERNATIVO,"AVENIDA GENERAL VIEIRA DE MELO, 183",FLORESTA,69915178,-9.9737396,-67.8345305,ATIVO,ATIVO,Sem acessibilidade,256,256,256,01392|9|470,01392|9|1422,URBANA OU NÃO IDENTIFICADA COMO RURAL,False,Ausência de marcador rural nos campos públicos,MÉDIA,True
03/08/2026,06:28:06,2026,AC,01392,RIO BRANCO,9,149,1430,ASSOCIAÇÃO DE PAIS E AMIGOS DOS EXCEPCIONAIS - APAE,"RUA EUCLIDES DA CUNHA, 67 - QD 1, CASA 21 - CONJ. ESPERANCA I",ESPERANÇA,69915168,-9.9731711,-67.8352235,ATIVO,ATIVO,Com acessibilidade,338,338,338,01392|9|149,01392|9|1430,URBANA OU NÃO IDENTIFICADA COMO RURAL,False,Ausência de marcador rural nos campos públicos,MÉDIA,True
03/08/2026,06:28:06,2026,AC,01392,RIO BRANCO,9,285,1430,ASSOCIAÇÃO DE PAIS E AMIGOS DOS EXCEPCIONAIS - APAE,"RUA EUCLIDES DA CUNHA, 67 - QD 1, CASA 21 - CONJ. ESPERANCA I",ESPERANÇA,69915168,-9.9731711,-67.8352235,ATIVO,ATIVO,Com acessibilidade,336,336,336,01392|9|285,01392|9|1430,URBANA OU NÃO IDENTIFICADA COMO RURAL,False,Ausência de marcador rural nos campos públicos,MÉDIA,True
03/08/2026,06:28:06,2026,AC,01392,RIO BRANCO,9,33,1449,ESCOLA INFANTIL BEM-TE-VI,"RUA EUCLIDES DA CUNHA, 245",ESPERANÇA,69915168,-9.9726146,-67.8349787,ATIVO,ATIVO,Com acessibilidade,337,337,337,01392|9|33,01392|9|1449,URBANA OU NÃO IDENTIFICADA COMO RURAL,False,Ausência de marcador rural nos campos públicos,MÉDIA,True
03/08/2026,06:28:06,2026,AC,01392,RIO BRANCO,9,148,1449,ESCOLA INFANTIL BEM-TE-VI,"RUA EUCLIDES DA CUNHA, 245",ESPERANÇA,69915168,-9.9726146,-67.8349787,ATIVO,ATIVO,Com acessibilidade,343,343,343,01392|9|148,01392|9|1449,URBANA OU NÃO IDENTIFICADA COMO RURAL,False,Ausência de marcador rural nos campos públicos,MÉDIA,True
03/08/2026,06:28:06,2026,AC,01392,RIO BRANCO,9,28,1457,CENTRO ESTADUAL DE ATENDIMENTO AO DEFICIENTE VISUAL,"RUA OMAR SABINO DE PAULA, 650",ESTAÇÃO EXPERIMENTAL,69918114,-9.9671501,-67.8307596,ATIVO,ATIVO,Com acessibilidade,227,227,227,01392|9|28,01392|9|1457,URBANA OU NÃO IDENTIFICADA COMO RURAL,False,Ausência de marcador rural nos campos públicos,MÉDIA,True
03/08/2026,06:28:06,2026,AC,01392,RIO BRANCO,9,32,1457,CENTRO ESTADUAL DE ATENDIMENTO AO DEFICIENTE VISUAL,"RUA OMAR SABINO DE PAULA, 650",ESTAÇÃO EXPERIMENTAL,69918114,-9.9671501,-67.8307596,ATIVO,ATIVO,Com acessibilidade,207,207,207,01392|9|32,01392|9|1457,URBANA OU NÃO IDENTIFICADA COMO RURAL,False,Ausência de marcador rural nos campos públicos,MÉDIA,True
03/08/2026,06:28:06,2026,AC,01392,RIO BRANCO,9,34,1457,CENTRO ESTADUAL DE ATENDIMENTO AO DEFICIENTE VISUAL,"RUA OMAR SABINO DE PAULA, 650",ESTAÇÃO EXPERIMENTAL,69918114,-9.9671501,-67.8307596,ATIVO,ATIVO,Com acessibilidade,200,200,200,01392|9|34,01392|9|1457,URBANA OU NÃO IDENTIFICADA COMO RURAL,False,Ausência de marcador rural nos campos públicos,MÉDIA,True
03/08/2026,06:28:06,2026,AC,01392,RIO BRANCO,9,42,1457,CENTRO ESTADUAL DE ATENDIMENTO AO DEFICIENTE VISUAL,"RUA OMAR SABINO DE PAULA, 650",ESTAÇÃO EXPERIMENTAL,69918114,-9.9671501,-67.8307596,ATIVO,ATIVO,Com acessibilidade,225,242,242,01392|9|42,01392|9|1457,URBANA OU NÃO IDENTIFICADA COMO RURAL,False,Ausência de marcador rural nos campos públicos,MÉDIA,True
03/08/2026,06:28:06,2026,AC,01392,RIO BRANCO,9,50,1457,CENTRO ESTADUAL DE ATENDIMENTO AO DEFICIENTE VISUAL,"RUA OMAR SABINO DE PAULA, 650",ESTAÇÃO EXPERIMENTAL,69918114,-9.9671501,-67.8307596,BLOQUEADO,ATIVO,Com acessibilidade,228,228,228,01392|9|50,01392|9|1457,URBANA OU NÃO IDENTIFICADA COMO RURAL,False,Ausência de marcador rural nos campos públicos,MÉDIA,False
03/08/2026,06:28:06,2026,AC,01392,RIO BRANCO,9,59,1457,CENTRO ESTADUAL DE ATENDIMENTO AO DEFICIENTE VISUAL,"RUA OMAR SABINO DE PAULA, 650",ESTAÇÃO EXPERIMENTAL,69918114,-9.9671501,-67.8307596,ATIVO,ATIVO,Com acessibilidade,168,335,335,01392|9|59,01392|9|1457,URBANA OU NÃO IDENTIFICADA COMO RURAL,False,Ausência de marcador rural nos campos públicos,MÉDIA,True
03/08/2026,06:28:06,2026,AC,01392,RIO BRANCO,9,81,1457,CENTRO ESTADUAL DE ATENDIMENTO AO DEFICIENTE VISUAL,"RUA OMAR SABINO DE PAULA, 650",ESTAÇÃO EXPERIMENTAL,69918114,-9.9671501,-67.8307596,BLOQUEADO,ATIVO,Com acessibilidade,230,230,230,01392|9|81,01392|9|1457,URBANA OU NÃO IDENTIFICADA COMO RURAL,False,Ausência de marcador rural nos campos públicos,MÉDIA,False
03/08/2026,06:28:06,2026,AC,01392,RIO BRANCO,9,82,1457,CENTRO ESTADUAL DE ATENDIMENTO AO DEFICIENTE VISUAL,"RUA OMAR SABINO DE PAULA, 650",ESTAÇÃO EXPERIMENTAL,69918114,-9.9671501,-67.8307596,ATIVO,ATIVO,Com acessibilidade,239,239,239,01392|9|82,01392|9|1457,URBANA OU NÃO IDENTIFICADA COMO RURAL,False,Ausência de marcador rural nos campos públicos,MÉDIA,True
03/08/2026,06:28:06,2026,AC,01392,RIO BRANCO,9,156,1457,CENTRO ESTADUAL DE ATENDIMENTO AO DEFICIENTE VISUAL,"RUA OMAR SABINO DE PAULA, 650",ESTAÇÃO EXPERIMENTAL,69918114,-9.9671501,-67.8307596,ATIVO,ATIVO,Com acessibilidade,167,0,0,01392|9|156,01392|9|1457,URBANA OU NÃO IDENTIFICADA COMO RURAL,False,Ausência de marcador rural nos campos públicos,MÉDIA,True
03/08/2026,06:28:06,2026,AC,01392,RIO BRANCO,9,481,1457,CENTRO ESTADUAL DE ATENDIMENTO AO DEFICIENTE VISUAL,"RUA OMAR SABINO DE PAULA, 650",ESTAÇÃO EXPERIMENTAL,69918114,-9.9671501,-67.8307596,ATIVO,ATIVO,Sem acessibilidade,17,0,0,01392|9|481,01392|9|1457,URBANA OU NÃO IDENTIFICADA COMO RURAL,False,Ausência de marcador rural nos campos públicos,MÉDIA,True
03/08/2026,06:28:06,2026,AC,01392,RIO BRANCO,9,29,1490,TRIBUNAL DE CONTAS DO ESTADO DO ACRE,"AVENIDA CEARÁ, 2.994",ABRAÃO ALAB,69918111,-9.9689622,-67.8232581,ATIVO,ATIVO,Com acessibilidade,255,255,255,01392|9|29,01392|9|1490,URBANA OU NÃO IDENTIFICADA COMO RURAL,False,Ausência de marcador rural nos campos públicos,MÉDIA,True
03/08/2026,06:28:06,2026,AC,01392,RIO BRANCO,9,43,1490,TRIBUNAL DE CONTAS DO ESTADO DO ACRE,"AVENIDA CEARÁ, 2.994",ABRAÃO ALAB,69918111,-9.9689622,-67.8232581,ATIVO,ATIVO,Com acessibilidade,259,259,259,01392|9|43,01392|9|1490,URBANA OU NÃO IDENTIFICADA COMO RURAL,False,Ausência de marcador rural nos campos públicos,MÉDIA,True
03/08/2026,06:28:06,2026,AC,01392,RIO BRANCO,9,44,1490,TRIBUNAL DE CONTAS DO ESTADO DO ACRE,"AVENIDA CEARÁ, 2.994",ABRAÃO ALAB,69918111,-9.9689622,-67.8232581,ATIVO,ATIVO,Com acessibilidade,263,263,263,01392|9|44,01392|9|1490,URBANA OU NÃO IDENTIFICADA COMO RURAL,False,Ausência de marcador rural nos campos públicos,MÉDIA,True
03/08/2026,06:28:06,2026,AC,01392,RIO BRANCO,9,147,1490,TRIBUNAL DE CONTAS DO ESTADO DO ACRE,"AVENIDA CEARÁ, 2.994",ABRAÃO ALAB,69918111,-9.9689622,-67.8232581,ATIVO,ATIVO,Com acessibilidade,251,251,251,01392|9|147,01392|9|1490,URBANA OU NÃO IDENTIFICADA COMO RURAL,False,Ausência de marcador rural nos campos públicos,MÉDIA,True
03/08/2026,06:28:06,2026,AC,01392,RIO BRANCO,9,215,1490,TRIBUNAL DE CONTAS DO ESTADO DO ACRE,"AVENIDA CEARÁ, 2.994",ABRAÃO ALAB,69918111,-9.9689622,-67.8232581,ATIVO,ATIVO,Com acessibilidade,253,253,253,01392|9|215,01392|9|1490,URBANA OU NÃO IDENTIFICADA COMO RURAL,False,Ausência de marcador rural nos campos públicos,MÉDIA,True
03/08/2026,06:28:06,2026,AC,01392,RIO BRANCO,9,60,1520,COLÉGIO META III,"RUA RUBENS CARNEIRO, 536",ABRAÃO ALAB,69918044,-9.9716087,-67.8260905,ATIVO,ATIVO,Com acessibilidade,295,295,295,01392|9|60,01392|9|1520,URBANA OU NÃO IDENTIFICADA COMO RURAL,False,Ausência de marcador rural nos campos públicos,MÉDIA,True
03/08/2026,06:28:06,2026,AC,01392,RIO BRANCO,9,61,1520,COLÉGIO META III,"RUA RUBENS CARNEIRO, 536",ABRAÃO ALAB,69918044,-9.9716087,-67.8260905,ATIVO,ATIVO,Com acessibilidade,302,302,302,01392|9|61,01392|9|1520,URBANA OU NÃO IDENTIFICADA COMO RURAL,False,Ausência de marcador rural nos campos públicos,MÉDIA,True
03/08/2026,06:28:06,2026,AC,01392,RIO BRANCO,9,62,1520,COLÉGIO META III,"RUA RUBENS CARNEIRO, 536",ABRAÃO ALAB,69918044,-9.9716087,-67.8260905,ATIVO,ATIVO,Com acessibilidade,300,300,300,01392|9|62,01392|9|1520,URBANA OU NÃO IDENTIFICADA COMO RURAL,False,Ausência de marcador rural nos campos públicos,MÉDIA,True
03/08/2026,06:28:06,2026,AC,01392,RIO BRANCO,9,146,1520,COLÉGIO META III,"RUA RUBENS CARNEIRO, 536",ABRAÃO ALAB,69918044,-9.9716087,-67.8260905,ATIVO,ATIVO,Com acessibilidade,299,299,299,01392|9|146,01392|9|1520,URBANA OU NÃO IDENTIFICADA COMO RURAL,False,Ausência de marcador rural nos campos públicos,MÉDIA,True
03/08/2026,06:28:06,2026,AC,01392,RIO BRANCO,9,294,1520,COLÉGIO META III,"RUA RUBENS CARNEIRO, 536",ABRAÃO ALAB,69918044,-9.9716087,-67.8260905,ATIVO,ATIVO,Com acessibilidade,297,297,297,01392|9|294,01392|9|1520,URBANA OU NÃO IDENTIFICADA COMO RURAL,False,Ausência de marcador rural nos campos públicos,MÉDIA,True
03/08/2026,06:28:06,2026,AC,01392,RIO BRANCO,9,458,1520,COLÉGIO META III,"RUA RUBENS CARNEIRO, 536",ABRAÃO ALAB,69918044,-9.9716087,-67.8260905,ATIVO,ATIVO,Sem acessibilidade,297,297,297,01392|9|458,01392|9|1520,URBANA OU NÃO IDENTIFICADA COMO RURAL,False,Ausência de marcador rural nos campos públicos,MÉDIA,True
03/08/2026,06:28:06,2026,AC,01392,RIO BRANCO,9,63,1538,ESCOLA FRANCISCO DE PAULA LEITE OITICICA,"RUA PRIMAVERA, 331",BAHIA NOVA,69900000,-9.9914807,-67.8320688,ATIVO,ATIVO,Com acessibilidade,340,340,340,01392|9|63,01392|9|1538,URBANA OU NÃO IDENTIFICADA COMO RURAL,False,Ausência de marcador rural nos campos públicos,MÉDIA,True
03/08/2026,06:28:06,2026,AC,01392,RIO BRANCO,9,126,1538,ESCOLA FRANCISCO DE PAULA LEITE OITICICA,"RUA PRIMAVERA, 331",BAHIA NOVA,69900000,-9.9914807,-67.8320688,ATIVO,ATIVO,Com acessibilidade,337,337,337,01392|9|126,01392|9|1538,URBANA OU NÃO IDENTIFICADA COMO RURAL,False,Ausência de marcador rural nos campos públicos,MÉDIA,True
03/08/2026,06:28:06,2026,AC,01392,RIO BRANCO,9,132,1538,ESCOLA FRANCISCO DE PAULA LEITE OITICICA,"RUA PRIMAVERA, 331",BAHIA NOVA,69900000,-9.9914807,-67.8320688,ATIVO,ATIVO,Com acessibilidade,334,334,334,01392|9|132,01392|9|1538,URBANA OU NÃO IDENTIFICADA COMO RURAL,False,Ausência de marcador rural nos campos públicos,MÉDIA,True
03/08/2026,06:28:06,2026,AC,01392,RIO BRANCO,9,145,1538,ESCOLA FRANCISCO DE PAULA LEITE OITICICA,"RUA PRIMAVERA, 331",BAHIA NOVA,69900000,-9.9914807,-67.8320688,ATIVO,ATIVO,Com acessibilidade,336,336,336,01392|9|145,01392|9|1538,URBANA OU NÃO IDENTIFICADA COMO RURAL,False,Ausência de marcador rural nos campos públicos,MÉDIA,True
03/08/2026,06:28:06,2026,AC,01392,RIO BRANCO,9,70,1554,INSTITUTO SENAI DE TECNOLOGIA MADEIRA E MÓVEL,"AV DAS ACÁCIAS, 673, DISTRITO INDUSTRIAL",DISTRITO INDUSTRIAL,69920202,-9.9440411,-67.8709324,ATIVO,ATIVO,Com acessibilidade,266,266,266,01392|9|70,01392|9|1554,URBANA OU NÃO IDENTIFICADA COMO RURAL,False,Ausência de marcador rural nos campos públicos,MÉDIA,True
03/08/2026,06:28:06,2026,AC,01392,RIO BRANCO,9,155,1554,INSTITUTO SENAI DE TECNOLOGIA MADEIRA E MÓVEL,"AV DAS ACÁCIAS, 673, DISTRITO INDUSTRIAL",DISTRITO INDUSTRIAL,69920202,-9.9440411,-67.8709324,ATIVO,ATIVO,Com acessibilidade,268,268,268,01392|9|155,01392|9|1554,URBANA OU NÃO IDENTIFICADA COMO RURAL,False,Ausência de marcador rural nos campos públicos,MÉDIA,True
03/08/2026,06:28:06,2026,AC,01392,RIO BRANCO,9,293,1554,INSTITUTO SENAI DE TECNOLOGIA MADEIRA E MÓVEL,"AV DAS ACÁCIAS, 673, DISTRITO INDUSTRIAL",DISTRITO INDUSTRIAL,69920202,-9.9440411,-67.8709324,ATIVO,ATIVO,Com acessibilidade,265,265,265,01392|9|293,01392|9|1554,URBANA OU NÃO IDENTIFICADA COMO RURAL,False,Ausência de marcador rural nos campos públicos,MÉDIA,True
03/08/2026,06:28:06,2026,AC,01392,RIO BRANCO,9,74,1562,IBAMA,"RUA VETERANO MANOEL DE BARROS, 320, JARDIM NAZLE",ABRAÃO ALAB,69907150,-9.9699589,-67.8228805,ATIVO,ATIVO,Com acessibilidade,305,305,305,01392|9|74,01392|9|1562,URBANA OU NÃO IDENTIFICADA COMO RURAL,False,Ausência de marcador rural nos campos públicos,MÉDIA,True
03/08/2026,06:28:06,2026,AC,01392,RIO BRANCO,9,75,1562,IBAMA,"RUA VETERANO MANOEL DE BARROS, 320, JARDIM NAZLE",ABRAÃO ALAB,69907150,-9.9699589,-67.8228805,ATIVO,ATIVO,Com acessibilidade,301,301,301,01392|9|75,01392|9|1562,URBANA OU NÃO IDENTIFICADA COMO RURAL,False,Ausência de marcador rural nos campos públicos,MÉDIA,True
03/08/2026,06:28:06,2026,AC,01392,RIO BRANCO,9,16,1570,ESCOLA JOSÉ RIBAMAR BATISTA,"RUA RIO GRANDE DO SUL,  2570",AEROPORTO VELHO,69911030,-9.9843627,-67.8228389,ATIVO,ATIVO,Com acessibilidade,353,353,353,01392|9|16,01392|9|1570,URBANA OU NÃO IDENTIFICADA COMO RURAL,False,Ausência de marcador rural nos campos públicos,MÉDIA,True
03/08/2026,06:28:06,2026,AC,01392,RIO BRANCO,9,17,1570,ESCOLA JOSÉ RIBAMAR BATISTA,"RUA RIO GRANDE DO SUL,  2570",AEROPORTO VELHO,69911030,-9.9843627,-67.8228389,ATIVO,ATIVO,Com acessibilidade,355,355,355,01392|9|17,01392|9|1570,URBANA OU NÃO IDENTIFICADA COMO RURAL,False,Ausência de marcador rural nos campos públicos,MÉDIA,True
03/08/2026,06:28:06,2026,AC,01392,RIO BRANCO,9,78,1570,ESCOLA JOSÉ RIBAMAR BATISTA,"RUA RIO GRANDE DO SUL,  2570",AEROPORTO VELHO,69911030,-9.9843627,-67.8228389,ATIVO,ATIVO,Com acessibilidade,350,350,350,01392|9|78,01392|9|1570,URBANA OU NÃO IDENTIFICADA COMO RURAL,False,Ausência de marcador rural nos campos públicos,MÉDIA,True
03/08/2026,06:28:06,2026,AC,01392,RIO BRANCO,9,154,1570,ESCOLA JOSÉ RIBAMAR BATISTA,"RUA RIO GRANDE DO SUL,  2570",AEROPORTO VELHO,69911030,-9.9843627,-67.8228389,ATIVO,ATIVO,Com acessibilidade,349,349,349,01392|9|154,01392|9|1570,URBANA OU NÃO IDENTIFICADA COMO RURAL,False,Ausência de marcador rural nos campos públicos,MÉDIA,True
03/08/2026,06:28:06,2026,AC,01392,RIO BRANCO,9,195,1570,ESCOLA JOSÉ RIBAMAR BATISTA,"RUA RIO GRANDE DO SUL,  2570",AEROPORTO VELHO,69911030,-9.9843627,-67.8228389,ATIVO,ATIVO,Com acessibilidade,344,344,344,01392|9|195,01392|9|1570,URBANA OU NÃO IDENTIFICADA COMO RURAL,False,Ausência de marcador rural nos campos públicos,MÉDIA,True
03/08/2026,06:28:06,2026,AC,01392,RIO BRANCO,9,89,1589,ESCOLA JUVENAL ANTUNES,"RUA ARACAJU, 345 - CONJUNTO WALDEMAR MACIEL",CALAFATE,69914278,-9.9796344,-67.8707509,ATIVO,ATIVO,Com acessibilidade,335,335,335,01392|9|89,01392|9|1589,URBANA OU NÃO IDENTIFICADA COMO RURAL,False,Ausência de marcador rural nos campos públicos,MÉDIA,True
03/08/2026,06:28:06,2026,AC,01392,RIO BRANCO,9,122,1589,ESCOLA JUVENAL ANTUNES,"RUA ARACAJU, 345 - CONJUNTO WALDEMAR MACIEL",CALAFATE,69914278,-9.9796344,-67.8707509,ATIVO,ATIVO,Com acessibilidade,333,333,333,01392|9|122,01392|9|1589,URBANA OU NÃO IDENTIFICADA COMO RURAL,False,Ausência de marcador rural nos campos públicos,MÉDIA,True
03/08/2026,06:28:06,2026,AC,01392,RIO BRANCO,9,144,1589,ESCOLA JUVENAL ANTUNES,"RUA ARACAJU, 345 - CONJUNTO WALDEMAR MACIEL",CALAFATE,69914278,-9.9796344,-67.8707509,ATIVO,ATIVO,Com acessibilidade,340,340,340,01392|9|144,01392|9|1589,URBANA OU NÃO IDENTIFICADA COMO RURAL,False,Ausência de marcador rural nos campos públicos,MÉDIA,True
03/08/2026,06:28:06,2026,AC,01392,RIO BRANCO,9,183,1589,ESCOLA JUVENAL ANTUNES,"RUA ARACAJU, 345 - CONJUNTO WALDEMAR MACIEL",CALAFATE,69914278,-9.9796344,-67.8707509,ATIVO,ATIVO,Com acessibilidade,335,335,335,01392|9|183,01392|9|1589,URBANA OU NÃO IDENTIFICADA COMO RURAL,False,Ausência de marcador rural nos campos públicos,MÉDIA,True
03/08/2026,06:28:06,2026,AC,01392,RIO BRANCO,9,101,1597,ESCOLA  AFONSO PINTO DE MEDEIROS,"RUA ADALCIDES DA SILVA GALLO, 118",PLÁCIDO DE CASTRO,69912200,-10.0019725,-67.8386131,ATIVO,ATIVO,Com acessibilidade,288,288,288,01392|9|101,01392|9|1597,URBANA OU NÃO IDENTIFICADA COMO RURAL,False,Ausência de marcador rural nos campos públicos,MÉDIA,True
03/08/2026,06:28:06,2026,AC,01392,RIO BRANCO,9,143,1597,ESCOLA  AFONSO PINTO DE MEDEIROS,"RUA ADALCIDES DA SILVA GALLO, 118",PLÁCIDO DE CASTRO,69912200,-10.0019725,-67.8386131,ATIVO,ATIVO,Com acessibilidade,284,284,284,01392|9|143,01392|9|1597,URBANA OU NÃO IDENTIFICADA COMO RURAL,False,Ausência de marcador rural nos campos públicos,MÉDIA,True
03/08/2026,06:28:06,2026,AC,01392,RIO BRANCO,9,197,1597,ESCOLA  AFONSO PINTO DE MEDEIROS,"RUA ADALCIDES DA SILVA GALLO, 118",PLÁCIDO DE CASTRO,69912200,-10.0019725,-67.8386131,ATIVO,ATIVO,Com acessibilidade,290,290,290,01392|9|197,01392|9|1597,URBANA OU NÃO IDENTIFICADA COMO RURAL,False,Ausência de marcador rural nos campos públicos,MÉDIA,True
03/08/2026,06:28:06,2026,AC,01392,RIO BRANCO,9,467,1597,ESCOLA  AFONSO PINTO DE MEDEIROS,"RUA ADALCIDES DA SILVA GALLO, 118",PLÁCIDO DE CASTRO,69912200,-10.0019725,-67.8386131,ATIVO,ATIVO,Sem acessibilidade,240,240,240,01392|9|467,01392|9|1597,URBANA OU NÃO IDENTIFICADA COMO RURAL,False,Ausência de marcador rural nos campos públicos,MÉDIA,True
03/08/2026,06:28:06,2026,AC,01392,RIO BRANCO,9,123,1600,ESCOLA MARILDA GOUVEIA VIANA,"RUA CAMPO GRANDE, 940",JOÃO EDUARDO,69911470,-9.9824793,-67.8347758,ATIVO,ATIVO,Com acessibilidade,331,331,331,01392|9|123,01392|9|1600,URBANA OU NÃO IDENTIFICADA COMO RURAL,False,Ausência de marcador rural nos campos públicos,MÉDIA,True
03/08/2026,06:28:06,2026,AC,01392,RIO BRANCO,9,142,1600,ESCOLA MARILDA GOUVEIA VIANA,"RUA CAMPO GRANDE, 940",JOÃO EDUARDO,69911470,-9.9824793,-67.8347758,ATIVO,ATIVO,Com acessibilidade,340,340,340,01392|9|142,01392|9|1600,URBANA OU NÃO IDENTIFICADA COMO RURAL,False,Ausência de marcador rural nos campos públicos,MÉDIA,True
03/08/2026,06:28:06,2026,AC,01392,RIO BRANCO,9,185,1600,ESCOLA MARILDA GOUVEIA VIANA,"RUA CAMPO GRANDE, 940",JOÃO EDUARDO,69911470,-9.9824793,-67.8347758,ATIVO,ATIVO,Com acessibilidade,329,329,329,01392|9|185,01392|9|1600,URBANA OU NÃO IDENTIFICADA COMO RURAL,False,Ausência de marcador rural nos campos públicos,MÉDIA,True
03/08/2026,06:28:06,2026,AC,01392,RIO BRANCO,9,427,1600,ESCOLA MARILDA GOUVEIA VIANA,"RUA CAMPO GRANDE, 940",JOÃO EDUARDO,69911470,-9.9824793,-67.8347758,ATIVO,ATIVO,Com acessibilidade,339,339,339,01392|9|427,01392|9|1600,URBANA OU NÃO IDENTIFICADA COMO RURAL,False,Ausência de marcador rural nos campos públicos,MÉDIA,True
03/08/2026,06:28:06,2026,AC,01392,RIO BRANCO,9,462,1600,ESCOLA MARILDA GOUVEIA VIANA,"RUA CAMPO GRANDE, 940",JOÃO EDUARDO,69911470,-9.9824793,-67.8347758,ATIVO,ATIVO,Sem acessibilidade,338,338,338,01392|9|462,01392|9|1600,URBANA OU NÃO IDENTIFICADA COMO RURAL,False,Ausência de marcador rural nos campos públicos,MÉDIA,True
03/08/2026,06:28:06,2026,AC,01392,RIO BRANCO,9,102,1619,ESCOLA PROFESSORA RAMONA M P DE CASTRO,"RUA PROJETADA, 344  -  BAO VISTA",BOA VISTA,69906130,-10.0046532,-67.8359976,ATIVO,ATIVO,Com acessibilidade,301,301,301,01392|9|102,01392|9|1619,URBANA OU NÃO IDENTIFICADA COMO RURAL,False,Ausência de marcador rural nos campos públicos,MÉDIA,True
03/08/2026,06:28:06,2026,AC,01392,RIO BRANCO,9,124,1619,ESCOLA PROFESSORA RAMONA M P DE CASTRO,"RUA PROJETADA, 344  -  BAO VISTA",BOA VISTA,69906130,-10.0046532,-67.8359976,ATIVO,ATIVO,Com acessibilidade,280,280,280,01392|9|124,01392|9|1619,URBANA OU NÃO IDENTIFICADA COMO RURAL,False,Ausência de marcador rural nos campos públicos,MÉDIA,True
03/08/2026,06:28:06,2026,AC,01392,RIO BRANCO,9,141,1619,ESCOLA PROFESSORA RAMONA M P DE CASTRO,"RUA PROJETADA, 344  -  BAO VISTA",BOA VISTA,69906130,-10.0046532,-67.8359976,ATIVO,ATIVO,Com acessibilidade,286,286,286,01392|9|141,01392|9|1619,URBANA OU NÃO IDENTIFICADA COMO RURAL,False,Ausência de marcador rural nos campos públicos,MÉDIA,True
03/08/2026,06:28:06,2026,AC,01392,RIO BRANCO,9,196,1619,ESCOLA PROFESSORA RAMONA M P DE CASTRO,"RUA PROJETADA, 344  -  BAO VISTA",BOA VISTA,69906130,-10.0046532,-67.8359976,ATIVO,ATIVO,Com acessibilidade,286,286,286,01392|9|196,01392|9|1619,URBANA OU NÃO IDENTIFICADA COMO RURAL,False,Ausência de marcador rural nos campos públicos,MÉDIA,True
03/08/2026,06:28:06,2026,AC,01392,RIO BRANCO,9,474,1619,ESCOLA PROFESSORA RAMONA M P DE CASTRO,"RUA PROJETADA, 344  -  BAO VISTA",BOA VISTA,69906130,-10.0046532,-67.8359976,ATIVO,ATIVO,Sem acessibilidade,216,216,216,01392|9|474,01392|9|1619,URBANA OU NÃO IDENTIFICADA COMO RURAL,False,Ausência de marcador rural nos campos públicos,MÉDIA,True
03/08/2026,06:28:06,2026,AC,01392,RIO BRANCO,9,104,1627,ESCOLA FREI THIAGO MARIA MATIOLI,"RUA MEM DE SÁ, 471",BAHIA,69900000,-9.9881302,-67.828067,ATIVO,ATIVO,Com acessibilidade,331,331,331,01392|9|104,01392|9|1627,URBANA OU NÃO IDENTIFICADA COMO RURAL,False,Ausência de marcador rural nos campos públicos,MÉDIA,True
03/08/2026,06:28:06,2026,AC,01392,RIO BRANCO,9,105,1627,ESCOLA FREI THIAGO MARIA MATIOLI,"RUA MEM DE SÁ, 471",BAHIA,69900000,-9.9881302,-67.828067,ATIVO,ATIVO,Com acessibilidade,339,339,339,01392|9|105,01392|9|1627,URBANA OU NÃO IDENTIFICADA COMO RURAL,False,Ausência de marcador rural nos campos públicos,MÉDIA,True
03/08/2026,06:28:06,2026,AC,01392,RIO BRANCO,9,140,1627,ESCOLA FREI THIAGO MARIA MATIOLI,"RUA MEM DE SÁ, 471",BAHIA,69900000,-9.9881302,-67.828067,ATIVO,ATIVO,Com acessibilidade,334,334,334,01392|9|140,01392|9|1627,URBANA OU NÃO IDENTIFICADA COMO RURAL,False,Ausência de marcador rural nos campos públicos,MÉDIA,True
03/08/2026,06:28:06,2026,AC,01392,RIO BRANCO,9,241,1627,ESCOLA FREI THIAGO MARIA MATIOLI,"RUA MEM DE SÁ, 471",BAHIA,69900000,-9.9881302,-67.828067,ATIVO,ATIVO,Com acessibilidade,328,328,328,01392|9|241,01392|9|1627,URBANA OU NÃO IDENTIFICADA COMO RURAL,False,Ausência de marcador rural nos campos públicos,MÉDIA,True
03/08/2026,06:28:06,2026,AC,01392,RIO BRANCO,9,290,1627,ESCOLA FREI THIAGO MARIA MATIOLI,"RUA MEM DE SÁ, 471",BAHIA,69900000,-9.9881302,-67.828067,ATIVO,ATIVO,Com acessibilidade,333,333,333,01392|9|290,01392|9|1627,URBANA OU NÃO IDENTIFICADA COMO RURAL,False,Ausência de marcador rural nos campos públicos,MÉDIA,True
03/08/2026,06:28:06,2026,AC,01392,RIO BRANCO,9,106,1635,ESCOLA FLAVIANO FLÁVIO BAPTISTA,"RUA RIO GRANDE DO SUL, 3754",AEROPORTO VELHO,69911036,-9.9927102,-67.8163275,ATIVO,ATIVO,Com acessibilidade,315,315,315,01392|9|106,01392|9|1635,URBANA OU NÃO IDENTIFICADA COMO RURAL,False,Ausência de marcador rural nos campos públicos,MÉDIA,True
03/08/2026,06:28:06,2026,AC,01392,RIO BRANCO,9,107,1635,ESCOLA FLAVIANO FLÁVIO BAPTISTA,"RUA RIO GRANDE DO SUL, 3754",AEROPORTO VELHO,69911036,-9.9927102,-67.8163275,ATIVO,ATIVO,Com acessibilidade,320,320,320,01392|9|107,01392|9|1635,URBANA OU NÃO IDENTIFICADA COMO RURAL,False,Ausência de marcador rural nos campos públicos,MÉDIA,True
03/08/2026,06:28:06,2026,AC,01392,RIO BRANCO,9,108,1635,ESCOLA FLAVIANO FLÁVIO BAPTISTA,"RUA RIO GRANDE DO SUL, 3754",AEROPORTO VELHO,69911036,-9.9927102,-67.8163275,ATIVO,ATIVO,Com acessibilidade,315,315,315,01392|9|108,01392|9|1635,URBANA OU NÃO IDENTIFICADA COMO RURAL,False,Ausência de marcador rural nos campos públicos,MÉDIA,True
03/08/2026,06:28:06,2026,AC,01392,RIO BRANCO,9,139,1635,ESCOLA FLAVIANO FLÁVIO BAPTISTA,"RUA RIO GRANDE DO SUL, 3754",AEROPORTO VELHO,69911036,-9.9927102,-67.8163275,ATIVO,ATIVO,Com acessibilidade,312,312,312,01392|9|139,01392|9|1635,URBANA OU NÃO IDENTIFICADA COMO RURAL,False,Ausência de marcador rural nos campos públicos,MÉDIA,True
03/08/2026,06:28:06,2026,AC,01392,RIO BRANCO,9,13,1643,ESCOLA IRMÃ MARIA GABRIELA SOARES,"RUA MINAS GERAIS, 797",PREVENTÓRIO,69970000,-9.9732446,-67.8252127,ATIVO,ATIVO,Com acessibilidade,218,218,218,01392|9|13,01392|9|1643,URBANA OU NÃO IDENTIFICADA COMO RURAL,False,Ausência de marcador rural nos campos públicos,MÉDIA,True
03/08/2026,06:28:06,2026,AC,01392,RIO BRANCO,9,162,1643,ESCOLA IRMÃ MARIA GABRIELA SOARES,"RUA MINAS GERAIS, 797",PREVENTÓRIO,69970000,-9.9732446,-67.8252127,ATIVO,ATIVO,Com acessibilidade,211,211,211,01392|9|162,01392|9|1643,URBANA OU NÃO IDENTIFICADA COMO RURAL,False,Ausência de marcador rural nos campos públicos,MÉDIA,True
03/08/2026,06:28:06,2026,AC,01392,RIO BRANCO,9,273,1643,ESCOLA IRMÃ MARIA GABRIELA SOARES,"RUA MINAS GERAIS, 797",PREVENTÓRIO,69970000,-9.9732446,-67.8252127,ATIVO,ATIVO,Com acessibilidade,215,215,215,01392|9|273,01392|9|1643,URBANA OU NÃO IDENTIFICADA COMO RURAL,False,Ausência de marcador rural nos campos públicos,MÉDIA,True
03/08/2026,06:28:06,2026,AC,01392,RIO BRANCO,9,198,1660,ESCOLA AYRTON SENNA DA SILVA,"RUA ZACARIAS, 130",AYRTON SENA,69900000,-10.0004011,-67.8256369,ATIVO,ATIVO,Com acessibilidade,330,330,330,01392|9|198,01392|9|1660,URBANA OU NÃO IDENTIFICADA COMO RURAL,False,Ausência de marcador rural nos campos públicos,MÉDIA,True
03/08/2026,06:28:06,2026,AC,01392,RIO BRANCO,9,254,1660,ESCOLA AYRTON SENNA DA SILVA,"RUA ZACARIAS, 130",AYRTON SENA,69900000,-10.0004011,-67.8256369,ATIVO,ATIVO,Com acessibilidade,339,339,339,01392|9|254,01392|9|1660,URBANA OU NÃO IDENTIFICADA COMO RURAL,False,Ausência de marcador rural nos campos públicos,MÉDIA,True
03/08/2026,06:28:06,2026,AC,01392,RIO BRANCO,9,276,1660,ESCOLA AYRTON SENNA DA SILVA,"RUA ZACARIAS, 130",AYRTON SENA,69900000,-10.0004011,-67.8256369,ATIVO,ATIVO,Com acessibilidade,329,329,329,01392|9|276,01392|9|1660,URBANA OU NÃO IDENTIFICADA COMO RURAL,False,Ausência de marcador rural nos campos públicos,MÉDIA,True
03/08/2026,06:28:06,2026,AC,01392,RIO BRANCO,9,204,1678,ESCOLA ARMANDO NOGUEIRA,"ESTRADA DIAS MARTINS, 1494",DISTRITO INDUSTRIAL,69909710,-9.959701,-67.8555861,ATIVO,ATIVO,Com acessibilidade,343,343,343,01392|9|204,01392|9|1678,URBANA OU NÃO IDENTIFICADA COMO RURAL,False,Ausência de marcador rural nos campos públicos,MÉDIA,True
03/08/2026,06:28:06,2026,AC,01392,RIO BRANCO,9,226,1678,ESCOLA ARMANDO NOGUEIRA,"ESTRADA DIAS MARTINS, 1494",DISTRITO INDUSTRIAL,69909710,-9.959701,-67.8555861,ATIVO,ATIVO,Com acessibilidade,345,345,345,01392|9|226,01392|9|1678,URBANA OU NÃO IDENTIFICADA COMO RURAL,False,Ausência de marcador rural nos campos públicos,MÉDIA,True
03/08/2026,06:28:06,2026,AC,01392,RIO BRANCO,9,253,1678,ESCOLA ARMANDO NOGUEIRA,"ESTRADA DIAS MARTINS, 1494",DISTRITO INDUSTRIAL,69909710,-9.959701,-67.8555861,ATIVO,ATIVO,Com acessibilidade,339,339,339,01392|9|253,01392|9|1678,URBANA OU NÃO IDENTIFICADA COMO RURAL,False,Ausência de marcador rural nos campos públicos,MÉDIA,True
03/08/2026,06:28:06,2026,AC,01392,RIO BRANCO,9,283,1678,ESCOLA ARMANDO NOGUEIRA,"ESTRADA DIAS MARTINS, 1494",DISTRITO INDUSTRIAL,69909710,-9.959701,-67.8555861,ATIVO,ATIVO,Com acessibilidade,339,339,339,01392|9|283,01392|9|1678,URBANA OU NÃO IDENTIFICADA COMO RURAL,False,Ausência de marcador rural nos campos públicos,MÉDIA,True
03/08/2026,06:28:06,2026,AC,01392,RIO BRANCO,9,213,1686,ESCOLA RURAL ALTO ALEGRE II,AC 90 KM 72 RAMAL JARINAL KM 15,ZONA RURAL,69900000,-9.9111516,-68.5053174,ATIVO,ATIVO,Com acessibilidade,263,337,337,01392|9|213,01392|9|1686,RURAL IDENTIFICADA,True,Termo RURAL no bairro ou no nome do local no arquivo do TSE,ALTA,True
03/08/2026,06:28:06,2026,AC,01392,RIO BRANCO,9,466,1686,ESCOLA RURAL ALTO ALEGRE II,AC 90 KM 72 RAMAL JARINAL KM 15,ZONA RURAL,69900000,-9.9111516,-68.5053174,ATIVO,ATIVO,Sem acessibilidade,37,0,0,01392|9|466,01392|9|1686,RURAL IDENTIFICADA,True,Termo RURAL no bairro ou no nome do local no arquivo do TSE,ALTA,True
03/08/2026,06:28:06,2026,AC,01392,RIO BRANCO,9,480,1686,ESCOLA RURAL ALTO ALEGRE II,AC 90 KM 72 RAMAL JARINAL KM 15,ZONA RURAL,69900000,-9.9111516,-68.5053174,ATIVO,ATIVO,Sem acessibilidade,37,0,0,01392|9|480,01392|9|1686,RURAL IDENTIFICADA,True,Termo RURAL no bairro ou no nome do local no arquivo do TSE,ALTA,True
03/08/2026,06:28:06,2026,AC,01392,RIO BRANCO,9,217,1694,ESCOLA ARACY CERQUEIRA,"BR 364 KM 17, VILA CUSTÓDIO FREIRE",CONJUNTO UNIVERSITARIO,69900000,-9.9067794,-67.8911815,ATIVO,ATIVO,Com acessibilidade,294,294,294,01392|9|217,01392|9|1694,URBANA OU NÃO IDENTIFICADA COMO RURAL,False,Ausência de marcador rural nos campos públicos,MÉDIA,True
03/08/2026,06:28:06,2026,AC,01392,RIO BRANCO,9,278,1694,ESCOLA ARACY CERQUEIRA,"BR 364 KM 17, VILA CUSTÓDIO FREIRE",CONJUNTO UNIVERSITARIO,69900000,-9.9067794,-67.8911815,ATIVO,ATIVO,Com acessibilidade,290,290,290,01392|9|278,01392|9|1694,URBANA OU NÃO IDENTIFICADA COMO RURAL,False,Ausência de marcador rural nos campos públicos,MÉDIA,True
03/08/2026,06:28:06,2026,AC,01392,RIO BRANCO,9,444,1694,ESCOLA ARACY CERQUEIRA,"BR 364 KM 17, VILA CUSTÓDIO FREIRE",CONJUNTO UNIVERSITARIO,69900000,-9.9067794,-67.8911815,ATIVO,ATIVO,Com acessibilidade,296,296,296,01392|9|444,01392|9|1694,URBANA OU NÃO IDENTIFICADA COMO RURAL,False,Ausência de marcador rural nos campos públicos,MÉDIA,True
03/08/2026,06:28:06,2026,AC,01392,RIO BRANCO,9,218,1708,FUNDAÇÃO BRADESCO,"ESTRADA DO CALAFATE, 690",FLORESTA,69900000,-9.9777128,-67.8425413,ATIVO,ATIVO,Com acessibilidade,335,335,335,01392|9|218,01392|9|1708,URBANA OU NÃO IDENTIFICADA COMO RURAL,False,Ausência de marcador rural nos campos públicos,MÉDIA,True
03/08/2026,06:28:06,2026,AC,01392,RIO BRANCO,9,238,1708,FUNDAÇÃO BRADESCO,"ESTRADA DO CALAFATE, 690",FLORESTA,69900000,-9.9777128,-67.8425413,ATIVO,ATIVO,Com acessibilidade,329,329,329,01392|9|238,01392|9|1708,URBANA OU NÃO IDENTIFICADA COMO RURAL,False,Ausência de marcador rural nos campos públicos,MÉDIA,True
03/08/2026,06:28:06,2026,AC,01392,RIO BRANCO,9,255,1708,FUNDAÇÃO BRADESCO,"ESTRADA DO CALAFATE, 690",FLORESTA,69900000,-9.9777128,-67.8425413,ATIVO,ATIVO,Com acessibilidade,334,334,334,01392|9|255,01392|9|1708,URBANA OU NÃO IDENTIFICADA COMO RURAL,False,Ausência de marcador rural nos campos públicos,MÉDIA,True
03/08/2026,06:28:06,2026,AC,01392,RIO BRANCO,9,274,1708,FUNDAÇÃO BRADESCO,"ESTRADA DO CALAFATE, 690",FLORESTA,69900000,-9.9777128,-67.8425413,ATIVO,ATIVO,Com acessibilidade,334,334,334,01392|9|274,01392|9|1708,URBANA OU NÃO IDENTIFICADA COMO RURAL,False,Ausência de marcador rural nos campos públicos,MÉDIA,True
03/08/2026,06:28:06,2026,AC,01392,RIO BRANCO,9,449,1708,FUNDAÇÃO BRADESCO,"ESTRADA DO CALAFATE, 690",FLORESTA,69900000,-9.9777128,-67.8425413,ATIVO,ATIVO,Com acessibilidade,338,338,338,01392|9|449,01392|9|1708,URBANA OU NÃO IDENTIFICADA COMO RURAL,False,Ausência de marcador rural nos campos públicos,MÉDIA,True
03/08/2026,06:28:06,2026,AC,01392,RIO BRANCO,9,472,1708,FUNDAÇÃO BRADESCO,"ESTRADA DO CALAFATE, 690",FLORESTA,69900000,-9.9777128,-67.8425413,ATIVO,ATIVO,Sem acessibilidade,337,337,337,01392|9|472,01392|9|1708,URBANA OU NÃO IDENTIFICADA COMO RURAL,False,Ausência de marcador rural nos campos públicos,MÉDIA,True
03/08/2026,06:28:06,2026,AC,01392,RIO BRANCO,9,223,1716,ESCOLA DE EDUCAÇÃO INFANTIL FREI PELEGRINO,"RUA ACRE, 309",AEROPORTO VELHO,69911057,-9.9912345,-67.8199536,ATIVO,ATIVO,Com acessibilidade,339,339,339,01392|9|223,01392|9|1716,URBANA OU NÃO IDENTIFICADA COMO RURAL,False,Ausência de marcador rural nos campos públicos,MÉDIA,True
03/08/2026,06:28:06,2026,AC,01392,RIO BRANCO,9,317,1716,ESCOLA DE EDUCAÇÃO INFANTIL FREI PELEGRINO,"RUA ACRE, 309",AEROPORTO VELHO,69911057,-9.9912345,-67.8199536,ATIVO,ATIVO,Com acessibilidade,335,335,335,01392|9|317,01392|9|1716,URBANA OU NÃO IDENTIFICADA COMO RURAL,False,Ausência de marcador rural nos campos públicos,MÉDIA,True
03/08/2026,06:28:06,2026,AC,01392,RIO BRANCO,9,173,1724,ESCOLA ALMADA BRITO,"RUA MARIA JOSE DOMINGOS, Q - 03 LOTE 06",CALAFATE,69914314,-9.9765001,-67.8839837,ATIVO,ATIVO,Com acessibilidade,300,300,300,01392|9|173,01392|9|1724,URBANA OU NÃO IDENTIFICADA COMO RURAL,False,Ausência de marcador rural nos campos públicos,MÉDIA,True
03/08/2026,06:28:06,2026,AC,01392,RIO BRANCO,9,184,1724,ESCOLA ALMADA BRITO,"RUA MARIA JOSE DOMINGOS, Q - 03 LOTE 06",CALAFATE,69914314,-9.9765001,-67.8839837,ATIVO,ATIVO,Com acessibilidade,305,305,305,01392|9|184,01392|9|1724,URBANA OU NÃO IDENTIFICADA COMO RURAL,False,Ausência de marcador rural nos campos públicos,MÉDIA,True
03/08/2026,06:28:06,2026,AC,01392,RIO BRANCO,9,209,1724,ESCOLA ALMADA BRITO,"RUA MARIA JOSE DOMINGOS, Q - 03 LOTE 06",CALAFATE,69914314,-9.9765001,-67.8839837,ATIVO,ATIVO,Com acessibilidade,303,303,303,01392|9|209,01392|9|1724,URBANA OU NÃO IDENTIFICADA COMO RURAL,False,Ausência de marcador rural nos campos públicos,MÉDIA,True
03/08/2026,06:28:06,2026,AC,01392,RIO BRANCO,9,221,1724,ESCOLA ALMADA BRITO,"RUA MARIA JOSE DOMINGOS, Q - 03 LOTE 06",CALAFATE,69914314,-9.9765001,-67.8839837,ATIVO,ATIVO,Com acessibilidade,304,304,304,01392|9|221,01392|9|1724,URBANA OU NÃO IDENTIFICADA COMO RURAL,False,Ausência de marcador rural nos campos públicos,MÉDIA,True
03/08/2026,06:28:06,2026,AC,01392,RIO BRANCO,9,289,1724,ESCOLA ALMADA BRITO,"RUA MARIA JOSE DOMINGOS, Q - 03 LOTE 06",CALAFATE,69914314,-9.9765001,-67.8839837,ATIVO,ATIVO,Com acessibilidade,304,304,304,01392|9|289,01392|9|1724,URBANA OU NÃO IDENTIFICADA COMO RURAL,False,Ausência de marcador rural nos campos públicos,MÉDIA,True
03/08/2026,06:28:06,2026,AC,01392,RIO BRANCO,9,174,1732,ESCOLA GOVERNADOR JOSÉ AUGUSTO,"RUA 3 DE AGOSTO, 37",BOA UNIÃO,69900000,-9.9972024,-67.8316319,ATIVO,ATIVO,Com acessibilidade,336,336,336,01392|9|174,01392|9|1732,URBANA OU NÃO IDENTIFICADA COMO RURAL,False,Ausência de marcador rural nos campos públicos,MÉDIA,True
03/08/2026,06:28:06,2026,AC,01392,RIO BRANCO,9,194,1732,ESCOLA GOVERNADOR JOSÉ AUGUSTO,"RUA 3 DE AGOSTO, 37",BOA UNIÃO,69900000,-9.9972024,-67.8316319,ATIVO,ATIVO,Com acessibilidade,324,324,324,01392|9|194,01392|9|1732,URBANA OU NÃO IDENTIFICADA COMO RURAL,False,Ausência de marcador rural nos campos públicos,MÉDIA,True
03/08/2026,06:28:06,2026,AC,01392,RIO BRANCO,9,222,1732,ESCOLA GOVERNADOR JOSÉ AUGUSTO,"RUA 3 DE AGOSTO, 37",BOA UNIÃO,69900000,-9.9972024,-67.8316319,ATIVO,ATIVO,Com acessibilidade,332,332,332,01392|9|222,01392|9|1732,URBANA OU NÃO IDENTIFICADA COMO RURAL,False,Ausência de marcador rural nos campos públicos,MÉDIA,True
03/08/2026,06:28:06,2026,AC,01392,RIO BRANCO,9,260,1732,ESCOLA GOVERNADOR JOSÉ AUGUSTO,"RUA 3 DE AGOSTO, 37",BOA UNIÃO,69900000,-9.9972024,-67.8316319,ATIVO,ATIVO,Com acessibilidade,338,338,338,01392|9|260,01392|9|1732,URBANA OU NÃO IDENTIFICADA COMO RURAL,False,Ausência de marcador rural nos campos públicos,MÉDIA,True
03/08/2026,06:28:06,2026,AC,01392,RIO BRANCO,9,216,1740,ESCOLA BOA UNIÃO,"RUA 3 DE AGOSTO, 38 BOA UNIÃO SOBRAL",BOA UNIÃO,69912004,-9.9976442,-67.8318967,ATIVO,ATIVO,Com acessibilidade,380,380,380,01392|9|216,01392|9|1740,URBANA OU NÃO IDENTIFICADA COMO RURAL,False,Ausência de marcador rural nos campos públicos,MÉDIA,True
03/08/2026,06:28:06,2026,AC,01392,RIO BRANCO,9,269,1740,ESCOLA BOA UNIÃO,"RUA 3 DE AGOSTO, 38 BOA UNIÃO SOBRAL",BOA UNIÃO,69912004,-9.9976442,-67.8318967,ATIVO,ATIVO,Com acessibilidade,387,387,387,01392|9|269,01392|9|1740,URBANA OU NÃO IDENTIFICADA COMO RURAL,False,Ausência de marcador rural nos campos públicos,MÉDIA,True
03/08/2026,06:28:06,2026,AC,01392,RIO BRANCO,9,277,1740,ESCOLA BOA UNIÃO,"RUA 3 DE AGOSTO, 38 BOA UNIÃO SOBRAL",BOA UNIÃO,69912004,-9.9976442,-67.8318967,ATIVO,ATIVO,Com acessibilidade,382,382,382,01392|9|277,01392|9|1740,URBANA OU NÃO IDENTIFICADA COMO RURAL,False,Ausência de marcador rural nos campos públicos,MÉDIA,True
03/08/2026,06:28:06,2026,AC,01392,RIO BRANCO,9,284,1740,ESCOLA BOA UNIÃO,"RUA 3 DE AGOSTO, 38 BOA UNIÃO SOBRAL",BOA UNIÃO,69912004,-9.9976442,-67.8318967,ATIVO,ATIVO,Com acessibilidade,379,379,379,01392|9|284,01392|9|1740,URBANA OU NÃO IDENTIFICADA COMO RURAL,False,Ausência de marcador rural nos campos públicos,MÉDIA,True
03/08/2026,06:28:06,2026,AC,01392,RIO BRANCO,9,220,1759,URAP - AUGUSTO HIDALGO DE LIMA,"RUA TIÃO NATUREZA, N. 271",PALHEIRAL,69911204,-9.9834851,-67.82662,ATIVO,ATIVO,Com acessibilidade,305,305,305,01392|9|220,01392|9|1759,URBANA OU NÃO IDENTIFICADA COMO RURAL,False,Ausência de marcador rural nos campos públicos,MÉDIA,True
03/08/2026,06:28:06,2026,AC,01392,RIO BRANCO,9,306,1759,URAP - AUGUSTO HIDALGO DE LIMA,"RUA TIÃO NATUREZA, N. 271",PALHEIRAL,69911204,-9.9834851,-67.82662,ATIVO,ATIVO,Com acessibilidade,300,300,300,01392|9|306,01392|9|1759,URBANA OU NÃO IDENTIFICADA COMO RURAL,False,Ausência de marcador rural nos campos públicos,MÉDIA,True
03/08/2026,06:28:06,2026,AC,01392,RIO BRANCO,9,160,1767,ESCOLA ACREANA DE MÚSICA (ANT CENTRO CULTURAL),"RUA CENTRAL, 581 CONJ TUCUMÃ II",DISTRITO INDUSTRIAL,69900000,-9.9495528,-67.8590245,ATIVO,ATIVO,Com acessibilidade,337,337,337,01392|9|160,01392|9|1767,URBANA OU NÃO IDENTIFICADA COMO RURAL,False,Ausência de marcador rural nos campos públicos,MÉDIA,True
03/08/2026,06:28:06,2026,AC,01392,RIO BRANCO,9,181,1767,ESCOLA ACREANA DE MÚSICA (ANT CENTRO CULTURAL),"RUA CENTRAL, 581 CONJ TUCUMÃ II",DISTRITO INDUSTRIAL,69900000,-9.9495528,-67.8590245,ATIVO,ATIVO,Com acessibilidade,331,331,331,01392|9|181,01392|9|1767,URBANA OU NÃO IDENTIFICADA COMO RURAL,False,Ausência de marcador rural nos campos públicos,MÉDIA,True
03/08/2026,06:28:06,2026,AC,01392,RIO BRANCO,9,203,1767,ESCOLA ACREANA DE MÚSICA (ANT CENTRO CULTURAL),"RUA CENTRAL, 581 CONJ TUCUMÃ II",DISTRITO INDUSTRIAL,69900000,-9.9495528,-67.8590245,ATIVO,ATIVO,Com acessibilidade,341,341,341,01392|9|203,01392|9|1767,URBANA OU NÃO IDENTIFICADA COMO RURAL,False,Ausência de marcador rural nos campos públicos,MÉDIA,True
03/08/2026,06:28:06,2026,AC,01392,RIO BRANCO,9,219,1767,ESCOLA ACREANA DE MÚSICA (ANT CENTRO CULTURAL),"RUA CENTRAL, 581 CONJ TUCUMÃ II",DISTRITO INDUSTRIAL,69900000,-9.9495528,-67.8590245,ATIVO,ATIVO,Com acessibilidade,337,337,337,01392|9|219,01392|9|1767,URBANA OU NÃO IDENTIFICADA COMO RURAL,False,Ausência de marcador rural nos campos públicos,MÉDIA,True
03/08/2026,06:28:06,2026,AC,01392,RIO BRANCO,9,232,1767,ESCOLA ACREANA DE MÚSICA (ANT CENTRO CULTURAL),"RUA CENTRAL, 581 CONJ TUCUMÃ II",DISTRITO INDUSTRIAL,69900000,-9.9495528,-67.8590245,ATIVO,ATIVO,Com acessibilidade,342,342,342,01392|9|232,01392|9|1767,URBANA OU NÃO IDENTIFICADA COMO RURAL,False,Ausência de marcador rural nos campos públicos,MÉDIA,True
03/08/2026,06:28:06,2026,AC,01392,RIO BRANCO,9,228,1791,ESCOLA DE ENSINO FUNDAMENTAL E MÉDIO ESTADUAL NOVA ESPERANÇA,"RODOVIA AC 90 KM 07, RML DO RIOZINHO ENCONTRA COM RML CAIPORA KM 32",ZONA RURAL,69900000,-10.1961052,-67.9030684,ATIVO,ATIVO,Com acessibilidade,234,234,234,01392|9|228,01392|9|1791,RURAL IDENTIFICADA,True,Termo RURAL no bairro ou no nome do local no arquivo do TSE,ALTA,True
03/08/2026,06:28:06,2026,AC,01392,RIO BRANCO,9,309,1791,ESCOLA DE ENSINO FUNDAMENTAL E MÉDIO ESTADUAL NOVA ESPERANÇA,"RODOVIA AC 90 KM 07, RML DO RIOZINHO ENCONTRA COM RML CAIPORA KM 32",ZONA RURAL,69900000,-10.1961052,-67.9030684,ATIVO,ATIVO,Com acessibilidade,227,227,227,01392|9|309,01392|9|1791,RURAL IDENTIFICADA,True,Termo RURAL no bairro ou no nome do local no arquivo do TSE,ALTA,True
03/08/2026,06:28:06,2026,AC,01392,RIO BRANCO,9,230,1805,ESCOLA MANOEL TIAGO LINDOZO,ROD AC 90 KM 13  RAMAL DO RIOZINHO KM 18 RAMAL UNIAO KM 009,ZONA RURAL,69900000,-10.1480217,-67.9676453,ATIVO,ATIVO,Com acessibilidade,286,286,286,01392|9|230,01392|9|1805,RURAL IDENTIFICADA,True,Termo RURAL no bairro ou no nome do local no arquivo do TSE,ALTA,True
03/08/2026,06:28:06,2026,AC,01392,RIO BRANCO,9,54,1830,CRAS SOBRAL - CENTRO DE REFERENCIA DE ASSISTENCIA SOCIAL,RUA OSVALDO DE ANDRADE  256 PALHEIRAL,BAHIA,69911202,-9.9835707,-67.8252362,ATIVO,ATIVO,Com acessibilidade,139,276,276,01392|9|54,01392|9|1830,URBANA OU NÃO IDENTIFICADA COMO RURAL,False,Ausência de marcador rural nos campos públicos,MÉDIA,True
03/08/2026,06:28:06,2026,AC,01392,RIO BRANCO,9,178,1830,CRAS SOBRAL - CENTRO DE REFERENCIA DE ASSISTENCIA SOCIAL,RUA OSVALDO DE ANDRADE  256 PALHEIRAL,BAHIA,69911202,-9.9835707,-67.8252362,ATIVO,ATIVO,Com acessibilidade,148,148,148,01392|9|178,01392|9|1830,URBANA OU NÃO IDENTIFICADA COMO RURAL,False,Ausência de marcador rural nos campos públicos,MÉDIA,True
03/08/2026,06:28:06,2026,AC,01392,RIO BRANCO,9,227,1830,CRAS SOBRAL - CENTRO DE REFERENCIA DE ASSISTENCIA SOCIAL,RUA OSVALDO DE ANDRADE  256 PALHEIRAL,BAHIA,69911202,-9.9835707,-67.8252362,ATIVO,ATIVO,Com acessibilidade,133,0,0,01392|9|227,01392|9|1830,URBANA OU NÃO IDENTIFICADA COMO RURAL,False,Ausência de marcador rural nos campos públicos,MÉDIA,True
03/08/2026,06:28:06,2026,AC,01392,RIO BRANCO,9,240,1830,CRAS SOBRAL - CENTRO DE REFERENCIA DE ASSISTENCIA SOCIAL,RUA OSVALDO DE ANDRADE  256 PALHEIRAL,BAHIA,69911202,-9.9835707,-67.8252362,ATIVO,ATIVO,Com acessibilidade,206,339,339,01392|9|240,01392|9|1830,URBANA OU NÃO IDENTIFICADA COMO RURAL,False,Ausência de marcador rural nos campos públicos,MÉDIA,True
03/08/2026,06:28:06,2026,AC,01392,RIO BRANCO,9,426,1830,CRAS SOBRAL - CENTRO DE REFERENCIA DE ASSISTENCIA SOCIAL,RUA OSVALDO DE ANDRADE  256 PALHEIRAL,BAHIA,69911202,-9.9835707,-67.8252362,ATIVO,ATIVO,Com acessibilidade,137,0,0,01392|9|426,01392|9|1830,URBANA OU NÃO IDENTIFICADA COMO RURAL,False,Ausência de marcador rural nos campos públicos,MÉDIA,True
03/08/2026,06:28:06,2026,AC,01392,RIO BRANCO,9,239,1856,CRECHE HILDA BRAGA,"RUA SERGIPE, 74 CONJ WALDEMAR MACIEL CALAFATE",CALAFATE,69914300,-9.9793345,-67.8710605,ATIVO,ATIVO,Com acessibilidade,340,340,340,01392|9|239,01392|9|1856,URBANA OU NÃO IDENTIFICADA COMO RURAL,False,Ausência de marcador rural nos campos públicos,MÉDIA,True
03/08/2026,06:28:06,2026,AC,01392,RIO BRANCO,9,248,1864,CRECHE MUNICIPAL GUMERCINDO BESSA,"AV MARIA JOSE DE OLIVEIRA, 1554",CONJUNTO UNIVERSITÁRIO,69917742,-9.9479769,-67.8850038,ATIVO,ATIVO,Com acessibilidade,341,341,341,01392|9|248,01392|9|1864,URBANA OU NÃO IDENTIFICADA COMO RURAL,False,Ausência de marcador rural nos campos públicos,MÉDIA,True
03/08/2026,06:28:06,2026,AC,01392,RIO BRANCO,9,92,1872,DETRAN (PRÉDIO INTEGRADO),"ESTRADA DIAS MARTINS, 894 - CHACARA IPE",CHÁCARA IPÊ,69919600,-9.9600703,-67.8512676,BLOQUEADO,ATIVO,Com acessibilidade,317,317,317,01392|9|92,01392|9|1872,URBANA OU NÃO IDENTIFICADA COMO RURAL,False,Ausência de marcador rural nos campos públicos,MÉDIA,False
03/08/2026,06:28:06,2026,AC,01392,RIO BRANCO,9,118,1872,DETRAN (PRÉDIO INTEGRADO),"ESTRADA DIAS MARTINS, 894 - CHACARA IPE",CHÁCARA IPÊ,69919600,-9.9600703,-67.8512676,BLOQUEADO,ATIVO,Com acessibilidade,319,319,319,01392|9|118,01392|9|1872,URBANA OU NÃO IDENTIFICADA COMO RURAL,False,Ausência de marcador rural nos campos públicos,MÉDIA,False
03/08/2026,06:28:06,2026,AC,01392,RIO BRANCO,9,187,1872,DETRAN (PRÉDIO INTEGRADO),"ESTRADA DIAS MARTINS, 894 - CHACARA IPE",CHÁCARA IPÊ,69919600,-9.9600703,-67.8512676,BLOQUEADO,ATIVO,Com acessibilidade,316,316,316,01392|9|187,01392|9|1872,URBANA OU NÃO IDENTIFICADA COMO RURAL,False,Ausência de marcador rural nos campos públicos,MÉDIA,False
03/08/2026,06:28:06,2026,AC,01392,RIO BRANCO,9,257,1872,DETRAN (PRÉDIO INTEGRADO),"ESTRADA DIAS MARTINS, 894 - CHACARA IPE",CHÁCARA IPÊ,69919600,-9.9600703,-67.8512676,ATIVO,ATIVO,Com acessibilidade,342,342,342,01392|9|257,01392|9|1872,URBANA OU NÃO IDENTIFICADA COMO RURAL,False,Ausência de marcador rural nos campos públicos,MÉDIA,True
03/08/2026,06:28:06,2026,AC,01392,RIO BRANCO,9,296,1872,DETRAN (PRÉDIO INTEGRADO),"ESTRADA DIAS MARTINS, 894 - CHACARA IPE",CHÁCARA IPÊ,69919600,-9.9600703,-67.8512676,ATIVO,ATIVO,Com acessibilidade,337,372,372,01392|9|296,01392|9|1872,URBANA OU NÃO IDENTIFICADA COMO RURAL,False,Ausência de marcador rural nos campos públicos,MÉDIA,True
03/08/2026,06:28:06,2026,AC,01392,RIO BRANCO,9,430,1872,DETRAN (PRÉDIO INTEGRADO),"ESTRADA DIAS MARTINS, 894 - CHACARA IPE",CHÁCARA IPÊ,69919600,-9.9600703,-67.8512676,ATIVO,ATIVO,Com acessibilidade,339,339,339,01392|9|430,01392|9|1872,URBANA OU NÃO IDENTIFICADA COMO RURAL,False,Ausência de marcador rural nos campos públicos,MÉDIA,True
03/08/2026,06:28:06,2026,AC,01392,RIO BRANCO,9,483,1872,DETRAN (PRÉDIO INTEGRADO),"ESTRADA DIAS MARTINS, 894 - CHACARA IPE",CHÁCARA IPÊ,69919600,-9.9600703,-67.8512676,ATIVO,ATIVO,Sem acessibilidade,35,0,0,01392|9|483,01392|9|1872,URBANA OU NÃO IDENTIFICADA COMO RURAL,False,Ausência de marcador rural nos campos públicos,MÉDIA,True
03/08/2026,06:28:06,2026,AC,01392,RIO BRANCO,9,264,1899,FACULDADE UNINORTE,ALAMEDA ALEMANHA N 200,JARDIM EUROPA,69915497,-9.9674619,-67.8507587,ATIVO,ATIVO,Com acessibilidade,366,366,366,01392|9|264,01392|9|1899,URBANA OU NÃO IDENTIFICADA COMO RURAL,False,Ausência de marcador rural nos campos públicos,MÉDIA,True
03/08/2026,06:28:06,2026,AC,01392,RIO BRANCO,9,280,1899,FACULDADE UNINORTE,ALAMEDA ALEMANHA N 200,JARDIM EUROPA,69915497,-9.9674619,-67.8507587,ATIVO,ATIVO,Com acessibilidade,364,364,364,01392|9|280,01392|9|1899,URBANA OU NÃO IDENTIFICADA COMO RURAL,False,Ausência de marcador rural nos campos públicos,MÉDIA,True
03/08/2026,06:28:06,2026,AC,01392,RIO BRANCO,9,292,1899,FACULDADE UNINORTE,ALAMEDA ALEMANHA N 200,JARDIM EUROPA,69915497,-9.9674619,-67.8507587,ATIVO,ATIVO,Com acessibilidade,366,366,366,01392|9|292,01392|9|1899,URBANA OU NÃO IDENTIFICADA COMO RURAL,False,Ausência de marcador rural nos campos públicos,MÉDIA,True
03/08/2026,06:28:06,2026,AC,01392,RIO BRANCO,9,308,1899,FACULDADE UNINORTE,ALAMEDA ALEMANHA N 200,JARDIM EUROPA,69915497,-9.9674619,-67.8507587,ATIVO,ATIVO,Com acessibilidade,372,372,372,01392|9|308,01392|9|1899,URBANA OU NÃO IDENTIFICADA COMO RURAL,False,Ausência de marcador rural nos campos públicos,MÉDIA,True
03/08/2026,06:28:06,2026,AC,01392,RIO BRANCO,9,403,1899,FACULDADE UNINORTE,ALAMEDA ALEMANHA N 200,JARDIM EUROPA,69915497,-9.9674619,-67.8507587,ATIVO,ATIVO,Com acessibilidade,369,369,369,01392|9|403,01392|9|1899,URBANA OU NÃO IDENTIFICADA COMO RURAL,False,Ausência de marcador rural nos campos públicos,MÉDIA,True
03/08/2026,06:28:06,2026,AC,01392,RIO BRANCO,9,405,1899,FACULDADE UNINORTE,ALAMEDA ALEMANHA N 200,JARDIM EUROPA,69915497,-9.9674619,-67.8507587,ATIVO,ATIVO,Com acessibilidade,370,370,370,01392|9|405,01392|9|1899,URBANA OU NÃO IDENTIFICADA COMO RURAL,False,Ausência de marcador rural nos campos públicos,MÉDIA,True
03/08/2026,06:28:06,2026,AC,01392,RIO BRANCO,9,415,1899,FACULDADE UNINORTE,ALAMEDA ALEMANHA N 200,JARDIM EUROPA,69915497,-9.9674619,-67.8507587,ATIVO,ATIVO,Com acessibilidade,358,358,358,01392|9|415,01392|9|1899,URBANA OU NÃO IDENTIFICADA COMO RURAL,False,Ausência de marcador rural nos campos públicos,MÉDIA,True
03/08/2026,06:28:06,2026,AC,01392,RIO BRANCO,9,438,1899,FACULDADE UNINORTE,ALAMEDA ALEMANHA N 200,JARDIM EUROPA,69915497,-9.9674619,-67.8507587,ATIVO,ATIVO,Com acessibilidade,370,370,370,01392|9|438,01392|9|1899,URBANA OU NÃO IDENTIFICADA COMO RURAL,False,Ausência de marcador rural nos campos públicos,MÉDIA,True
03/08/2026,06:28:06,2026,AC,01392,RIO BRANCO,9,446,1899,FACULDADE UNINORTE,ALAMEDA ALEMANHA N 200,JARDIM EUROPA,69915497,-9.9674619,-67.8507587,ATIVO,ATIVO,Com acessibilidade,373,373,373,01392|9|446,01392|9|1899,URBANA OU NÃO IDENTIFICADA COMO RURAL,False,Ausência de marcador rural nos campos públicos,MÉDIA,True
03/08/2026,06:28:06,2026,AC,01392,RIO BRANCO,9,262,1902,ESCOLA DOUTOR SANTIAGO DANTAS,ROD AC 90 KM 14,ZONA RURAL,69900000,-10.031041,-67.9549399,ATIVO,ATIVO,Com acessibilidade,287,287,287,01392|9|262,01392|9|1902,RURAL IDENTIFICADA,True,Termo RURAL no bairro ou no nome do local no arquivo do TSE,ALTA,True
03/08/2026,06:28:06,2026,AC,01392,RIO BRANCO,9,406,1902,ESCOLA DOUTOR SANTIAGO DANTAS,ROD AC 90 KM 14,ZONA RURAL,69900000,-10.031041,-67.9549399,ATIVO,ATIVO,Com acessibilidade,291,291,291,01392|9|406,01392|9|1902,RURAL IDENTIFICADA,True,Termo RURAL no bairro ou no nome do local no arquivo do TSE,ALTA,True
03/08/2026,06:28:06,2026,AC,01392,RIO BRANCO,9,465,1902,ESCOLA DOUTOR SANTIAGO DANTAS,ROD AC 90 KM 14,ZONA RURAL,69900000,-10.031041,-67.9549399,ATIVO,ATIVO,Sem acessibilidade,290,290,290,01392|9|465,01392|9|1902,RURAL IDENTIFICADA,True,Termo RURAL no bairro ou no nome do local no arquivo do TSE,ALTA,True
03/08/2026,06:28:06,2026,AC,01392,RIO BRANCO,9,265,1910,ESCOLA ESTADUAL RURAL JORGE KALUME,ESTRADA DIAS MARTINS KM 12 BARRO VERMELHO,DISTRITO INDUSTRIAL,69912470,-9.9388876,-67.9171545,ATIVO,ATIVO,Com acessibilidade,246,246,246,01392|9|265,01392|9|1910,RURAL IDENTIFICADA,True,Termo RURAL no bairro ou no nome do local no arquivo do TSE,ALTA,True
03/08/2026,06:28:06,2026,AC,01392,RIO BRANCO,9,460,1910,ESCOLA ESTADUAL RURAL JORGE KALUME,ESTRADA DIAS MARTINS KM 12 BARRO VERMELHO,DISTRITO INDUSTRIAL,69912470,-9.9388876,-67.9171545,ATIVO,ATIVO,Sem acessibilidade,201,201,201,01392|9|460,01392|9|1910,RURAL IDENTIFICADA,True,Termo RURAL no bairro ou no nome do local no arquivo do TSE,ALTA,True
03/08/2026,06:28:06,2026,AC,01392,RIO BRANCO,9,268,1929,ESCOLA MUNICIPAL JOSE POTYGUARA,"RUA BENJAMIN CONSTANT, 394 CALAFATE",CALAFATE,69914356,-9.9797633,-67.8811362,ATIVO,ATIVO,Com acessibilidade,286,286,286,01392|9|268,01392|9|1929,URBANA OU NÃO IDENTIFICADA COMO RURAL,False,Ausência de marcador rural nos campos públicos,MÉDIA,True
03/08/2026,06:28:06,2026,AC,01392,RIO BRANCO,9,288,1929,ESCOLA MUNICIPAL JOSE POTYGUARA,"RUA BENJAMIN CONSTANT, 394 CALAFATE",CALAFATE,69914356,-9.9797633,-67.8811362,ATIVO,ATIVO,Com acessibilidade,283,283,283,01392|9|288,01392|9|1929,URBANA OU NÃO IDENTIFICADA COMO RURAL,False,Ausência de marcador rural nos campos públicos,MÉDIA,True
03/08/2026,06:28:06,2026,AC,01392,RIO BRANCO,9,417,1929,ESCOLA MUNICIPAL JOSE POTYGUARA,"RUA BENJAMIN CONSTANT, 394 CALAFATE",CALAFATE,69914356,-9.9797633,-67.8811362,ATIVO,ATIVO,Com acessibilidade,286,286,286,01392|9|417,01392|9|1929,URBANA OU NÃO IDENTIFICADA COMO RURAL,False,Ausência de marcador rural nos campos públicos,MÉDIA,True
03/08/2026,06:28:06,2026,AC,01392,RIO BRANCO,9,261,1937,ESCOLA ESTADUAL EDILSON FAÇANHA,"RUA SANTA ROSA, 46 - LOTEAMENTO LUIS ISRAEL LIRA",CALAFATE,69915800,-9.9803479,-67.8769948,ATIVO,ATIVO,Com acessibilidade,300,300,300,01392|9|261,01392|9|1937,URBANA OU NÃO IDENTIFICADA COMO RURAL,False,Ausência de marcador rural nos campos públicos,MÉDIA,True
03/08/2026,06:28:06,2026,AC,01392,RIO BRANCO,9,287,1937,ESCOLA ESTADUAL EDILSON FAÇANHA,"RUA SANTA ROSA, 46 - LOTEAMENTO LUIS ISRAEL LIRA",CALAFATE,69915800,-9.9803479,-67.8769948,ATIVO,ATIVO,Com acessibilidade,291,291,291,01392|9|287,01392|9|1937,URBANA OU NÃO IDENTIFICADA COMO RURAL,False,Ausência de marcador rural nos campos públicos,MÉDIA,True
03/08/2026,06:28:06,2026,AC,01392,RIO BRANCO,9,316,1937,ESCOLA ESTADUAL EDILSON FAÇANHA,"RUA SANTA ROSA, 46 - LOTEAMENTO LUIS ISRAEL LIRA",CALAFATE,69915800,-9.9803479,-67.8769948,ATIVO,ATIVO,Com acessibilidade,291,291,291,01392|9|316,01392|9|1937,URBANA OU NÃO IDENTIFICADA COMO RURAL,False,Ausência de marcador rural nos campos públicos,MÉDIA,True
03/08/2026,06:28:06,2026,AC,01392,RIO BRANCO,9,421,1937,ESCOLA ESTADUAL EDILSON FAÇANHA,"RUA SANTA ROSA, 46 - LOTEAMENTO LUIS ISRAEL LIRA",CALAFATE,69915800,-9.9803479,-67.8769948,ATIVO,ATIVO,Com acessibilidade,298,298,298,01392|9|421,01392|9|1937,URBANA OU NÃO IDENTIFICADA COMO RURAL,False,Ausência de marcador rural nos campos públicos,MÉDIA,True
03/08/2026,06:28:06,2026,AC,01392,RIO BRANCO,9,263,1953,ESCOLA ESTADUAL PROFESSORA ILKA MARIA DE LIMA,"RUA DA MELANCIA, 271 MOCINHA MAGALHÃES",MOCINHA MAGALHAES,69920066,-9.9440596,-67.8573806,ATIVO,ATIVO,Com acessibilidade,341,341,341,01392|9|263,01392|9|1953,URBANA OU NÃO IDENTIFICADA COMO RURAL,False,Ausência de marcador rural nos campos públicos,MÉDIA,True
03/08/2026,06:28:06,2026,AC,01392,RIO BRANCO,9,281,1953,ESCOLA ESTADUAL PROFESSORA ILKA MARIA DE LIMA,"RUA DA MELANCIA, 271 MOCINHA MAGALHÃES",MOCINHA MAGALHAES,69920066,-9.9440596,-67.8573806,ATIVO,ATIVO,Com acessibilidade,330,330,330,01392|9|281,01392|9|1953,URBANA OU NÃO IDENTIFICADA COMO RURAL,False,Ausência de marcador rural nos campos públicos,MÉDIA,True
03/08/2026,06:28:06,2026,AC,01392,RIO BRANCO,9,314,1953,ESCOLA ESTADUAL PROFESSORA ILKA MARIA DE LIMA,"RUA DA MELANCIA, 271 MOCINHA MAGALHÃES",MOCINHA MAGALHAES,69920066,-9.9440596,-67.8573806,ATIVO,ATIVO,Com acessibilidade,337,337,337,01392|9|314,01392|9|1953,URBANA OU NÃO IDENTIFICADA COMO RURAL,False,Ausência de marcador rural nos campos públicos,MÉDIA,True
03/08/2026,06:28:06,2026,AC,01392,RIO BRANCO,9,266,1961,ESCOLA ESTADUAL TEREZINHA KALUME,"RUA AMOTY PASCOAL, 44 RUI LINO",TUCUMÃ,69900000,-9.9491127,-67.8539215,ATIVO,ATIVO,Com acessibilidade,343,343,343,01392|9|266,01392|9|1961,URBANA OU NÃO IDENTIFICADA COMO RURAL,False,Ausência de marcador rural nos campos públicos,MÉDIA,True
03/08/2026,06:28:06,2026,AC,01392,RIO BRANCO,9,307,1961,ESCOLA ESTADUAL TEREZINHA KALUME,"RUA AMOTY PASCOAL, 44 RUI LINO",TUCUMÃ,69900000,-9.9491127,-67.8539215,ATIVO,ATIVO,Com acessibilidade,332,332,332,01392|9|307,01392|9|1961,URBANA OU NÃO IDENTIFICADA COMO RURAL,False,Ausência de marcador rural nos campos públicos,MÉDIA,True
03/08/2026,06:28:06,2026,AC,01392,RIO BRANCO,9,443,1961,ESCOLA ESTADUAL TEREZINHA KALUME,"RUA AMOTY PASCOAL, 44 RUI LINO",TUCUMÃ,69900000,-9.9491127,-67.8539215,ATIVO,ATIVO,Com acessibilidade,343,343,343,01392|9|443,01392|9|1961,URBANA OU NÃO IDENTIFICADA COMO RURAL,False,Ausência de marcador rural nos campos públicos,MÉDIA,True
03/08/2026,06:28:06,2026,AC,01392,RIO BRANCO,9,279,2003,ESCOLA ESTADUAL MAJOR JOÃO CÂNCIO,ROD AC 90 KM 80,ZONA RURAL,69900000,-9.8463644,-68.4260688,ATIVO,ATIVO,Com acessibilidade,279,279,279,01392|9|279,01392|9|2003,RURAL IDENTIFICADA,True,Termo RURAL no bairro ou no nome do local no arquivo do TSE,ALTA,True
03/08/2026,06:28:06,2026,AC,01392,RIO BRANCO,9,416,2003,ESCOLA ESTADUAL MAJOR JOÃO CÂNCIO,ROD AC 90 KM 80,ZONA RURAL,69900000,-9.8463644,-68.4260688,ATIVO,ATIVO,Com acessibilidade,279,279,279,01392|9|416,01392|9|2003,RURAL IDENTIFICADA,True,Termo RURAL no bairro ou no nome do local no arquivo do TSE,ALTA,True
03/08/2026,06:28:06,2026,AC,01392,RIO BRANCO,9,299,2020,UNIMETA - ESTÁCIO,"ESTRADA ALBERTO TORRES, N. 947",PRIMAVERA,69919230,-9.9521088,-67.847884,ATIVO,ATIVO,Com acessibilidade,340,340,340,01392|9|299,01392|9|2020,URBANA OU NÃO IDENTIFICADA COMO RURAL,False,Ausência de marcador rural nos campos públicos,MÉDIA,True
03/08/2026,06:28:06,2026,AC,01392,RIO BRANCO,9,404,2020,UNIMETA - ESTÁCIO,"ESTRADA ALBERTO TORRES, N. 947",PRIMAVERA,69919230,-9.9521088,-67.847884,ATIVO,ATIVO,Com acessibilidade,338,338,338,01392|9|404,01392|9|2020,URBANA OU NÃO IDENTIFICADA COMO RURAL,False,Ausência de marcador rural nos campos públicos,MÉDIA,True
03/08/2026,06:28:06,2026,AC,01392,RIO BRANCO,9,410,2020,UNIMETA - ESTÁCIO,"ESTRADA ALBERTO TORRES, N. 947",PRIMAVERA,69919230,-9.9521088,-67.847884,ATIVO,ATIVO,Com acessibilidade,343,343,343,01392|9|410,01392|9|2020,URBANA OU NÃO IDENTIFICADA COMO RURAL,False,Ausência de marcador rural nos campos públicos,MÉDIA,True
03/08/2026,06:28:06,2026,AC,01392,RIO BRANCO,9,433,2020,UNIMETA - ESTÁCIO,"ESTRADA ALBERTO TORRES, N. 947",PRIMAVERA,69919230,-9.9521088,-67.847884,ATIVO,ATIVO,Com acessibilidade,340,340,340,01392|9|433,01392|9|2020,URBANA OU NÃO IDENTIFICADA COMO RURAL,False,Ausência de marcador rural nos campos públicos,MÉDIA,True
03/08/2026,06:28:06,2026,AC,01392,RIO BRANCO,9,170,2038,ESCOLA INFANTIL VALDIVA DE CASTRO DOS SANTOS,"RUA GUMERCINDO BESSA, N. 231",CONJUNTO UNIVERSITARIO,69917738,-9.9460197,-67.8855905,ATIVO,ATIVO,Com acessibilidade,226,226,226,01392|9|170,01392|9|2038,URBANA OU NÃO IDENTIFICADA COMO RURAL,False,Ausência de marcador rural nos campos públicos,MÉDIA,True
03/08/2026,06:28:06,2026,AC,01392,RIO BRANCO,9,300,2038,ESCOLA INFANTIL VALDIVA DE CASTRO DOS SANTOS,"RUA GUMERCINDO BESSA, N. 231",CONJUNTO UNIVERSITARIO,69917738,-9.9460197,-67.8855905,ATIVO,ATIVO,Com acessibilidade,329,329,329,01392|9|300,01392|9|2038,URBANA OU NÃO IDENTIFICADA COMO RURAL,False,Ausência de marcador rural nos campos públicos,MÉDIA,True
03/08/2026,06:28:06,2026,AC,01392,RIO BRANCO,9,298,2046,ESCOLA MARINA VICENTE GOMES,RUA 26 DE JUNHO.,BOA UNIÃO,69912002,-9.9974371,-67.8309403,ATIVO,ATIVO,Com acessibilidade,280,280,280,01392|9|298,01392|9|2046,URBANA OU NÃO IDENTIFICADA COMO RURAL,False,Ausência de marcador rural nos campos públicos,MÉDIA,True
03/08/2026,06:28:06,2026,AC,01392,RIO BRANCO,9,312,2046,ESCOLA MARINA VICENTE GOMES,RUA 26 DE JUNHO.,BOA UNIÃO,69912002,-9.9974371,-67.8309403,ATIVO,ATIVO,Com acessibilidade,272,272,272,01392|9|312,01392|9|2046,URBANA OU NÃO IDENTIFICADA COMO RURAL,False,Ausência de marcador rural nos campos públicos,MÉDIA,True
03/08/2026,06:28:06,2026,AC,01392,RIO BRANCO,9,407,2046,ESCOLA MARINA VICENTE GOMES,RUA 26 DE JUNHO.,BOA UNIÃO,69912002,-9.9974371,-67.8309403,ATIVO,ATIVO,Com acessibilidade,305,305,305,01392|9|407,01392|9|2046,URBANA OU NÃO IDENTIFICADA COMO RURAL,False,Ausência de marcador rural nos campos públicos,MÉDIA,True
03/08/2026,06:28:06,2026,AC,01392,RIO BRANCO,9,432,2046,ESCOLA MARINA VICENTE GOMES,RUA 26 DE JUNHO.,BOA UNIÃO,69912002,-9.9974371,-67.8309403,ATIVO,ATIVO,Com acessibilidade,278,278,278,01392|9|432,01392|9|2046,URBANA OU NÃO IDENTIFICADA COMO RURAL,False,Ausência de marcador rural nos campos públicos,MÉDIA,True
03/08/2026,06:28:06,2026,AC,01392,RIO BRANCO,9,482,2046,ESCOLA MARINA VICENTE GOMES,RUA 26 DE JUNHO.,BOA UNIÃO,69912002,-9.9974371,-67.8309403,ATIVO,ATIVO,Sem acessibilidade,257,257,257,01392|9|482,01392|9|2046,URBANA OU NÃO IDENTIFICADA COMO RURAL,False,Ausência de marcador rural nos campos públicos,MÉDIA,True
03/08/2026,06:28:06,2026,AC,01392,RIO BRANCO,9,297,2054,ESCOLA ILSON RIBEIRO,"RUA RAIMUNDO FERREIRA, 243 - CALAFATE",ILSON RIBEIRO,69900000,-9.9860729,-67.8854253,ATIVO,ATIVO,Com acessibilidade,284,284,284,01392|9|297,01392|9|2054,URBANA OU NÃO IDENTIFICADA COMO RURAL,False,Ausência de marcador rural nos campos públicos,MÉDIA,True
03/08/2026,06:28:06,2026,AC,01392,RIO BRANCO,9,431,2054,ESCOLA ILSON RIBEIRO,"RUA RAIMUNDO FERREIRA, 243 - CALAFATE",ILSON RIBEIRO,69900000,-9.9860729,-67.8854253,ATIVO,ATIVO,Com acessibilidade,297,297,297,01392|9|431,01392|9|2054,URBANA OU NÃO IDENTIFICADA COMO RURAL,False,Ausência de marcador rural nos campos públicos,MÉDIA,True
03/08/2026,06:28:06,2026,AC,01392,RIO BRANCO,9,468,2054,ESCOLA ILSON RIBEIRO,"RUA RAIMUNDO FERREIRA, 243 - CALAFATE",ILSON RIBEIRO,69900000,-9.9860729,-67.8854253,ATIVO,ATIVO,Sem acessibilidade,300,300,300,01392|9|468,01392|9|2054,URBANA OU NÃO IDENTIFICADA COMO RURAL,False,Ausência de marcador rural nos campos públicos,MÉDIA,True
03/08/2026,06:28:06,2026,AC,01392,RIO BRANCO,9,319,2062,ESCOLA SAO FRANCISCO DE ASSIS,"RUA SAO SEBASTIAO, 524",VILA IVONETE,0,-9.9580508,-67.8263454,ATIVO,ATIVO,Com acessibilidade,243,243,243,01392|9|319,01392|9|2062,URBANA OU NÃO IDENTIFICADA COMO RURAL,False,Ausência de marcador rural nos campos públicos,MÉDIA,True
03/08/2026,06:28:06,2026,AC,01392,RIO BRANCO,9,320,2062,ESCOLA SAO FRANCISCO DE ASSIS,"RUA SAO SEBASTIAO, 524",VILA IVONETE,0,-9.9580508,-67.8263454,ATIVO,ATIVO,Com acessibilidade,239,239,239,01392|9|320,01392|9|2062,URBANA OU NÃO IDENTIFICADA COMO RURAL,False,Ausência de marcador rural nos campos públicos,MÉDIA,True
03/08/2026,06:28:06,2026,AC,01392,RIO BRANCO,9,423,2062,ESCOLA SAO FRANCISCO DE ASSIS,"RUA SAO SEBASTIAO, 524",VILA IVONETE,0,-9.9580508,-67.8263454,ATIVO,ATIVO,Com acessibilidade,202,202,202,01392|9|423,01392|9|2062,URBANA OU NÃO IDENTIFICADA COMO RURAL,False,Ausência de marcador rural nos campos públicos,MÉDIA,True
03/08/2026,06:28:06,2026,AC,01392,RIO BRANCO,9,321,2070,ASSOC. COMERCIAL - ACISA,"AV CEARÁ, 2351",DOM GIOCONDO,69900000,-9.9703157,-67.8176171,ATIVO,ATIVO,Com acessibilidade,280,280,280,01392|9|321,01392|9|2070,URBANA OU NÃO IDENTIFICADA COMO RURAL,False,Ausência de marcador rural nos campos públicos,MÉDIA,True
03/08/2026,06:28:06,2026,AC,01392,RIO BRANCO,9,322,2070,ASSOC. COMERCIAL - ACISA,"AV CEARÁ, 2351",DOM GIOCONDO,69900000,-9.9703157,-67.8176171,ATIVO,ATIVO,Com acessibilidade,276,276,276,01392|9|322,01392|9|2070,URBANA OU NÃO IDENTIFICADA COMO RURAL,False,Ausência de marcador rural nos campos públicos,MÉDIA,True
03/08/2026,06:28:06,2026,AC,01392,RIO BRANCO,9,323,2070,ASSOC. COMERCIAL - ACISA,"AV CEARÁ, 2351",DOM GIOCONDO,69900000,-9.9703157,-67.8176171,ATIVO,ATIVO,Com acessibilidade,274,274,274,01392|9|323,01392|9|2070,URBANA OU NÃO IDENTIFICADA COMO RURAL,False,Ausência de marcador rural nos campos públicos,MÉDIA,True
03/08/2026,06:28:06,2026,AC,01392,RIO BRANCO,9,452,2070,ASSOC. COMERCIAL - ACISA,"AV CEARÁ, 2351",DOM GIOCONDO,69900000,-9.9703157,-67.8176171,ATIVO,ATIVO,Com acessibilidade,278,278,278,01392|9|452,01392|9|2070,URBANA OU NÃO IDENTIFICADA COMO RURAL,False,Ausência de marcador rural nos campos públicos,MÉDIA,True
03/08/2026,06:28:06,2026,AC,01392,RIO BRANCO,9,324,2089,ESCOLA MUNICIPAL INFANTIL FRANCISCA ARAGAO DA SILVA,RUA CONQUISTA 217,GERALDO FLEMING,69918864,-9.9538121,-67.8366482,ATIVO,ATIVO,Com acessibilidade,314,314,314,01392|9|324,01392|9|2089,URBANA OU NÃO IDENTIFICADA COMO RURAL,False,Ausência de marcador rural nos campos públicos,MÉDIA,True
03/08/2026,06:28:06,2026,AC,01392,RIO BRANCO,9,325,2089,ESCOLA MUNICIPAL INFANTIL FRANCISCA ARAGAO DA SILVA,RUA CONQUISTA 217,GERALDO FLEMING,69918864,-9.9538121,-67.8366482,ATIVO,ATIVO,Com acessibilidade,308,308,308,01392|9|325,01392|9|2089,URBANA OU NÃO IDENTIFICADA COMO RURAL,False,Ausência de marcador rural nos campos públicos,MÉDIA,True
03/08/2026,06:28:06,2026,AC,01392,RIO BRANCO,9,326,2089,ESCOLA MUNICIPAL INFANTIL FRANCISCA ARAGAO DA SILVA,RUA CONQUISTA 217,GERALDO FLEMING,69918864,-9.9538121,-67.8366482,ATIVO,ATIVO,Com acessibilidade,303,303,303,01392|9|326,01392|9|2089,URBANA OU NÃO IDENTIFICADA COMO RURAL,False,Ausência de marcador rural nos campos públicos,MÉDIA,True
03/08/2026,06:28:06,2026,AC,01392,RIO BRANCO,9,327,2089,ESCOLA MUNICIPAL INFANTIL FRANCISCA ARAGAO DA SILVA,RUA CONQUISTA 217,GERALDO FLEMING,69918864,-9.9538121,-67.8366482,ATIVO,ATIVO,Com acessibilidade,311,311,311,01392|9|327,01392|9|2089,URBANA OU NÃO IDENTIFICADA COMO RURAL,False,Ausência de marcador rural nos campos públicos,MÉDIA,True
03/08/2026,06:28:06,2026,AC,01392,RIO BRANCO,9,328,2097,ESCOLA JOELMA OLIVEIRA DE LIMA,"RUA ANTONIO PESSOA JUCÁ, Q-69, CONJ. MONTANHÊS",TANCREDO NEVES,69900000,-9.9222525,-67.8337291,ATIVO,ATIVO,Com acessibilidade,329,329,329,01392|9|328,01392|9|2097,URBANA OU NÃO IDENTIFICADA COMO RURAL,False,Ausência de marcador rural nos campos públicos,MÉDIA,True
03/08/2026,06:28:06,2026,AC,01392,RIO BRANCO,9,329,2097,ESCOLA JOELMA OLIVEIRA DE LIMA,"RUA ANTONIO PESSOA JUCÁ, Q-69, CONJ. MONTANHÊS",TANCREDO NEVES,69900000,-9.9222525,-67.8337291,ATIVO,ATIVO,Com acessibilidade,336,336,336,01392|9|329,01392|9|2097,URBANA OU NÃO IDENTIFICADA COMO RURAL,False,Ausência de marcador rural nos campos públicos,MÉDIA,True
03/08/2026,06:28:06,2026,AC,01392,RIO BRANCO,9,330,2097,ESCOLA JOELMA OLIVEIRA DE LIMA,"RUA ANTONIO PESSOA JUCÁ, Q-69, CONJ. MONTANHÊS",TANCREDO NEVES,69900000,-9.9222525,-67.8337291,ATIVO,ATIVO,Com acessibilidade,332,332,332,01392|9|330,01392|9|2097,URBANA OU NÃO IDENTIFICADA COMO RURAL,False,Ausência de marcador rural nos campos públicos,MÉDIA,True
03/08/2026,06:28:06,2026,AC,01392,RIO BRANCO,9,385,2097,ESCOLA JOELMA OLIVEIRA DE LIMA,"RUA ANTONIO PESSOA JUCÁ, Q-69, CONJ. MONTANHÊS",TANCREDO NEVES,69900000,-9.9222525,-67.8337291,ATIVO,ATIVO,Com acessibilidade,328,328,328,01392|9|385,01392|9|2097,URBANA OU NÃO IDENTIFICADA COMO RURAL,False,Ausência de marcador rural nos campos públicos,MÉDIA,True
03/08/2026,06:28:06,2026,AC,01392,RIO BRANCO,9,414,2097,ESCOLA JOELMA OLIVEIRA DE LIMA,"RUA ANTONIO PESSOA JUCÁ, Q-69, CONJ. MONTANHÊS",TANCREDO NEVES,69900000,-9.9222525,-67.8337291,ATIVO,ATIVO,Com acessibilidade,328,328,328,01392|9|414,01392|9|2097,URBANA OU NÃO IDENTIFICADA COMO RURAL,False,Ausência de marcador rural nos campos públicos,MÉDIA,True
03/08/2026,06:28:06,2026,AC,01392,RIO BRANCO,9,48,2100,ESCOLA DE ENSINO FUNDAMENTAL DO SERVIÇO SOCIAL DA INDÚSTRIA - SESI,"RUA ISAURA PARENTE, 2.710",ESTAÇÃO EXPERIMENTAL,69919015,-9.9606951,-67.8388131,ATIVO,ATIVO,Com acessibilidade,255,255,255,01392|9|48,01392|9|2100,URBANA OU NÃO IDENTIFICADA COMO RURAL,False,Ausência de marcador rural nos campos públicos,MÉDIA,True
03/08/2026,06:28:06,2026,AC,01392,RIO BRANCO,9,49,2100,ESCOLA DE ENSINO FUNDAMENTAL DO SERVIÇO SOCIAL DA INDÚSTRIA - SESI,"RUA ISAURA PARENTE, 2.710",ESTAÇÃO EXPERIMENTAL,69919015,-9.9606951,-67.8388131,ATIVO,ATIVO,Com acessibilidade,251,251,251,01392|9|49,01392|9|2100,URBANA OU NÃO IDENTIFICADA COMO RURAL,False,Ausência de marcador rural nos campos públicos,MÉDIA,True
03/08/2026,06:28:06,2026,AC,01392,RIO BRANCO,9,331,2100,ESCOLA DE ENSINO FUNDAMENTAL DO SERVIÇO SOCIAL DA INDÚSTRIA - SESI,"RUA ISAURA PARENTE, 2.710",ESTAÇÃO EXPERIMENTAL,69919015,-9.9606951,-67.8388131,ATIVO,ATIVO,Com acessibilidade,291,291,291,01392|9|331,01392|9|2100,URBANA OU NÃO IDENTIFICADA COMO RURAL,False,Ausência de marcador rural nos campos públicos,MÉDIA,True
03/08/2026,06:28:06,2026,AC,01392,RIO BRANCO,9,332,2100,ESCOLA DE ENSINO FUNDAMENTAL DO SERVIÇO SOCIAL DA INDÚSTRIA - SESI,"RUA ISAURA PARENTE, 2.710",ESTAÇÃO EXPERIMENTAL,69919015,-9.9606951,-67.8388131,ATIVO,ATIVO,Com acessibilidade,293,293,293,01392|9|332,01392|9|2100,URBANA OU NÃO IDENTIFICADA COMO RURAL,False,Ausência de marcador rural nos campos públicos,MÉDIA,True
03/08/2026,06:28:06,2026,AC,01392,RIO BRANCO,9,333,2100,ESCOLA DE ENSINO FUNDAMENTAL DO SERVIÇO SOCIAL DA INDÚSTRIA - SESI,"RUA ISAURA PARENTE, 2.710",ESTAÇÃO EXPERIMENTAL,69919015,-9.9606951,-67.8388131,ATIVO,ATIVO,Com acessibilidade,283,283,283,01392|9|333,01392|9|2100,URBANA OU NÃO IDENTIFICADA COMO RURAL,False,Ausência de marcador rural nos campos públicos,MÉDIA,True
03/08/2026,06:28:06,2026,AC,01392,RIO BRANCO,9,334,2100,ESCOLA DE ENSINO FUNDAMENTAL DO SERVIÇO SOCIAL DA INDÚSTRIA - SESI,"RUA ISAURA PARENTE, 2.710",ESTAÇÃO EXPERIMENTAL,69919015,-9.9606951,-67.8388131,ATIVO,ATIVO,Com acessibilidade,290,290,290,01392|9|334,01392|9|2100,URBANA OU NÃO IDENTIFICADA COMO RURAL,False,Ausência de marcador rural nos campos públicos,MÉDIA,True
03/08/2026,06:28:06,2026,AC,01392,RIO BRANCO,9,375,2100,ESCOLA DE ENSINO FUNDAMENTAL DO SERVIÇO SOCIAL DA INDÚSTRIA - SESI,"RUA ISAURA PARENTE, 2.710",ESTAÇÃO EXPERIMENTAL,69919015,-9.9606951,-67.8388131,ATIVO,ATIVO,Com acessibilidade,271,271,271,01392|9|375,01392|9|2100,URBANA OU NÃO IDENTIFICADA COMO RURAL,False,Ausência de marcador rural nos campos públicos,MÉDIA,True
03/08/2026,06:28:06,2026,AC,01392,RIO BRANCO,9,376,2100,ESCOLA DE ENSINO FUNDAMENTAL DO SERVIÇO SOCIAL DA INDÚSTRIA - SESI,"RUA ISAURA PARENTE, 2.710",ESTAÇÃO EXPERIMENTAL,69919015,-9.9606951,-67.8388131,ATIVO,ATIVO,Com acessibilidade,277,277,277,01392|9|376,01392|9|2100,URBANA OU NÃO IDENTIFICADA COMO RURAL,False,Ausência de marcador rural nos campos públicos,MÉDIA,True
03/08/2026,06:28:06,2026,AC,01392,RIO BRANCO,9,377,2100,ESCOLA DE ENSINO FUNDAMENTAL DO SERVIÇO SOCIAL DA INDÚSTRIA - SESI,"RUA ISAURA PARENTE, 2.710",ESTAÇÃO EXPERIMENTAL,69919015,-9.9606951,-67.8388131,ATIVO,ATIVO,Com acessibilidade,271,271,271,01392|9|377,01392|9|2100,URBANA OU NÃO IDENTIFICADA COMO RURAL,False,Ausência de marcador rural nos campos públicos,MÉDIA,True
03/08/2026,06:28:06,2026,AC,01392,RIO BRANCO,9,418,2100,ESCOLA DE ENSINO FUNDAMENTAL DO SERVIÇO SOCIAL DA INDÚSTRIA - SESI,"RUA ISAURA PARENTE, 2.710",ESTAÇÃO EXPERIMENTAL,69919015,-9.9606951,-67.8388131,ATIVO,ATIVO,Com acessibilidade,286,286,286,01392|9|418,01392|9|2100,URBANA OU NÃO IDENTIFICADA COMO RURAL,False,Ausência de marcador rural nos campos públicos,MÉDIA,True
03/08/2026,06:28:06,2026,AC,01392,RIO BRANCO,9,455,2100,ESCOLA DE ENSINO FUNDAMENTAL DO SERVIÇO SOCIAL DA INDÚSTRIA - SESI,"RUA ISAURA PARENTE, 2.710",ESTAÇÃO EXPERIMENTAL,69919015,-9.9606951,-67.8388131,ATIVO,ATIVO,Sem acessibilidade,291,291,291,01392|9|455,01392|9|2100,URBANA OU NÃO IDENTIFICADA COMO RURAL,False,Ausência de marcador rural nos campos públicos,MÉDIA,True
03/08/2026,06:28:06,2026,AC,01392,RIO BRANCO,9,335,2119,CENTRO CULTURAL THAUMATURGO FILHO,"TRAVESSA LUIZ Z. DA SILVA, 499",MANOEL JULIÃO,69918452,-9.9545397,-67.8320438,ATIVO,ATIVO,Com acessibilidade,336,336,336,01392|9|335,01392|9|2119,URBANA OU NÃO IDENTIFICADA COMO RURAL,False,Ausência de marcador rural nos campos públicos,MÉDIA,True
03/08/2026,06:28:06,2026,AC,01392,RIO BRANCO,9,336,2119,CENTRO CULTURAL THAUMATURGO FILHO,"TRAVESSA LUIZ Z. DA SILVA, 499",MANOEL JULIÃO,69918452,-9.9545397,-67.8320438,ATIVO,ATIVO,Com acessibilidade,342,342,342,01392|9|336,01392|9|2119,URBANA OU NÃO IDENTIFICADA COMO RURAL,False,Ausência de marcador rural nos campos públicos,MÉDIA,True
03/08/2026,06:28:06,2026,AC,01392,RIO BRANCO,9,337,2127,ESCOLA PROFESSOR PEDRO MARTINELLO,"AV. ANTÔNIO PESSOA DE JUCÁ, Q/69 - CONJ. MONTANHÊS",TANCREDO NEVES,69900000,-9.9214132,-67.8330632,ATIVO,ATIVO,Sem acessibilidade,335,335,335,01392|9|337,01392|9|2127,URBANA OU NÃO IDENTIFICADA COMO RURAL,False,Ausência de marcador rural nos campos públicos,MÉDIA,True
03/08/2026,06:28:06,2026,AC,01392,RIO BRANCO,9,338,2127,ESCOLA PROFESSOR PEDRO MARTINELLO,"AV. ANTÔNIO PESSOA DE JUCÁ, Q/69 - CONJ. MONTANHÊS",TANCREDO NEVES,69900000,-9.9214132,-67.8330632,ATIVO,ATIVO,Com acessibilidade,339,339,339,01392|9|338,01392|9|2127,URBANA OU NÃO IDENTIFICADA COMO RURAL,False,Ausência de marcador rural nos campos públicos,MÉDIA,True
03/08/2026,06:28:06,2026,AC,01392,RIO BRANCO,9,339,2127,ESCOLA PROFESSOR PEDRO MARTINELLO,"AV. ANTÔNIO PESSOA DE JUCÁ, Q/69 - CONJ. MONTANHÊS",TANCREDO NEVES,69900000,-9.9214132,-67.8330632,ATIVO,ATIVO,Com acessibilidade,334,334,334,01392|9|339,01392|9|2127,URBANA OU NÃO IDENTIFICADA COMO RURAL,False,Ausência de marcador rural nos campos públicos,MÉDIA,True
03/08/2026,06:28:06,2026,AC,01392,RIO BRANCO,9,340,2127,ESCOLA PROFESSOR PEDRO MARTINELLO,"AV. ANTÔNIO PESSOA DE JUCÁ, Q/69 - CONJ. MONTANHÊS",TANCREDO NEVES,69900000,-9.9214132,-67.8330632,ATIVO,ATIVO,Com acessibilidade,326,326,326,01392|9|340,01392|9|2127,URBANA OU NÃO IDENTIFICADA COMO RURAL,False,Ausência de marcador rural nos campos públicos,MÉDIA,True
03/08/2026,06:28:06,2026,AC,01392,RIO BRANCO,9,463,2127,ESCOLA PROFESSOR PEDRO MARTINELLO,"AV. ANTÔNIO PESSOA DE JUCÁ, Q/69 - CONJ. MONTANHÊS",TANCREDO NEVES,69900000,-9.9214132,-67.8330632,ATIVO,ATIVO,Sem acessibilidade,335,335,335,01392|9|463,01392|9|2127,URBANA OU NÃO IDENTIFICADA COMO RURAL,False,Ausência de marcador rural nos campos públicos,MÉDIA,True
03/08/2026,06:28:06,2026,AC,01392,RIO BRANCO,9,341,2135,ESCOLA PROFESSORA IONE PORTELA DA COSTA CASAS,RUA BELEM S/N,NOVA ESTAÇÃO,69918402,-9.9570057,-67.8310042,ATIVO,ATIVO,Com acessibilidade,341,341,341,01392|9|341,01392|9|2135,URBANA OU NÃO IDENTIFICADA COMO RURAL,False,Ausência de marcador rural nos campos públicos,MÉDIA,True
03/08/2026,06:28:06,2026,AC,01392,RIO BRANCO,9,342,2135,ESCOLA PROFESSORA IONE PORTELA DA COSTA CASAS,RUA BELEM S/N,NOVA ESTAÇÃO,69918402,-9.9570057,-67.8310042,ATIVO,ATIVO,Com acessibilidade,337,337,337,01392|9|342,01392|9|2135,URBANA OU NÃO IDENTIFICADA COMO RURAL,False,Ausência de marcador rural nos campos públicos,MÉDIA,True
03/08/2026,06:28:06,2026,AC,01392,RIO BRANCO,9,343,2135,ESCOLA PROFESSORA IONE PORTELA DA COSTA CASAS,RUA BELEM S/N,NOVA ESTAÇÃO,69918402,-9.9570057,-67.8310042,ATIVO,ATIVO,Com acessibilidade,341,341,341,01392|9|343,01392|9|2135,URBANA OU NÃO IDENTIFICADA COMO RURAL,False,Ausência de marcador rural nos campos públicos,MÉDIA,True
03/08/2026,06:28:06,2026,AC,01392,RIO BRANCO,9,344,2135,ESCOLA PROFESSORA IONE PORTELA DA COSTA CASAS,RUA BELEM S/N,NOVA ESTAÇÃO,69918402,-9.9570057,-67.8310042,ATIVO,ATIVO,Com acessibilidade,339,339,339,01392|9|344,01392|9|2135,URBANA OU NÃO IDENTIFICADA COMO RURAL,False,Ausência de marcador rural nos campos públicos,MÉDIA,True
03/08/2026,06:28:06,2026,AC,01392,RIO BRANCO,9,345,2151,CRECHE MUNICIPAL JAIRO JUNIOR,"RUA LUIZ MORAES, 15",TANCREDO NEVES,69900000,-9.9294883,-67.832669,ATIVO,ATIVO,Com acessibilidade,335,335,335,01392|9|345,01392|9|2151,URBANA OU NÃO IDENTIFICADA COMO RURAL,False,Ausência de marcador rural nos campos públicos,MÉDIA,True
03/08/2026,06:28:06,2026,AC,01392,RIO BRANCO,9,346,2151,CRECHE MUNICIPAL JAIRO JUNIOR,"RUA LUIZ MORAES, 15",TANCREDO NEVES,69900000,-9.9294883,-67.832669,ATIVO,ATIVO,Com acessibilidade,337,337,337,01392|9|346,01392|9|2151,URBANA OU NÃO IDENTIFICADA COMO RURAL,False,Ausência de marcador rural nos campos públicos,MÉDIA,True
03/08/2026,06:28:06,2026,AC,01392,RIO BRANCO,9,347,2160,ESCOLA PROFESSOR ALVARO VIEIRA DA ROCHA,"RUA DO ESTUDANTE, 36",CONQUISTA,69900000,-9.9503202,-67.8342804,ATIVO,ATIVO,Com acessibilidade,342,342,342,01392|9|347,01392|9|2160,URBANA OU NÃO IDENTIFICADA COMO RURAL,False,Ausência de marcador rural nos campos públicos,MÉDIA,True
03/08/2026,06:28:06,2026,AC,01392,RIO BRANCO,9,348,2160,ESCOLA PROFESSOR ALVARO VIEIRA DA ROCHA,"RUA DO ESTUDANTE, 36",CONQUISTA,69900000,-9.9503202,-67.8342804,ATIVO,ATIVO,Com acessibilidade,337,337,337,01392|9|348,01392|9|2160,URBANA OU NÃO IDENTIFICADA COMO RURAL,False,Ausência de marcador rural nos campos públicos,MÉDIA,True
03/08/2026,06:28:06,2026,AC,01392,RIO BRANCO,9,360,2160,ESCOLA PROFESSOR ALVARO VIEIRA DA ROCHA,"RUA DO ESTUDANTE, 36",CONQUISTA,69900000,-9.9503202,-67.8342804,ATIVO,ATIVO,Com acessibilidade,339,339,339,01392|9|360,01392|9|2160,URBANA OU NÃO IDENTIFICADA COMO RURAL,False,Ausência de marcador rural nos campos públicos,MÉDIA,True
03/08/2026,06:28:06,2026,AC,01392,RIO BRANCO,9,429,2160,ESCOLA PROFESSOR ALVARO VIEIRA DA ROCHA,"RUA DO ESTUDANTE, 36",CONQUISTA,69900000,-9.9503202,-67.8342804,ATIVO,ATIVO,Com acessibilidade,338,338,338,01392|9|429,01392|9|2160,URBANA OU NÃO IDENTIFICADA COMO RURAL,False,Ausência de marcador rural nos campos públicos,MÉDIA,True
03/08/2026,06:28:06,2026,AC,01392,RIO BRANCO,9,351,2178,ESCOLA MUNICIPAL JESSÉ SANTIAGO,"RUA XANGAI, 101",JORGE FELIX LAVOCAT,69900000,-9.9278338,-67.8396974,ATIVO,ATIVO,Com acessibilidade,320,320,320,01392|9|351,01392|9|2178,URBANA OU NÃO IDENTIFICADA COMO RURAL,False,Ausência de marcador rural nos campos públicos,MÉDIA,True
03/08/2026,06:28:06,2026,AC,01392,RIO BRANCO,9,352,2178,ESCOLA MUNICIPAL JESSÉ SANTIAGO,"RUA XANGAI, 101",JORGE FELIX LAVOCAT,69900000,-9.9278338,-67.8396974,ATIVO,ATIVO,Com acessibilidade,325,325,325,01392|9|352,01392|9|2178,URBANA OU NÃO IDENTIFICADA COMO RURAL,False,Ausência de marcador rural nos campos públicos,MÉDIA,True
03/08/2026,06:28:06,2026,AC,01392,RIO BRANCO,9,353,2186,ESCOLA DOUTOR JOÃO AGUIAR,"RUA ADERBAL BRASIL, 310 - CONJUNTO MANOEL JULIÃO",MANOEL JULIÃO,69918430,-9.955925,-67.8337519,ATIVO,ATIVO,Com acessibilidade,336,336,336,01392|9|353,01392|9|2186,URBANA OU NÃO IDENTIFICADA COMO RURAL,False,Ausência de marcador rural nos campos públicos,MÉDIA,True
03/08/2026,06:28:06,2026,AC,01392,RIO BRANCO,9,354,2186,ESCOLA DOUTOR JOÃO AGUIAR,"RUA ADERBAL BRASIL, 310 - CONJUNTO MANOEL JULIÃO",MANOEL JULIÃO,69918430,-9.955925,-67.8337519,ATIVO,ATIVO,Com acessibilidade,336,336,336,01392|9|354,01392|9|2186,URBANA OU NÃO IDENTIFICADA COMO RURAL,False,Ausência de marcador rural nos campos públicos,MÉDIA,True
03/08/2026,06:28:06,2026,AC,01392,RIO BRANCO,9,355,2186,ESCOLA DOUTOR JOÃO AGUIAR,"RUA ADERBAL BRASIL, 310 - CONJUNTO MANOEL JULIÃO",MANOEL JULIÃO,69918430,-9.955925,-67.8337519,ATIVO,ATIVO,Com acessibilidade,334,334,334,01392|9|355,01392|9|2186,URBANA OU NÃO IDENTIFICADA COMO RURAL,False,Ausência de marcador rural nos campos públicos,MÉDIA,True
03/08/2026,06:28:06,2026,AC,01392,RIO BRANCO,9,356,2186,ESCOLA DOUTOR JOÃO AGUIAR,"RUA ADERBAL BRASIL, 310 - CONJUNTO MANOEL JULIÃO",MANOEL JULIÃO,69918430,-9.955925,-67.8337519,ATIVO,ATIVO,Com acessibilidade,336,336,336,01392|9|356,01392|9|2186,URBANA OU NÃO IDENTIFICADA COMO RURAL,False,Ausência de marcador rural nos campos públicos,MÉDIA,True
03/08/2026,06:28:06,2026,AC,01392,RIO BRANCO,9,357,2186,ESCOLA DOUTOR JOÃO AGUIAR,"RUA ADERBAL BRASIL, 310 - CONJUNTO MANOEL JULIÃO",MANOEL JULIÃO,69918430,-9.955925,-67.8337519,ATIVO,ATIVO,Com acessibilidade,336,336,336,01392|9|357,01392|9|2186,URBANA OU NÃO IDENTIFICADA COMO RURAL,False,Ausência de marcador rural nos campos públicos,MÉDIA,True
03/08/2026,06:28:06,2026,AC,01392,RIO BRANCO,9,450,2186,ESCOLA DOUTOR JOÃO AGUIAR,"RUA ADERBAL BRASIL, 310 - CONJUNTO MANOEL JULIÃO",MANOEL JULIÃO,69918430,-9.955925,-67.8337519,ATIVO,ATIVO,Com acessibilidade,340,340,340,01392|9|450,01392|9|2186,URBANA OU NÃO IDENTIFICADA COMO RURAL,False,Ausência de marcador rural nos campos públicos,MÉDIA,True
03/08/2026,06:28:06,2026,AC,01392,RIO BRANCO,9,358,2194,ESCOLA MÁRIO LOBÃO,"ESTRADA DE P. ACRE, KM. 3, RM. DO MUTUN, KM. 1(TEL.99086844/3228-6580)",ALTO ALEGRE,69908970,-9.918448,-67.8271354,ATIVO,ATIVO,Com acessibilidade,254,254,254,01392|9|358,01392|9|2194,URBANA OU NÃO IDENTIFICADA COMO RURAL,False,Ausência de marcador rural nos campos públicos,MÉDIA,True
03/08/2026,06:28:06,2026,AC,01392,RIO BRANCO,9,457,2194,ESCOLA MÁRIO LOBÃO,"ESTRADA DE P. ACRE, KM. 3, RM. DO MUTUN, KM. 1(TEL.99086844/3228-6580)",ALTO ALEGRE,69908970,-9.918448,-67.8271354,ATIVO,ATIVO,Sem acessibilidade,259,259,259,01392|9|457,01392|9|2194,URBANA OU NÃO IDENTIFICADA COMO RURAL,False,Ausência de marcador rural nos campos públicos,MÉDIA,True
03/08/2026,06:28:06,2026,AC,01392,RIO BRANCO,9,359,2208,ESCOLA MUNICIPAL ANICE DIB JATENE,"RUA VALDOMIRO LOPES, 1299",GERALDO FLEMING,69918860,-9.9534359,-67.8357893,ATIVO,ATIVO,Com acessibilidade,308,308,308,01392|9|359,01392|9|2208,URBANA OU NÃO IDENTIFICADA COMO RURAL,False,Ausência de marcador rural nos campos públicos,MÉDIA,True
03/08/2026,06:28:06,2026,AC,01392,RIO BRANCO,9,361,2208,ESCOLA MUNICIPAL ANICE DIB JATENE,"RUA VALDOMIRO LOPES, 1299",GERALDO FLEMING,69918860,-9.9534359,-67.8357893,ATIVO,ATIVO,Com acessibilidade,299,299,299,01392|9|361,01392|9|2208,URBANA OU NÃO IDENTIFICADA COMO RURAL,False,Ausência de marcador rural nos campos públicos,MÉDIA,True
03/08/2026,06:28:06,2026,AC,01392,RIO BRANCO,9,362,2208,ESCOLA MUNICIPAL ANICE DIB JATENE,"RUA VALDOMIRO LOPES, 1299",GERALDO FLEMING,69918860,-9.9534359,-67.8357893,ATIVO,ATIVO,Com acessibilidade,299,299,299,01392|9|362,01392|9|2208,URBANA OU NÃO IDENTIFICADA COMO RURAL,False,Ausência de marcador rural nos campos públicos,MÉDIA,True
03/08/2026,06:28:06,2026,AC,01392,RIO BRANCO,9,424,2208,ESCOLA MUNICIPAL ANICE DIB JATENE,"RUA VALDOMIRO LOPES, 1299",GERALDO FLEMING,69918860,-9.9534359,-67.8357893,ATIVO,ATIVO,Com acessibilidade,301,301,301,01392|9|424,01392|9|2208,URBANA OU NÃO IDENTIFICADA COMO RURAL,False,Ausência de marcador rural nos campos públicos,MÉDIA,True
03/08/2026,06:28:06,2026,AC,01392,RIO BRANCO,9,363,2216,ESCOLA ESTADUAL PROFESSORA ELOZIRA DOS SANTOS TOMÉ,"RODOVIA AC. 10 (ESTRADA DE PORTO ACRE),  KM 1",ALTO ALEGRE,69900000,-9.931326,-67.8261795,ATIVO,ATIVO,Com acessibilidade,338,338,338,01392|9|363,01392|9|2216,URBANA OU NÃO IDENTIFICADA COMO RURAL,False,Ausência de marcador rural nos campos públicos,MÉDIA,True
03/08/2026,06:28:06,2026,AC,01392,RIO BRANCO,9,364,2216,ESCOLA ESTADUAL PROFESSORA ELOZIRA DOS SANTOS TOMÉ,"RODOVIA AC. 10 (ESTRADA DE PORTO ACRE),  KM 1",ALTO ALEGRE,69900000,-9.931326,-67.8261795,ATIVO,ATIVO,Com acessibilidade,336,336,336,01392|9|364,01392|9|2216,URBANA OU NÃO IDENTIFICADA COMO RURAL,False,Ausência de marcador rural nos campos públicos,MÉDIA,True
03/08/2026,06:28:06,2026,AC,01392,RIO BRANCO,9,365,2216,ESCOLA ESTADUAL PROFESSORA ELOZIRA DOS SANTOS TOMÉ,"RODOVIA AC. 10 (ESTRADA DE PORTO ACRE),  KM 1",ALTO ALEGRE,69900000,-9.931326,-67.8261795,ATIVO,ATIVO,Com acessibilidade,333,333,333,01392|9|365,01392|9|2216,URBANA OU NÃO IDENTIFICADA COMO RURAL,False,Ausência de marcador rural nos campos públicos,MÉDIA,True
03/08/2026,06:28:06,2026,AC,01392,RIO BRANCO,9,366,2216,ESCOLA ESTADUAL PROFESSORA ELOZIRA DOS SANTOS TOMÉ,"RODOVIA AC. 10 (ESTRADA DE PORTO ACRE),  KM 1",ALTO ALEGRE,69900000,-9.931326,-67.8261795,ATIVO,ATIVO,Com acessibilidade,338,338,338,01392|9|366,01392|9|2216,URBANA OU NÃO IDENTIFICADA COMO RURAL,False,Ausência de marcador rural nos campos públicos,MÉDIA,True
03/08/2026,06:28:06,2026,AC,01392,RIO BRANCO,9,367,2224,ESCOLA EUFROSINA SILVA OLIVEIRA,"RUA SETE DE SETEMBRO, 235",ALTO ALEGRE,69900000,-9.9264161,-67.8274764,ATIVO,ATIVO,Com acessibilidade,331,331,331,01392|9|367,01392|9|2224,URBANA OU NÃO IDENTIFICADA COMO RURAL,False,Ausência de marcador rural nos campos públicos,MÉDIA,True
03/08/2026,06:28:06,2026,AC,01392,RIO BRANCO,9,368,2224,ESCOLA EUFROSINA SILVA OLIVEIRA,"RUA SETE DE SETEMBRO, 235",ALTO ALEGRE,69900000,-9.9264161,-67.8274764,ATIVO,ATIVO,Com acessibilidade,335,335,335,01392|9|368,01392|9|2224,URBANA OU NÃO IDENTIFICADA COMO RURAL,False,Ausência de marcador rural nos campos públicos,MÉDIA,True
03/08/2026,06:28:06,2026,AC,01392,RIO BRANCO,9,369,2224,ESCOLA EUFROSINA SILVA OLIVEIRA,"RUA SETE DE SETEMBRO, 235",ALTO ALEGRE,69900000,-9.9264161,-67.8274764,ATIVO,ATIVO,Com acessibilidade,345,345,345,01392|9|369,01392|9|2224,URBANA OU NÃO IDENTIFICADA COMO RURAL,False,Ausência de marcador rural nos campos públicos,MÉDIA,True
03/08/2026,06:28:06,2026,AC,01392,RIO BRANCO,9,370,2224,ESCOLA EUFROSINA SILVA OLIVEIRA,"RUA SETE DE SETEMBRO, 235",ALTO ALEGRE,69900000,-9.9264161,-67.8274764,ATIVO,ATIVO,Com acessibilidade,335,335,335,01392|9|370,01392|9|2224,URBANA OU NÃO IDENTIFICADA COMO RURAL,False,Ausência de marcador rural nos campos públicos,MÉDIA,True
03/08/2026,06:28:06,2026,AC,01392,RIO BRANCO,9,371,2232,JUNTA COMERCIAL DO ESTADO DO ACRE - JUCEAC,"AV. ANTÔNIO DA ROCHA VIANA, 1569 - ISAURA PARENTE(9964-4068)",BOSQUE,69918308,-9.9613839,-67.8205283,ATIVO,ATIVO,Com acessibilidade,284,284,284,01392|9|371,01392|9|2232,URBANA OU NÃO IDENTIFICADA COMO RURAL,False,Ausência de marcador rural nos campos públicos,MÉDIA,True
03/08/2026,06:28:06,2026,AC,01392,RIO BRANCO,9,372,2232,JUNTA COMERCIAL DO ESTADO DO ACRE - JUCEAC,"AV. ANTÔNIO DA ROCHA VIANA, 1569 - ISAURA PARENTE(9964-4068)",BOSQUE,69918308,-9.9613839,-67.8205283,ATIVO,ATIVO,Com acessibilidade,286,286,286,01392|9|372,01392|9|2232,URBANA OU NÃO IDENTIFICADA COMO RURAL,False,Ausência de marcador rural nos campos públicos,MÉDIA,True
03/08/2026,06:28:06,2026,AC,01392,RIO BRANCO,9,373,2240,UNIDADE DE SAÚDE DA FAMÍLIA ELPÍDIO MOREIRA SOUZA,RUA DA PRAÇA,DEFESA CIVIL,69900000,-9.9382384,-67.8337489,ATIVO,ATIVO,Com acessibilidade,329,329,329,01392|9|373,01392|9|2240,URBANA OU NÃO IDENTIFICADA COMO RURAL,False,Ausência de marcador rural nos campos públicos,MÉDIA,True
03/08/2026,06:28:06,2026,AC,01392,RIO BRANCO,9,374,2240,UNIDADE DE SAÚDE DA FAMÍLIA ELPÍDIO MOREIRA SOUZA,RUA DA PRAÇA,DEFESA CIVIL,69900000,-9.9382384,-67.8337489,ATIVO,ATIVO,Com acessibilidade,336,336,336,01392|9|374,01392|9|2240,URBANA OU NÃO IDENTIFICADA COMO RURAL,False,Ausência de marcador rural nos campos públicos,MÉDIA,True
03/08/2026,06:28:06,2026,AC,01392,RIO BRANCO,9,378,2267,HORTO FLORESTAL (SECRETARIA MUNICIPAL DE MEIO AMBIENTE - SEMEIA),"AV. ANTÔNIO DA ROCHA VIANA, S/N, HORTO FLORESTAL(3228-3326/9984-9354)",VILA IVONETE,69914610,-9.947513,-67.8257408,ATIVO,ATIVO,Com acessibilidade,334,334,334,01392|9|378,01392|9|2267,URBANA OU NÃO IDENTIFICADA COMO RURAL,False,Ausência de marcador rural nos campos públicos,MÉDIA,True
03/08/2026,06:28:06,2026,AC,01392,RIO BRANCO,9,379,2275,ESCOLA ESTADUAL DJALMA TELES GALDINO,"RUA PRIMAVERA, 111",JORGE FELIX LAVOCAT,69900100,-9.9292965,-67.8421067,ATIVO,ATIVO,Com acessibilidade,310,310,310,01392|9|379,01392|9|2275,URBANA OU NÃO IDENTIFICADA COMO RURAL,False,Ausência de marcador rural nos campos públicos,MÉDIA,True
03/08/2026,06:28:06,2026,AC,01392,RIO BRANCO,9,380,2275,ESCOLA ESTADUAL DJALMA TELES GALDINO,"RUA PRIMAVERA, 111",JORGE FELIX LAVOCAT,69900100,-9.9292965,-67.8421067,ATIVO,ATIVO,Com acessibilidade,302,302,302,01392|9|380,01392|9|2275,URBANA OU NÃO IDENTIFICADA COMO RURAL,False,Ausência de marcador rural nos campos públicos,MÉDIA,True
03/08/2026,06:28:06,2026,AC,01392,RIO BRANCO,9,381,2275,ESCOLA ESTADUAL DJALMA TELES GALDINO,"RUA PRIMAVERA, 111",JORGE FELIX LAVOCAT,69900100,-9.9292965,-67.8421067,ATIVO,ATIVO,Com acessibilidade,311,311,311,01392|9|381,01392|9|2275,URBANA OU NÃO IDENTIFICADA COMO RURAL,False,Ausência de marcador rural nos campos públicos,MÉDIA,True
03/08/2026,06:28:06,2026,AC,01392,RIO BRANCO,9,382,2275,ESCOLA ESTADUAL DJALMA TELES GALDINO,"RUA PRIMAVERA, 111",JORGE FELIX LAVOCAT,69900100,-9.9292965,-67.8421067,ATIVO,ATIVO,Com acessibilidade,303,303,303,01392|9|382,01392|9|2275,URBANA OU NÃO IDENTIFICADA COMO RURAL,False,Ausência de marcador rural nos campos públicos,MÉDIA,True
03/08/2026,06:28:06,2026,AC,01392,RIO BRANCO,9,471,2275,ESCOLA ESTADUAL DJALMA TELES GALDINO,"RUA PRIMAVERA, 111",JORGE FELIX LAVOCAT,69900100,-9.9292965,-67.8421067,ATIVO,ATIVO,Sem acessibilidade,308,308,308,01392|9|471,01392|9|2275,URBANA OU NÃO IDENTIFICADA COMO RURAL,False,Ausência de marcador rural nos campos públicos,MÉDIA,True
03/08/2026,06:28:06,2026,AC,01392,RIO BRANCO,9,383,2283,ESCOLA CHRIZARUBINA LEITÃO ABRAÃO,"RUA TENENTE ADERBAL BRASIL, 289",MANOEL JULIÃO,69900000,-9.956035,-67.8339355,ATIVO,ATIVO,Com acessibilidade,301,301,301,01392|9|383,01392|9|2283,URBANA OU NÃO IDENTIFICADA COMO RURAL,False,Ausência de marcador rural nos campos públicos,MÉDIA,True
03/08/2026,06:28:06,2026,AC,01392,RIO BRANCO,9,384,2283,ESCOLA CHRIZARUBINA LEITÃO ABRAÃO,"RUA TENENTE ADERBAL BRASIL, 289",MANOEL JULIÃO,69900000,-9.956035,-67.8339355,ATIVO,ATIVO,Com acessibilidade,297,297,297,01392|9|384,01392|9|2283,URBANA OU NÃO IDENTIFICADA COMO RURAL,False,Ausência de marcador rural nos campos públicos,MÉDIA,True
03/08/2026,06:28:06,2026,AC,01392,RIO BRANCO,9,386,2305,ESCOLA ESTADUAL MARIA CHALUB LEITE,RUA JAGUARI 412,NOVA ESTAÇÃO,69918244,-9.9599272,-67.8290167,ATIVO,ATIVO,Com acessibilidade,341,341,341,01392|9|386,01392|9|2305,URBANA OU NÃO IDENTIFICADA COMO RURAL,False,Ausência de marcador rural nos campos públicos,MÉDIA,True
03/08/2026,06:28:06,2026,AC,01392,RIO BRANCO,9,387,2305,ESCOLA ESTADUAL MARIA CHALUB LEITE,RUA JAGUARI 412,NOVA ESTAÇÃO,69918244,-9.9599272,-67.8290167,ATIVO,ATIVO,Com acessibilidade,331,331,331,01392|9|387,01392|9|2305,URBANA OU NÃO IDENTIFICADA COMO RURAL,False,Ausência de marcador rural nos campos públicos,MÉDIA,True
03/08/2026,06:28:06,2026,AC,01392,RIO BRANCO,9,388,2305,ESCOLA ESTADUAL MARIA CHALUB LEITE,RUA JAGUARI 412,NOVA ESTAÇÃO,69918244,-9.9599272,-67.8290167,ATIVO,ATIVO,Com acessibilidade,339,339,339,01392|9|388,01392|9|2305,URBANA OU NÃO IDENTIFICADA COMO RURAL,False,Ausência de marcador rural nos campos públicos,MÉDIA,True
03/08/2026,06:28:06,2026,AC,01392,RIO BRANCO,9,389,2305,ESCOLA ESTADUAL MARIA CHALUB LEITE,RUA JAGUARI 412,NOVA ESTAÇÃO,69918244,-9.9599272,-67.8290167,ATIVO,ATIVO,Com acessibilidade,334,334,334,01392|9|389,01392|9|2305,URBANA OU NÃO IDENTIFICADA COMO RURAL,False,Ausência de marcador rural nos campos públicos,MÉDIA,True
03/08/2026,06:28:06,2026,AC,01392,RIO BRANCO,9,390,2313,ESCOLA AME (ASSOCIAÇÃO MODERNA DE ENSINO),"RUA ANTÔNIO PINHEIRO SOBRINHO, 521",SANTA QUITÉRIA,69900000,-9.9482792,-67.8258295,ATIVO,ATIVO,Com acessibilidade,337,337,337,01392|9|390,01392|9|2313,URBANA OU NÃO IDENTIFICADA COMO RURAL,False,Ausência de marcador rural nos campos públicos,MÉDIA,True
03/08/2026,06:28:06,2026,AC,01392,RIO BRANCO,9,391,2313,ESCOLA AME (ASSOCIAÇÃO MODERNA DE ENSINO),"RUA ANTÔNIO PINHEIRO SOBRINHO, 521",SANTA QUITÉRIA,69900000,-9.9482792,-67.8258295,ATIVO,ATIVO,Com acessibilidade,331,331,331,01392|9|391,01392|9|2313,URBANA OU NÃO IDENTIFICADA COMO RURAL,False,Ausência de marcador rural nos campos públicos,MÉDIA,True
03/08/2026,06:28:06,2026,AC,01392,RIO BRANCO,9,392,2313,ESCOLA AME (ASSOCIAÇÃO MODERNA DE ENSINO),"RUA ANTÔNIO PINHEIRO SOBRINHO, 521",SANTA QUITÉRIA,69900000,-9.9482792,-67.8258295,ATIVO,ATIVO,Com acessibilidade,339,339,339,01392|9|392,01392|9|2313,URBANA OU NÃO IDENTIFICADA COMO RURAL,False,Ausência de marcador rural nos campos públicos,MÉDIA,True
03/08/2026,06:28:06,2026,AC,01392,RIO BRANCO,9,393,2313,ESCOLA AME (ASSOCIAÇÃO MODERNA DE ENSINO),"RUA ANTÔNIO PINHEIRO SOBRINHO, 521",SANTA QUITÉRIA,69900000,-9.9482792,-67.8258295,ATIVO,ATIVO,Com acessibilidade,338,338,338,01392|9|393,01392|9|2313,URBANA OU NÃO IDENTIFICADA COMO RURAL,False,Ausência de marcador rural nos campos públicos,MÉDIA,True
03/08/2026,06:28:06,2026,AC,01392,RIO BRANCO,9,394,2321,UNIDADE DE SAÚDE DA FAMÍLIA PLATILDE OLIVEIRA DA SILVA,RUA RIO DE JANEIRO,TANCREDO NEVES,69900000,-9.928968,-67.8321663,ATIVO,ATIVO,Com acessibilidade,310,310,310,01392|9|394,01392|9|2321,URBANA OU NÃO IDENTIFICADA COMO RURAL,False,Ausência de marcador rural nos campos públicos,MÉDIA,True
03/08/2026,06:28:06,2026,AC,01392,RIO BRANCO,9,395,2321,UNIDADE DE SAÚDE DA FAMÍLIA PLATILDE OLIVEIRA DA SILVA,RUA RIO DE JANEIRO,TANCREDO NEVES,69900000,-9.928968,-67.8321663,ATIVO,ATIVO,Com acessibilidade,313,313,313,01392|9|395,01392|9|2321,URBANA OU NÃO IDENTIFICADA COMO RURAL,False,Ausência de marcador rural nos campos públicos,MÉDIA,True
03/08/2026,06:28:06,2026,AC,01392,RIO BRANCO,9,396,2330,ESCOLA ISMAEL GOMES DE CARVALHO,"TRAVESSA VITORIA, 54",TANCREDO NEVES,69921773,-9.9332849,-67.83214,ATIVO,ATIVO,Com acessibilidade,307,307,307,01392|9|396,01392|9|2330,URBANA OU NÃO IDENTIFICADA COMO RURAL,False,Ausência de marcador rural nos campos públicos,MÉDIA,True
03/08/2026,06:28:06,2026,AC,01392,RIO BRANCO,9,397,2330,ESCOLA ISMAEL GOMES DE CARVALHO,"TRAVESSA VITORIA, 54",TANCREDO NEVES,69921773,-9.9332849,-67.83214,ATIVO,ATIVO,Com acessibilidade,310,310,310,01392|9|397,01392|9|2330,URBANA OU NÃO IDENTIFICADA COMO RURAL,False,Ausência de marcador rural nos campos públicos,MÉDIA,True
03/08/2026,06:28:06,2026,AC,01392,RIO BRANCO,9,398,2330,ESCOLA ISMAEL GOMES DE CARVALHO,"TRAVESSA VITORIA, 54",TANCREDO NEVES,69921773,-9.9332849,-67.83214,ATIVO,ATIVO,Com acessibilidade,305,305,305,01392|9|398,01392|9|2330,URBANA OU NÃO IDENTIFICADA COMO RURAL,False,Ausência de marcador rural nos campos públicos,MÉDIA,True
03/08/2026,06:28:06,2026,AC,01392,RIO BRANCO,9,399,2330,ESCOLA ISMAEL GOMES DE CARVALHO,"TRAVESSA VITORIA, 54",TANCREDO NEVES,69921773,-9.9332849,-67.83214,ATIVO,ATIVO,Com acessibilidade,308,308,308,01392|9|399,01392|9|2330,URBANA OU NÃO IDENTIFICADA COMO RURAL,False,Ausência de marcador rural nos campos públicos,MÉDIA,True
03/08/2026,06:28:06,2026,AC,01392,RIO BRANCO,9,400,2330,ESCOLA ISMAEL GOMES DE CARVALHO,"TRAVESSA VITORIA, 54",TANCREDO NEVES,69921773,-9.9332849,-67.83214,ATIVO,ATIVO,Com acessibilidade,294,294,294,01392|9|400,01392|9|2330,URBANA OU NÃO IDENTIFICADA COMO RURAL,False,Ausência de marcador rural nos campos públicos,MÉDIA,True
03/08/2026,06:28:06,2026,AC,01392,RIO BRANCO,9,401,2330,ESCOLA ISMAEL GOMES DE CARVALHO,"TRAVESSA VITORIA, 54",TANCREDO NEVES,69921773,-9.9332849,-67.83214,ATIVO,ATIVO,Com acessibilidade,308,308,308,01392|9|401,01392|9|2330,URBANA OU NÃO IDENTIFICADA COMO RURAL,False,Ausência de marcador rural nos campos públicos,MÉDIA,True
03/08/2026,06:28:06,2026,AC,01392,RIO BRANCO,9,402,2330,ESCOLA ISMAEL GOMES DE CARVALHO,"TRAVESSA VITORIA, 54",TANCREDO NEVES,69921773,-9.9332849,-67.83214,ATIVO,ATIVO,Com acessibilidade,306,306,306,01392|9|402,01392|9|2330,URBANA OU NÃO IDENTIFICADA COMO RURAL,False,Ausência de marcador rural nos campos públicos,MÉDIA,True
03/08/2026,06:28:06,2026,AC,01392,RIO BRANCO,9,469,2330,ESCOLA ISMAEL GOMES DE CARVALHO,"TRAVESSA VITORIA, 54",TANCREDO NEVES,69921773,-9.9332849,-67.83214,ATIVO,ATIVO,Sem acessibilidade,311,311,311,01392|9|469,01392|9|2330,URBANA OU NÃO IDENTIFICADA COMO RURAL,False,Ausência de marcador rural nos campos públicos,MÉDIA,True
03/08/2026,06:28:06,2026,AC,01392,RIO BRANCO,9,96,2356,ESCOLA MARIA ADEIZA RODRIGUES PEREIRA,"RUA TIÃO NATUREZA, 201",PALHEIRAL,69911204,-9.9830962,-67.8262493,ATIVO,ATIVO,Com acessibilidade,249,249,249,01392|9|96,01392|9|2356,URBANA OU NÃO IDENTIFICADA COMO RURAL,False,Ausência de marcador rural nos campos públicos,MÉDIA,True
03/08/2026,06:28:06,2026,AC,01392,RIO BRANCO,9,97,2356,ESCOLA MARIA ADEIZA RODRIGUES PEREIRA,"RUA TIÃO NATUREZA, 201",PALHEIRAL,69911204,-9.9830962,-67.8262493,ATIVO,ATIVO,Com acessibilidade,251,251,251,01392|9|97,01392|9|2356,URBANA OU NÃO IDENTIFICADA COMO RURAL,False,Ausência de marcador rural nos campos públicos,MÉDIA,True
03/08/2026,06:28:06,2026,AC,01392,RIO BRANCO,9,428,2356,ESCOLA MARIA ADEIZA RODRIGUES PEREIRA,"RUA TIÃO NATUREZA, 201",PALHEIRAL,69911204,-9.9830962,-67.8262493,ATIVO,ATIVO,Com acessibilidade,196,196,196,01392|9|428,01392|9|2356,URBANA OU NÃO IDENTIFICADA COMO RURAL,False,Ausência de marcador rural nos campos públicos,MÉDIA,True
03/08/2026,06:28:06,2026,AC,01392,RIO BRANCO,9,349,2364,DEFENSORIA PÚBLICA DO ESTADO - DPE,"AVENIDA ANTÔNIO DA ROCHA VIANA, 3.057",SANTA QUITÉRIA,69900000,-9.9490234,-67.8249689,ATIVO,ATIVO,Com acessibilidade,308,308,308,01392|9|349,01392|9|2364,URBANA OU NÃO IDENTIFICADA COMO RURAL,False,Ausência de marcador rural nos campos públicos,MÉDIA,True
03/08/2026,06:28:06,2026,AC,01392,RIO BRANCO,9,350,2364,DEFENSORIA PÚBLICA DO ESTADO - DPE,"AVENIDA ANTÔNIO DA ROCHA VIANA, 3.057",SANTA QUITÉRIA,69900000,-9.9490234,-67.8249689,ATIVO,ATIVO,Com acessibilidade,308,308,308,01392|9|350,01392|9|2364,URBANA OU NÃO IDENTIFICADA COMO RURAL,False,Ausência de marcador rural nos campos públicos,MÉDIA,True
03/08/2026,06:28:06,2026,AC,01392,RIO BRANCO,9,425,2364,DEFENSORIA PÚBLICA DO ESTADO - DPE,"AVENIDA ANTÔNIO DA ROCHA VIANA, 3.057",SANTA QUITÉRIA,69900000,-9.9490234,-67.8249689,ATIVO,ATIVO,Com acessibilidade,314,314,314,01392|9|425,01392|9|2364,URBANA OU NÃO IDENTIFICADA COMO RURAL,False,Ausência de marcador rural nos campos públicos,MÉDIA,True
03/08/2026,06:28:06,2026,AC,01392,RIO BRANCO,9,435,2380,COLÉGIO MILITAR TIRADENTES,"ESTRADA DO CALAFATE, N. 4235",CALAFATE,69914320,-9.9770497,-67.874408,ATIVO,ATIVO,Com acessibilidade,337,337,337,01392|9|435,01392|9|2380,URBANA OU NÃO IDENTIFICADA COMO RURAL,False,Ausência de marcador rural nos campos públicos,MÉDIA,True
03/08/2026,06:28:06,2026,AC,01392,RIO BRANCO,9,445,2380,COLÉGIO MILITAR TIRADENTES,"ESTRADA DO CALAFATE, N. 4235",CALAFATE,69914320,-9.9770497,-67.874408,ATIVO,ATIVO,Com acessibilidade,332,332,332,01392|9|445,01392|9|2380,URBANA OU NÃO IDENTIFICADA COMO RURAL,False,Ausência de marcador rural nos campos públicos,MÉDIA,True
03/08/2026,06:28:06,2026,AC,01392,RIO BRANCO,9,456,2380,COLÉGIO MILITAR TIRADENTES,"ESTRADA DO CALAFATE, N. 4235",CALAFATE,69914320,-9.9770497,-67.874408,ATIVO,ATIVO,Sem acessibilidade,335,335,335,01392|9|456,01392|9|2380,URBANA OU NÃO IDENTIFICADA COMO RURAL,False,Ausência de marcador rural nos campos públicos,MÉDIA,True
03/08/2026,06:28:06,2026,AC,01392,RIO BRANCO,9,464,2380,COLÉGIO MILITAR TIRADENTES,"ESTRADA DO CALAFATE, N. 4235",CALAFATE,69914320,-9.9770497,-67.874408,ATIVO,ATIVO,Sem acessibilidade,333,333,333,01392|9|464,01392|9|2380,URBANA OU NÃO IDENTIFICADA COMO RURAL,False,Ausência de marcador rural nos campos públicos,MÉDIA,True
03/08/2026,06:28:06,2026,AC,01392,RIO BRANCO,9,478,2380,COLÉGIO MILITAR TIRADENTES,"ESTRADA DO CALAFATE, N. 4235",CALAFATE,69914320,-9.9770497,-67.874408,ATIVO,ATIVO,Sem acessibilidade,339,339,339,01392|9|478,01392|9|2380,URBANA OU NÃO IDENTIFICADA COMO RURAL,False,Ausência de marcador rural nos campos públicos,MÉDIA,True
03/08/2026,06:28:06,2026,AC,01392,RIO BRANCO,9,270,2410,ESCOLA TÉCNICA DE SAÚDE MARIA MOREIRA DA ROCHA,"RODOVIA BR 364, KM 02",PORTAL DA AMAZONIA,69920223,-9.9699429,-67.8531675,ATIVO,ATIVO,Com acessibilidade,256,256,256,01392|9|270,01392|9|2410,URBANA OU NÃO IDENTIFICADA COMO RURAL,False,Ausência de marcador rural nos campos públicos,MÉDIA,True
03/08/2026,06:28:06,2026,AC,01392,RIO BRANCO,9,311,2410,ESCOLA TÉCNICA DE SAÚDE MARIA MOREIRA DA ROCHA,"RODOVIA BR 364, KM 02",PORTAL DA AMAZONIA,69920223,-9.9699429,-67.8531675,ATIVO,ATIVO,Com acessibilidade,252,252,252,01392|9|311,01392|9|2410,URBANA OU NÃO IDENTIFICADA COMO RURAL,False,Ausência de marcador rural nos campos públicos,MÉDIA,True
03/08/2026,06:28:06,2026,AC,01392,RIO BRANCO,9,420,2410,ESCOLA TÉCNICA DE SAÚDE MARIA MOREIRA DA ROCHA,"RODOVIA BR 364, KM 02",PORTAL DA AMAZONIA,69920223,-9.9699429,-67.8531675,ATIVO,ATIVO,Com acessibilidade,248,248,248,01392|9|420,01392|9|2410,URBANA OU NÃO IDENTIFICADA COMO RURAL,False,Ausência de marcador rural nos campos públicos,MÉDIA,True
03/08/2026,06:28:06,2026,AC,01392,RIO BRANCO,9,473,2410,ESCOLA TÉCNICA DE SAÚDE MARIA MOREIRA DA ROCHA,"RODOVIA BR 364, KM 02",PORTAL DA AMAZONIA,69920223,-9.9699429,-67.8531675,ATIVO,ATIVO,Sem acessibilidade,240,240,240,01392|9|473,01392|9|2410,URBANA OU NÃO IDENTIFICADA COMO RURAL,False,Ausência de marcador rural nos campos públicos,MÉDIA,True
03/08/2026,06:28:06,2026,AC,01392,RIO BRANCO,9,243,2429,ESCOLA EST. DALVA DE SOUZA DAS NEVES (TRANSACREANA),"RODOVIA AC 90, KM 58 - TRANSACREANA",ZONA RURAL,69923288,-9.9351774,-68.3028607,ATIVO,ATIVO,Com acessibilidade,189,189,189,01392|9|243,01392|9|2429,RURAL IDENTIFICADA,True,Termo RURAL no bairro ou no nome do local no arquivo do TSE,ALTA,True
03/08/2026,06:28:06,2026,AC,01392,RIO BRANCO,9,271,2429,ESCOLA EST. DALVA DE SOUZA DAS NEVES (TRANSACREANA),"RODOVIA AC 90, KM 58 - TRANSACREANA",ZONA RURAL,69923288,-9.9351774,-68.3028607,ATIVO,ATIVO,Com acessibilidade,189,189,189,01392|9|271,01392|9|2429,RURAL IDENTIFICADA,True,Termo RURAL no bairro ou no nome do local no arquivo do TSE,ALTA,True
03/08/2026,06:28:06,2026,AC,01392,RIO BRANCO,9,83,2453,SEBRAE,"AV. CEARÁ, 3693 - JARDIM NAZLE, RIO BRANCO - AC.",ESTAÇÃO EXPERIMENTAL,69918108,-9.9684243,-67.8296505,ATIVO,ATIVO,Com acessibilidade,239,239,239,01392|9|83,01392|9|2453,URBANA OU NÃO IDENTIFICADA COMO RURAL,False,Ausência de marcador rural nos campos públicos,MÉDIA,True
03/08/2026,06:28:06,2026,AC,01392,RIO BRANCO,9,84,2453,SEBRAE,"AV. CEARÁ, 3693 - JARDIM NAZLE, RIO BRANCO - AC.",ESTAÇÃO EXPERIMENTAL,69918108,-9.9684243,-67.8296505,ATIVO,ATIVO,Com acessibilidade,235,235,235,01392|9|84,01392|9|2453,URBANA OU NÃO IDENTIFICADA COMO RURAL,False,Ausência de marcador rural nos campos públicos,MÉDIA,True
03/08/2026,06:28:06,2026,AC,01392,RIO BRANCO,9,267,2453,SEBRAE,"AV. CEARÁ, 3693 - JARDIM NAZLE, RIO BRANCO - AC.",ESTAÇÃO EXPERIMENTAL,69918108,-9.9684243,-67.8296505,ATIVO,ATIVO,Com acessibilidade,228,228,228,01392|9|267,01392|9|2453,URBANA OU NÃO IDENTIFICADA COMO RURAL,False,Ausência de marcador rural nos campos públicos,MÉDIA,True
03/08/2026,06:28:06,2026,AC,01082,RODRIGUES ALVES,4,82,1015,ESCOLA FRANCISCO BRAGA DE SOUZA,RUA TARAUACA,CENTRO,69985000,-7.7377686,-72.6537923,ATIVO,ATIVO,Com acessibilidade,264,264,264,01082|4|82,01082|4|1015,URBANA OU NÃO IDENTIFICADA COMO RURAL,False,Ausência de marcador rural nos campos públicos,MÉDIA,True
03/08/2026,06:28:06,2026,AC,01082,RODRIGUES ALVES,4,148,1015,ESCOLA FRANCISCO BRAGA DE SOUZA,RUA TARAUACA,CENTRO,69985000,-7.7377686,-72.6537923,ATIVO,ATIVO,Com acessibilidade,256,256,256,01082|4|148,01082|4|1015,URBANA OU NÃO IDENTIFICADA COMO RURAL,False,Ausência de marcador rural nos campos públicos,MÉDIA,True
03/08/2026,06:28:06,2026,AC,01082,RODRIGUES ALVES,4,169,1015,ESCOLA FRANCISCO BRAGA DE SOUZA,RUA TARAUACA,CENTRO,69985000,-7.7377686,-72.6537923,ATIVO,ATIVO,Com acessibilidade,259,259,259,01082|4|169,01082|4|1015,URBANA OU NÃO IDENTIFICADA COMO RURAL,False,Ausência de marcador rural nos campos públicos,MÉDIA,True
03/08/2026,06:28:06,2026,AC,01082,RODRIGUES ALVES,4,193,1015,ESCOLA FRANCISCO BRAGA DE SOUZA,RUA TARAUACA,CENTRO,69985000,-7.7377686,-72.6537923,ATIVO,ATIVO,Com acessibilidade,260,260,260,01082|4|193,01082|4|1015,URBANA OU NÃO IDENTIFICADA COMO RURAL,False,Ausência de marcador rural nos campos públicos,MÉDIA,True
03/08/2026,06:28:06,2026,AC,01082,RODRIGUES ALVES,4,351,1015,ESCOLA FRANCISCO BRAGA DE SOUZA,RUA TARAUACA,CENTRO,69985000,-7.7377686,-72.6537923,ATIVO,ATIVO,Com acessibilidade,259,259,259,01082|4|351,01082|4|1015,URBANA OU NÃO IDENTIFICADA COMO RURAL,False,Ausência de marcador rural nos campos públicos,MÉDIA,True
03/08/2026,06:28:06,2026,AC,01082,RODRIGUES ALVES,4,388,1015,ESCOLA FRANCISCO BRAGA DE SOUZA,RUA TARAUACA,CENTRO,69985000,-7.7377686,-72.6537923,ATIVO,ATIVO,Com acessibilidade,260,260,260,01082|4|388,01082|4|1015,URBANA OU NÃO IDENTIFICADA COMO RURAL,False,Ausência de marcador rural nos campos públicos,MÉDIA,True
03/08/2026,06:28:06,2026,AC,01082,RODRIGUES ALVES,4,83,1023,ESCOLA CUNHA VASCONCELOS,RUA TARAUACA,CENTRO,69985000,-7.7376037,-72.6493526,ATIVO,ATIVO,Com acessibilidade,203,203,203,01082|4|83,01082|4|1023,URBANA OU NÃO IDENTIFICADA COMO RURAL,False,Ausência de marcador rural nos campos públicos,MÉDIA,True
03/08/2026,06:28:06,2026,AC,01082,RODRIGUES ALVES,4,149,1023,ESCOLA CUNHA VASCONCELOS,RUA TARAUACA,CENTRO,69985000,-7.7376037,-72.6493526,ATIVO,ATIVO,Com acessibilidade,204,204,204,01082|4|149,01082|4|1023,URBANA OU NÃO IDENTIFICADA COMO RURAL,False,Ausência de marcador rural nos campos públicos,MÉDIA,True
03/08/2026,06:28:06,2026,AC,01082,RODRIGUES ALVES,4,170,1023,ESCOLA CUNHA VASCONCELOS,RUA TARAUACA,CENTRO,69985000,-7.7376037,-72.6493526,ATIVO,ATIVO,Com acessibilidade,206,206,206,01082|4|170,01082|4|1023,URBANA OU NÃO IDENTIFICADA COMO RURAL,False,Ausência de marcador rural nos campos públicos,MÉDIA,True
03/08/2026,06:28:06,2026,AC,01082,RODRIGUES ALVES,4,176,1023,ESCOLA CUNHA VASCONCELOS,RUA TARAUACA,CENTRO,69985000,-7.7376037,-72.6493526,ATIVO,ATIVO,Com acessibilidade,200,200,200,01082|4|176,01082|4|1023,URBANA OU NÃO IDENTIFICADA COMO RURAL,False,Ausência de marcador rural nos campos públicos,MÉDIA,True
03/08/2026,06:28:06,2026,AC,01082,RODRIGUES ALVES,4,431,1023,ESCOLA CUNHA VASCONCELOS,RUA TARAUACA,CENTRO,69985000,-7.7376037,-72.6493526,ATIVO,ATIVO,Com acessibilidade,203,203,203,01082|4|431,01082|4|1023,URBANA OU NÃO IDENTIFICADA COMO RURAL,False,Ausência de marcador rural nos campos públicos,MÉDIA,True
03/08/2026,06:28:06,2026,AC,01082,RODRIGUES ALVES,4,84,1031,ESCOLA PEDRO DE MELO CORREIA,AV. PRESIDENTE VARGAS,CENTRO,69985000,-7.7326473,-72.6483949,ATIVO,ATIVO,Com acessibilidade,218,218,218,01082|4|84,01082|4|1031,URBANA OU NÃO IDENTIFICADA COMO RURAL,False,Ausência de marcador rural nos campos públicos,MÉDIA,True
03/08/2026,06:28:06,2026,AC,01082,RODRIGUES ALVES,4,150,1031,ESCOLA PEDRO DE MELO CORREIA,AV. PRESIDENTE VARGAS,CENTRO,69985000,-7.7326473,-72.6483949,ATIVO,ATIVO,Com acessibilidade,225,225,225,01082|4|150,01082|4|1031,URBANA OU NÃO IDENTIFICADA COMO RURAL,False,Ausência de marcador rural nos campos públicos,MÉDIA,True
03/08/2026,06:28:06,2026,AC,01082,RODRIGUES ALVES,4,171,1031,ESCOLA PEDRO DE MELO CORREIA,AV. PRESIDENTE VARGAS,CENTRO,69985000,-7.7326473,-72.6483949,ATIVO,ATIVO,Com acessibilidade,202,202,202,01082|4|171,01082|4|1031,URBANA OU NÃO IDENTIFICADA COMO RURAL,False,Ausência de marcador rural nos campos públicos,MÉDIA,True
03/08/2026,06:28:06,2026,AC,01082,RODRIGUES ALVES,4,478,1031,ESCOLA PEDRO DE MELO CORREIA,AV. PRESIDENTE VARGAS,CENTRO,69985000,-7.7326473,-72.6483949,ATIVO,ATIVO,Com acessibilidade,188,188,188,01082|4|478,01082|4|1031,URBANA OU NÃO IDENTIFICADA COMO RURAL,False,Ausência de marcador rural nos campos públicos,MÉDIA,True
03/08/2026,06:28:06,2026,AC,01082,RODRIGUES ALVES,4,174,1040,ESCOLA POLO AGROFLORESTAL,RAMAL DO BATOQUE,ZONA RURAL,69985000,-7.6885371,-72.9525568,ATIVO,ATIVO,Com acessibilidade,220,220,220,01082|4|174,01082|4|1040,RURAL IDENTIFICADA,True,Termo RURAL no bairro ou no nome do local no arquivo do TSE,ALTA,True
03/08/2026,06:28:06,2026,AC,01082,RODRIGUES ALVES,4,197,1058,ESCOLA MARIA LIGIA DE MATOS DA SILVA,AV. MARECHAL THAUMATURGO,CENTRO,69985000,-7.7377023,-72.6489227,ATIVO,ATIVO,Com acessibilidade,188,188,188,01082|4|197,01082|4|1058,URBANA OU NÃO IDENTIFICADA COMO RURAL,False,Ausência de marcador rural nos campos públicos,MÉDIA,True
03/08/2026,06:28:06,2026,AC,01082,RODRIGUES ALVES,4,215,1058,ESCOLA MARIA LIGIA DE MATOS DA SILVA,AV. MARECHAL THAUMATURGO,CENTRO,69985000,-7.7377023,-72.6489227,ATIVO,ATIVO,Com acessibilidade,184,184,184,01082|4|215,01082|4|1058,URBANA OU NÃO IDENTIFICADA COMO RURAL,False,Ausência de marcador rural nos campos públicos,MÉDIA,True
03/08/2026,06:28:06,2026,AC,01082,RODRIGUES ALVES,4,428,1058,ESCOLA MARIA LIGIA DE MATOS DA SILVA,AV. MARECHAL THAUMATURGO,CENTRO,69985000,-7.7377023,-72.6489227,ATIVO,ATIVO,Com acessibilidade,187,187,187,01082|4|428,01082|4|1058,URBANA OU NÃO IDENTIFICADA COMO RURAL,False,Ausência de marcador rural nos campos públicos,MÉDIA,True
03/08/2026,06:28:06,2026,AC,01082,RODRIGUES ALVES,4,212,1066,ESCOLA PADRE RAIMUNDO AGNALDO PEREIRA TRINDADE,RUA CRUZEIRO DO SUL,CENTRO,69985000,-7.7300534,-72.6491893,ATIVO,ATIVO,Com acessibilidade,212,212,212,01082|4|212,01082|4|1066,URBANA OU NÃO IDENTIFICADA COMO RURAL,False,Ausência de marcador rural nos campos públicos,MÉDIA,True
03/08/2026,06:28:06,2026,AC,01082,RODRIGUES ALVES,4,226,1066,ESCOLA PADRE RAIMUNDO AGNALDO PEREIRA TRINDADE,RUA CRUZEIRO DO SUL,CENTRO,69985000,-7.7300534,-72.6491893,ATIVO,ATIVO,Com acessibilidade,210,210,210,01082|4|226,01082|4|1066,URBANA OU NÃO IDENTIFICADA COMO RURAL,False,Ausência de marcador rural nos campos públicos,MÉDIA,True
03/08/2026,06:28:06,2026,AC,01082,RODRIGUES ALVES,4,377,1066,ESCOLA PADRE RAIMUNDO AGNALDO PEREIRA TRINDADE,RUA CRUZEIRO DO SUL,CENTRO,69985000,-7.7300534,-72.6491893,ATIVO,ATIVO,Com acessibilidade,208,208,208,01082|4|377,01082|4|1066,URBANA OU NÃO IDENTIFICADA COMO RURAL,False,Ausência de marcador rural nos campos públicos,MÉDIA,True
03/08/2026,06:28:06,2026,AC,01082,RODRIGUES ALVES,4,387,1066,ESCOLA PADRE RAIMUNDO AGNALDO PEREIRA TRINDADE,RUA CRUZEIRO DO SUL,CENTRO,69985000,-7.7300534,-72.6491893,ATIVO,ATIVO,Com acessibilidade,214,214,214,01082|4|387,01082|4|1066,URBANA OU NÃO IDENTIFICADA COMO RURAL,False,Ausência de marcador rural nos campos públicos,MÉDIA,True
03/08/2026,06:28:06,2026,AC,01082,RODRIGUES ALVES,4,209,1074,ESCOLA INENCI MORORÓ DE OLIVEIRA,FOZ DO PARANÁ DOS MOURAS,ZONA RURAL,69985000,-7.8748624,-72.7592364,ATIVO,ATIVO,Com acessibilidade,295,295,295,01082|4|209,01082|4|1074,RURAL IDENTIFICADA,True,Termo RURAL no bairro ou no nome do local no arquivo do TSE,ALTA,True
03/08/2026,06:28:06,2026,AC,01082,RODRIGUES ALVES,4,225,1074,ESCOLA INENCI MORORÓ DE OLIVEIRA,FOZ DO PARANÁ DOS MOURAS,ZONA RURAL,69985000,-7.8748624,-72.7592364,ATIVO,ATIVO,Com acessibilidade,290,290,290,01082|4|225,01082|4|1074,RURAL IDENTIFICADA,True,Termo RURAL no bairro ou no nome do local no arquivo do TSE,ALTA,True
03/08/2026,06:28:06,2026,AC,01082,RODRIGUES ALVES,4,349,1074,ESCOLA INENCI MORORÓ DE OLIVEIRA,FOZ DO PARANÁ DOS MOURAS,ZONA RURAL,69985000,-7.8748624,-72.7592364,ATIVO,ATIVO,Com acessibilidade,291,291,291,01082|4|349,01082|4|1074,RURAL IDENTIFICADA,True,Termo RURAL no bairro ou no nome do local no arquivo do TSE,ALTA,True
03/08/2026,06:28:06,2026,AC,01082,RODRIGUES ALVES,4,233,1082,ESCOLA MARECHAL RONDON,RAMAL DA BANANEIRA,ZONA RURAL,69985000,-7.75904834,-72.85445315,ATIVO,ATIVO,Com acessibilidade,152,152,152,01082|4|233,01082|4|1082,RURAL IDENTIFICADA,True,Termo RURAL no bairro ou no nome do local no arquivo do TSE,ALTA,True
03/08/2026,06:28:06,2026,AC,01082,RODRIGUES ALVES,4,368,1082,ESCOLA MARECHAL RONDON,RAMAL DA BANANEIRA,ZONA RURAL,69985000,-7.75904834,-72.85445315,ATIVO,ATIVO,Com acessibilidade,154,154,154,01082|4|368,01082|4|1082,RURAL IDENTIFICADA,True,Termo RURAL no bairro ou no nome do local no arquivo do TSE,ALTA,True
03/08/2026,06:28:06,2026,AC,01082,RODRIGUES ALVES,4,232,1090,ESCOLA MANOEL CARNEIRO DE MESSIAS,COMUNIDADE PROFETA - 13 DE MAIO,ZONA RURAL,69985000,-7.77280297,-72.64576139,ATIVO,ATIVO,Com acessibilidade,217,217,217,01082|4|232,01082|4|1090,RURAL IDENTIFICADA,True,Termo RURAL no bairro ou no nome do local no arquivo do TSE,ALTA,True
03/08/2026,06:28:06,2026,AC,01082,RODRIGUES ALVES,4,298,1090,ESCOLA MANOEL CARNEIRO DE MESSIAS,COMUNIDADE PROFETA - 13 DE MAIO,ZONA RURAL,69985000,-7.77280297,-72.64576139,ATIVO,ATIVO,Com acessibilidade,216,216,216,01082|4|298,01082|4|1090,RURAL IDENTIFICADA,True,Termo RURAL no bairro ou no nome do local no arquivo do TSE,ALTA,True
03/08/2026,06:28:06,2026,AC,01082,RODRIGUES ALVES,4,380,1090,ESCOLA MANOEL CARNEIRO DE MESSIAS,COMUNIDADE PROFETA - 13 DE MAIO,ZONA RURAL,69985000,-7.77280297,-72.64576139,ATIVO,ATIVO,Com acessibilidade,215,215,215,01082|4|380,01082|4|1090,RURAL IDENTIFICADA,True,Termo RURAL no bairro ou no nome do local no arquivo do TSE,ALTA,True
03/08/2026,06:28:06,2026,AC,01082,RODRIGUES ALVES,4,231,1104,ESCOLA SANTA CLARA,COMUNIDADE NOVA CINTRA - RIO JURUA,ZONA RURAL,69985000,-7.82152619,-72.66515313,ATIVO,ATIVO,Com acessibilidade,205,205,205,01082|4|231,01082|4|1104,RURAL IDENTIFICADA,True,Termo RURAL no bairro ou no nome do local no arquivo do TSE,ALTA,True
03/08/2026,06:28:06,2026,AC,01082,RODRIGUES ALVES,4,250,1104,ESCOLA SANTA CLARA,COMUNIDADE NOVA CINTRA - RIO JURUA,ZONA RURAL,69985000,-7.82152619,-72.66515313,ATIVO,ATIVO,Com acessibilidade,192,192,192,01082|4|250,01082|4|1104,RURAL IDENTIFICADA,True,Termo RURAL no bairro ou no nome do local no arquivo do TSE,ALTA,True
03/08/2026,06:28:06,2026,AC,01082,RODRIGUES ALVES,4,357,1104,ESCOLA SANTA CLARA,COMUNIDADE NOVA CINTRA - RIO JURUA,ZONA RURAL,69985000,-7.82152619,-72.66515313,ATIVO,ATIVO,Com acessibilidade,195,195,195,01082|4|357,01082|4|1104,RURAL IDENTIFICADA,True,Termo RURAL no bairro ou no nome do local no arquivo do TSE,ALTA,True
03/08/2026,06:28:06,2026,AC,01082,RODRIGUES ALVES,4,492,1104,ESCOLA SANTA CLARA,COMUNIDADE NOVA CINTRA - RIO JURUA,ZONA RURAL,69985000,-7.82152619,-72.66515313,ATIVO,ATIVO,Sem acessibilidade,195,195,195,01082|4|492,01082|4|1104,RURAL IDENTIFICADA,True,Termo RURAL no bairro ou no nome do local no arquivo do TSE,ALTA,True
03/08/2026,06:28:06,2026,AC,01082,RODRIGUES ALVES,4,234,1112,ESCOLA MARGARIDA PEDREIRA,COMUNIDADE SÃO JERÔNIMO - PARANÁ DOS MOURAS,ZONA RURAL,69985000,-7.8773187,-72.9062757,ATIVO,ATIVO,Com acessibilidade,253,253,253,01082|4|234,01082|4|1112,RURAL IDENTIFICADA,True,Termo RURAL no bairro ou no nome do local no arquivo do TSE,ALTA,True
03/08/2026,06:28:06,2026,AC,01082,RODRIGUES ALVES,4,241,1112,ESCOLA MARGARIDA PEDREIRA,COMUNIDADE SÃO JERÔNIMO - PARANÁ DOS MOURAS,ZONA RURAL,69985000,-7.8773187,-72.9062757,ATIVO,ATIVO,Com acessibilidade,252,252,252,01082|4|241,01082|4|1112,RURAL IDENTIFICADA,True,Termo RURAL no bairro ou no nome do local no arquivo do TSE,ALTA,True
03/08/2026,06:28:06,2026,AC,01082,RODRIGUES ALVES,4,272,1120,ESCOLA RAIMUNDO ALVES DA COSTA I,COMUNIDADE 3 BOCAS - PARANÁ DOS MOURAS ,ZONA RURAL,69985000,-7.8717384,-73.074224,ATIVO,ATIVO,Com acessibilidade,189,189,189,01082|4|272,01082|4|1120,RURAL IDENTIFICADA,True,Termo RURAL no bairro ou no nome do local no arquivo do TSE,ALTA,True
03/08/2026,06:28:06,2026,AC,01082,RODRIGUES ALVES,4,274,1139,ESCOLA MARIA LIZETE DE OLIVEIRA MOURA,COMUNIDADE CÍCERO - IGARAPÉ APUÍ,ZONA RURAL,69985000,-7.9459623,-72.9430441,ATIVO,ATIVO,Com acessibilidade,224,224,224,01082|4|274,01082|4|1139,RURAL IDENTIFICADA,True,Termo RURAL no bairro ou no nome do local no arquivo do TSE,ALTA,True
03/08/2026,06:28:06,2026,AC,01082,RODRIGUES ALVES,4,427,1139,ESCOLA MARIA LIZETE DE OLIVEIRA MOURA,COMUNIDADE CÍCERO - IGARAPÉ APUÍ,ZONA RURAL,69985000,-7.9459623,-72.9430441,ATIVO,ATIVO,Com acessibilidade,182,182,182,01082|4|427,01082|4|1139,RURAL IDENTIFICADA,True,Termo RURAL no bairro ou no nome do local no arquivo do TSE,ALTA,True
03/08/2026,06:28:06,2026,AC,01082,RODRIGUES ALVES,4,281,1147,ESCOLA HIDELBRANDO FABRÍCIO ÂNGELO,RAMAL DA UNIÃO,ZONA RURAL,69985000,-7.7457295,-72.8982488,ATIVO,ATIVO,Com acessibilidade,164,164,164,01082|4|281,01082|4|1147,RURAL IDENTIFICADA,True,Termo RURAL no bairro ou no nome do local no arquivo do TSE,ALTA,True
03/08/2026,06:28:06,2026,AC,01082,RODRIGUES ALVES,4,292,1155,ESCOLA EDSON MOURA,COMUNIDADE TORRE DA LUA - PARANÁ DOS MOURAS,ZONA RURAL,69985000,-7.8579133,-72.9330546,ATIVO,ATIVO,Com acessibilidade,279,336,336,01082|4|292,01082|4|1155,RURAL IDENTIFICADA,True,Termo RURAL no bairro ou no nome do local no arquivo do TSE,ALTA,True
03/08/2026,06:28:06,2026,AC,01082,RODRIGUES ALVES,4,495,1155,ESCOLA EDSON MOURA,COMUNIDADE TORRE DA LUA - PARANÁ DOS MOURAS,ZONA RURAL,69985000,-7.8579133,-72.9330546,ATIVO,ATIVO,Sem acessibilidade,57,0,0,01082|4|495,01082|4|1155,RURAL IDENTIFICADA,True,Termo RURAL no bairro ou no nome do local no arquivo do TSE,ALTA,True
03/08/2026,06:28:06,2026,AC,01082,RODRIGUES ALVES,4,290,1163,ESCOLA FRANCISCO ENEAS CORREIA DE SOUZA,COMUNIDADE FORTALEZA - PARANÁ DOS MOURAS,ZONA RURAL,69985000,-7.9091383,-72.8532269,ATIVO,ATIVO,Com acessibilidade,247,247,247,01082|4|290,01082|4|1163,RURAL IDENTIFICADA,True,Termo RURAL no bairro ou no nome do local no arquivo do TSE,ALTA,True
03/08/2026,06:28:06,2026,AC,01082,RODRIGUES ALVES,4,299,1171,ESCOLA JOSÉ MORORÓ DE OLIVEIRA,RAMAL DO HAVAÍ,ZONA RURAL,69985000,-7.7859212,-73.0316868,ATIVO,ATIVO,Com acessibilidade,264,264,264,01082|4|299,01082|4|1171,RURAL IDENTIFICADA,True,Termo RURAL no bairro ou no nome do local no arquivo do TSE,ALTA,True
03/08/2026,06:28:06,2026,AC,01082,RODRIGUES ALVES,4,302,1180,ESCOLA SÃO JOSÉ II,RAMAL DA MARIANA II,ZONA RURAL,69985000,-7.69756549,-72.84087755,ATIVO,ATIVO,Com acessibilidade,174,174,174,01082|4|302,01082|4|1180,RURAL IDENTIFICADA,True,Termo RURAL no bairro ou no nome do local no arquivo do TSE,ALTA,True
03/08/2026,06:28:06,2026,AC,01082,RODRIGUES ALVES,4,304,1198,ESCOLA PAULO FREIRE - ANEXO I,RAMAL DO ARCO ÍRIS,ZONA RURAL,69985000,-7.7807582,-72.7587493,ATIVO,ATIVO,Com acessibilidade,176,176,176,01082|4|304,01082|4|1198,RURAL IDENTIFICADA,True,Termo RURAL no bairro ou no nome do local no arquivo do TSE,ALTA,True
03/08/2026,06:28:06,2026,AC,01082,RODRIGUES ALVES,4,309,1201,ESCOLA GODOFREDO SAMPAIO,AGROVILA DO MUJÚ,ZONA RURAL,69985000,-7.80969249,-72.63988066,ATIVO,ATIVO,Com acessibilidade,132,132,132,01082|4|309,01082|4|1201,RURAL IDENTIFICADA,True,Termo RURAL no bairro ou no nome do local no arquivo do TSE,ALTA,True
03/08/2026,06:28:06,2026,AC,01082,RODRIGUES ALVES,4,462,1201,ESCOLA GODOFREDO SAMPAIO,AGROVILA DO MUJÚ,ZONA RURAL,69985000,-7.80969249,-72.63988066,ATIVO,ATIVO,Com acessibilidade,234,234,234,01082|4|462,01082|4|1201,RURAL IDENTIFICADA,True,Termo RURAL no bairro ou no nome do local no arquivo do TSE,ALTA,True
03/08/2026,06:28:06,2026,AC,01082,RODRIGUES ALVES,4,317,1210,ESCOLA NUNES CORREIA,PUCALPA II,ZONA RURAL,69985000,-7.853343,-72.7342321,ATIVO,ATIVO,Com acessibilidade,139,139,139,01082|4|317,01082|4|1210,RURAL IDENTIFICADA,True,Termo RURAL no bairro ou no nome do local no arquivo do TSE,ALTA,True
03/08/2026,06:28:06,2026,AC,01082,RODRIGUES ALVES,4,464,1210,ESCOLA NUNES CORREIA,PUCALPA II,ZONA RURAL,69985000,-7.853343,-72.7342321,ATIVO,ATIVO,Com acessibilidade,211,211,211,01082|4|464,01082|4|1210,RURAL IDENTIFICADA,True,Termo RURAL no bairro ou no nome do local no arquivo do TSE,ALTA,True
03/08/2026,06:28:06,2026,AC,01082,RODRIGUES ALVES,4,438,1228,ESCOLA JÚLIA MARIA DE SANTANA AMORIM,PORTAL DE ENTRADA,CENTRO,69985000,-7.7373155,-72.6566872,ATIVO,ATIVO,Com acessibilidade,285,285,285,01082|4|438,01082|4|1228,URBANA OU NÃO IDENTIFICADA COMO RURAL,False,Ausência de marcador rural nos campos públicos,MÉDIA,True
03/08/2026,06:28:06,2026,AC,01082,RODRIGUES ALVES,4,455,1228,ESCOLA JÚLIA MARIA DE SANTANA AMORIM,PORTAL DE ENTRADA,CENTRO,69985000,-7.7373155,-72.6566872,ATIVO,ATIVO,Com acessibilidade,291,291,291,01082|4|455,01082|4|1228,URBANA OU NÃO IDENTIFICADA COMO RURAL,False,Ausência de marcador rural nos campos públicos,MÉDIA,True
03/08/2026,06:28:06,2026,AC,01082,RODRIGUES ALVES,4,440,1236,ESCOLA MARIA DIONE BERNARDO MOTA,VILA SÃO PEDRO,ZONA RURAL,69985000,-7.72684148,-72.74147862,ATIVO,ATIVO,Com acessibilidade,265,265,265,01082|4|440,01082|4|1236,RURAL IDENTIFICADA,True,Termo RURAL no bairro ou no nome do local no arquivo do TSE,ALTA,True
03/08/2026,06:28:06,2026,AC,01082,RODRIGUES ALVES,4,479,1236,ESCOLA MARIA DIONE BERNARDO MOTA,VILA SÃO PEDRO,ZONA RURAL,69985000,-7.72684148,-72.74147862,ATIVO,ATIVO,Com acessibilidade,265,265,265,01082|4|479,01082|4|1236,RURAL IDENTIFICADA,True,Termo RURAL no bairro ou no nome do local no arquivo do TSE,ALTA,True
03/08/2026,06:28:06,2026,AC,01082,RODRIGUES ALVES,4,475,1279,ESCOLA JOSÉ CASSIMIRO DE ALMEIDA,COMUNIDADE LUZEIRO II,ZONA RURAL,69985000,-7.8317094,-72.6894863,ATIVO,ATIVO,Com acessibilidade,213,213,213,01082|4|475,01082|4|1279,RURAL IDENTIFICADA,True,Termo RURAL no bairro ou no nome do local no arquivo do TSE,ALTA,True
03/08/2026,06:28:06,2026,AC,01031,SANTA ROSA DO PURUS,3,60,1015,ESC. EST. ENSINO MÉDIO PADRE PAOLINO MARIA BALDASSARI,RUA DJALMA BATISTA DO NASCIMENTO,CIDADE NOVA,69955000,-9.44374222,-70.48653083,ATIVO,ATIVO,Com acessibilidade,289,289,289,01031|3|60,01031|3|1015,URBANA OU NÃO IDENTIFICADA COMO RURAL,False,Ausência de marcador rural nos campos públicos,MÉDIA,True
03/08/2026,06:28:06,2026,AC,01031,SANTA ROSA DO PURUS,3,65,1015,ESC. EST. ENSINO MÉDIO PADRE PAOLINO MARIA BALDASSARI,RUA DJALMA BATISTA DO NASCIMENTO,CIDADE NOVA,69955000,-9.44374222,-70.48653083,ATIVO,ATIVO,Com acessibilidade,281,281,281,01031|3|65,01031|3|1015,URBANA OU NÃO IDENTIFICADA COMO RURAL,False,Ausência de marcador rural nos campos públicos,MÉDIA,True
03/08/2026,06:28:06,2026,AC,01031,SANTA ROSA DO PURUS,3,72,1015,ESC. EST. ENSINO MÉDIO PADRE PAOLINO MARIA BALDASSARI,RUA DJALMA BATISTA DO NASCIMENTO,CIDADE NOVA,69955000,-9.44374222,-70.48653083,ATIVO,ATIVO,Com acessibilidade,222,222,222,01031|3|72,01031|3|1015,URBANA OU NÃO IDENTIFICADA COMO RURAL,False,Ausência de marcador rural nos campos públicos,MÉDIA,True
03/08/2026,06:28:06,2026,AC,01031,SANTA ROSA DO PURUS,3,76,1015,ESC. EST. ENSINO MÉDIO PADRE PAOLINO MARIA BALDASSARI,RUA DJALMA BATISTA DO NASCIMENTO,CIDADE NOVA,69955000,-9.44374222,-70.48653083,ATIVO,ATIVO,Com acessibilidade,287,287,287,01031|3|76,01031|3|1015,URBANA OU NÃO IDENTIFICADA COMO RURAL,False,Ausência de marcador rural nos campos públicos,MÉDIA,True
03/08/2026,06:28:06,2026,AC,01031,SANTA ROSA DO PURUS,3,122,1015,ESC. EST. ENSINO MÉDIO PADRE PAOLINO MARIA BALDASSARI,RUA DJALMA BATISTA DO NASCIMENTO,CIDADE NOVA,69955000,-9.44374222,-70.48653083,ATIVO,ATIVO,Com acessibilidade,213,213,213,01031|3|122,01031|3|1015,URBANA OU NÃO IDENTIFICADA COMO RURAL,False,Ausência de marcador rural nos campos públicos,MÉDIA,True
03/08/2026,06:28:06,2026,AC,01031,SANTA ROSA DO PURUS,3,170,1015,ESC. EST. ENSINO MÉDIO PADRE PAOLINO MARIA BALDASSARI,RUA DJALMA BATISTA DO NASCIMENTO,CIDADE NOVA,69955000,-9.44374222,-70.48653083,ATIVO,ATIVO,Com acessibilidade,211,211,211,01031|3|170,01031|3|1015,URBANA OU NÃO IDENTIFICADA COMO RURAL,False,Ausência de marcador rural nos campos públicos,MÉDIA,True
03/08/2026,06:28:06,2026,AC,01031,SANTA ROSA DO PURUS,3,58,1023,ESCOLA ANTONIA FERNANDES DE MOURA,RUA PROFIRO DE MOURA,CENTRO,69955000,-9.43382724,-70.49353262,ATIVO,ATIVO,Com acessibilidade,259,259,259,01031|3|58,01031|3|1023,URBANA OU NÃO IDENTIFICADA COMO RURAL,False,Ausência de marcador rural nos campos públicos,MÉDIA,True
03/08/2026,06:28:06,2026,AC,01031,SANTA ROSA DO PURUS,3,88,1023,ESCOLA ANTONIA FERNANDES DE MOURA,RUA PROFIRO DE MOURA,CENTRO,69955000,-9.43382724,-70.49353262,ATIVO,ATIVO,Com acessibilidade,255,255,255,01031|3|88,01031|3|1023,URBANA OU NÃO IDENTIFICADA COMO RURAL,False,Ausência de marcador rural nos campos públicos,MÉDIA,True
03/08/2026,06:28:06,2026,AC,01031,SANTA ROSA DO PURUS,3,172,1023,ESCOLA ANTONIA FERNANDES DE MOURA,RUA PROFIRO DE MOURA,CENTRO,69955000,-9.43382724,-70.49353262,ATIVO,ATIVO,Sem acessibilidade,125,125,125,01031|3|172,01031|3|1023,URBANA OU NÃO IDENTIFICADA COMO RURAL,False,Ausência de marcador rural nos campos públicos,MÉDIA,True
03/08/2026,06:28:06,2026,AC,01031,SANTA ROSA DO PURUS,3,77,1040,UNIDADE BÁSICA DE SAÚDE INDÍGENA - (ALDEIA NOVA FRONTEIRA),ALDEIA NOVA FRONTEIRA,ZONA RURAL,69955000,-9.0871483,-69.9932263,ATIVO,ATIVO,Com acessibilidade,237,237,237,01031|3|77,01031|3|1040,RURAL IDENTIFICADA,True,Termo RURAL no bairro ou no nome do local no arquivo do TSE,ALTA,True
03/08/2026,06:28:06,2026,AC,01031,SANTA ROSA DO PURUS,3,87,1040,UNIDADE BÁSICA DE SAÚDE INDÍGENA - (ALDEIA NOVA FRONTEIRA),ALDEIA NOVA FRONTEIRA,ZONA RURAL,69955000,-9.0871483,-69.9932263,ATIVO,ATIVO,Com acessibilidade,235,235,235,01031|3|87,01031|3|1040,RURAL IDENTIFICADA,True,Termo RURAL no bairro ou no nome do local no arquivo do TSE,ALTA,True
03/08/2026,06:28:06,2026,AC,01031,SANTA ROSA DO PURUS,3,95,1058,UNIDADE BÁSICA DE SAÚDE ALDEIA MARONAWA,ALDEIA MARONAWA,ZONA RURAL,69955000,-9.2803221,-70.3418023,ATIVO,ATIVO,Com acessibilidade,167,333,333,01031|3|95,01031|3|1058,RURAL IDENTIFICADA,True,Termo RURAL no bairro ou no nome do local no arquivo do TSE,ALTA,True
03/08/2026,06:28:06,2026,AC,01031,SANTA ROSA DO PURUS,3,140,1058,UNIDADE BÁSICA DE SAÚDE ALDEIA MARONAWA,ALDEIA MARONAWA,ZONA RURAL,69955000,-9.2803221,-70.3418023,ATIVO,ATIVO,Com acessibilidade,166,0,0,01031|3|140,01031|3|1058,RURAL IDENTIFICADA,True,Termo RURAL no bairro ou no nome do local no arquivo do TSE,ALTA,True
03/08/2026,06:28:06,2026,AC,01031,SANTA ROSA DO PURUS,3,96,1066,ESCOLA INDÍGENA SANTA MARIA (ALDEIA NOVO MARINHO),ALDEIA NOVO MARINHO RIO PURUS,ZONA RURAL,69955000,-9.1738715,-70.2196383,ATIVO,ATIVO,Com acessibilidade,158,317,317,01031|3|96,01031|3|1066,RURAL IDENTIFICADA,True,Termo RURAL no bairro ou no nome do local no arquivo do TSE,ALTA,True
03/08/2026,06:28:06,2026,AC,01031,SANTA ROSA DO PURUS,3,124,1066,ESCOLA INDÍGENA SANTA MARIA (ALDEIA NOVO MARINHO),ALDEIA NOVO MARINHO RIO PURUS,ZONA RURAL,69955000,-9.1738715,-70.2196383,ATIVO,ATIVO,Com acessibilidade,159,0,0,01031|3|124,01031|3|1066,RURAL IDENTIFICADA,True,Termo RURAL no bairro ou no nome do local no arquivo do TSE,ALTA,True
03/08/2026,06:28:06,2026,AC,01031,SANTA ROSA DO PURUS,3,125,1082,ESCOLA FRANCISCO RABELO SÁ,RUA 28 DE ABRIL,CIDADE NOVA,69955000,-9.44273631,-70.48645987,ATIVO,ATIVO,Com acessibilidade,237,237,237,01031|3|125,01031|3|1082,URBANA OU NÃO IDENTIFICADA COMO RURAL,False,Ausência de marcador rural nos campos públicos,MÉDIA,True
03/08/2026,06:28:06,2026,AC,01031,SANTA ROSA DO PURUS,3,152,1082,ESCOLA FRANCISCO RABELO SÁ,RUA 28 DE ABRIL,CIDADE NOVA,69955000,-9.44273631,-70.48645987,ATIVO,ATIVO,Com acessibilidade,228,228,228,01031|3|152,01031|3|1082,URBANA OU NÃO IDENTIFICADA COMO RURAL,False,Ausência de marcador rural nos campos públicos,MÉDIA,True
03/08/2026,06:28:06,2026,AC,01031,SANTA ROSA DO PURUS,3,157,1082,ESCOLA FRANCISCO RABELO SÁ,RUA 28 DE ABRIL,CIDADE NOVA,69955000,-9.44273631,-70.48645987,ATIVO,ATIVO,Com acessibilidade,232,232,232,01031|3|157,01031|3|1082,URBANA OU NÃO IDENTIFICADA COMO RURAL,False,Ausência de marcador rural nos campos públicos,MÉDIA,True
03/08/2026,06:28:06,2026,AC,01457,SENA MADUREIRA,3,1,1015,EMR - ESCOLA MESSIAS RODRIGUES,RUA VIRGULINO DE ALENCAR ESQUINA COM AV. GUANABARA,BAIRRO DA PISTA,69940000,-9.0739478,-68.6550644,ATIVO,ATIVO,Com acessibilidade,271,271,271,01457|3|1,01457|3|1015,URBANA OU NÃO IDENTIFICADA COMO RURAL,False,Ausência de marcador rural nos campos públicos,MÉDIA,True
03/08/2026,06:28:06,2026,AC,01457,SENA MADUREIRA,3,39,1015,EMR - ESCOLA MESSIAS RODRIGUES,RUA VIRGULINO DE ALENCAR ESQUINA COM AV. GUANABARA,BAIRRO DA PISTA,69940000,-9.0739478,-68.6550644,ATIVO,ATIVO,Com acessibilidade,273,273,273,01457|3|39,01457|3|1015,URBANA OU NÃO IDENTIFICADA COMO RURAL,False,Ausência de marcador rural nos campos públicos,MÉDIA,True
03/08/2026,06:28:06,2026,AC,01457,SENA MADUREIRA,3,40,1015,EMR - ESCOLA MESSIAS RODRIGUES,RUA VIRGULINO DE ALENCAR ESQUINA COM AV. GUANABARA,BAIRRO DA PISTA,69940000,-9.0739478,-68.6550644,ATIVO,ATIVO,Com acessibilidade,270,270,270,01457|3|40,01457|3|1015,URBANA OU NÃO IDENTIFICADA COMO RURAL,False,Ausência de marcador rural nos campos públicos,MÉDIA,True
03/08/2026,06:28:06,2026,AC,01457,SENA MADUREIRA,3,61,1015,EMR - ESCOLA MESSIAS RODRIGUES,RUA VIRGULINO DE ALENCAR ESQUINA COM AV. GUANABARA,BAIRRO DA PISTA,69940000,-9.0739478,-68.6550644,ATIVO,ATIVO,Com acessibilidade,275,275,275,01457|3|61,01457|3|1015,URBANA OU NÃO IDENTIFICADA COMO RURAL,False,Ausência de marcador rural nos campos públicos,MÉDIA,True
03/08/2026,06:28:06,2026,AC,01457,SENA MADUREIRA,3,71,1015,EMR - ESCOLA MESSIAS RODRIGUES,RUA VIRGULINO DE ALENCAR ESQUINA COM AV. GUANABARA,BAIRRO DA PISTA,69940000,-9.0739478,-68.6550644,ATIVO,ATIVO,Com acessibilidade,269,269,269,01457|3|71,01457|3|1015,URBANA OU NÃO IDENTIFICADA COMO RURAL,False,Ausência de marcador rural nos campos públicos,MÉDIA,True
03/08/2026,06:28:06,2026,AC,01457,SENA MADUREIRA,3,2,1023,EEEFISJ - ESCOLA ESTADUAL ENSINO FUNDAMENTAL INSTITUTO SANTA JULIANA,AV. AVELINO CHAVES,CENTRO,69940000,-9.068628,-68.6569067,ATIVO,ATIVO,Com acessibilidade,246,246,246,01457|3|2,01457|3|1023,URBANA OU NÃO IDENTIFICADA COMO RURAL,False,Ausência de marcador rural nos campos públicos,MÉDIA,True
03/08/2026,06:28:06,2026,AC,01457,SENA MADUREIRA,3,3,1023,EEEFISJ - ESCOLA ESTADUAL ENSINO FUNDAMENTAL INSTITUTO SANTA JULIANA,AV. AVELINO CHAVES,CENTRO,69940000,-9.068628,-68.6569067,ATIVO,ATIVO,Com acessibilidade,235,235,235,01457|3|3,01457|3|1023,URBANA OU NÃO IDENTIFICADA COMO RURAL,False,Ausência de marcador rural nos campos públicos,MÉDIA,True
03/08/2026,06:28:06,2026,AC,01457,SENA MADUREIRA,3,4,1023,EEEFISJ - ESCOLA ESTADUAL ENSINO FUNDAMENTAL INSTITUTO SANTA JULIANA,AV. AVELINO CHAVES,CENTRO,69940000,-9.068628,-68.6569067,ATIVO,ATIVO,Com acessibilidade,243,243,243,01457|3|4,01457|3|1023,URBANA OU NÃO IDENTIFICADA COMO RURAL,False,Ausência de marcador rural nos campos públicos,MÉDIA,True
03/08/2026,06:28:06,2026,AC,01457,SENA MADUREIRA,3,31,1023,EEEFISJ - ESCOLA ESTADUAL ENSINO FUNDAMENTAL INSTITUTO SANTA JULIANA,AV. AVELINO CHAVES,CENTRO,69940000,-9.068628,-68.6569067,ATIVO,ATIVO,Com acessibilidade,245,245,245,01457|3|31,01457|3|1023,URBANA OU NÃO IDENTIFICADA COMO RURAL,False,Ausência de marcador rural nos campos públicos,MÉDIA,True
03/08/2026,06:28:06,2026,AC,01457,SENA MADUREIRA,3,81,1023,EEEFISJ - ESCOLA ESTADUAL ENSINO FUNDAMENTAL INSTITUTO SANTA JULIANA,AV. AVELINO CHAVES,CENTRO,69940000,-9.068628,-68.6569067,ATIVO,ATIVO,Com acessibilidade,239,239,239,01457|3|81,01457|3|1023,URBANA OU NÃO IDENTIFICADA COMO RURAL,False,Ausência de marcador rural nos campos públicos,MÉDIA,True
03/08/2026,06:28:06,2026,AC,01457,SENA MADUREIRA,3,106,1023,EEEFISJ - ESCOLA ESTADUAL ENSINO FUNDAMENTAL INSTITUTO SANTA JULIANA,AV. AVELINO CHAVES,CENTRO,69940000,-9.068628,-68.6569067,ATIVO,ATIVO,Com acessibilidade,236,236,236,01457|3|106,01457|3|1023,URBANA OU NÃO IDENTIFICADA COMO RURAL,False,Ausência de marcador rural nos campos públicos,MÉDIA,True
03/08/2026,06:28:06,2026,AC,01457,SENA MADUREIRA,3,5,1031,EAV - ESCOLA ASSIS VASCONCELOS,ESTRADA BOM SUCESSO,BOM SUCESSO,69940000,-9.05896083,-68.66480348,ATIVO,ATIVO,Com acessibilidade,289,289,289,01457|3|5,01457|3|1031,URBANA OU NÃO IDENTIFICADA COMO RURAL,False,Ausência de marcador rural nos campos públicos,MÉDIA,True
03/08/2026,06:28:06,2026,AC,01457,SENA MADUREIRA,3,6,1031,EAV - ESCOLA ASSIS VASCONCELOS,ESTRADA BOM SUCESSO,BOM SUCESSO,69940000,-9.05896083,-68.66480348,ATIVO,ATIVO,Com acessibilidade,286,286,286,01457|3|6,01457|3|1031,URBANA OU NÃO IDENTIFICADA COMO RURAL,False,Ausência de marcador rural nos campos públicos,MÉDIA,True
03/08/2026,06:28:06,2026,AC,01457,SENA MADUREIRA,3,70,1031,EAV - ESCOLA ASSIS VASCONCELOS,ESTRADA BOM SUCESSO,BOM SUCESSO,69940000,-9.05896083,-68.66480348,ATIVO,ATIVO,Com acessibilidade,281,281,281,01457|3|70,01457|3|1031,URBANA OU NÃO IDENTIFICADA COMO RURAL,False,Ausência de marcador rural nos campos públicos,MÉDIA,True
03/08/2026,06:28:06,2026,AC,01457,SENA MADUREIRA,3,155,1031,EAV - ESCOLA ASSIS VASCONCELOS,ESTRADA BOM SUCESSO,BOM SUCESSO,69940000,-9.05896083,-68.66480348,ATIVO,ATIVO,Com acessibilidade,295,295,295,01457|3|155,01457|3|1031,URBANA OU NÃO IDENTIFICADA COMO RURAL,False,Ausência de marcador rural nos campos públicos,MÉDIA,True
03/08/2026,06:28:06,2026,AC,01457,SENA MADUREIRA,3,7,1040,NÚCLEO DE EDUCAÇÃO - SEE/AC,"RUA MARANHÃO, 1.947",CSU,69940000,-9.0754456,-68.6628132,ATIVO,ATIVO,Com acessibilidade,294,294,294,01457|3|7,01457|3|1040,URBANA OU NÃO IDENTIFICADA COMO RURAL,False,Ausência de marcador rural nos campos públicos,MÉDIA,True
03/08/2026,06:28:06,2026,AC,01457,SENA MADUREIRA,3,8,1040,NÚCLEO DE EDUCAÇÃO - SEE/AC,"RUA MARANHÃO, 1.947",CSU,69940000,-9.0754456,-68.6628132,ATIVO,ATIVO,Com acessibilidade,298,298,298,01457|3|8,01457|3|1040,URBANA OU NÃO IDENTIFICADA COMO RURAL,False,Ausência de marcador rural nos campos públicos,MÉDIA,True
03/08/2026,06:28:06,2026,AC,01457,SENA MADUREIRA,3,9,1058,SEME - SECRETARIA MUNICIPAL DE EDUCAÇÃO,RUA MAJOR JOAO CANCIO,CENTRO,69940000,-9.06329896,-68.65671165,ATIVO,ATIVO,Com acessibilidade,283,283,283,01457|3|9,01457|3|1058,URBANA OU NÃO IDENTIFICADA COMO RURAL,False,Ausência de marcador rural nos campos públicos,MÉDIA,True
03/08/2026,06:28:06,2026,AC,01457,SENA MADUREIRA,3,10,1066,EEEMDJM - ESCOLA ESTADUAL DE ENSINO MÉDIO DOM JULIO MATTIOLI,AV. BRASIL C/ RUA CUNHA VASCONCELOS,CENTRO,69940000,-9.06854218,-68.65973772,ATIVO,ATIVO,Com acessibilidade,302,302,302,01457|3|10,01457|3|1066,URBANA OU NÃO IDENTIFICADA COMO RURAL,False,Ausência de marcador rural nos campos públicos,MÉDIA,True
03/08/2026,06:28:06,2026,AC,01457,SENA MADUREIRA,3,11,1066,EEEMDJM - ESCOLA ESTADUAL DE ENSINO MÉDIO DOM JULIO MATTIOLI,AV. BRASIL C/ RUA CUNHA VASCONCELOS,CENTRO,69940000,-9.06854218,-68.65973772,ATIVO,ATIVO,Com acessibilidade,298,298,298,01457|3|11,01457|3|1066,URBANA OU NÃO IDENTIFICADA COMO RURAL,False,Ausência de marcador rural nos campos públicos,MÉDIA,True
03/08/2026,06:28:06,2026,AC,01457,SENA MADUREIRA,3,12,1066,EEEMDJM - ESCOLA ESTADUAL DE ENSINO MÉDIO DOM JULIO MATTIOLI,AV. BRASIL C/ RUA CUNHA VASCONCELOS,CENTRO,69940000,-9.06854218,-68.65973772,ATIVO,ATIVO,Com acessibilidade,304,304,304,01457|3|12,01457|3|1066,URBANA OU NÃO IDENTIFICADA COMO RURAL,False,Ausência de marcador rural nos campos públicos,MÉDIA,True
03/08/2026,06:28:06,2026,AC,01457,SENA MADUREIRA,3,13,1066,EEEMDJM - ESCOLA ESTADUAL DE ENSINO MÉDIO DOM JULIO MATTIOLI,AV. BRASIL C/ RUA CUNHA VASCONCELOS,CENTRO,69940000,-9.06854218,-68.65973772,ATIVO,ATIVO,Com acessibilidade,270,270,270,01457|3|13,01457|3|1066,URBANA OU NÃO IDENTIFICADA COMO RURAL,False,Ausência de marcador rural nos campos públicos,MÉDIA,True
03/08/2026,06:28:06,2026,AC,01457,SENA MADUREIRA,3,68,1066,EEEMDJM - ESCOLA ESTADUAL DE ENSINO MÉDIO DOM JULIO MATTIOLI,AV. BRASIL C/ RUA CUNHA VASCONCELOS,CENTRO,69940000,-9.06854218,-68.65973772,ATIVO,ATIVO,Com acessibilidade,303,303,303,01457|3|68,01457|3|1066,URBANA OU NÃO IDENTIFICADA COMO RURAL,False,Ausência de marcador rural nos campos públicos,MÉDIA,True
03/08/2026,06:28:06,2026,AC,01457,SENA MADUREIRA,3,73,1066,EEEMDJM - ESCOLA ESTADUAL DE ENSINO MÉDIO DOM JULIO MATTIOLI,AV. BRASIL C/ RUA CUNHA VASCONCELOS,CENTRO,69940000,-9.06854218,-68.65973772,ATIVO,ATIVO,Com acessibilidade,295,295,295,01457|3|73,01457|3|1066,URBANA OU NÃO IDENTIFICADA COMO RURAL,False,Ausência de marcador rural nos campos públicos,MÉDIA,True
03/08/2026,06:28:06,2026,AC,01457,SENA MADUREIRA,3,146,1066,EEEMDJM - ESCOLA ESTADUAL DE ENSINO MÉDIO DOM JULIO MATTIOLI,AV. BRASIL C/ RUA CUNHA VASCONCELOS,CENTRO,69940000,-9.06854218,-68.65973772,ATIVO,ATIVO,Com acessibilidade,268,268,268,01457|3|146,01457|3|1066,URBANA OU NÃO IDENTIFICADA COMO RURAL,False,Ausência de marcador rural nos campos públicos,MÉDIA,True
03/08/2026,06:28:06,2026,AC,01457,SENA MADUREIRA,3,14,1082,EFC - ESCOLA FONTENELE DE CASTRO,"AV. PADRE EGIDIO, S/N",CENTRO,69940000,-9.06898693,-68.65570284,ATIVO,ATIVO,Com acessibilidade,239,239,239,01457|3|14,01457|3|1082,URBANA OU NÃO IDENTIFICADA COMO RURAL,False,Ausência de marcador rural nos campos públicos,MÉDIA,True
03/08/2026,06:28:06,2026,AC,01457,SENA MADUREIRA,3,15,1082,EFC - ESCOLA FONTENELE DE CASTRO,"AV. PADRE EGIDIO, S/N",CENTRO,69940000,-9.06898693,-68.65570284,ATIVO,ATIVO,Com acessibilidade,240,240,240,01457|3|15,01457|3|1082,URBANA OU NÃO IDENTIFICADA COMO RURAL,False,Ausência de marcador rural nos campos públicos,MÉDIA,True
03/08/2026,06:28:06,2026,AC,01457,SENA MADUREIRA,3,16,1082,EFC - ESCOLA FONTENELE DE CASTRO,"AV. PADRE EGIDIO, S/N",CENTRO,69940000,-9.06898693,-68.65570284,ATIVO,ATIVO,Com acessibilidade,235,235,235,01457|3|16,01457|3|1082,URBANA OU NÃO IDENTIFICADA COMO RURAL,False,Ausência de marcador rural nos campos públicos,MÉDIA,True
03/08/2026,06:28:06,2026,AC,01457,SENA MADUREIRA,3,121,1082,EFC - ESCOLA FONTENELE DE CASTRO,"AV. PADRE EGIDIO, S/N",CENTRO,69940000,-9.06898693,-68.65570284,ATIVO,ATIVO,Com acessibilidade,247,247,247,01457|3|121,01457|3|1082,URBANA OU NÃO IDENTIFICADA COMO RURAL,False,Ausência de marcador rural nos campos públicos,MÉDIA,True
03/08/2026,06:28:06,2026,AC,01457,SENA MADUREIRA,3,131,1082,EFC - ESCOLA FONTENELE DE CASTRO,"AV. PADRE EGIDIO, S/N",CENTRO,69940000,-9.06898693,-68.65570284,ATIVO,ATIVO,Com acessibilidade,228,228,228,01457|3|131,01457|3|1082,URBANA OU NÃO IDENTIFICADA COMO RURAL,False,Ausência de marcador rural nos campos públicos,MÉDIA,True
03/08/2026,06:28:06,2026,AC,01457,SENA MADUREIRA,3,17,1090,IDAF,"AV. BRASIL, S/N",CENTRO,69940000,-9.06878689,-68.66148414,ATIVO,ATIVO,Com acessibilidade,244,244,244,01457|3|17,01457|3|1090,URBANA OU NÃO IDENTIFICADA COMO RURAL,False,Ausência de marcador rural nos campos públicos,MÉDIA,True
03/08/2026,06:28:06,2026,AC,01457,SENA MADUREIRA,3,18,1090,IDAF,"AV. BRASIL, S/N",CENTRO,69940000,-9.06878689,-68.66148414,ATIVO,ATIVO,Com acessibilidade,247,247,247,01457|3|18,01457|3|1090,URBANA OU NÃO IDENTIFICADA COMO RURAL,False,Ausência de marcador rural nos campos públicos,MÉDIA,True
03/08/2026,06:28:06,2026,AC,01457,SENA MADUREIRA,3,19,1104,ESCOLA ELIZIARIO TAVORA,"AV. AVELINO CHAVES, S/N",CENTRO,69940000,-9.0683918,-68.65632579,ATIVO,ATIVO,Com acessibilidade,216,216,216,01457|3|19,01457|3|1104,URBANA OU NÃO IDENTIFICADA COMO RURAL,False,Ausência de marcador rural nos campos públicos,MÉDIA,True
03/08/2026,06:28:06,2026,AC,01457,SENA MADUREIRA,3,20,1104,ESCOLA ELIZIARIO TAVORA,"AV. AVELINO CHAVES, S/N",CENTRO,69940000,-9.0683918,-68.65632579,ATIVO,ATIVO,Com acessibilidade,221,221,221,01457|3|20,01457|3|1104,URBANA OU NÃO IDENTIFICADA COMO RURAL,False,Ausência de marcador rural nos campos públicos,MÉDIA,True
03/08/2026,06:28:06,2026,AC,01457,SENA MADUREIRA,3,21,1104,ESCOLA ELIZIARIO TAVORA,"AV. AVELINO CHAVES, S/N",CENTRO,69940000,-9.0683918,-68.65632579,ATIVO,ATIVO,Com acessibilidade,221,221,221,01457|3|21,01457|3|1104,URBANA OU NÃO IDENTIFICADA COMO RURAL,False,Ausência de marcador rural nos campos públicos,MÉDIA,True
03/08/2026,06:28:06,2026,AC,01457,SENA MADUREIRA,3,79,1104,ESCOLA ELIZIARIO TAVORA,"AV. AVELINO CHAVES, S/N",CENTRO,69940000,-9.0683918,-68.65632579,ATIVO,ATIVO,Com acessibilidade,215,215,215,01457|3|79,01457|3|1104,URBANA OU NÃO IDENTIFICADA COMO RURAL,False,Ausência de marcador rural nos campos públicos,MÉDIA,True
03/08/2026,06:28:06,2026,AC,01457,SENA MADUREIRA,3,22,1112,ESCOLA MUNICIPAL PROF. HERMANO COSTA FILHO,"RUA MARANHAO, S.N, SÃO FELIPE",BOSQUE,69940000,-9.0799483,-68.6641567,ATIVO,ATIVO,Com acessibilidade,265,265,265,01457|3|22,01457|3|1112,URBANA OU NÃO IDENTIFICADA COMO RURAL,False,Ausência de marcador rural nos campos públicos,MÉDIA,True
03/08/2026,06:28:06,2026,AC,01457,SENA MADUREIRA,3,53,1112,ESCOLA MUNICIPAL PROF. HERMANO COSTA FILHO,"RUA MARANHAO, S.N, SÃO FELIPE",BOSQUE,69940000,-9.0799483,-68.6641567,ATIVO,ATIVO,Com acessibilidade,264,264,264,01457|3|53,01457|3|1112,URBANA OU NÃO IDENTIFICADA COMO RURAL,False,Ausência de marcador rural nos campos públicos,MÉDIA,True
03/08/2026,06:28:06,2026,AC,01457,SENA MADUREIRA,3,66,1112,ESCOLA MUNICIPAL PROF. HERMANO COSTA FILHO,"RUA MARANHAO, S.N, SÃO FELIPE",BOSQUE,69940000,-9.0799483,-68.6641567,ATIVO,ATIVO,Com acessibilidade,264,264,264,01457|3|66,01457|3|1112,URBANA OU NÃO IDENTIFICADA COMO RURAL,False,Ausência de marcador rural nos campos públicos,MÉDIA,True
03/08/2026,06:28:06,2026,AC,01457,SENA MADUREIRA,3,69,1112,ESCOLA MUNICIPAL PROF. HERMANO COSTA FILHO,"RUA MARANHAO, S.N, SÃO FELIPE",BOSQUE,69940000,-9.0799483,-68.6641567,ATIVO,ATIVO,Com acessibilidade,235,235,235,01457|3|69,01457|3|1112,URBANA OU NÃO IDENTIFICADA COMO RURAL,False,Ausência de marcador rural nos campos públicos,MÉDIA,True
03/08/2026,06:28:06,2026,AC,01457,SENA MADUREIRA,3,74,1112,ESCOLA MUNICIPAL PROF. HERMANO COSTA FILHO,"RUA MARANHAO, S.N, SÃO FELIPE",BOSQUE,69940000,-9.0799483,-68.6641567,ATIVO,ATIVO,Com acessibilidade,261,261,261,01457|3|74,01457|3|1112,URBANA OU NÃO IDENTIFICADA COMO RURAL,False,Ausência de marcador rural nos campos públicos,MÉDIA,True
03/08/2026,06:28:06,2026,AC,01457,SENA MADUREIRA,3,80,1112,ESCOLA MUNICIPAL PROF. HERMANO COSTA FILHO,"RUA MARANHAO, S.N, SÃO FELIPE",BOSQUE,69940000,-9.0799483,-68.6641567,ATIVO,ATIVO,Com acessibilidade,261,261,261,01457|3|80,01457|3|1112,URBANA OU NÃO IDENTIFICADA COMO RURAL,False,Ausência de marcador rural nos campos públicos,MÉDIA,True
03/08/2026,06:28:06,2026,AC,01457,SENA MADUREIRA,3,94,1112,ESCOLA MUNICIPAL PROF. HERMANO COSTA FILHO,"RUA MARANHAO, S.N, SÃO FELIPE",BOSQUE,69940000,-9.0799483,-68.6641567,ATIVO,ATIVO,Com acessibilidade,238,238,238,01457|3|94,01457|3|1112,URBANA OU NÃO IDENTIFICADA COMO RURAL,False,Ausência de marcador rural nos campos públicos,MÉDIA,True
03/08/2026,06:28:06,2026,AC,01457,SENA MADUREIRA,3,112,1112,ESCOLA MUNICIPAL PROF. HERMANO COSTA FILHO,"RUA MARANHAO, S.N, SÃO FELIPE",BOSQUE,69940000,-9.0799483,-68.6641567,ATIVO,ATIVO,Com acessibilidade,233,233,233,01457|3|112,01457|3|1112,URBANA OU NÃO IDENTIFICADA COMO RURAL,False,Ausência de marcador rural nos campos públicos,MÉDIA,True
03/08/2026,06:28:06,2026,AC,01457,SENA MADUREIRA,3,114,1112,ESCOLA MUNICIPAL PROF. HERMANO COSTA FILHO,"RUA MARANHAO, S.N, SÃO FELIPE",BOSQUE,69940000,-9.0799483,-68.6641567,ATIVO,ATIVO,Com acessibilidade,237,237,237,01457|3|114,01457|3|1112,URBANA OU NÃO IDENTIFICADA COMO RURAL,False,Ausência de marcador rural nos campos públicos,MÉDIA,True
03/08/2026,06:28:06,2026,AC,01457,SENA MADUREIRA,3,23,1120,EEFSM - ESCOLA DE ENSINO FUNDAMENTAL SIQUEIRA DE MENEZES,RUA AUGUSTO VASCONCELOS,VILA MILITAR,69940000,-9.06063,-68.6573667,ATIVO,ATIVO,Com acessibilidade,249,249,249,01457|3|23,01457|3|1120,URBANA OU NÃO IDENTIFICADA COMO RURAL,False,Ausência de marcador rural nos campos públicos,MÉDIA,True
03/08/2026,06:28:06,2026,AC,01457,SENA MADUREIRA,3,24,1120,EEFSM - ESCOLA DE ENSINO FUNDAMENTAL SIQUEIRA DE MENEZES,RUA AUGUSTO VASCONCELOS,VILA MILITAR,69940000,-9.06063,-68.6573667,ATIVO,ATIVO,Com acessibilidade,254,254,254,01457|3|24,01457|3|1120,URBANA OU NÃO IDENTIFICADA COMO RURAL,False,Ausência de marcador rural nos campos públicos,MÉDIA,True
03/08/2026,06:28:06,2026,AC,01457,SENA MADUREIRA,3,57,1120,EEFSM - ESCOLA DE ENSINO FUNDAMENTAL SIQUEIRA DE MENEZES,RUA AUGUSTO VASCONCELOS,VILA MILITAR,69940000,-9.06063,-68.6573667,ATIVO,ATIVO,Com acessibilidade,248,248,248,01457|3|57,01457|3|1120,URBANA OU NÃO IDENTIFICADA COMO RURAL,False,Ausência de marcador rural nos campos públicos,MÉDIA,True
03/08/2026,06:28:06,2026,AC,01457,SENA MADUREIRA,3,78,1120,EEFSM - ESCOLA DE ENSINO FUNDAMENTAL SIQUEIRA DE MENEZES,RUA AUGUSTO VASCONCELOS,VILA MILITAR,69940000,-9.06063,-68.6573667,ATIVO,ATIVO,Com acessibilidade,258,258,258,01457|3|78,01457|3|1120,URBANA OU NÃO IDENTIFICADA COMO RURAL,False,Ausência de marcador rural nos campos públicos,MÉDIA,True
03/08/2026,06:28:06,2026,AC,01457,SENA MADUREIRA,3,141,1120,EEFSM - ESCOLA DE ENSINO FUNDAMENTAL SIQUEIRA DE MENEZES,RUA AUGUSTO VASCONCELOS,VILA MILITAR,69940000,-9.06063,-68.6573667,ATIVO,ATIVO,Com acessibilidade,248,248,248,01457|3|141,01457|3|1120,URBANA OU NÃO IDENTIFICADA COMO RURAL,False,Ausência de marcador rural nos campos públicos,MÉDIA,True
03/08/2026,06:28:06,2026,AC,01457,SENA MADUREIRA,3,161,1120,EEFSM - ESCOLA DE ENSINO FUNDAMENTAL SIQUEIRA DE MENEZES,RUA AUGUSTO VASCONCELOS,VILA MILITAR,69940000,-9.06063,-68.6573667,ATIVO,ATIVO,Com acessibilidade,248,248,248,01457|3|161,01457|3|1120,URBANA OU NÃO IDENTIFICADA COMO RURAL,False,Ausência de marcador rural nos campos públicos,MÉDIA,True
03/08/2026,06:28:06,2026,AC,01457,SENA MADUREIRA,3,25,1139,EEA - ESCOLA EUGENIO AREAL,RUA PIAUI,CIDADE NOVA,69940000,-9.05808427,-68.65887689,ATIVO,ATIVO,Com acessibilidade,227,227,227,01457|3|25,01457|3|1139,URBANA OU NÃO IDENTIFICADA COMO RURAL,False,Ausência de marcador rural nos campos públicos,MÉDIA,True
03/08/2026,06:28:06,2026,AC,01457,SENA MADUREIRA,3,26,1139,EEA - ESCOLA EUGENIO AREAL,RUA PIAUI,CIDADE NOVA,69940000,-9.05808427,-68.65887689,ATIVO,ATIVO,Com acessibilidade,230,230,230,01457|3|26,01457|3|1139,URBANA OU NÃO IDENTIFICADA COMO RURAL,False,Ausência de marcador rural nos campos públicos,MÉDIA,True
03/08/2026,06:28:06,2026,AC,01457,SENA MADUREIRA,3,144,1139,EEA - ESCOLA EUGENIO AREAL,RUA PIAUI,CIDADE NOVA,69940000,-9.05808427,-68.65887689,ATIVO,ATIVO,Com acessibilidade,232,232,232,01457|3|144,01457|3|1139,URBANA OU NÃO IDENTIFICADA COMO RURAL,False,Ausência de marcador rural nos campos públicos,MÉDIA,True
03/08/2026,06:28:06,2026,AC,01457,SENA MADUREIRA,3,27,1147,SECRETARIA MUNICIPAL DE ASSISTENCIA SOCIAL ,"RUA VIRGULINO DE ALENCAR, N 281",BAIRRO DA PISTA,69940000,-9.06911253,-68.65455659,ATIVO,ATIVO,Com acessibilidade,250,250,250,01457|3|27,01457|3|1147,URBANA OU NÃO IDENTIFICADA COMO RURAL,False,Ausência de marcador rural nos campos públicos,MÉDIA,True
03/08/2026,06:28:06,2026,AC,01457,SENA MADUREIRA,3,28,1147,SECRETARIA MUNICIPAL DE ASSISTENCIA SOCIAL ,"RUA VIRGULINO DE ALENCAR, N 281",BAIRRO DA PISTA,69940000,-9.06911253,-68.65455659,ATIVO,ATIVO,Com acessibilidade,251,251,251,01457|3|28,01457|3|1147,URBANA OU NÃO IDENTIFICADA COMO RURAL,False,Ausência de marcador rural nos campos públicos,MÉDIA,True
03/08/2026,06:28:06,2026,AC,01457,SENA MADUREIRA,3,29,1155,ERHM - ESCOLA RAIMUNDO HERMNIO DE MELO,"AV. BRASIL, S/N",TRIANGULO,69940000,-9.0767767,-68.6701933,ATIVO,ATIVO,Com acessibilidade,292,292,292,01457|3|29,01457|3|1155,URBANA OU NÃO IDENTIFICADA COMO RURAL,False,Ausência de marcador rural nos campos públicos,MÉDIA,True
03/08/2026,06:28:06,2026,AC,01457,SENA MADUREIRA,3,30,1155,ERHM - ESCOLA RAIMUNDO HERMNIO DE MELO,"AV. BRASIL, S/N",TRIANGULO,69940000,-9.0767767,-68.6701933,ATIVO,ATIVO,Com acessibilidade,290,290,290,01457|3|30,01457|3|1155,URBANA OU NÃO IDENTIFICADA COMO RURAL,False,Ausência de marcador rural nos campos públicos,MÉDIA,True
03/08/2026,06:28:06,2026,AC,01457,SENA MADUREIRA,3,54,1155,ERHM - ESCOLA RAIMUNDO HERMNIO DE MELO,"AV. BRASIL, S/N",TRIANGULO,69940000,-9.0767767,-68.6701933,ATIVO,ATIVO,Com acessibilidade,286,286,286,01457|3|54,01457|3|1155,URBANA OU NÃO IDENTIFICADA COMO RURAL,False,Ausência de marcador rural nos campos públicos,MÉDIA,True
03/08/2026,06:28:06,2026,AC,01457,SENA MADUREIRA,3,93,1155,ERHM - ESCOLA RAIMUNDO HERMNIO DE MELO,"AV. BRASIL, S/N",TRIANGULO,69940000,-9.0767767,-68.6701933,ATIVO,ATIVO,Com acessibilidade,284,284,284,01457|3|93,01457|3|1155,URBANA OU NÃO IDENTIFICADA COMO RURAL,False,Ausência de marcador rural nos campos públicos,MÉDIA,True
03/08/2026,06:28:06,2026,AC,01457,SENA MADUREIRA,3,32,1171,EEICV - ESCOLA DE EDUCAÇÃO INFANTIL CHAPEUZINHO VERMELHO,"RUA PADRE EGÍDIO, 45",CENTRO,69940000,-9.06842443,-68.65560272,ATIVO,ATIVO,Com acessibilidade,245,245,245,01457|3|32,01457|3|1171,URBANA OU NÃO IDENTIFICADA COMO RURAL,False,Ausência de marcador rural nos campos públicos,MÉDIA,True
03/08/2026,06:28:06,2026,AC,01457,SENA MADUREIRA,3,33,1171,EEICV - ESCOLA DE EDUCAÇÃO INFANTIL CHAPEUZINHO VERMELHO,"RUA PADRE EGÍDIO, 45",CENTRO,69940000,-9.06842443,-68.65560272,ATIVO,ATIVO,Com acessibilidade,249,249,249,01457|3|33,01457|3|1171,URBANA OU NÃO IDENTIFICADA COMO RURAL,False,Ausência de marcador rural nos campos públicos,MÉDIA,True
03/08/2026,06:28:06,2026,AC,01457,SENA MADUREIRA,3,163,1171,EEICV - ESCOLA DE EDUCAÇÃO INFANTIL CHAPEUZINHO VERMELHO,"RUA PADRE EGÍDIO, 45",CENTRO,69940000,-9.06842443,-68.65560272,ATIVO,ATIVO,Com acessibilidade,246,246,246,01457|3|163,01457|3|1171,URBANA OU NÃO IDENTIFICADA COMO RURAL,False,Ausência de marcador rural nos campos públicos,MÉDIA,True
03/08/2026,06:28:06,2026,AC,01457,SENA MADUREIRA,3,34,1180,EEFC - ESCOLA EUCLIDES FEITOSA CAVALCANTE,RUA VIRGOLINO DA SILVA DINIZ,ANA VIEIRA,69940000,-9.0684128,-68.6715538,ATIVO,ATIVO,Com acessibilidade,286,286,286,01457|3|34,01457|3|1180,URBANA OU NÃO IDENTIFICADA COMO RURAL,False,Ausência de marcador rural nos campos públicos,MÉDIA,True
03/08/2026,06:28:06,2026,AC,01457,SENA MADUREIRA,3,35,1180,EEFC - ESCOLA EUCLIDES FEITOSA CAVALCANTE,RUA VIRGOLINO DA SILVA DINIZ,ANA VIEIRA,69940000,-9.0684128,-68.6715538,ATIVO,ATIVO,Com acessibilidade,292,292,292,01457|3|35,01457|3|1180,URBANA OU NÃO IDENTIFICADA COMO RURAL,False,Ausência de marcador rural nos campos públicos,MÉDIA,True
03/08/2026,06:28:06,2026,AC,01457,SENA MADUREIRA,3,36,1180,EEFC - ESCOLA EUCLIDES FEITOSA CAVALCANTE,RUA VIRGOLINO DA SILVA DINIZ,ANA VIEIRA,69940000,-9.0684128,-68.6715538,ATIVO,ATIVO,Com acessibilidade,286,286,286,01457|3|36,01457|3|1180,URBANA OU NÃO IDENTIFICADA COMO RURAL,False,Ausência de marcador rural nos campos públicos,MÉDIA,True
03/08/2026,06:28:06,2026,AC,01457,SENA MADUREIRA,3,113,1180,EEFC - ESCOLA EUCLIDES FEITOSA CAVALCANTE,RUA VIRGOLINO DA SILVA DINIZ,ANA VIEIRA,69940000,-9.0684128,-68.6715538,ATIVO,ATIVO,Com acessibilidade,284,284,284,01457|3|113,01457|3|1180,URBANA OU NÃO IDENTIFICADA COMO RURAL,False,Ausência de marcador rural nos campos públicos,MÉDIA,True
03/08/2026,06:28:06,2026,AC,01457,SENA MADUREIRA,3,37,1198,PROGRAMA CRIANÇA FELIZ E SECRETARIA DA MULHER ,"AV AVELINO CHAVES, S/N",CENTRO,69940000,-9.0676575,-68.6564592,ATIVO,ATIVO,Com acessibilidade,215,215,215,01457|3|37,01457|3|1198,URBANA OU NÃO IDENTIFICADA COMO RURAL,False,Ausência de marcador rural nos campos públicos,MÉDIA,True
03/08/2026,06:28:06,2026,AC,01457,SENA MADUREIRA,3,38,1198,PROGRAMA CRIANÇA FELIZ E SECRETARIA DA MULHER ,"AV AVELINO CHAVES, S/N",CENTRO,69940000,-9.0676575,-68.6564592,ATIVO,ATIVO,Com acessibilidade,205,205,205,01457|3|38,01457|3|1198,URBANA OU NÃO IDENTIFICADA COMO RURAL,False,Ausência de marcador rural nos campos públicos,MÉDIA,True
03/08/2026,06:28:06,2026,AC,01457,SENA MADUREIRA,3,55,1244,E.M.E.I - IRACEMA D'AVILA MODESTO,RUA MONSENHOR TAVORA,CENTRO,69940000,-9.06624818,-68.65918705,ATIVO,ATIVO,Com acessibilidade,262,262,262,01457|3|55,01457|3|1244,URBANA OU NÃO IDENTIFICADA COMO RURAL,False,Ausência de marcador rural nos campos públicos,MÉDIA,True
03/08/2026,06:28:06,2026,AC,01457,SENA MADUREIRA,3,56,1244,E.M.E.I - IRACEMA D'AVILA MODESTO,RUA MONSENHOR TAVORA,CENTRO,69940000,-9.06624818,-68.65918705,ATIVO,ATIVO,Com acessibilidade,259,259,259,01457|3|56,01457|3|1244,URBANA OU NÃO IDENTIFICADA COMO RURAL,False,Ausência de marcador rural nos campos públicos,MÉDIA,True
03/08/2026,06:28:06,2026,AC,01457,SENA MADUREIRA,3,64,1244,E.M.E.I - IRACEMA D'AVILA MODESTO,RUA MONSENHOR TAVORA,CENTRO,69940000,-9.06624818,-68.65918705,ATIVO,ATIVO,Com acessibilidade,258,258,258,01457|3|64,01457|3|1244,URBANA OU NÃO IDENTIFICADA COMO RURAL,False,Ausência de marcador rural nos campos públicos,MÉDIA,True
03/08/2026,06:28:06,2026,AC,01457,SENA MADUREIRA,3,119,1244,E.M.E.I - IRACEMA D'AVILA MODESTO,RUA MONSENHOR TAVORA,CENTRO,69940000,-9.06624818,-68.65918705,ATIVO,ATIVO,Com acessibilidade,257,257,257,01457|3|119,01457|3|1244,URBANA OU NÃO IDENTIFICADA COMO RURAL,False,Ausência de marcador rural nos campos públicos,MÉDIA,True
03/08/2026,06:28:06,2026,AC,01457,SENA MADUREIRA,3,63,1252,UFAC,MONSENHOR TAVORA,CENTRO,69940000,-9.06616289,-68.65969281,ATIVO,ATIVO,Com acessibilidade,282,282,282,01457|3|63,01457|3|1252,URBANA OU NÃO IDENTIFICADA COMO RURAL,False,Ausência de marcador rural nos campos públicos,MÉDIA,True
03/08/2026,06:28:06,2026,AC,01457,SENA MADUREIRA,3,67,1252,UFAC,MONSENHOR TAVORA,CENTRO,69940000,-9.06616289,-68.65969281,ATIVO,ATIVO,Com acessibilidade,284,284,284,01457|3|67,01457|3|1252,URBANA OU NÃO IDENTIFICADA COMO RURAL,False,Ausência de marcador rural nos campos públicos,MÉDIA,True
03/08/2026,06:28:06,2026,AC,01457,SENA MADUREIRA,3,75,1252,UFAC,MONSENHOR TAVORA,CENTRO,69940000,-9.06616289,-68.65969281,ATIVO,ATIVO,Com acessibilidade,279,279,279,01457|3|75,01457|3|1252,URBANA OU NÃO IDENTIFICADA COMO RURAL,False,Ausência de marcador rural nos campos públicos,MÉDIA,True
03/08/2026,06:28:06,2026,AC,01457,SENA MADUREIRA,3,90,1252,UFAC,MONSENHOR TAVORA,CENTRO,69940000,-9.06616289,-68.65969281,ATIVO,ATIVO,Com acessibilidade,282,282,282,01457|3|90,01457|3|1252,URBANA OU NÃO IDENTIFICADA COMO RURAL,False,Ausência de marcador rural nos campos públicos,MÉDIA,True
03/08/2026,06:28:06,2026,AC,01457,SENA MADUREIRA,3,83,1279,EVBC - ESCOLA VICENTE BALBINO DA COSTA,RUA HERMANO ALVES COSTA,CRISTO LIBERTADOR,69940000,-9.0767198,-68.6660794,ATIVO,ATIVO,Com acessibilidade,299,299,299,01457|3|83,01457|3|1279,URBANA OU NÃO IDENTIFICADA COMO RURAL,False,Ausência de marcador rural nos campos públicos,MÉDIA,True
03/08/2026,06:28:06,2026,AC,01457,SENA MADUREIRA,3,91,1279,EVBC - ESCOLA VICENTE BALBINO DA COSTA,RUA HERMANO ALVES COSTA,CRISTO LIBERTADOR,69940000,-9.0767198,-68.6660794,ATIVO,ATIVO,Com acessibilidade,291,291,291,01457|3|91,01457|3|1279,URBANA OU NÃO IDENTIFICADA COMO RURAL,False,Ausência de marcador rural nos campos públicos,MÉDIA,True
03/08/2026,06:28:06,2026,AC,01457,SENA MADUREIRA,3,85,1287,EEFC - ESCOLA DE ENSINO FUNDAMENTAL CAZUMBÁ,COMUNIDADE CAZUMBÁ RIO CAETE,ZONA RURAL,69940000,-9.13513514,-68.96479578,ATIVO,ATIVO,Com acessibilidade,210,210,210,01457|3|85,01457|3|1287,RURAL IDENTIFICADA,True,Termo RURAL no bairro ou no nome do local no arquivo do TSE,ALTA,True
03/08/2026,06:28:06,2026,AC,01457,SENA MADUREIRA,3,149,1287,EEFC - ESCOLA DE ENSINO FUNDAMENTAL CAZUMBÁ,COMUNIDADE CAZUMBÁ RIO CAETE,ZONA RURAL,69940000,-9.13513514,-68.96479578,ATIVO,ATIVO,Com acessibilidade,164,164,164,01457|3|149,01457|3|1287,RURAL IDENTIFICADA,True,Termo RURAL no bairro ou no nome do local no arquivo do TSE,ALTA,True
03/08/2026,06:28:06,2026,AC,01457,SENA MADUREIRA,3,86,1295,EEEFRM - ESCOLA ESTADUAL DE ENSINO FUNDAMENTAL RAIMUNDO MAGALHÃES,"RUA SERGIO FERREIRA DA SILVA, N. 2183",NITEROI,69940000,-9.0651693,-68.652776,ATIVO,ATIVO,Com acessibilidade,245,245,245,01457|3|86,01457|3|1295,URBANA OU NÃO IDENTIFICADA COMO RURAL,False,Ausência de marcador rural nos campos públicos,MÉDIA,True
03/08/2026,06:28:06,2026,AC,01457,SENA MADUREIRA,3,99,1295,EEEFRM - ESCOLA ESTADUAL DE ENSINO FUNDAMENTAL RAIMUNDO MAGALHÃES,"RUA SERGIO FERREIRA DA SILVA, N. 2183",NITEROI,69940000,-9.0651693,-68.652776,ATIVO,ATIVO,Com acessibilidade,245,245,245,01457|3|99,01457|3|1295,URBANA OU NÃO IDENTIFICADA COMO RURAL,False,Ausência de marcador rural nos campos públicos,MÉDIA,True
03/08/2026,06:28:06,2026,AC,01457,SENA MADUREIRA,3,138,1295,EEEFRM - ESCOLA ESTADUAL DE ENSINO FUNDAMENTAL RAIMUNDO MAGALHÃES,"RUA SERGIO FERREIRA DA SILVA, N. 2183",NITEROI,69940000,-9.0651693,-68.652776,ATIVO,ATIVO,Com acessibilidade,248,248,248,01457|3|138,01457|3|1295,URBANA OU NÃO IDENTIFICADA COMO RURAL,False,Ausência de marcador rural nos campos públicos,MÉDIA,True
03/08/2026,06:28:06,2026,AC,01457,SENA MADUREIRA,3,159,1295,EEEFRM - ESCOLA ESTADUAL DE ENSINO FUNDAMENTAL RAIMUNDO MAGALHÃES,"RUA SERGIO FERREIRA DA SILVA, N. 2183",NITEROI,69940000,-9.0651693,-68.652776,ATIVO,ATIVO,Com acessibilidade,248,248,248,01457|3|159,01457|3|1295,URBANA OU NÃO IDENTIFICADA COMO RURAL,False,Ausência de marcador rural nos campos públicos,MÉDIA,True
03/08/2026,06:28:06,2026,AC,01457,SENA MADUREIRA,3,92,1309,SECRETARIA MUNICIPAL DE SAÚDE (ANTIGO MARIA DE FATIMA),RUA ANTONIO NICÁCIO TEIXEIRA,VITORIA,69940000,-9.0745254,-68.6544266,ATIVO,ATIVO,Com acessibilidade,284,284,284,01457|3|92,01457|3|1309,URBANA OU NÃO IDENTIFICADA COMO RURAL,False,Ausência de marcador rural nos campos públicos,MÉDIA,True
03/08/2026,06:28:06,2026,AC,01457,SENA MADUREIRA,3,104,1309,SECRETARIA MUNICIPAL DE SAÚDE (ANTIGO MARIA DE FATIMA),RUA ANTONIO NICÁCIO TEIXEIRA,VITORIA,69940000,-9.0745254,-68.6544266,ATIVO,ATIVO,Com acessibilidade,283,283,283,01457|3|104,01457|3|1309,URBANA OU NÃO IDENTIFICADA COMO RURAL,False,Ausência de marcador rural nos campos públicos,MÉDIA,True
03/08/2026,06:28:06,2026,AC,01457,SENA MADUREIRA,3,110,1309,SECRETARIA MUNICIPAL DE SAÚDE (ANTIGO MARIA DE FATIMA),RUA ANTONIO NICÁCIO TEIXEIRA,VITORIA,69940000,-9.0745254,-68.6544266,ATIVO,ATIVO,Com acessibilidade,271,271,271,01457|3|110,01457|3|1309,URBANA OU NÃO IDENTIFICADA COMO RURAL,False,Ausência de marcador rural nos campos públicos,MÉDIA,True
03/08/2026,06:28:06,2026,AC,01457,SENA MADUREIRA,3,98,1341,ESCOLA MUNICIPAL ISAAC D'ÁVILA (NOVA OLINDA),SERINGAL NOVA OLINDA - RIO IÁCO,ZONA RURAL,69940000,-10.1030524,-69.2063821,ATIVO,ATIVO,Com acessibilidade,211,211,211,01457|3|98,01457|3|1341,RURAL IDENTIFICADA,True,Termo RURAL no bairro ou no nome do local no arquivo do TSE,ALTA,True
03/08/2026,06:28:06,2026,AC,01457,SENA MADUREIRA,3,148,1341,ESCOLA MUNICIPAL ISAAC D'ÁVILA (NOVA OLINDA),SERINGAL NOVA OLINDA - RIO IÁCO,ZONA RURAL,69940000,-10.1030524,-69.2063821,ATIVO,ATIVO,Com acessibilidade,212,212,212,01457|3|148,01457|3|1341,RURAL IDENTIFICADA,True,Termo RURAL no bairro ou no nome do local no arquivo do TSE,ALTA,True
03/08/2026,06:28:06,2026,AC,01457,SENA MADUREIRA,3,101,1376,UNIDADE BÁSICA DE SAÚDE RECIFE,SERINGAL RECIFE - RIO IACO,ZONA RURAL,69940000,-9.8678525,-68.8768684,ATIVO,ATIVO,Com acessibilidade,276,276,276,01457|3|101,01457|3|1376,RURAL IDENTIFICADA,True,Termo RURAL no bairro ou no nome do local no arquivo do TSE,ALTA,True
03/08/2026,06:28:06,2026,AC,01457,SENA MADUREIRA,3,129,1376,UNIDADE BÁSICA DE SAÚDE RECIFE,SERINGAL RECIFE - RIO IACO,ZONA RURAL,69940000,-9.8678525,-68.8768684,ATIVO,ATIVO,Com acessibilidade,238,238,238,01457|3|129,01457|3|1376,RURAL IDENTIFICADA,True,Termo RURAL no bairro ou no nome do local no arquivo do TSE,ALTA,True
03/08/2026,06:28:06,2026,AC,01457,SENA MADUREIRA,3,156,1376,UNIDADE BÁSICA DE SAÚDE RECIFE,SERINGAL RECIFE - RIO IACO,ZONA RURAL,69940000,-9.8678525,-68.8768684,ATIVO,ATIVO,Com acessibilidade,164,164,164,01457|3|156,01457|3|1376,RURAL IDENTIFICADA,True,Termo RURAL no bairro ou no nome do local no arquivo do TSE,ALTA,True
03/08/2026,06:28:06,2026,AC,01457,SENA MADUREIRA,3,103,1384,EMEFJJM - ESCOLA MUNICIPAL DE ENSINO FUNDAMENTAL JOSÉ JOAQUIM DE MATOS,"ESTRADA MÁRIO LOBÃO, KM 45, PROJETO JOAQUIM DE MATOS",ZONA RURAL,69940000,-9.36738029,-68.61676295,ATIVO,ATIVO,Com acessibilidade,241,241,241,01457|3|103,01457|3|1384,RURAL IDENTIFICADA,True,Termo RURAL no bairro ou no nome do local no arquivo do TSE,ALTA,True
03/08/2026,06:28:06,2026,AC,01457,SENA MADUREIRA,3,137,1384,EMEFJJM - ESCOLA MUNICIPAL DE ENSINO FUNDAMENTAL JOSÉ JOAQUIM DE MATOS,"ESTRADA MÁRIO LOBÃO, KM 45, PROJETO JOAQUIM DE MATOS",ZONA RURAL,69940000,-9.36738029,-68.61676295,ATIVO,ATIVO,Com acessibilidade,235,235,235,01457|3|137,01457|3|1384,RURAL IDENTIFICADA,True,Termo RURAL no bairro ou no nome do local no arquivo do TSE,ALTA,True
03/08/2026,06:28:06,2026,AC,01457,SENA MADUREIRA,3,97,1392,ESCOLA WALFREDO GUEDES MONTEIRO,RUA GAIVOTA,EUGENIO AUGUSTO AREAL,69940000,-9.0850868,-68.6761464,ATIVO,ATIVO,Com acessibilidade,240,240,240,01457|3|97,01457|3|1392,URBANA OU NÃO IDENTIFICADA COMO RURAL,False,Ausência de marcador rural nos campos públicos,MÉDIA,True
03/08/2026,06:28:06,2026,AC,01457,SENA MADUREIRA,3,108,1392,ESCOLA WALFREDO GUEDES MONTEIRO,RUA GAIVOTA,EUGENIO AUGUSTO AREAL,69940000,-9.0850868,-68.6761464,ATIVO,ATIVO,Com acessibilidade,263,263,263,01457|3|108,01457|3|1392,URBANA OU NÃO IDENTIFICADA COMO RURAL,False,Ausência de marcador rural nos campos públicos,MÉDIA,True
03/08/2026,06:28:06,2026,AC,01457,SENA MADUREIRA,3,127,1392,ESCOLA WALFREDO GUEDES MONTEIRO,RUA GAIVOTA,EUGENIO AUGUSTO AREAL,69940000,-9.0850868,-68.6761464,ATIVO,ATIVO,Com acessibilidade,264,264,264,01457|3|127,01457|3|1392,URBANA OU NÃO IDENTIFICADA COMO RURAL,False,Ausência de marcador rural nos campos públicos,MÉDIA,True
03/08/2026,06:28:06,2026,AC,01457,SENA MADUREIRA,3,128,1392,ESCOLA WALFREDO GUEDES MONTEIRO,RUA GAIVOTA,EUGENIO AUGUSTO AREAL,69940000,-9.0850868,-68.6761464,ATIVO,ATIVO,Com acessibilidade,261,261,261,01457|3|128,01457|3|1392,URBANA OU NÃO IDENTIFICADA COMO RURAL,False,Ausência de marcador rural nos campos públicos,MÉDIA,True
03/08/2026,06:28:06,2026,AC,01457,SENA MADUREIRA,3,158,1392,ESCOLA WALFREDO GUEDES MONTEIRO,RUA GAIVOTA,EUGENIO AUGUSTO AREAL,69940000,-9.0850868,-68.6761464,ATIVO,ATIVO,Com acessibilidade,274,274,274,01457|3|158,01457|3|1392,URBANA OU NÃO IDENTIFICADA COMO RURAL,False,Ausência de marcador rural nos campos públicos,MÉDIA,True
03/08/2026,06:28:06,2026,AC,01457,SENA MADUREIRA,3,109,1406,ESCOLA MUNICIPAL JOSÉ DA ROCHA NEVES (LUA NOVA),COMUNIDADE LUA NOVA - RIO MACAUÃ,ZONA RURAL,69940000,-9.46015522,-68.92446505,ATIVO,ATIVO,Com acessibilidade,298,298,298,01457|3|109,01457|3|1406,RURAL IDENTIFICADA,True,Termo RURAL no bairro ou no nome do local no arquivo do TSE,ALTA,True
03/08/2026,06:28:06,2026,AC,01457,SENA MADUREIRA,3,123,1422,UNIDADE BÁSICA DE SAÚDE FLORILIO PEREIRA LUSTOSA,RUA VIRGOLINO DA SILVA DINIZ,ANA VIEIRA,69940000,-9.0685642,-68.6713823,ATIVO,ATIVO,Com acessibilidade,312,312,312,01457|3|123,01457|3|1422,URBANA OU NÃO IDENTIFICADA COMO RURAL,False,Ausência de marcador rural nos campos públicos,MÉDIA,True
03/08/2026,06:28:06,2026,AC,01457,SENA MADUREIRA,3,117,1430,UNIDADE BÁSICA DE SAÚDE FLORENTINO FLORIANO,RUA FLORENTINO,BOM SUCESSO,69940000,-9.05504232,-68.66726535,ATIVO,ATIVO,Com acessibilidade,281,339,339,01457|3|117,01457|3|1430,URBANA OU NÃO IDENTIFICADA COMO RURAL,False,Ausência de marcador rural nos campos públicos,MÉDIA,True
03/08/2026,06:28:06,2026,AC,01457,SENA MADUREIRA,3,167,1430,UNIDADE BÁSICA DE SAÚDE FLORENTINO FLORIANO,RUA FLORENTINO,BOM SUCESSO,69940000,-9.05504232,-68.66726535,ATIVO,ATIVO,Com acessibilidade,58,0,0,01457|3|167,01457|3|1430,URBANA OU NÃO IDENTIFICADA COMO RURAL,False,Ausência de marcador rural nos campos públicos,MÉDIA,True
03/08/2026,06:28:06,2026,AC,01457,SENA MADUREIRA,3,115,1449,UNIDADE BÁSICA DE SAÚDE LAURO FONTES,RUA MARANHÃO,CIDADE NOVA,69940000,-9.059555,-68.6607473,ATIVO,ATIVO,Com acessibilidade,273,273,273,01457|3|115,01457|3|1449,URBANA OU NÃO IDENTIFICADA COMO RURAL,False,Ausência de marcador rural nos campos públicos,MÉDIA,True
03/08/2026,06:28:06,2026,AC,01457,SENA MADUREIRA,3,120,1457,SECRETARIA MUNICIPAL DE PLANEJAMENTO (ANTIGO DE SAÚDE),"AVENIDA AVELINO CHAVES, 818",CENTRO,69940000,-9.0647582,-68.65620122,ATIVO,ATIVO,Com acessibilidade,235,235,235,01457|3|120,01457|3|1457,URBANA OU NÃO IDENTIFICADA COMO RURAL,False,Ausência de marcador rural nos campos públicos,MÉDIA,True
03/08/2026,06:28:06,2026,AC,01457,SENA MADUREIRA,3,118,1465,TRT - VARA DE SENA MADUREIRA,"RUA VIRGULINO DE ALENCAR, N 234",CENTRO,69940000,-9.069585,-68.6547133,ATIVO,ATIVO,Com acessibilidade,245,245,245,01457|3|118,01457|3|1465,URBANA OU NÃO IDENTIFICADA COMO RURAL,False,Ausência de marcador rural nos campos públicos,MÉDIA,True
03/08/2026,06:28:06,2026,AC,01457,SENA MADUREIRA,3,116,1473,CRECHE CRIANÇA FELIZ,RUA MANOEL GONÇALVES,BOSQUE,69940000,-9.0723358,-68.6608016,ATIVO,ATIVO,Com acessibilidade,267,267,267,01457|3|116,01457|3|1473,URBANA OU NÃO IDENTIFICADA COMO RURAL,False,Ausência de marcador rural nos campos públicos,MÉDIA,True
03/08/2026,06:28:06,2026,AC,01457,SENA MADUREIRA,3,136,1473,CRECHE CRIANÇA FELIZ,RUA MANOEL GONÇALVES,BOSQUE,69940000,-9.0723358,-68.6608016,ATIVO,ATIVO,Com acessibilidade,266,266,266,01457|3|136,01457|3|1473,URBANA OU NÃO IDENTIFICADA COMO RURAL,False,Ausência de marcador rural nos campos públicos,MÉDIA,True
03/08/2026,06:28:06,2026,AC,01457,SENA MADUREIRA,3,164,1473,CRECHE CRIANÇA FELIZ,RUA MANOEL GONÇALVES,BOSQUE,69940000,-9.0723358,-68.6608016,ATIVO,ATIVO,Com acessibilidade,265,265,265,01457|3|164,01457|3|1473,URBANA OU NÃO IDENTIFICADA COMO RURAL,False,Ausência de marcador rural nos campos públicos,MÉDIA,True
03/08/2026,06:28:06,2026,AC,01457,SENA MADUREIRA,3,82,1503,SERVIÇO DE CONVIVÊNCIA E FORTALECIMENTO DE VÍNCULOS DE 15 À 17 ANOS,"AVENIDA GUANABARA, 263",VITORIA,69940000,-9.0749108,-68.65485585,ATIVO,ATIVO,Com acessibilidade,258,258,258,01457|3|82,01457|3|1503,URBANA OU NÃO IDENTIFICADA COMO RURAL,False,Ausência de marcador rural nos campos públicos,MÉDIA,True
03/08/2026,06:28:06,2026,AC,01457,SENA MADUREIRA,3,84,1503,SERVIÇO DE CONVIVÊNCIA E FORTALECIMENTO DE VÍNCULOS DE 15 À 17 ANOS,"AVENIDA GUANABARA, 263",VITORIA,69940000,-9.0749108,-68.65485585,ATIVO,ATIVO,Com acessibilidade,259,259,259,01457|3|84,01457|3|1503,URBANA OU NÃO IDENTIFICADA COMO RURAL,False,Ausência de marcador rural nos campos públicos,MÉDIA,True
03/08/2026,06:28:06,2026,AC,01457,SENA MADUREIRA,3,105,1511,CRECHE PADRE PAOLINO MARIA BALDASSARI,AVENIDA GUANABARA,BAIRRO DA PISTA,69940000,-9.07476449,-68.65517554,ATIVO,ATIVO,Com acessibilidade,279,279,279,01457|3|105,01457|3|1511,URBANA OU NÃO IDENTIFICADA COMO RURAL,False,Ausência de marcador rural nos campos públicos,MÉDIA,True
03/08/2026,06:28:06,2026,AC,01457,SENA MADUREIRA,3,147,1511,CRECHE PADRE PAOLINO MARIA BALDASSARI,AVENIDA GUANABARA,BAIRRO DA PISTA,69940000,-9.07476449,-68.65517554,ATIVO,ATIVO,Com acessibilidade,285,285,285,01457|3|147,01457|3|1511,URBANA OU NÃO IDENTIFICADA COMO RURAL,False,Ausência de marcador rural nos campos públicos,MÉDIA,True
03/08/2026,06:28:06,2026,AC,01457,SENA MADUREIRA,3,162,1511,CRECHE PADRE PAOLINO MARIA BALDASSARI,AVENIDA GUANABARA,BAIRRO DA PISTA,69940000,-9.07476449,-68.65517554,ATIVO,ATIVO,Com acessibilidade,281,281,281,01457|3|162,01457|3|1511,URBANA OU NÃO IDENTIFICADA COMO RURAL,False,Ausência de marcador rural nos campos públicos,MÉDIA,True
03/08/2026,06:28:06,2026,AC,01457,SENA MADUREIRA,3,62,1520,SEPA - SECRETARIA DE ESTADO DE PRODUÇÃO E AGRONEGÓGIO (ANTIGO SEAPROF),AVENIDA BRASIL,CENTRO,69940000,-9.0687917,-68.6612743,ATIVO,ATIVO,Com acessibilidade,253,253,253,01457|3|62,01457|3|1520,URBANA OU NÃO IDENTIFICADA COMO RURAL,False,Ausência de marcador rural nos campos públicos,MÉDIA,True
03/08/2026,06:28:06,2026,AC,01457,SENA MADUREIRA,3,142,1554,UNIDADE BÁSICA DE SAÚDE EDSON SALES,"RUA WALTER ILTON MAIA, 599",CRISTO LIBERTADOR,69940000,-9.0778518,-68.6689496,ATIVO,ATIVO,Com acessibilidade,307,307,307,01457|3|142,01457|3|1554,URBANA OU NÃO IDENTIFICADA COMO RURAL,False,Ausência de marcador rural nos campos públicos,MÉDIA,True
03/08/2026,06:28:06,2026,AC,01457,SENA MADUREIRA,3,151,1562,ESCOLA MUNICIPAL MARIA NOGUEIRA,"BR 364, KM 38 SENTIDO SENA MADUREIRA/RIO BRANCO, RAMAL DO OURO, KM 18",ZONA RURAL,69940000,-9.33124004,-68.37158164,ATIVO,ATIVO,Com acessibilidade,120,120,120,01457|3|151,01457|3|1562,RURAL IDENTIFICADA,True,Termo RURAL no bairro ou no nome do local no arquivo do TSE,ALTA,True
03/08/2026,06:28:06,2026,AC,01457,SENA MADUREIRA,3,168,1570,IFAC,RUA FRANCISCA SOUZA DA SILVA,getúlio nunes sampaio,69940000,-9.0819566,-68.6794973,ATIVO,ATIVO,Com acessibilidade,196,196,196,01457|3|168,01457|3|1570,URBANA OU NÃO IDENTIFICADA COMO RURAL,False,Ausência de marcador rural nos campos públicos,MÉDIA,True
03/08/2026,06:28:06,2026,AC,01457,SENA MADUREIRA,3,169,1597,ESCOLA MARIA GORETE D'AVILA - RAMAL DO CORDEIRO,"KM 25 DA BR 364 - SENTIDO SENA MADUREIRA, RIO BRANCO",ZONA RURAL,69940000,-9.19945003,-68.38190563,ATIVO,ATIVO,Com acessibilidade,189,189,189,01457|3|169,01457|3|1597,RURAL IDENTIFICADA,True,Termo RURAL no bairro ou no nome do local no arquivo do TSE,ALTA,True
03/08/2026,06:28:06,2026,AC,01457,SENA MADUREIRA,3,173,1600,ESCOLA FRANCISCA MONTEIRO - RAMAL DOS TERÇADOS,RAMAL DOS TERÇADOS - PROJETO GERALDO FERNANDES,ZONA RURAL,69940000,-9.44877871,-68.55299603,ATIVO,ATIVO,Sem acessibilidade,314,314,314,01457|3|173,01457|3|1600,RURAL IDENTIFICADA,True,Termo RURAL no bairro ou no nome do local no arquivo do TSE,ALTA,True
03/08/2026,06:28:06,2026,AC,01538,SENADOR GUIOMARD,8,25,1015,CAMARA MUNICIPAL,RUA 03 DE MAIO DOS EDIS 1637,CENTRO,69925000,-10.1554703,-67.7380596,ATIVO,ATIVO,Sem acessibilidade,273,273,273,01538|8|25,01538|8|1015,URBANA OU NÃO IDENTIFICADA COMO RURAL,False,Ausência de marcador rural nos campos públicos,MÉDIA,True
03/08/2026,06:28:06,2026,AC,01538,SENADOR GUIOMARD,8,27,1023,ESCOLA LUPICINIO ALEXANDRE NUNES,RUA SAO PAULO,CENTRO,69925000,-10.157593,-67.7368984,ATIVO,ATIVO,Sem acessibilidade,119,220,220,01538|8|27,01538|8|1023,URBANA OU NÃO IDENTIFICADA COMO RURAL,False,Ausência de marcador rural nos campos públicos,MÉDIA,True
03/08/2026,06:28:06,2026,AC,01538,SENADOR GUIOMARD,8,56,1023,ESCOLA LUPICINIO ALEXANDRE NUNES,RUA SAO PAULO,CENTRO,69925000,-10.157593,-67.7368984,ATIVO,ATIVO,Sem acessibilidade,108,210,210,01538|8|56,01538|8|1023,URBANA OU NÃO IDENTIFICADA COMO RURAL,False,Ausência de marcador rural nos campos públicos,MÉDIA,True
03/08/2026,06:28:06,2026,AC,01538,SENADOR GUIOMARD,8,188,1023,ESCOLA LUPICINIO ALEXANDRE NUNES,RUA SAO PAULO,CENTRO,69925000,-10.157593,-67.7368984,ATIVO,ATIVO,Sem acessibilidade,101,0,0,01538|8|188,01538|8|1023,URBANA OU NÃO IDENTIFICADA COMO RURAL,False,Ausência de marcador rural nos campos públicos,MÉDIA,True
03/08/2026,06:28:06,2026,AC,01538,SENADOR GUIOMARD,8,206,1023,ESCOLA LUPICINIO ALEXANDRE NUNES,RUA SAO PAULO,CENTRO,69925000,-10.157593,-67.7368984,ATIVO,ATIVO,Sem acessibilidade,102,0,0,01538|8|206,01538|8|1023,URBANA OU NÃO IDENTIFICADA COMO RURAL,False,Ausência de marcador rural nos campos públicos,MÉDIA,True
03/08/2026,06:28:06,2026,AC,01538,SENADOR GUIOMARD,8,28,1031,COLEGIO 15 DE JUNHO,RUA FELINTO MULLER ESQUINA MANOEL JULIAO,TRIUNFO,69925000,-10.145837,-67.7391332,ATIVO,ATIVO,Com acessibilidade,265,265,265,01538|8|28,01538|8|1031,URBANA OU NÃO IDENTIFICADA COMO RURAL,False,Ausência de marcador rural nos campos públicos,MÉDIA,True
03/08/2026,06:28:06,2026,AC,01538,SENADOR GUIOMARD,8,30,1031,COLEGIO 15 DE JUNHO,RUA FELINTO MULLER ESQUINA MANOEL JULIAO,TRIUNFO,69925000,-10.145837,-67.7391332,ATIVO,ATIVO,Com acessibilidade,262,262,262,01538|8|30,01538|8|1031,URBANA OU NÃO IDENTIFICADA COMO RURAL,False,Ausência de marcador rural nos campos públicos,MÉDIA,True
03/08/2026,06:28:06,2026,AC,01538,SENADOR GUIOMARD,8,39,1031,COLEGIO 15 DE JUNHO,RUA FELINTO MULLER ESQUINA MANOEL JULIAO,TRIUNFO,69925000,-10.145837,-67.7391332,ATIVO,ATIVO,Com acessibilidade,257,257,257,01538|8|39,01538|8|1031,URBANA OU NÃO IDENTIFICADA COMO RURAL,False,Ausência de marcador rural nos campos públicos,MÉDIA,True
03/08/2026,06:28:06,2026,AC,01538,SENADOR GUIOMARD,8,44,1031,COLEGIO 15 DE JUNHO,RUA FELINTO MULLER ESQUINA MANOEL JULIAO,TRIUNFO,69925000,-10.145837,-67.7391332,ATIVO,ATIVO,Com acessibilidade,254,254,254,01538|8|44,01538|8|1031,URBANA OU NÃO IDENTIFICADA COMO RURAL,False,Ausência de marcador rural nos campos públicos,MÉDIA,True
03/08/2026,06:28:06,2026,AC,01538,SENADOR GUIOMARD,8,268,1031,COLEGIO 15 DE JUNHO,RUA FELINTO MULLER ESQUINA MANOEL JULIAO,TRIUNFO,69925000,-10.145837,-67.7391332,ATIVO,ATIVO,Sem acessibilidade,264,264,264,01538|8|268,01538|8|1031,URBANA OU NÃO IDENTIFICADA COMO RURAL,False,Ausência de marcador rural nos campos públicos,MÉDIA,True
03/08/2026,06:28:06,2026,AC,01538,SENADOR GUIOMARD,8,275,1031,COLEGIO 15 DE JUNHO,RUA FELINTO MULLER ESQUINA MANOEL JULIAO,TRIUNFO,69925000,-10.145837,-67.7391332,ATIVO,ATIVO,Sem acessibilidade,260,260,260,01538|8|275,01538|8|1031,URBANA OU NÃO IDENTIFICADA COMO RURAL,False,Ausência de marcador rural nos campos públicos,MÉDIA,True
03/08/2026,06:28:06,2026,AC,01538,SENADOR GUIOMARD,8,26,1040,ESCOLA FENELON MANOEL,RUA CLETO REINALDO RMOS SN,CENTRO,69925000,-10.1551883,-67.7363333,ATIVO,ATIVO,Sem acessibilidade,77,282,282,01538|8|26,01538|8|1040,URBANA OU NÃO IDENTIFICADA COMO RURAL,False,Ausência de marcador rural nos campos públicos,MÉDIA,True
03/08/2026,06:28:06,2026,AC,01538,SENADOR GUIOMARD,8,29,1040,ESCOLA FENELON MANOEL,RUA CLETO REINALDO RMOS SN,CENTRO,69925000,-10.1551883,-67.7363333,ATIVO,ATIVO,Sem acessibilidade,148,286,286,01538|8|29,01538|8|1040,URBANA OU NÃO IDENTIFICADA COMO RURAL,False,Ausência de marcador rural nos campos públicos,MÉDIA,True
03/08/2026,06:28:06,2026,AC,01538,SENADOR GUIOMARD,8,53,1040,ESCOLA FENELON MANOEL,RUA CLETO REINALDO RMOS SN,CENTRO,69925000,-10.1551883,-67.7363333,ATIVO,ATIVO,Sem acessibilidade,138,0,0,01538|8|53,01538|8|1040,URBANA OU NÃO IDENTIFICADA COMO RURAL,False,Ausência de marcador rural nos campos públicos,MÉDIA,True
03/08/2026,06:28:06,2026,AC,01538,SENADOR GUIOMARD,8,192,1040,ESCOLA FENELON MANOEL,RUA CLETO REINALDO RMOS SN,CENTRO,69925000,-10.1551883,-67.7363333,ATIVO,ATIVO,Sem acessibilidade,74,0,0,01538|8|192,01538|8|1040,URBANA OU NÃO IDENTIFICADA COMO RURAL,False,Ausência de marcador rural nos campos públicos,MÉDIA,True
03/08/2026,06:28:06,2026,AC,01538,SENADOR GUIOMARD,8,229,1040,ESCOLA FENELON MANOEL,RUA CLETO REINALDO RMOS SN,CENTRO,69925000,-10.1551883,-67.7363333,ATIVO,ATIVO,Sem acessibilidade,131,0,0,01538|8|229,01538|8|1040,URBANA OU NÃO IDENTIFICADA COMO RURAL,False,Ausência de marcador rural nos campos públicos,MÉDIA,True
03/08/2026,06:28:06,2026,AC,01538,SENADOR GUIOMARD,8,31,1066,ESCOLA  ALBERTO ZAIRE,RUA JOSE DE BARROS S/N,18 DE SETEMBRO,69925000,-10.1523249,-67.7313834,ATIVO,ATIVO,Sem acessibilidade,239,239,239,01538|8|31,01538|8|1066,URBANA OU NÃO IDENTIFICADA COMO RURAL,False,Ausência de marcador rural nos campos públicos,MÉDIA,True
03/08/2026,06:28:06,2026,AC,01538,SENADOR GUIOMARD,8,116,1066,ESCOLA  ALBERTO ZAIRE,RUA JOSE DE BARROS S/N,18 DE SETEMBRO,69925000,-10.1523249,-67.7313834,ATIVO,ATIVO,Sem acessibilidade,234,234,234,01538|8|116,01538|8|1066,URBANA OU NÃO IDENTIFICADA COMO RURAL,False,Ausência de marcador rural nos campos públicos,MÉDIA,True
03/08/2026,06:28:06,2026,AC,01538,SENADOR GUIOMARD,8,131,1066,ESCOLA  ALBERTO ZAIRE,RUA JOSE DE BARROS S/N,18 DE SETEMBRO,69925000,-10.1523249,-67.7313834,ATIVO,ATIVO,Sem acessibilidade,230,230,230,01538|8|131,01538|8|1066,URBANA OU NÃO IDENTIFICADA COMO RURAL,False,Ausência de marcador rural nos campos públicos,MÉDIA,True
03/08/2026,06:28:06,2026,AC,01538,SENADOR GUIOMARD,8,226,1066,ESCOLA  ALBERTO ZAIRE,RUA JOSE DE BARROS S/N,18 DE SETEMBRO,69925000,-10.1523249,-67.7313834,ATIVO,ATIVO,Sem acessibilidade,231,231,231,01538|8|226,01538|8|1066,URBANA OU NÃO IDENTIFICADA COMO RURAL,False,Ausência de marcador rural nos campos públicos,MÉDIA,True
03/08/2026,06:28:06,2026,AC,01538,SENADOR GUIOMARD,8,32,1074,COLEGIO SANTO IZIDORO,RUA CLETO REINALDO RAMOS,CENTRO,69925000,-10.1544563,-67.7355952,ATIVO,ATIVO,Com acessibilidade,216,216,216,01538|8|32,01538|8|1074,URBANA OU NÃO IDENTIFICADA COMO RURAL,False,Ausência de marcador rural nos campos públicos,MÉDIA,True
03/08/2026,06:28:06,2026,AC,01538,SENADOR GUIOMARD,8,40,1074,COLEGIO SANTO IZIDORO,RUA CLETO REINALDO RAMOS,CENTRO,69925000,-10.1544563,-67.7355952,ATIVO,ATIVO,Com acessibilidade,218,218,218,01538|8|40,01538|8|1074,URBANA OU NÃO IDENTIFICADA COMO RURAL,False,Ausência de marcador rural nos campos públicos,MÉDIA,True
03/08/2026,06:28:06,2026,AC,01538,SENADOR GUIOMARD,8,57,1074,COLEGIO SANTO IZIDORO,RUA CLETO REINALDO RAMOS,CENTRO,69925000,-10.1544563,-67.7355952,ATIVO,ATIVO,Com acessibilidade,211,211,211,01538|8|57,01538|8|1074,URBANA OU NÃO IDENTIFICADA COMO RURAL,False,Ausência de marcador rural nos campos públicos,MÉDIA,True
03/08/2026,06:28:06,2026,AC,01538,SENADOR GUIOMARD,8,63,1074,COLEGIO SANTO IZIDORO,RUA CLETO REINALDO RAMOS,CENTRO,69925000,-10.1544563,-67.7355952,ATIVO,ATIVO,Com acessibilidade,217,217,217,01538|8|63,01538|8|1074,URBANA OU NÃO IDENTIFICADA COMO RURAL,False,Ausência de marcador rural nos campos públicos,MÉDIA,True
03/08/2026,06:28:06,2026,AC,01538,SENADOR GUIOMARD,8,68,1074,COLEGIO SANTO IZIDORO,RUA CLETO REINALDO RAMOS,CENTRO,69925000,-10.1544563,-67.7355952,ATIVO,ATIVO,Com acessibilidade,221,221,221,01538|8|68,01538|8|1074,URBANA OU NÃO IDENTIFICADA COMO RURAL,False,Ausência de marcador rural nos campos públicos,MÉDIA,True
03/08/2026,06:28:06,2026,AC,01538,SENADOR GUIOMARD,8,118,1074,COLEGIO SANTO IZIDORO,RUA CLETO REINALDO RAMOS,CENTRO,69925000,-10.1544563,-67.7355952,ATIVO,ATIVO,Sem acessibilidade,218,218,218,01538|8|118,01538|8|1074,URBANA OU NÃO IDENTIFICADA COMO RURAL,False,Ausência de marcador rural nos campos públicos,MÉDIA,True
03/08/2026,06:28:06,2026,AC,01538,SENADOR GUIOMARD,8,33,1082,ESCOLA VEIGA CABRAL,R TRES DE MAIO DOS EDIS S/N,CENTRO,0,-10.1535717,-67.739048,ATIVO,ATIVO,Sem acessibilidade,284,284,284,01538|8|33,01538|8|1082,URBANA OU NÃO IDENTIFICADA COMO RURAL,False,Ausência de marcador rural nos campos públicos,MÉDIA,True
03/08/2026,06:28:06,2026,AC,01538,SENADOR GUIOMARD,8,34,1082,ESCOLA VEIGA CABRAL,R TRES DE MAIO DOS EDIS S/N,CENTRO,0,-10.1535717,-67.739048,ATIVO,ATIVO,Sem acessibilidade,285,285,285,01538|8|34,01538|8|1082,URBANA OU NÃO IDENTIFICADA COMO RURAL,False,Ausência de marcador rural nos campos públicos,MÉDIA,True
03/08/2026,06:28:06,2026,AC,01538,SENADOR GUIOMARD,8,41,1082,ESCOLA VEIGA CABRAL,R TRES DE MAIO DOS EDIS S/N,CENTRO,0,-10.1535717,-67.739048,ATIVO,ATIVO,Sem acessibilidade,278,278,278,01538|8|41,01538|8|1082,URBANA OU NÃO IDENTIFICADA COMO RURAL,False,Ausência de marcador rural nos campos públicos,MÉDIA,True
03/08/2026,06:28:06,2026,AC,01538,SENADOR GUIOMARD,8,204,1082,ESCOLA VEIGA CABRAL,R TRES DE MAIO DOS EDIS S/N,CENTRO,0,-10.1535717,-67.739048,ATIVO,ATIVO,Sem acessibilidade,281,281,281,01538|8|204,01538|8|1082,URBANA OU NÃO IDENTIFICADA COMO RURAL,False,Ausência de marcador rural nos campos públicos,MÉDIA,True
03/08/2026,06:28:06,2026,AC,01538,SENADOR GUIOMARD,8,35,1090,ESCOLA BRIGADEIRO EDUARDO GOMES,AV CASTELO BRANCO S/N,CENTRO,69925000,-10.1579871,-67.7362623,ATIVO,ATIVO,Sem acessibilidade,219,219,219,01538|8|35,01538|8|1090,URBANA OU NÃO IDENTIFICADA COMO RURAL,False,Ausência de marcador rural nos campos públicos,MÉDIA,True
03/08/2026,06:28:06,2026,AC,01538,SENADOR GUIOMARD,8,36,1090,ESCOLA BRIGADEIRO EDUARDO GOMES,AV CASTELO BRANCO S/N,CENTRO,69925000,-10.1579871,-67.7362623,ATIVO,ATIVO,Sem acessibilidade,218,218,218,01538|8|36,01538|8|1090,URBANA OU NÃO IDENTIFICADA COMO RURAL,False,Ausência de marcador rural nos campos públicos,MÉDIA,True
03/08/2026,06:28:06,2026,AC,01538,SENADOR GUIOMARD,8,119,1090,ESCOLA BRIGADEIRO EDUARDO GOMES,AV CASTELO BRANCO S/N,CENTRO,69925000,-10.1579871,-67.7362623,ATIVO,ATIVO,Sem acessibilidade,221,221,221,01538|8|119,01538|8|1090,URBANA OU NÃO IDENTIFICADA COMO RURAL,False,Ausência de marcador rural nos campos públicos,MÉDIA,True
03/08/2026,06:28:06,2026,AC,01538,SENADOR GUIOMARD,8,227,1090,ESCOLA BRIGADEIRO EDUARDO GOMES,AV CASTELO BRANCO S/N,CENTRO,69925000,-10.1579871,-67.7362623,ATIVO,ATIVO,Sem acessibilidade,220,220,220,01538|8|227,01538|8|1090,URBANA OU NÃO IDENTIFICADA COMO RURAL,False,Ausência de marcador rural nos campos públicos,MÉDIA,True
03/08/2026,06:28:06,2026,AC,01538,SENADOR GUIOMARD,8,243,1090,ESCOLA BRIGADEIRO EDUARDO GOMES,AV CASTELO BRANCO S/N,CENTRO,69925000,-10.1579871,-67.7362623,ATIVO,ATIVO,Sem acessibilidade,221,221,221,01538|8|243,01538|8|1090,URBANA OU NÃO IDENTIFICADA COMO RURAL,False,Ausência de marcador rural nos campos públicos,MÉDIA,True
03/08/2026,06:28:06,2026,AC,01538,SENADOR GUIOMARD,8,247,1090,ESCOLA BRIGADEIRO EDUARDO GOMES,AV CASTELO BRANCO S/N,CENTRO,69925000,-10.1579871,-67.7362623,ATIVO,ATIVO,Sem acessibilidade,216,216,216,01538|8|247,01538|8|1090,URBANA OU NÃO IDENTIFICADA COMO RURAL,False,Ausência de marcador rural nos campos públicos,MÉDIA,True
03/08/2026,06:28:06,2026,AC,01538,SENADOR GUIOMARD,8,134,1139,ESCOLA CARLOS ALBERTO PEREIRA DO NASCIMENTO,GERSON PEREIRA DO NASCIMENTO,DEMOCRACIA,69925000,-10.1663249,-67.720506,ATIVO,ATIVO,Sem acessibilidade,215,215,215,01538|8|134,01538|8|1139,URBANA OU NÃO IDENTIFICADA COMO RURAL,False,Ausência de marcador rural nos campos públicos,MÉDIA,True
03/08/2026,06:28:06,2026,AC,01538,SENADOR GUIOMARD,8,220,1139,ESCOLA CARLOS ALBERTO PEREIRA DO NASCIMENTO,GERSON PEREIRA DO NASCIMENTO,DEMOCRACIA,69925000,-10.1663249,-67.720506,ATIVO,ATIVO,Sem acessibilidade,212,212,212,01538|8|220,01538|8|1139,URBANA OU NÃO IDENTIFICADA COMO RURAL,False,Ausência de marcador rural nos campos públicos,MÉDIA,True
03/08/2026,06:28:06,2026,AC,01538,SENADOR GUIOMARD,8,270,1139,ESCOLA CARLOS ALBERTO PEREIRA DO NASCIMENTO,GERSON PEREIRA DO NASCIMENTO,DEMOCRACIA,69925000,-10.1663249,-67.720506,ATIVO,ATIVO,Sem acessibilidade,187,187,187,01538|8|270,01538|8|1139,URBANA OU NÃO IDENTIFICADA COMO RURAL,False,Ausência de marcador rural nos campos públicos,MÉDIA,True
03/08/2026,06:28:06,2026,AC,01538,SENADOR GUIOMARD,8,50,1147,ESCOLA SAO JOSE IV,BR 364 RAMAL 53 GLEBA F 1 RAMAL SANTA MARIA,ZONA RURAL,0,-9.9748937,-67.3579327,ATIVO,ATIVO,Sem acessibilidade,204,204,204,01538|8|50,01538|8|1147,RURAL IDENTIFICADA,True,Termo RURAL no bairro ou no nome do local no arquivo do TSE,ALTA,True
03/08/2026,06:28:06,2026,AC,01538,SENADOR GUIOMARD,8,67,1155,ESCOLA DIVA PEREIRA DE SOUZA,CONJUNTO QUINARI,COHAB,69925000,-10.1572326,-67.7309377,ATIVO,ATIVO,Com acessibilidade,252,252,252,01538|8|67,01538|8|1155,URBANA OU NÃO IDENTIFICADA COMO RURAL,False,Ausência de marcador rural nos campos públicos,MÉDIA,True
03/08/2026,06:28:06,2026,AC,01538,SENADOR GUIOMARD,8,73,1155,ESCOLA DIVA PEREIRA DE SOUZA,CONJUNTO QUINARI,COHAB,69925000,-10.1572326,-67.7309377,ATIVO,ATIVO,Com acessibilidade,255,255,255,01538|8|73,01538|8|1155,URBANA OU NÃO IDENTIFICADA COMO RURAL,False,Ausência de marcador rural nos campos públicos,MÉDIA,True
03/08/2026,06:28:06,2026,AC,01538,SENADOR GUIOMARD,8,82,1155,ESCOLA DIVA PEREIRA DE SOUZA,CONJUNTO QUINARI,COHAB,69925000,-10.1572326,-67.7309377,ATIVO,ATIVO,Com acessibilidade,256,256,256,01538|8|82,01538|8|1155,URBANA OU NÃO IDENTIFICADA COMO RURAL,False,Ausência de marcador rural nos campos públicos,MÉDIA,True
03/08/2026,06:28:06,2026,AC,01538,SENADOR GUIOMARD,8,90,1155,ESCOLA DIVA PEREIRA DE SOUZA,CONJUNTO QUINARI,COHAB,69925000,-10.1572326,-67.7309377,ATIVO,ATIVO,Com acessibilidade,249,249,249,01538|8|90,01538|8|1155,URBANA OU NÃO IDENTIFICADA COMO RURAL,False,Ausência de marcador rural nos campos públicos,MÉDIA,True
03/08/2026,06:28:06,2026,AC,01538,SENADOR GUIOMARD,8,91,1155,ESCOLA DIVA PEREIRA DE SOUZA,CONJUNTO QUINARI,COHAB,69925000,-10.1572326,-67.7309377,ATIVO,ATIVO,Com acessibilidade,250,250,250,01538|8|91,01538|8|1155,URBANA OU NÃO IDENTIFICADA COMO RURAL,False,Ausência de marcador rural nos campos públicos,MÉDIA,True
03/08/2026,06:28:06,2026,AC,01538,SENADOR GUIOMARD,8,241,1155,ESCOLA DIVA PEREIRA DE SOUZA,CONJUNTO QUINARI,COHAB,69925000,-10.1572326,-67.7309377,ATIVO,ATIVO,Sem acessibilidade,254,254,254,01538|8|241,01538|8|1155,URBANA OU NÃO IDENTIFICADA COMO RURAL,False,Ausência de marcador rural nos campos públicos,MÉDIA,True
03/08/2026,06:28:06,2026,AC,01538,SENADOR GUIOMARD,8,69,1163,ESCOLA PADRE CARLOS CASAVECCHIA,BR 364 KM 32 RAMAL NOVA ALDEIA KM 01 S/N,ZONA RURAL,69925000,-10.0883071,-67.5305087,ATIVO,ATIVO,Sem acessibilidade,207,207,207,01538|8|69,01538|8|1163,RURAL IDENTIFICADA,True,Termo RURAL no bairro ou no nome do local no arquivo do TSE,ALTA,True
03/08/2026,06:28:06,2026,AC,01538,SENADOR GUIOMARD,8,100,1163,ESCOLA PADRE CARLOS CASAVECCHIA,BR 364 KM 32 RAMAL NOVA ALDEIA KM 01 S/N,ZONA RURAL,69925000,-10.0883071,-67.5305087,ATIVO,ATIVO,Sem acessibilidade,211,211,211,01538|8|100,01538|8|1163,RURAL IDENTIFICADA,True,Termo RURAL no bairro ou no nome do local no arquivo do TSE,ALTA,True
03/08/2026,06:28:06,2026,AC,01538,SENADOR GUIOMARD,8,239,1163,ESCOLA PADRE CARLOS CASAVECCHIA,BR 364 KM 32 RAMAL NOVA ALDEIA KM 01 S/N,ZONA RURAL,69925000,-10.0883071,-67.5305087,ATIVO,ATIVO,Sem acessibilidade,205,290,290,01538|8|239,01538|8|1163,RURAL IDENTIFICADA,True,Termo RURAL no bairro ou no nome do local no arquivo do TSE,ALTA,True
03/08/2026,06:28:06,2026,AC,01538,SENADOR GUIOMARD,8,276,1163,ESCOLA PADRE CARLOS CASAVECCHIA,BR 364 KM 32 RAMAL NOVA ALDEIA KM 01 S/N,ZONA RURAL,69925000,-10.0883071,-67.5305087,ATIVO,ATIVO,Sem acessibilidade,85,0,0,01538|8|276,01538|8|1163,RURAL IDENTIFICADA,True,Termo RURAL no bairro ou no nome do local no arquivo do TSE,ALTA,True
03/08/2026,06:28:06,2026,AC,01538,SENADOR GUIOMARD,8,70,1171,ESCOLA MANOEL DA COSTA SOBRINHO,"BR 364, KM 70, RAMAL SANTA MARIA, KM 15.",ZONA RURAL,69925000,-9.9418026,-67.2952744,ATIVO,ATIVO,Sem acessibilidade,146,289,289,01538|8|70,01538|8|1171,RURAL IDENTIFICADA,True,Termo RURAL no bairro ou no nome do local no arquivo do TSE,ALTA,True
03/08/2026,06:28:06,2026,AC,01538,SENADOR GUIOMARD,8,175,1171,ESCOLA MANOEL DA COSTA SOBRINHO,"BR 364, KM 70, RAMAL SANTA MARIA, KM 15.",ZONA RURAL,69925000,-9.9418026,-67.2952744,ATIVO,ATIVO,Sem acessibilidade,143,0,0,01538|8|175,01538|8|1171,RURAL IDENTIFICADA,True,Termo RURAL no bairro ou no nome do local no arquivo do TSE,ALTA,True
03/08/2026,06:28:06,2026,AC,01538,SENADOR GUIOMARD,8,154,1210,ESCOLA MUNICIPAL DE ENSINO  FUNDAMENTAL ORLANDO DE SOUZA VIANA,RUA JAMIL BISTENE S/N,NAIRE DE PAULA LEITE 2,69925000,-10.1425468,-67.7328488,ATIVO,ATIVO,Sem acessibilidade,236,236,236,01538|8|154,01538|8|1210,URBANA OU NÃO IDENTIFICADA COMO RURAL,False,Ausência de marcador rural nos campos públicos,MÉDIA,True
03/08/2026,06:28:06,2026,AC,01538,SENADOR GUIOMARD,8,200,1210,ESCOLA MUNICIPAL DE ENSINO  FUNDAMENTAL ORLANDO DE SOUZA VIANA,RUA JAMIL BISTENE S/N,NAIRE DE PAULA LEITE 2,69925000,-10.1425468,-67.7328488,ATIVO,ATIVO,Sem acessibilidade,244,244,244,01538|8|200,01538|8|1210,URBANA OU NÃO IDENTIFICADA COMO RURAL,False,Ausência de marcador rural nos campos públicos,MÉDIA,True
03/08/2026,06:28:06,2026,AC,01538,SENADOR GUIOMARD,8,222,1210,ESCOLA MUNICIPAL DE ENSINO  FUNDAMENTAL ORLANDO DE SOUZA VIANA,RUA JAMIL BISTENE S/N,NAIRE DE PAULA LEITE 2,69925000,-10.1425468,-67.7328488,ATIVO,ATIVO,Sem acessibilidade,240,240,240,01538|8|222,01538|8|1210,URBANA OU NÃO IDENTIFICADA COMO RURAL,False,Ausência de marcador rural nos campos públicos,MÉDIA,True
03/08/2026,06:28:06,2026,AC,01538,SENADOR GUIOMARD,8,244,1210,ESCOLA MUNICIPAL DE ENSINO  FUNDAMENTAL ORLANDO DE SOUZA VIANA,RUA JAMIL BISTENE S/N,NAIRE DE PAULA LEITE 2,69925000,-10.1425468,-67.7328488,ATIVO,ATIVO,Sem acessibilidade,243,243,243,01538|8|244,01538|8|1210,URBANA OU NÃO IDENTIFICADA COMO RURAL,False,Ausência de marcador rural nos campos públicos,MÉDIA,True
03/08/2026,06:28:06,2026,AC,01538,SENADOR GUIOMARD,8,149,1228,ESCOLA ESTADUAL RURAL BOM DESTINO,"BR 364 KM 76 PSDA BONAL KM 1,5",ZONA RURAL PSDA BONAL,69925000,-9.9758763,-67.1771594,ATIVO,ATIVO,Sem acessibilidade,184,184,184,01538|8|149,01538|8|1228,RURAL IDENTIFICADA,True,Termo RURAL no bairro ou no nome do local no arquivo do TSE,ALTA,True
03/08/2026,06:28:06,2026,AC,01538,SENADOR GUIOMARD,8,221,1228,ESCOLA ESTADUAL RURAL BOM DESTINO,"BR 364 KM 76 PSDA BONAL KM 1,5",ZONA RURAL PSDA BONAL,69925000,-9.9758763,-67.1771594,ATIVO,ATIVO,Sem acessibilidade,180,180,180,01538|8|221,01538|8|1228,RURAL IDENTIFICADA,True,Termo RURAL no bairro ou no nome do local no arquivo do TSE,ALTA,True
03/08/2026,06:28:06,2026,AC,01538,SENADOR GUIOMARD,8,266,1228,ESCOLA ESTADUAL RURAL BOM DESTINO,"BR 364 KM 76 PSDA BONAL KM 1,5",ZONA RURAL PSDA BONAL,69925000,-9.9758763,-67.1771594,ATIVO,ATIVO,Sem acessibilidade,186,186,186,01538|8|266,01538|8|1228,RURAL IDENTIFICADA,True,Termo RURAL no bairro ou no nome do local no arquivo do TSE,ALTA,True
03/08/2026,06:28:06,2026,AC,01538,SENADOR GUIOMARD,8,152,1236,ESCOLA ESTADUAL RAIMUNDO HERMINIO DE MELO II,BR 364 KM 32 RM NOVA ALDEIA KM 15,ZONA RURAL PA LIMEIRA,69925000,-10.1925856,-67.5475076,ATIVO,ATIVO,Sem acessibilidade,224,224,224,01538|8|152,01538|8|1236,RURAL IDENTIFICADA,True,Termo RURAL no bairro ou no nome do local no arquivo do TSE,ALTA,True
03/08/2026,06:28:06,2026,AC,01538,SENADOR GUIOMARD,8,223,1236,ESCOLA ESTADUAL RAIMUNDO HERMINIO DE MELO II,BR 364 KM 32 RM NOVA ALDEIA KM 15,ZONA RURAL PA LIMEIRA,69925000,-10.1925856,-67.5475076,ATIVO,ATIVO,Sem acessibilidade,214,214,214,01538|8|223,01538|8|1236,RURAL IDENTIFICADA,True,Termo RURAL no bairro ou no nome do local no arquivo do TSE,ALTA,True
03/08/2026,06:28:06,2026,AC,01538,SENADOR GUIOMARD,8,207,1244,ESCOLA ESTADUAL NOVA JERUSALEM II,RAMAL PROGRESSO KM 14,ZONA RURAL RML PROGRESSO,69925000,-9.711104,-67.2301949,ATIVO,ATIVO,Sem acessibilidade,79,79,79,01538|8|207,01538|8|1244,RURAL IDENTIFICADA,True,Termo RURAL no bairro ou no nome do local no arquivo do TSE,ALTA,True
03/08/2026,06:28:06,2026,AC,01538,SENADOR GUIOMARD,8,79,1252,MARIA AUXILIADORA DE QUEIROZ,BR 364 KM 80 -  RAMAL NABOR JUNIOR KM 08,ZONA RURAL,69925000,-9.9138264,-67.16948,ATIVO,ATIVO,Sem acessibilidade,107,255,255,01538|8|79,01538|8|1252,RURAL IDENTIFICADA,True,Termo RURAL no bairro ou no nome do local no arquivo do TSE,ALTA,True
03/08/2026,06:28:06,2026,AC,01538,SENADOR GUIOMARD,8,98,1252,MARIA AUXILIADORA DE QUEIROZ,BR 364 KM 80 -  RAMAL NABOR JUNIOR KM 08,ZONA RURAL,69925000,-9.9138264,-67.16948,ATIVO,ATIVO,Com acessibilidade,148,0,0,01538|8|98,01538|8|1252,RURAL IDENTIFICADA,True,Termo RURAL no bairro ou no nome do local no arquivo do TSE,ALTA,True
03/08/2026,06:28:06,2026,AC,01538,SENADOR GUIOMARD,8,126,1252,MARIA AUXILIADORA DE QUEIROZ,BR 364 KM 80 -  RAMAL NABOR JUNIOR KM 08,ZONA RURAL,69925000,-9.9138264,-67.16948,ATIVO,ATIVO,Com acessibilidade,154,293,293,01538|8|126,01538|8|1252,RURAL IDENTIFICADA,True,Termo RURAL no bairro ou no nome do local no arquivo do TSE,ALTA,True
03/08/2026,06:28:06,2026,AC,01538,SENADOR GUIOMARD,8,249,1252,MARIA AUXILIADORA DE QUEIROZ,BR 364 KM 80 -  RAMAL NABOR JUNIOR KM 08,ZONA RURAL,69925000,-9.9138264,-67.16948,ATIVO,ATIVO,Com acessibilidade,139,0,0,01538|8|249,01538|8|1252,RURAL IDENTIFICADA,True,Termo RURAL no bairro ou no nome do local no arquivo do TSE,ALTA,True
03/08/2026,06:28:06,2026,AC,01538,SENADOR GUIOMARD,8,161,1260,ESCOLA ESTADUAL MARIA JOSE BEZERRA DOS REIS,"BR 364,  KM 39 - BEIRA",ZONA RURAL,69925000,-10.1137504,-67.4703663,ATIVO,ATIVO,Sem acessibilidade,214,214,214,01538|8|161,01538|8|1260,RURAL IDENTIFICADA,True,Termo RURAL no bairro ou no nome do local no arquivo do TSE,ALTA,True
03/08/2026,06:28:06,2026,AC,01538,SENADOR GUIOMARD,8,168,1295,AUTO POSTO CAQUETÁ,BR 317 KM 72,ZONA RURAL - KM 70 BOCA DO ACRE,69925000,-9.7588774,-67.3564849,ATIVO,ATIVO,Sem acessibilidade,175,175,175,01538|8|168,01538|8|1295,RURAL IDENTIFICADA,True,Termo RURAL no bairro ou no nome do local no arquivo do TSE,ALTA,True
03/08/2026,06:28:06,2026,AC,01538,SENADOR GUIOMARD,8,172,1309,PRE ESC MUNICIPAL NUBIA MARIA FERNANDES,RUA JOÃO DE BARRO,SAO FRANCISCO,69925000,-10.1487082,-67.7312203,ATIVO,ATIVO,Sem acessibilidade,229,229,229,01538|8|172,01538|8|1309,URBANA OU NÃO IDENTIFICADA COMO RURAL,False,Ausência de marcador rural nos campos públicos,MÉDIA,True
03/08/2026,06:28:06,2026,AC,01538,SENADOR GUIOMARD,8,225,1309,PRE ESC MUNICIPAL NUBIA MARIA FERNANDES,RUA JOÃO DE BARRO,SAO FRANCISCO,69925000,-10.1487082,-67.7312203,ATIVO,ATIVO,Sem acessibilidade,227,227,227,01538|8|225,01538|8|1309,URBANA OU NÃO IDENTIFICADA COMO RURAL,False,Ausência de marcador rural nos campos públicos,MÉDIA,True
03/08/2026,06:28:06,2026,AC,01538,SENADOR GUIOMARD,8,167,1317,ESCOLA ESTADUAL SAO FRANCISCO DE ASSIS II,BR 317 KM 52 - VILA PIA,ZONA RURAL - KM 52 BOCA DO ACRE,69925000,-9.8896499,-67.4407194,ATIVO,ATIVO,Com acessibilidade,221,221,221,01538|8|167,01538|8|1317,RURAL IDENTIFICADA,True,Termo RURAL no bairro ou no nome do local no arquivo do TSE,ALTA,True
03/08/2026,06:28:06,2026,AC,01538,SENADOR GUIOMARD,8,248,1317,ESCOLA ESTADUAL SAO FRANCISCO DE ASSIS II,BR 317 KM 52 - VILA PIA,ZONA RURAL - KM 52 BOCA DO ACRE,69925000,-9.8896499,-67.4407194,ATIVO,ATIVO,Com acessibilidade,221,254,254,01538|8|248,01538|8|1317,RURAL IDENTIFICADA,True,Termo RURAL no bairro ou no nome do local no arquivo do TSE,ALTA,True
03/08/2026,06:28:06,2026,AC,01538,SENADOR GUIOMARD,8,278,1317,ESCOLA ESTADUAL SAO FRANCISCO DE ASSIS II,BR 317 KM 52 - VILA PIA,ZONA RURAL - KM 52 BOCA DO ACRE,69925000,-9.8896499,-67.4407194,ATIVO,ATIVO,Sem acessibilidade,33,0,0,01538|8|278,01538|8|1317,RURAL IDENTIFICADA,True,Termo RURAL no bairro ou no nome do local no arquivo do TSE,ALTA,True
03/08/2026,06:28:06,2026,AC,01538,SENADOR GUIOMARD,8,49,1333,ESCOLA MUNICIPAL MANOEL GONZAGA BEZERRA SOBRINHO,RUA TRIUNFO,TRIUNFO,69925000,-10.0056767,-67.80295,ATIVO,ATIVO,Sem acessibilidade,157,309,309,01538|8|49,01538|8|1333,URBANA OU NÃO IDENTIFICADA COMO RURAL,False,Ausência de marcador rural nos campos públicos,MÉDIA,True
03/08/2026,06:28:06,2026,AC,01538,SENADOR GUIOMARD,8,187,1333,ESCOLA MUNICIPAL MANOEL GONZAGA BEZERRA SOBRINHO,RUA TRIUNFO,TRIUNFO,69925000,-10.0056767,-67.80295,ATIVO,ATIVO,Sem acessibilidade,152,0,0,01538|8|187,01538|8|1333,URBANA OU NÃO IDENTIFICADA COMO RURAL,False,Ausência de marcador rural nos campos públicos,MÉDIA,True
03/08/2026,06:28:06,2026,AC,01538,SENADOR GUIOMARD,8,250,1333,ESCOLA MUNICIPAL MANOEL GONZAGA BEZERRA SOBRINHO,RUA TRIUNFO,TRIUNFO,69925000,-10.0056767,-67.80295,ATIVO,ATIVO,Sem acessibilidade,158,158,158,01538|8|250,01538|8|1333,URBANA OU NÃO IDENTIFICADA COMO RURAL,False,Ausência de marcador rural nos campos públicos,MÉDIA,True
03/08/2026,06:28:06,2026,AC,01538,SENADOR GUIOMARD,8,153,1368,ESCOLA PUBLICA MUNICIPAL LUIZ QUEROZ NOGUEIRA,BR 317 KM 75 RAMAL PROGRESSO KM 23,ZONA RURAL RML PROGRESSO,69925000,-9.6697652,-67.1714269,ATIVO,ATIVO,Sem acessibilidade,195,195,195,01538|8|153,01538|8|1368,RURAL IDENTIFICADA,True,Termo RURAL no bairro ou no nome do local no arquivo do TSE,ALTA,True
03/08/2026,06:28:06,2026,AC,01538,SENADOR GUIOMARD,8,127,1376,CREAS - CENTRO DE REFERÊNCIA ESPECIALIZADO DE ASSISTÊNCIA SOCIAL,RUA TRES DE MAIO N 1778 - PROX SINDICATO RURAL,CENTRO,69925000,-10.149388,-67.733482,ATIVO,ATIVO,Sem acessibilidade,129,211,211,01538|8|127,01538|8|1376,URBANA OU NÃO IDENTIFICADA COMO RURAL,False,Ausência de marcador rural nos campos públicos,MÉDIA,True
03/08/2026,06:28:06,2026,AC,01538,SENADOR GUIOMARD,8,213,1376,CREAS - CENTRO DE REFERÊNCIA ESPECIALIZADO DE ASSISTÊNCIA SOCIAL,RUA TRES DE MAIO N 1778 - PROX SINDICATO RURAL,CENTRO,69925000,-10.149388,-67.733482,ATIVO,ATIVO,Sem acessibilidade,82,0,0,01538|8|213,01538|8|1376,URBANA OU NÃO IDENTIFICADA COMO RURAL,False,Ausência de marcador rural nos campos públicos,MÉDIA,True
03/08/2026,06:28:06,2026,AC,01538,SENADOR GUIOMARD,8,104,1392,ESCOLA MONTEIRO LOBATO,RUA BRASILIANO CANCIO,TRIUNFO,69945000,-10.1475957,-67.7375484,ATIVO,ATIVO,Sem acessibilidade,192,192,192,01538|8|104,01538|8|1392,URBANA OU NÃO IDENTIFICADA COMO RURAL,False,Ausência de marcador rural nos campos públicos,MÉDIA,True
03/08/2026,06:28:06,2026,AC,01538,SENADOR GUIOMARD,8,208,1392,ESCOLA MONTEIRO LOBATO,RUA BRASILIANO CANCIO,TRIUNFO,69945000,-10.1475957,-67.7375484,ATIVO,ATIVO,Sem acessibilidade,193,193,193,01538|8|208,01538|8|1392,URBANA OU NÃO IDENTIFICADA COMO RURAL,False,Ausência de marcador rural nos campos públicos,MÉDIA,True
03/08/2026,06:28:06,2026,AC,01538,SENADOR GUIOMARD,8,92,1406,ESCOLA MODELO,"AV GUIOMARD VIEIRA, 341",JARDIM BOTANICO,69945000,-10.1565238,-67.7328481,ATIVO,ATIVO,Com acessibilidade,180,180,180,01538|8|92,01538|8|1406,URBANA OU NÃO IDENTIFICADA COMO RURAL,False,Ausência de marcador rural nos campos públicos,MÉDIA,True
03/08/2026,06:28:06,2026,AC,01538,SENADOR GUIOMARD,8,212,1406,ESCOLA MODELO,"AV GUIOMARD VIEIRA, 341",JARDIM BOTANICO,69945000,-10.1565238,-67.7328481,ATIVO,ATIVO,Com acessibilidade,181,181,181,01538|8|212,01538|8|1406,URBANA OU NÃO IDENTIFICADA COMO RURAL,False,Ausência de marcador rural nos campos públicos,MÉDIA,True
03/08/2026,06:28:06,2026,AC,01538,SENADOR GUIOMARD,8,78,1430,SESC - UNIDADE DE SENADOR GUIOMARD,RUA RIO BRANCO S/N CENTRO,CENTRO,69925000,-10.1546062,-67.7412867,ATIVO,ATIVO,Sem acessibilidade,82,239,239,01538|8|78,01538|8|1430,URBANA OU NÃO IDENTIFICADA COMO RURAL,False,Ausência de marcador rural nos campos públicos,MÉDIA,True
03/08/2026,06:28:06,2026,AC,01538,SENADOR GUIOMARD,8,166,1430,SESC - UNIDADE DE SENADOR GUIOMARD,RUA RIO BRANCO S/N CENTRO,CENTRO,69925000,-10.1546062,-67.7412867,ATIVO,ATIVO,Sem acessibilidade,76,0,0,01538|8|166,01538|8|1430,URBANA OU NÃO IDENTIFICADA COMO RURAL,False,Ausência de marcador rural nos campos públicos,MÉDIA,True
03/08/2026,06:28:06,2026,AC,01538,SENADOR GUIOMARD,8,174,1430,SESC - UNIDADE DE SENADOR GUIOMARD,RUA RIO BRANCO S/N CENTRO,CENTRO,69925000,-10.1546062,-67.7412867,ATIVO,ATIVO,Sem acessibilidade,81,0,0,01538|8|174,01538|8|1430,URBANA OU NÃO IDENTIFICADA COMO RURAL,False,Ausência de marcador rural nos campos públicos,MÉDIA,True
03/08/2026,06:28:06,2026,AC,01538,SENADOR GUIOMARD,8,210,1430,SESC - UNIDADE DE SENADOR GUIOMARD,RUA RIO BRANCO S/N CENTRO,CENTRO,69925000,-10.1546062,-67.7412867,ATIVO,ATIVO,Sem acessibilidade,103,184,184,01538|8|210,01538|8|1430,URBANA OU NÃO IDENTIFICADA COMO RURAL,False,Ausência de marcador rural nos campos públicos,MÉDIA,True
03/08/2026,06:28:06,2026,AC,01538,SENADOR GUIOMARD,8,242,1430,SESC - UNIDADE DE SENADOR GUIOMARD,RUA RIO BRANCO S/N CENTRO,CENTRO,69925000,-10.1546062,-67.7412867,ATIVO,ATIVO,Sem acessibilidade,136,219,219,01538|8|242,01538|8|1430,URBANA OU NÃO IDENTIFICADA COMO RURAL,False,Ausência de marcador rural nos campos públicos,MÉDIA,True
03/08/2026,06:28:06,2026,AC,01538,SENADOR GUIOMARD,8,251,1430,SESC - UNIDADE DE SENADOR GUIOMARD,RUA RIO BRANCO S/N CENTRO,CENTRO,69925000,-10.1546062,-67.7412867,ATIVO,ATIVO,Sem acessibilidade,81,0,0,01538|8|251,01538|8|1430,URBANA OU NÃO IDENTIFICADA COMO RURAL,False,Ausência de marcador rural nos campos públicos,MÉDIA,True
03/08/2026,06:28:06,2026,AC,01538,SENADOR GUIOMARD,8,264,1430,SESC - UNIDADE DE SENADOR GUIOMARD,RUA RIO BRANCO S/N CENTRO,CENTRO,69925000,-10.1546062,-67.7412867,ATIVO,ATIVO,Sem acessibilidade,83,0,0,01538|8|264,01538|8|1430,URBANA OU NÃO IDENTIFICADA COMO RURAL,False,Ausência de marcador rural nos campos públicos,MÉDIA,True
03/08/2026,06:28:06,2026,AC,01538,SENADOR GUIOMARD,8,246,1449,ESCOLA BELA UNIAO,BR 317 (SENTIDO BOCA DO ACRE)  KM 30  RAMAL IQUIRY KM 4,ZONA RURAL,69925000,-10.0527193,-67.515638,ATIVO,ATIVO,Sem acessibilidade,132,132,132,01538|8|246,01538|8|1449,RURAL IDENTIFICADA,True,Termo RURAL no bairro ou no nome do local no arquivo do TSE,ALTA,True
03/08/2026,06:28:06,2026,AC,01538,SENADOR GUIOMARD,8,265,1457,ESCOLA ESTADUAL ELZIRA ANGÉLICA DO NASCIMENTO,BR 317 KM 06 RM PRINCIPAL KM 02,ZONA RURAL - PIRÃ DE RÃ,69925000,-10.1314635,-67.6762448,ATIVO,ATIVO,Sem acessibilidade,175,175,175,01538|8|265,01538|8|1457,RURAL IDENTIFICADA,True,Termo RURAL no bairro ou no nome do local no arquivo do TSE,ALTA,True
03/08/2026,06:28:06,2026,AC,01538,SENADOR GUIOMARD,8,62,1481,ESCOLA ALDACI SIMOES DA COSTA,AC 40,FAZENDINHA,69925000,-10.1450383,-67.7422367,ATIVO,ATIVO,Sem acessibilidade,311,311,311,01538|8|62,01538|8|1481,URBANA OU NÃO IDENTIFICADA COMO RURAL,False,Ausência de marcador rural nos campos públicos,MÉDIA,True
03/08/2026,06:28:06,2026,AC,01538,SENADOR GUIOMARD,8,97,1481,ESCOLA ALDACI SIMOES DA COSTA,AC 40,FAZENDINHA,69925000,-10.1450383,-67.7422367,ATIVO,ATIVO,Sem acessibilidade,331,331,331,01538|8|97,01538|8|1481,URBANA OU NÃO IDENTIFICADA COMO RURAL,False,Ausência de marcador rural nos campos públicos,MÉDIA,True
03/08/2026,06:28:06,2026,AC,01538,SENADOR GUIOMARD,8,130,1481,ESCOLA ALDACI SIMOES DA COSTA,AC 40,FAZENDINHA,69925000,-10.1450383,-67.7422367,ATIVO,ATIVO,Com acessibilidade,134,272,272,01538|8|130,01538|8|1481,URBANA OU NÃO IDENTIFICADA COMO RURAL,False,Ausência de marcador rural nos campos públicos,MÉDIA,True
03/08/2026,06:28:06,2026,AC,01538,SENADOR GUIOMARD,8,214,1481,ESCOLA ALDACI SIMOES DA COSTA,AC 40,FAZENDINHA,69925000,-10.1450383,-67.7422367,ATIVO,ATIVO,Sem acessibilidade,138,0,0,01538|8|214,01538|8|1481,URBANA OU NÃO IDENTIFICADA COMO RURAL,False,Ausência de marcador rural nos campos públicos,MÉDIA,True
03/08/2026,06:28:06,2026,AC,01538,SENADOR GUIOMARD,8,219,1481,ESCOLA ALDACI SIMOES DA COSTA,AC 40,FAZENDINHA,69925000,-10.1450383,-67.7422367,ATIVO,ATIVO,Sem acessibilidade,311,311,311,01538|8|219,01538|8|1481,URBANA OU NÃO IDENTIFICADA COMO RURAL,False,Ausência de marcador rural nos campos públicos,MÉDIA,True
03/08/2026,06:28:06,2026,AC,01538,SENADOR GUIOMARD,8,277,1481,ESCOLA ALDACI SIMOES DA COSTA,AC 40,FAZENDINHA,69925000,-10.1450383,-67.7422367,ATIVO,ATIVO,Sem acessibilidade,137,137,137,01538|8|277,01538|8|1481,URBANA OU NÃO IDENTIFICADA COMO RURAL,False,Ausência de marcador rural nos campos públicos,MÉDIA,True
03/08/2026,06:28:06,2026,AC,01473,TARAUACÁ,5,1,1015,ESCOLA DE PRIMEIRO GRAU JOAO RIBEIRO,AVENIDA ANTONIO FROTA,CENTRO,69970000,-8.1593601,-70.765563,ATIVO,ATIVO,Com acessibilidade,335,335,335,01473|5|1,01473|5|1015,URBANA OU NÃO IDENTIFICADA COMO RURAL,False,Ausência de marcador rural nos campos públicos,MÉDIA,True
03/08/2026,06:28:06,2026,AC,01473,TARAUACÁ,5,2,1015,ESCOLA DE PRIMEIRO GRAU JOAO RIBEIRO,AVENIDA ANTONIO FROTA,CENTRO,69970000,-8.1593601,-70.765563,ATIVO,ATIVO,Com acessibilidade,333,333,333,01473|5|2,01473|5|1015,URBANA OU NÃO IDENTIFICADA COMO RURAL,False,Ausência de marcador rural nos campos públicos,MÉDIA,True
03/08/2026,06:28:06,2026,AC,01473,TARAUACÁ,5,3,1015,ESCOLA DE PRIMEIRO GRAU JOAO RIBEIRO,AVENIDA ANTONIO FROTA,CENTRO,69970000,-8.1593601,-70.765563,ATIVO,ATIVO,Com acessibilidade,333,333,333,01473|5|3,01473|5|1015,URBANA OU NÃO IDENTIFICADA COMO RURAL,False,Ausência de marcador rural nos campos públicos,MÉDIA,True
03/08/2026,06:28:06,2026,AC,01473,TARAUACÁ,5,51,1015,ESCOLA DE PRIMEIRO GRAU JOAO RIBEIRO,AVENIDA ANTONIO FROTA,CENTRO,69970000,-8.1593601,-70.765563,ATIVO,ATIVO,Com acessibilidade,330,330,330,01473|5|51,01473|5|1015,URBANA OU NÃO IDENTIFICADA COMO RURAL,False,Ausência de marcador rural nos campos públicos,MÉDIA,True
03/08/2026,06:28:06,2026,AC,01473,TARAUACÁ,5,68,1015,ESCOLA DE PRIMEIRO GRAU JOAO RIBEIRO,AVENIDA ANTONIO FROTA,CENTRO,69970000,-8.1593601,-70.765563,ATIVO,ATIVO,Com acessibilidade,329,329,329,01473|5|68,01473|5|1015,URBANA OU NÃO IDENTIFICADA COMO RURAL,False,Ausência de marcador rural nos campos públicos,MÉDIA,True
03/08/2026,06:28:06,2026,AC,01473,TARAUACÁ,5,69,1015,ESCOLA DE PRIMEIRO GRAU JOAO RIBEIRO,AVENIDA ANTONIO FROTA,CENTRO,69970000,-8.1593601,-70.765563,ATIVO,ATIVO,Com acessibilidade,331,331,331,01473|5|69,01473|5|1015,URBANA OU NÃO IDENTIFICADA COMO RURAL,False,Ausência de marcador rural nos campos públicos,MÉDIA,True
03/08/2026,06:28:06,2026,AC,01473,TARAUACÁ,5,88,1015,ESCOLA DE PRIMEIRO GRAU JOAO RIBEIRO,AVENIDA ANTONIO FROTA,CENTRO,69970000,-8.1593601,-70.765563,ATIVO,ATIVO,Com acessibilidade,329,329,329,01473|5|88,01473|5|1015,URBANA OU NÃO IDENTIFICADA COMO RURAL,False,Ausência de marcador rural nos campos públicos,MÉDIA,True
03/08/2026,06:28:06,2026,AC,01473,TARAUACÁ,5,116,1015,ESCOLA DE PRIMEIRO GRAU JOAO RIBEIRO,AVENIDA ANTONIO FROTA,CENTRO,69970000,-8.1593601,-70.765563,ATIVO,ATIVO,Com acessibilidade,326,326,326,01473|5|116,01473|5|1015,URBANA OU NÃO IDENTIFICADA COMO RURAL,False,Ausência de marcador rural nos campos públicos,MÉDIA,True
03/08/2026,06:28:06,2026,AC,01473,TARAUACÁ,5,5,1023,CÂMARA MUNICIPAL DE TARAUACÁ,"RUA CEL. JUVENCIO DE MENEZES, 398",CENTRO,69970000,-8.1597606,-70.7644155,ATIVO,ATIVO,Com acessibilidade,294,294,294,01473|5|5,01473|5|1023,URBANA OU NÃO IDENTIFICADA COMO RURAL,False,Ausência de marcador rural nos campos públicos,MÉDIA,True
03/08/2026,06:28:06,2026,AC,01473,TARAUACÁ,5,7,1031,ESCOLA ROSAURA MOURAO DA ROCHA,JOAO DE PAIVA,SENADOR POMPEU,69970000,-8.1645894,-70.7650066,ATIVO,ATIVO,Com acessibilidade,324,324,324,01473|5|7,01473|5|1031,URBANA OU NÃO IDENTIFICADA COMO RURAL,False,Ausência de marcador rural nos campos públicos,MÉDIA,True
03/08/2026,06:28:06,2026,AC,01473,TARAUACÁ,5,8,1031,ESCOLA ROSAURA MOURAO DA ROCHA,JOAO DE PAIVA,SENADOR POMPEU,69970000,-8.1645894,-70.7650066,ATIVO,ATIVO,Com acessibilidade,328,328,328,01473|5|8,01473|5|1031,URBANA OU NÃO IDENTIFICADA COMO RURAL,False,Ausência de marcador rural nos campos públicos,MÉDIA,True
03/08/2026,06:28:06,2026,AC,01473,TARAUACÁ,5,14,1031,ESCOLA ROSAURA MOURAO DA ROCHA,JOAO DE PAIVA,SENADOR POMPEU,69970000,-8.1645894,-70.7650066,ATIVO,ATIVO,Com acessibilidade,336,336,336,01473|5|14,01473|5|1031,URBANA OU NÃO IDENTIFICADA COMO RURAL,False,Ausência de marcador rural nos campos públicos,MÉDIA,True
03/08/2026,06:28:06,2026,AC,01473,TARAUACÁ,5,24,1031,ESCOLA ROSAURA MOURAO DA ROCHA,JOAO DE PAIVA,SENADOR POMPEU,69970000,-8.1645894,-70.7650066,ATIVO,ATIVO,Com acessibilidade,332,332,332,01473|5|24,01473|5|1031,URBANA OU NÃO IDENTIFICADA COMO RURAL,False,Ausência de marcador rural nos campos públicos,MÉDIA,True
03/08/2026,06:28:06,2026,AC,01473,TARAUACÁ,5,38,1031,ESCOLA ROSAURA MOURAO DA ROCHA,JOAO DE PAIVA,SENADOR POMPEU,69970000,-8.1645894,-70.7650066,ATIVO,ATIVO,Com acessibilidade,332,332,332,01473|5|38,01473|5|1031,URBANA OU NÃO IDENTIFICADA COMO RURAL,False,Ausência de marcador rural nos campos públicos,MÉDIA,True
03/08/2026,06:28:06,2026,AC,01473,TARAUACÁ,5,91,1031,ESCOLA ROSAURA MOURAO DA ROCHA,JOAO DE PAIVA,SENADOR POMPEU,69970000,-8.1645894,-70.7650066,ATIVO,ATIVO,Com acessibilidade,323,323,323,01473|5|91,01473|5|1031,URBANA OU NÃO IDENTIFICADA COMO RURAL,False,Ausência de marcador rural nos campos públicos,MÉDIA,True
03/08/2026,06:28:06,2026,AC,01473,TARAUACÁ,5,98,1031,ESCOLA ROSAURA MOURAO DA ROCHA,JOAO DE PAIVA,SENADOR POMPEU,69970000,-8.1645894,-70.7650066,ATIVO,ATIVO,Com acessibilidade,335,335,335,01473|5|98,01473|5|1031,URBANA OU NÃO IDENTIFICADA COMO RURAL,False,Ausência de marcador rural nos campos públicos,MÉDIA,True
03/08/2026,06:28:06,2026,AC,01473,TARAUACÁ,5,148,1031,ESCOLA ROSAURA MOURAO DA ROCHA,JOAO DE PAIVA,SENADOR POMPEU,69970000,-8.1645894,-70.7650066,ATIVO,ATIVO,Sem acessibilidade,109,109,109,01473|5|148,01473|5|1031,URBANA OU NÃO IDENTIFICADA COMO RURAL,False,Ausência de marcador rural nos campos públicos,MÉDIA,True
03/08/2026,06:28:06,2026,AC,01473,TARAUACÁ,5,4,1074,ESCOLA JOSE AUGUSTO DE ARAUJO,AV. ANTONIO FROTA,CENTRO,69970000,-8.1597417,-70.7710484,ATIVO,ATIVO,Com acessibilidade,284,284,284,01473|5|4,01473|5|1074,URBANA OU NÃO IDENTIFICADA COMO RURAL,False,Ausência de marcador rural nos campos públicos,MÉDIA,True
03/08/2026,06:28:06,2026,AC,01473,TARAUACÁ,5,6,1074,ESCOLA JOSE AUGUSTO DE ARAUJO,AV. ANTONIO FROTA,CENTRO,69970000,-8.1597417,-70.7710484,ATIVO,ATIVO,Com acessibilidade,285,285,285,01473|5|6,01473|5|1074,URBANA OU NÃO IDENTIFICADA COMO RURAL,False,Ausência de marcador rural nos campos públicos,MÉDIA,True
03/08/2026,06:28:06,2026,AC,01473,TARAUACÁ,5,12,1074,ESCOLA JOSE AUGUSTO DE ARAUJO,AV. ANTONIO FROTA,CENTRO,69970000,-8.1597417,-70.7710484,ATIVO,ATIVO,Com acessibilidade,287,287,287,01473|5|12,01473|5|1074,URBANA OU NÃO IDENTIFICADA COMO RURAL,False,Ausência de marcador rural nos campos públicos,MÉDIA,True
03/08/2026,06:28:06,2026,AC,01473,TARAUACÁ,5,34,1074,ESCOLA JOSE AUGUSTO DE ARAUJO,AV. ANTONIO FROTA,CENTRO,69970000,-8.1597417,-70.7710484,ATIVO,ATIVO,Com acessibilidade,283,283,283,01473|5|34,01473|5|1074,URBANA OU NÃO IDENTIFICADA COMO RURAL,False,Ausência de marcador rural nos campos públicos,MÉDIA,True
03/08/2026,06:28:06,2026,AC,01473,TARAUACÁ,5,41,1074,ESCOLA JOSE AUGUSTO DE ARAUJO,AV. ANTONIO FROTA,CENTRO,69970000,-8.1597417,-70.7710484,ATIVO,ATIVO,Com acessibilidade,282,282,282,01473|5|41,01473|5|1074,URBANA OU NÃO IDENTIFICADA COMO RURAL,False,Ausência de marcador rural nos campos públicos,MÉDIA,True
03/08/2026,06:28:06,2026,AC,01473,TARAUACÁ,5,70,1074,ESCOLA JOSE AUGUSTO DE ARAUJO,AV. ANTONIO FROTA,CENTRO,69970000,-8.1597417,-70.7710484,ATIVO,ATIVO,Com acessibilidade,283,283,283,01473|5|70,01473|5|1074,URBANA OU NÃO IDENTIFICADA COMO RURAL,False,Ausência de marcador rural nos campos públicos,MÉDIA,True
03/08/2026,06:28:06,2026,AC,01473,TARAUACÁ,5,90,1074,ESCOLA JOSE AUGUSTO DE ARAUJO,AV. ANTONIO FROTA,CENTRO,69970000,-8.1597417,-70.7710484,ATIVO,ATIVO,Com acessibilidade,277,277,277,01473|5|90,01473|5|1074,URBANA OU NÃO IDENTIFICADA COMO RURAL,False,Ausência de marcador rural nos campos públicos,MÉDIA,True
03/08/2026,06:28:06,2026,AC,01473,TARAUACÁ,5,106,1074,ESCOLA JOSE AUGUSTO DE ARAUJO,AV. ANTONIO FROTA,CENTRO,69970000,-8.1597417,-70.7710484,ATIVO,ATIVO,Com acessibilidade,276,276,276,01473|5|106,01473|5|1074,URBANA OU NÃO IDENTIFICADA COMO RURAL,False,Ausência de marcador rural nos campos públicos,MÉDIA,True
03/08/2026,06:28:06,2026,AC,01473,TARAUACÁ,5,15,1082,ESCOLA DE ENSINO FUNDAMENTAL DELZUÍTE BARROSO BRAGA DE ARAÚJO,AVENIDA AVELINO LEAL,COPACABANA,69970000,-8.149879,-70.7823919,ATIVO,ATIVO,Com acessibilidade,286,286,286,01473|5|15,01473|5|1082,URBANA OU NÃO IDENTIFICADA COMO RURAL,False,Ausência de marcador rural nos campos públicos,MÉDIA,True
03/08/2026,06:28:06,2026,AC,01473,TARAUACÁ,5,30,1082,ESCOLA DE ENSINO FUNDAMENTAL DELZUÍTE BARROSO BRAGA DE ARAÚJO,AVENIDA AVELINO LEAL,COPACABANA,69970000,-8.149879,-70.7823919,ATIVO,ATIVO,Com acessibilidade,290,290,290,01473|5|30,01473|5|1082,URBANA OU NÃO IDENTIFICADA COMO RURAL,False,Ausência de marcador rural nos campos públicos,MÉDIA,True
03/08/2026,06:28:06,2026,AC,01473,TARAUACÁ,5,43,1082,ESCOLA DE ENSINO FUNDAMENTAL DELZUÍTE BARROSO BRAGA DE ARAÚJO,AVENIDA AVELINO LEAL,COPACABANA,69970000,-8.149879,-70.7823919,ATIVO,ATIVO,Com acessibilidade,290,290,290,01473|5|43,01473|5|1082,URBANA OU NÃO IDENTIFICADA COMO RURAL,False,Ausência de marcador rural nos campos públicos,MÉDIA,True
03/08/2026,06:28:06,2026,AC,01473,TARAUACÁ,5,78,1082,ESCOLA DE ENSINO FUNDAMENTAL DELZUÍTE BARROSO BRAGA DE ARAÚJO,AVENIDA AVELINO LEAL,COPACABANA,69970000,-8.149879,-70.7823919,ATIVO,ATIVO,Com acessibilidade,285,285,285,01473|5|78,01473|5|1082,URBANA OU NÃO IDENTIFICADA COMO RURAL,False,Ausência de marcador rural nos campos públicos,MÉDIA,True
03/08/2026,06:28:06,2026,AC,01473,TARAUACÁ,5,107,1082,ESCOLA DE ENSINO FUNDAMENTAL DELZUÍTE BARROSO BRAGA DE ARAÚJO,AVENIDA AVELINO LEAL,COPACABANA,69970000,-8.149879,-70.7823919,ATIVO,ATIVO,Com acessibilidade,284,284,284,01473|5|107,01473|5|1082,URBANA OU NÃO IDENTIFICADA COMO RURAL,False,Ausência de marcador rural nos campos públicos,MÉDIA,True
03/08/2026,06:28:06,2026,AC,01473,TARAUACÁ,5,16,1112,CEDUP - UFAC,BENJAMIN CONSTANT,CENTRO,69970000,-8.158475,-70.7664295,ATIVO,ATIVO,Com acessibilidade,210,210,210,01473|5|16,01473|5|1112,URBANA OU NÃO IDENTIFICADA COMO RURAL,False,Ausência de marcador rural nos campos públicos,MÉDIA,True
03/08/2026,06:28:06,2026,AC,01473,TARAUACÁ,5,18,1112,CEDUP - UFAC,BENJAMIN CONSTANT,CENTRO,69970000,-8.158475,-70.7664295,ATIVO,ATIVO,Com acessibilidade,212,212,212,01473|5|18,01473|5|1112,URBANA OU NÃO IDENTIFICADA COMO RURAL,False,Ausência de marcador rural nos campos públicos,MÉDIA,True
03/08/2026,06:28:06,2026,AC,01473,TARAUACÁ,5,20,1112,CEDUP - UFAC,BENJAMIN CONSTANT,CENTRO,69970000,-8.158475,-70.7664295,ATIVO,ATIVO,Com acessibilidade,212,212,212,01473|5|20,01473|5|1112,URBANA OU NÃO IDENTIFICADA COMO RURAL,False,Ausência de marcador rural nos campos públicos,MÉDIA,True
03/08/2026,06:28:06,2026,AC,01473,TARAUACÁ,5,44,1112,CEDUP - UFAC,BENJAMIN CONSTANT,CENTRO,69970000,-8.158475,-70.7664295,ATIVO,ATIVO,Com acessibilidade,207,207,207,01473|5|44,01473|5|1112,URBANA OU NÃO IDENTIFICADA COMO RURAL,False,Ausência de marcador rural nos campos públicos,MÉDIA,True
03/08/2026,06:28:06,2026,AC,01473,TARAUACÁ,5,72,1120,SECRETARIA MUNICIPAL DE EDUCACAO E CULTURA - SEMEC,"CEL. JUVENCIO DE MENEZES, 267",CENTRO,69970000,-8.1602877,-70.7642384,ATIVO,ATIVO,Com acessibilidade,265,265,265,01473|5|72,01473|5|1120,URBANA OU NÃO IDENTIFICADA COMO RURAL,False,Ausência de marcador rural nos campos públicos,MÉDIA,True
03/08/2026,06:28:06,2026,AC,01473,TARAUACÁ,5,99,1120,SECRETARIA MUNICIPAL DE EDUCACAO E CULTURA - SEMEC,"CEL. JUVENCIO DE MENEZES, 267",CENTRO,69970000,-8.1602877,-70.7642384,ATIVO,ATIVO,Com acessibilidade,266,266,266,01473|5|99,01473|5|1120,URBANA OU NÃO IDENTIFICADA COMO RURAL,False,Ausência de marcador rural nos campos públicos,MÉDIA,True
03/08/2026,06:28:06,2026,AC,01473,TARAUACÁ,5,17,1147,ESCOLA DONIZETE MOTA,CAPITAO HIPOLITO,TRIÂNGULO,69970000,-8.1562818,-70.7587308,ATIVO,ATIVO,Com acessibilidade,270,270,270,01473|5|17,01473|5|1147,URBANA OU NÃO IDENTIFICADA COMO RURAL,False,Ausência de marcador rural nos campos públicos,MÉDIA,True
03/08/2026,06:28:06,2026,AC,01473,TARAUACÁ,5,22,1147,ESCOLA DONIZETE MOTA,CAPITAO HIPOLITO,TRIÂNGULO,69970000,-8.1562818,-70.7587308,ATIVO,ATIVO,Com acessibilidade,271,271,271,01473|5|22,01473|5|1147,URBANA OU NÃO IDENTIFICADA COMO RURAL,False,Ausência de marcador rural nos campos públicos,MÉDIA,True
03/08/2026,06:28:06,2026,AC,01473,TARAUACÁ,5,85,1147,ESCOLA DONIZETE MOTA,CAPITAO HIPOLITO,TRIÂNGULO,69970000,-8.1562818,-70.7587308,ATIVO,ATIVO,Com acessibilidade,268,268,268,01473|5|85,01473|5|1147,URBANA OU NÃO IDENTIFICADA COMO RURAL,False,Ausência de marcador rural nos campos públicos,MÉDIA,True
03/08/2026,06:28:06,2026,AC,01473,TARAUACÁ,5,87,1147,ESCOLA DONIZETE MOTA,CAPITAO HIPOLITO,TRIÂNGULO,69970000,-8.1562818,-70.7587308,ATIVO,ATIVO,Com acessibilidade,264,264,264,01473|5|87,01473|5|1147,URBANA OU NÃO IDENTIFICADA COMO RURAL,False,Ausência de marcador rural nos campos públicos,MÉDIA,True
03/08/2026,06:28:06,2026,AC,01473,TARAUACÁ,5,9,1171,ESCOLA PLACIDO DE CASTRO,AVENIDA ANTONIO FROTA,CENTRO,69970000,-8.1597856,-70.7681684,ATIVO,ATIVO,Com acessibilidade,277,277,277,01473|5|9,01473|5|1171,URBANA OU NÃO IDENTIFICADA COMO RURAL,False,Ausência de marcador rural nos campos públicos,MÉDIA,True
03/08/2026,06:28:06,2026,AC,01473,TARAUACÁ,5,10,1171,ESCOLA PLACIDO DE CASTRO,AVENIDA ANTONIO FROTA,CENTRO,69970000,-8.1597856,-70.7681684,ATIVO,ATIVO,Com acessibilidade,275,275,275,01473|5|10,01473|5|1171,URBANA OU NÃO IDENTIFICADA COMO RURAL,False,Ausência de marcador rural nos campos públicos,MÉDIA,True
03/08/2026,06:28:06,2026,AC,01473,TARAUACÁ,5,11,1171,ESCOLA PLACIDO DE CASTRO,AVENIDA ANTONIO FROTA,CENTRO,69970000,-8.1597856,-70.7681684,ATIVO,ATIVO,Com acessibilidade,275,275,275,01473|5|11,01473|5|1171,URBANA OU NÃO IDENTIFICADA COMO RURAL,False,Ausência de marcador rural nos campos públicos,MÉDIA,True
03/08/2026,06:28:06,2026,AC,01473,TARAUACÁ,5,25,1171,ESCOLA PLACIDO DE CASTRO,AVENIDA ANTONIO FROTA,CENTRO,69970000,-8.1597856,-70.7681684,ATIVO,ATIVO,Com acessibilidade,273,273,273,01473|5|25,01473|5|1171,URBANA OU NÃO IDENTIFICADA COMO RURAL,False,Ausência de marcador rural nos campos públicos,MÉDIA,True
03/08/2026,06:28:06,2026,AC,01473,TARAUACÁ,5,26,1171,ESCOLA PLACIDO DE CASTRO,AVENIDA ANTONIO FROTA,CENTRO,69970000,-8.1597856,-70.7681684,ATIVO,ATIVO,Com acessibilidade,277,277,277,01473|5|26,01473|5|1171,URBANA OU NÃO IDENTIFICADA COMO RURAL,False,Ausência de marcador rural nos campos públicos,MÉDIA,True
03/08/2026,06:28:06,2026,AC,01473,TARAUACÁ,5,50,1171,ESCOLA PLACIDO DE CASTRO,AVENIDA ANTONIO FROTA,CENTRO,69970000,-8.1597856,-70.7681684,ATIVO,ATIVO,Com acessibilidade,269,269,269,01473|5|50,01473|5|1171,URBANA OU NÃO IDENTIFICADA COMO RURAL,False,Ausência de marcador rural nos campos públicos,MÉDIA,True
03/08/2026,06:28:06,2026,AC,01473,TARAUACÁ,5,77,1171,ESCOLA PLACIDO DE CASTRO,AVENIDA ANTONIO FROTA,CENTRO,69970000,-8.1597856,-70.7681684,ATIVO,ATIVO,Com acessibilidade,266,266,266,01473|5|77,01473|5|1171,URBANA OU NÃO IDENTIFICADA COMO RURAL,False,Ausência de marcador rural nos campos públicos,MÉDIA,True
03/08/2026,06:28:06,2026,AC,01473,TARAUACÁ,5,83,1171,ESCOLA PLACIDO DE CASTRO,AVENIDA ANTONIO FROTA,CENTRO,69970000,-8.1597856,-70.7681684,ATIVO,ATIVO,Com acessibilidade,269,269,269,01473|5|83,01473|5|1171,URBANA OU NÃO IDENTIFICADA COMO RURAL,False,Ausência de marcador rural nos campos públicos,MÉDIA,True
03/08/2026,06:28:06,2026,AC,01473,TARAUACÁ,5,35,1228,NÚCLEO DE EDUCAÇÃO  DE TARAUACÁ ,RUA CEL. JUVÊNCIO DE MENEZES,CENTRO,69970000,-8.1598436,-70.7641032,ATIVO,ATIVO,Com acessibilidade,176,176,176,01473|5|35,01473|5|1228,URBANA OU NÃO IDENTIFICADA COMO RURAL,False,Ausência de marcador rural nos campos públicos,MÉDIA,True
03/08/2026,06:28:06,2026,AC,01473,TARAUACÁ,5,101,1228,NÚCLEO DE EDUCAÇÃO  DE TARAUACÁ ,RUA CEL. JUVÊNCIO DE MENEZES,CENTRO,69970000,-8.1598436,-70.7641032,ATIVO,ATIVO,Com acessibilidade,178,178,178,01473|5|101,01473|5|1228,URBANA OU NÃO IDENTIFICADA COMO RURAL,False,Ausência de marcador rural nos campos públicos,MÉDIA,True
03/08/2026,06:28:06,2026,AC,01473,TARAUACÁ,5,13,1236,ESCOLA TUPANIR GAUDENCIO DA COSTA,"RUA DR SANSAO GOMES, 705",CENTRO,69970000,-8.1567367,-70.7587784,ATIVO,ATIVO,Com acessibilidade,310,310,310,01473|5|13,01473|5|1236,URBANA OU NÃO IDENTIFICADA COMO RURAL,False,Ausência de marcador rural nos campos públicos,MÉDIA,True
03/08/2026,06:28:06,2026,AC,01473,TARAUACÁ,5,21,1236,ESCOLA TUPANIR GAUDENCIO DA COSTA,"RUA DR SANSAO GOMES, 705",CENTRO,69970000,-8.1567367,-70.7587784,ATIVO,ATIVO,Com acessibilidade,310,310,310,01473|5|21,01473|5|1236,URBANA OU NÃO IDENTIFICADA COMO RURAL,False,Ausência de marcador rural nos campos públicos,MÉDIA,True
03/08/2026,06:28:06,2026,AC,01473,TARAUACÁ,5,36,1236,ESCOLA TUPANIR GAUDENCIO DA COSTA,"RUA DR SANSAO GOMES, 705",CENTRO,69970000,-8.1567367,-70.7587784,ATIVO,ATIVO,Com acessibilidade,312,312,312,01473|5|36,01473|5|1236,URBANA OU NÃO IDENTIFICADA COMO RURAL,False,Ausência de marcador rural nos campos públicos,MÉDIA,True
03/08/2026,06:28:06,2026,AC,01473,TARAUACÁ,5,39,1236,ESCOLA TUPANIR GAUDENCIO DA COSTA,"RUA DR SANSAO GOMES, 705",CENTRO,69970000,-8.1567367,-70.7587784,ATIVO,ATIVO,Com acessibilidade,312,312,312,01473|5|39,01473|5|1236,URBANA OU NÃO IDENTIFICADA COMO RURAL,False,Ausência de marcador rural nos campos públicos,MÉDIA,True
03/08/2026,06:28:06,2026,AC,01473,TARAUACÁ,5,40,1236,ESCOLA TUPANIR GAUDENCIO DA COSTA,"RUA DR SANSAO GOMES, 705",CENTRO,69970000,-8.1567367,-70.7587784,ATIVO,ATIVO,Com acessibilidade,312,312,312,01473|5|40,01473|5|1236,URBANA OU NÃO IDENTIFICADA COMO RURAL,False,Ausência de marcador rural nos campos públicos,MÉDIA,True
03/08/2026,06:28:06,2026,AC,01473,TARAUACÁ,5,80,1236,ESCOLA TUPANIR GAUDENCIO DA COSTA,"RUA DR SANSAO GOMES, 705",CENTRO,69970000,-8.1567367,-70.7587784,ATIVO,ATIVO,Com acessibilidade,308,308,308,01473|5|80,01473|5|1236,URBANA OU NÃO IDENTIFICADA COMO RURAL,False,Ausência de marcador rural nos campos públicos,MÉDIA,True
03/08/2026,06:28:06,2026,AC,01473,TARAUACÁ,5,84,1236,ESCOLA TUPANIR GAUDENCIO DA COSTA,"RUA DR SANSAO GOMES, 705",CENTRO,69970000,-8.1567367,-70.7587784,ATIVO,ATIVO,Com acessibilidade,309,309,309,01473|5|84,01473|5|1236,URBANA OU NÃO IDENTIFICADA COMO RURAL,False,Ausência de marcador rural nos campos públicos,MÉDIA,True
03/08/2026,06:28:06,2026,AC,01473,TARAUACÁ,5,31,1244,ESCOLA DE ENSINO MÉDIO DR. FRANCISCO DJALMA DA CUNHA BATISTA,AVENIDA EPAMINONDAS JACOME S/N,COPACABANA,69970000,-8.1581751,-70.7780806,ATIVO,ATIVO,Com acessibilidade,164,323,323,01473|5|31,01473|5|1244,URBANA OU NÃO IDENTIFICADA COMO RURAL,False,Ausência de marcador rural nos campos públicos,MÉDIA,True
03/08/2026,06:28:06,2026,AC,01473,TARAUACÁ,5,33,1244,ESCOLA DE ENSINO MÉDIO DR. FRANCISCO DJALMA DA CUNHA BATISTA,AVENIDA EPAMINONDAS JACOME S/N,COPACABANA,69970000,-8.1581751,-70.7780806,ATIVO,ATIVO,Com acessibilidade,161,0,0,01473|5|33,01473|5|1244,URBANA OU NÃO IDENTIFICADA COMO RURAL,False,Ausência de marcador rural nos campos públicos,MÉDIA,True
03/08/2026,06:28:06,2026,AC,01473,TARAUACÁ,5,53,1244,ESCOLA DE ENSINO MÉDIO DR. FRANCISCO DJALMA DA CUNHA BATISTA,AVENIDA EPAMINONDAS JACOME S/N,COPACABANA,69970000,-8.1581751,-70.7780806,ATIVO,ATIVO,Com acessibilidade,160,321,321,01473|5|53,01473|5|1244,URBANA OU NÃO IDENTIFICADA COMO RURAL,False,Ausência de marcador rural nos campos públicos,MÉDIA,True
03/08/2026,06:28:06,2026,AC,01473,TARAUACÁ,5,59,1244,ESCOLA DE ENSINO MÉDIO DR. FRANCISCO DJALMA DA CUNHA BATISTA,AVENIDA EPAMINONDAS JACOME S/N,COPACABANA,69970000,-8.1581751,-70.7780806,ATIVO,ATIVO,Com acessibilidade,159,0,0,01473|5|59,01473|5|1244,URBANA OU NÃO IDENTIFICADA COMO RURAL,False,Ausência de marcador rural nos campos públicos,MÉDIA,True
03/08/2026,06:28:06,2026,AC,01473,TARAUACÁ,5,76,1244,ESCOLA DE ENSINO MÉDIO DR. FRANCISCO DJALMA DA CUNHA BATISTA,AVENIDA EPAMINONDAS JACOME S/N,COPACABANA,69970000,-8.1581751,-70.7780806,ATIVO,ATIVO,Com acessibilidade,161,321,321,01473|5|76,01473|5|1244,URBANA OU NÃO IDENTIFICADA COMO RURAL,False,Ausência de marcador rural nos campos públicos,MÉDIA,True
03/08/2026,06:28:06,2026,AC,01473,TARAUACÁ,5,89,1244,ESCOLA DE ENSINO MÉDIO DR. FRANCISCO DJALMA DA CUNHA BATISTA,AVENIDA EPAMINONDAS JACOME S/N,COPACABANA,69970000,-8.1581751,-70.7780806,ATIVO,ATIVO,Com acessibilidade,160,0,0,01473|5|89,01473|5|1244,URBANA OU NÃO IDENTIFICADA COMO RURAL,False,Ausência de marcador rural nos campos públicos,MÉDIA,True
03/08/2026,06:28:06,2026,AC,01473,TARAUACÁ,5,96,1244,ESCOLA DE ENSINO MÉDIO DR. FRANCISCO DJALMA DA CUNHA BATISTA,AVENIDA EPAMINONDAS JACOME S/N,COPACABANA,69970000,-8.1581751,-70.7780806,ATIVO,ATIVO,Com acessibilidade,160,322,322,01473|5|96,01473|5|1244,URBANA OU NÃO IDENTIFICADA COMO RURAL,False,Ausência de marcador rural nos campos públicos,MÉDIA,True
03/08/2026,06:28:06,2026,AC,01473,TARAUACÁ,5,110,1244,ESCOLA DE ENSINO MÉDIO DR. FRANCISCO DJALMA DA CUNHA BATISTA,AVENIDA EPAMINONDAS JACOME S/N,COPACABANA,69970000,-8.1581751,-70.7780806,ATIVO,ATIVO,Com acessibilidade,162,0,0,01473|5|110,01473|5|1244,URBANA OU NÃO IDENTIFICADA COMO RURAL,False,Ausência de marcador rural nos campos públicos,MÉDIA,True
03/08/2026,06:28:06,2026,AC,01473,TARAUACÁ,5,55,1252,ESCOLA DE ENSINO FUNDAMENTAL GOVERNADOR EDMUNDO PINTO DE ALMEIDA,BR 364 KM 03 TRECHO TARAUACA/FEIJO,CORCOVADO,69970000,-8.1519941,-70.7330485,ATIVO,ATIVO,Com acessibilidade,306,306,306,01473|5|55,01473|5|1252,URBANA OU NÃO IDENTIFICADA COMO RURAL,False,Ausência de marcador rural nos campos públicos,MÉDIA,True
03/08/2026,06:28:06,2026,AC,01473,TARAUACÁ,5,64,1252,ESCOLA DE ENSINO FUNDAMENTAL GOVERNADOR EDMUNDO PINTO DE ALMEIDA,BR 364 KM 03 TRECHO TARAUACA/FEIJO,CORCOVADO,69970000,-8.1519941,-70.7330485,ATIVO,ATIVO,Com acessibilidade,309,309,309,01473|5|64,01473|5|1252,URBANA OU NÃO IDENTIFICADA COMO RURAL,False,Ausência de marcador rural nos campos públicos,MÉDIA,True
03/08/2026,06:28:06,2026,AC,01473,TARAUACÁ,5,114,1252,ESCOLA DE ENSINO FUNDAMENTAL GOVERNADOR EDMUNDO PINTO DE ALMEIDA,BR 364 KM 03 TRECHO TARAUACA/FEIJO,CORCOVADO,69970000,-8.1519941,-70.7330485,ATIVO,ATIVO,Com acessibilidade,304,304,304,01473|5|114,01473|5|1252,URBANA OU NÃO IDENTIFICADA COMO RURAL,False,Ausência de marcador rural nos campos públicos,MÉDIA,True
03/08/2026,06:28:06,2026,AC,01473,TARAUACÁ,5,130,1252,ESCOLA DE ENSINO FUNDAMENTAL GOVERNADOR EDMUNDO PINTO DE ALMEIDA,BR 364 KM 03 TRECHO TARAUACA/FEIJO,CORCOVADO,69970000,-8.1519941,-70.7330485,ATIVO,ATIVO,Com acessibilidade,304,304,304,01473|5|130,01473|5|1252,URBANA OU NÃO IDENTIFICADA COMO RURAL,False,Ausência de marcador rural nos campos públicos,MÉDIA,True
03/08/2026,06:28:06,2026,AC,01473,TARAUACÁ,5,58,1325,ESCOLA ESTADUAL MAGIA DO SABER - ZONA RURAL RIOZINHO DA LIBERDADE,BR-364 KM-157 - TRECHO TARAUACA/CRUZEIRO DO SUL,ZONA RURAL GREGORIO,69970000,-7.80576046,-72.00312509,ATIVO,ATIVO,Com acessibilidade,214,214,214,01473|5|58,01473|5|1325,RURAL IDENTIFICADA,True,Termo RURAL no bairro ou no nome do local no arquivo do TSE,ALTA,True
03/08/2026,06:28:06,2026,AC,01473,TARAUACÁ,5,60,1325,ESCOLA ESTADUAL MAGIA DO SABER - ZONA RURAL RIOZINHO DA LIBERDADE,BR-364 KM-157 - TRECHO TARAUACA/CRUZEIRO DO SUL,ZONA RURAL GREGORIO,69970000,-7.80576046,-72.00312509,ATIVO,ATIVO,Com acessibilidade,216,216,216,01473|5|60,01473|5|1325,RURAL IDENTIFICADA,True,Termo RURAL no bairro ou no nome do local no arquivo do TSE,ALTA,True
03/08/2026,06:28:06,2026,AC,01473,TARAUACÁ,5,63,1341,ESCOLA DE ENSINO FUNDAMENTAL CEL JOSE MARQUES DE ALBUQUERQUE,SERINGAL PARAÍSO,ZONA RURAL,69970000,-8.84485894,-71.25522422,ATIVO,ATIVO,Com acessibilidade,222,376,376,01473|5|63,01473|5|1341,RURAL IDENTIFICADA,True,Termo RURAL no bairro ou no nome do local no arquivo do TSE,ALTA,True
03/08/2026,06:28:06,2026,AC,01473,TARAUACÁ,5,92,1341,ESCOLA DE ENSINO FUNDAMENTAL CEL JOSE MARQUES DE ALBUQUERQUE,SERINGAL PARAÍSO,ZONA RURAL,69970000,-8.84485894,-71.25522422,ATIVO,ATIVO,Com acessibilidade,215,215,215,01473|5|92,01473|5|1341,RURAL IDENTIFICADA,True,Termo RURAL no bairro ou no nome do local no arquivo do TSE,ALTA,True
03/08/2026,06:28:06,2026,AC,01473,TARAUACÁ,5,141,1341,ESCOLA DE ENSINO FUNDAMENTAL CEL JOSE MARQUES DE ALBUQUERQUE,SERINGAL PARAÍSO,ZONA RURAL,69970000,-8.84485894,-71.25522422,ATIVO,ATIVO,Com acessibilidade,154,0,0,01473|5|141,01473|5|1341,RURAL IDENTIFICADA,True,Termo RURAL no bairro ou no nome do local no arquivo do TSE,ALTA,True
03/08/2026,06:28:06,2026,AC,01473,TARAUACÁ,5,42,1350,ESCOLA DE ENSINO FUND. PROF. RILZA MARIA DANIEL DO NASCIMENTO,"RUA BENJAMIN CONSTANT, S/N",SENADOR POMPEU,69970000,-8.1509763,-70.7568603,ATIVO,ATIVO,Com acessibilidade,331,331,331,01473|5|42,01473|5|1350,URBANA OU NÃO IDENTIFICADA COMO RURAL,False,Ausência de marcador rural nos campos públicos,MÉDIA,True
03/08/2026,06:28:06,2026,AC,01473,TARAUACÁ,5,71,1350,ESCOLA DE ENSINO FUND. PROF. RILZA MARIA DANIEL DO NASCIMENTO,"RUA BENJAMIN CONSTANT, S/N",SENADOR POMPEU,69970000,-8.1509763,-70.7568603,ATIVO,ATIVO,Com acessibilidade,319,319,319,01473|5|71,01473|5|1350,URBANA OU NÃO IDENTIFICADA COMO RURAL,False,Ausência de marcador rural nos campos públicos,MÉDIA,True
03/08/2026,06:28:06,2026,AC,01473,TARAUACÁ,5,82,1350,ESCOLA DE ENSINO FUND. PROF. RILZA MARIA DANIEL DO NASCIMENTO,"RUA BENJAMIN CONSTANT, S/N",SENADOR POMPEU,69970000,-8.1509763,-70.7568603,ATIVO,ATIVO,Com acessibilidade,322,322,322,01473|5|82,01473|5|1350,URBANA OU NÃO IDENTIFICADA COMO RURAL,False,Ausência de marcador rural nos campos públicos,MÉDIA,True
03/08/2026,06:28:06,2026,AC,01473,TARAUACÁ,5,94,1350,ESCOLA DE ENSINO FUND. PROF. RILZA MARIA DANIEL DO NASCIMENTO,"RUA BENJAMIN CONSTANT, S/N",SENADOR POMPEU,69970000,-8.1509763,-70.7568603,ATIVO,ATIVO,Com acessibilidade,321,321,321,01473|5|94,01473|5|1350,URBANA OU NÃO IDENTIFICADA COMO RURAL,False,Ausência de marcador rural nos campos públicos,MÉDIA,True
03/08/2026,06:28:06,2026,AC,01473,TARAUACÁ,5,108,1350,ESCOLA DE ENSINO FUND. PROF. RILZA MARIA DANIEL DO NASCIMENTO,"RUA BENJAMIN CONSTANT, S/N",SENADOR POMPEU,69970000,-8.1509763,-70.7568603,ATIVO,ATIVO,Com acessibilidade,319,319,319,01473|5|108,01473|5|1350,URBANA OU NÃO IDENTIFICADA COMO RURAL,False,Ausência de marcador rural nos campos públicos,MÉDIA,True
03/08/2026,06:28:06,2026,AC,01473,TARAUACÁ,5,117,1350,ESCOLA DE ENSINO FUND. PROF. RILZA MARIA DANIEL DO NASCIMENTO,"RUA BENJAMIN CONSTANT, S/N",SENADOR POMPEU,69970000,-8.1509763,-70.7568603,ATIVO,ATIVO,Com acessibilidade,323,323,323,01473|5|117,01473|5|1350,URBANA OU NÃO IDENTIFICADA COMO RURAL,False,Ausência de marcador rural nos campos públicos,MÉDIA,True
03/08/2026,06:28:06,2026,AC,01473,TARAUACÁ,5,144,1350,ESCOLA DE ENSINO FUND. PROF. RILZA MARIA DANIEL DO NASCIMENTO,"RUA BENJAMIN CONSTANT, S/N",SENADOR POMPEU,69970000,-8.1509763,-70.7568603,ATIVO,ATIVO,Com acessibilidade,328,328,328,01473|5|144,01473|5|1350,URBANA OU NÃO IDENTIFICADA COMO RURAL,False,Ausência de marcador rural nos campos públicos,MÉDIA,True
03/08/2026,06:28:06,2026,AC,01473,TARAUACÁ,5,73,1368,ALDEIA ÀGUA VIVA,RIO TARAUACÁ,ZONA RURAL,69970000,-8.3534945,-71.22299307,ATIVO,ATIVO,Com acessibilidade,177,367,367,01473|5|73,01473|5|1368,RURAL IDENTIFICADA,True,Termo RURAL no bairro ou no nome do local no arquivo do TSE,ALTA,True
03/08/2026,06:28:06,2026,AC,01473,TARAUACÁ,5,102,1368,ALDEIA ÀGUA VIVA,RIO TARAUACÁ,ZONA RURAL,69970000,-8.3534945,-71.22299307,ATIVO,ATIVO,Com acessibilidade,174,0,0,01473|5|102,01473|5|1368,RURAL IDENTIFICADA,True,Termo RURAL no bairro ou no nome do local no arquivo do TSE,ALTA,True
03/08/2026,06:28:06,2026,AC,01473,TARAUACÁ,5,139,1368,ALDEIA ÀGUA VIVA,RIO TARAUACÁ,ZONA RURAL,69970000,-8.3534945,-71.22299307,ATIVO,ATIVO,Com acessibilidade,16,0,0,01473|5|139,01473|5|1368,RURAL IDENTIFICADA,True,Termo RURAL no bairro ou no nome do local no arquivo do TSE,ALTA,True
03/08/2026,06:28:06,2026,AC,01473,TARAUACÁ,5,74,1376,ESCOLA ESTADUAL DE 1º GRAU IVA STTIHU,ALDEIA INDÍGENA NOVA ESPERANÇA,ZONA RURAL GREGORIO,69970000,-8.39066435,-71.77542546,ATIVO,ATIVO,Com acessibilidade,228,270,270,01473|5|74,01473|5|1376,RURAL IDENTIFICADA,True,Termo RURAL no bairro ou no nome do local no arquivo do TSE,ALTA,True
03/08/2026,06:28:06,2026,AC,01473,TARAUACÁ,5,147,1376,ESCOLA ESTADUAL DE 1º GRAU IVA STTIHU,ALDEIA INDÍGENA NOVA ESPERANÇA,ZONA RURAL GREGORIO,69970000,-8.39066435,-71.77542546,ATIVO,ATIVO,Sem acessibilidade,42,0,0,01473|5|147,01473|5|1376,RURAL IDENTIFICADA,True,Termo RURAL no bairro ou no nome do local no arquivo do TSE,ALTA,True
03/08/2026,06:28:06,2026,AC,01473,TARAUACÁ,5,103,1384,ESCOLA ESTADUAL SÃO JOSÉ,"ALDEIA SÃO VICENTE, RIO HUMAITÁ",ZONA RURAL,69970000,-9.01912837,-71.43094496,ATIVO,ATIVO,Com acessibilidade,221,221,221,01473|5|103,01473|5|1384,RURAL IDENTIFICADA,True,Termo RURAL no bairro ou no nome do local no arquivo do TSE,ALTA,True
03/08/2026,06:28:06,2026,AC,01473,TARAUACÁ,5,104,1392,ESCOLA ESTIRÃO DO CAUCHO,"ALDEIA CAUCHO, RIO MURU",ZONA RURAL,69970000,-8.24492513,-70.75457967,ATIVO,ATIVO,Com acessibilidade,198,198,198,01473|5|104,01473|5|1392,RURAL IDENTIFICADA,True,Termo RURAL no bairro ou no nome do local no arquivo do TSE,ALTA,True
03/08/2026,06:28:06,2026,AC,01473,TARAUACÁ,5,135,1392,ESCOLA ESTIRÃO DO CAUCHO,"ALDEIA CAUCHO, RIO MURU",ZONA RURAL,69970000,-8.24492513,-70.75457967,ATIVO,ATIVO,Com acessibilidade,207,207,207,01473|5|135,01473|5|1392,RURAL IDENTIFICADA,True,Termo RURAL no bairro ou no nome do local no arquivo do TSE,ALTA,True
03/08/2026,06:28:06,2026,AC,01473,TARAUACÁ,5,105,1406,ESCOLA SÃO SEBASTIÃO,"IGARAPÉ JOACIR, COMUNIDADE SALMOURA, RIO TARAUACÁ",ZONA RURAL,69970000,-8.34791109,-71.0290646,ATIVO,ATIVO,Com acessibilidade,158,158,158,01473|5|105,01473|5|1406,RURAL IDENTIFICADA,True,Termo RURAL no bairro ou no nome do local no arquivo do TSE,ALTA,True
03/08/2026,06:28:06,2026,AC,01473,TARAUACÁ,5,109,1422,"ESCOLA SANTA TEREZINHA, ANEXO IV, RIO ACURAUA","SERINGAL INDEPENDENCIA - SAUDADE, RIO ACURAUA",ZONA RURAL,69970000,-7.8460987,-70.8796683,ATIVO,ATIVO,Com acessibilidade,117,117,117,01473|5|109,01473|5|1422,RURAL IDENTIFICADA,True,Termo RURAL no bairro ou no nome do local no arquivo do TSE,ALTA,True
03/08/2026,06:28:06,2026,AC,01473,TARAUACÁ,5,111,1430,ESCOLA MUNICIPAL ADELMAR DE OLIVEIRA,"RUA NILO FREIRE DE ALBUQUERQUE, S/N",AVELINO LEAL,69970000,-8.1526999,-70.7754732,ATIVO,ATIVO,Com acessibilidade,292,292,292,01473|5|111,01473|5|1430,URBANA OU NÃO IDENTIFICADA COMO RURAL,False,Ausência de marcador rural nos campos públicos,MÉDIA,True
03/08/2026,06:28:06,2026,AC,01473,TARAUACÁ,5,120,1430,ESCOLA MUNICIPAL ADELMAR DE OLIVEIRA,"RUA NILO FREIRE DE ALBUQUERQUE, S/N",AVELINO LEAL,69970000,-8.1526999,-70.7754732,ATIVO,ATIVO,Com acessibilidade,290,298,298,01473|5|120,01473|5|1430,URBANA OU NÃO IDENTIFICADA COMO RURAL,False,Ausência de marcador rural nos campos públicos,MÉDIA,True
03/08/2026,06:28:06,2026,AC,01473,TARAUACÁ,5,128,1430,ESCOLA MUNICIPAL ADELMAR DE OLIVEIRA,"RUA NILO FREIRE DE ALBUQUERQUE, S/N",AVELINO LEAL,69970000,-8.1526999,-70.7754732,ATIVO,ATIVO,Com acessibilidade,291,291,291,01473|5|128,01473|5|1430,URBANA OU NÃO IDENTIFICADA COMO RURAL,False,Ausência de marcador rural nos campos públicos,MÉDIA,True
03/08/2026,06:28:06,2026,AC,01473,TARAUACÁ,5,149,1430,ESCOLA MUNICIPAL ADELMAR DE OLIVEIRA,"RUA NILO FREIRE DE ALBUQUERQUE, S/N",AVELINO LEAL,69970000,-8.1526999,-70.7754732,ATIVO,ATIVO,Sem acessibilidade,8,0,0,01473|5|149,01473|5|1430,URBANA OU NÃO IDENTIFICADA COMO RURAL,False,Ausência de marcador rural nos campos públicos,MÉDIA,True
03/08/2026,06:28:06,2026,AC,01473,TARAUACÁ,5,23,1449,ESCOLA ESTADUAL INSTITUTO SÃO JOSÉ,"RUA BENJAMIN CONSTANT, 1325",CENTRO,69970000,-8.1588164,-70.766684,ATIVO,ATIVO,Com acessibilidade,233,233,233,01473|5|23,01473|5|1449,URBANA OU NÃO IDENTIFICADA COMO RURAL,False,Ausência de marcador rural nos campos públicos,MÉDIA,True
03/08/2026,06:28:06,2026,AC,01473,TARAUACÁ,5,47,1449,ESCOLA ESTADUAL INSTITUTO SÃO JOSÉ,"RUA BENJAMIN CONSTANT, 1325",CENTRO,69970000,-8.1588164,-70.766684,ATIVO,ATIVO,Com acessibilidade,222,222,222,01473|5|47,01473|5|1449,URBANA OU NÃO IDENTIFICADA COMO RURAL,False,Ausência de marcador rural nos campos públicos,MÉDIA,True
03/08/2026,06:28:06,2026,AC,01473,TARAUACÁ,5,49,1449,ESCOLA ESTADUAL INSTITUTO SÃO JOSÉ,"RUA BENJAMIN CONSTANT, 1325",CENTRO,69970000,-8.1588164,-70.766684,ATIVO,ATIVO,Com acessibilidade,221,221,221,01473|5|49,01473|5|1449,URBANA OU NÃO IDENTIFICADA COMO RURAL,False,Ausência de marcador rural nos campos públicos,MÉDIA,True
03/08/2026,06:28:06,2026,AC,01473,TARAUACÁ,5,81,1449,ESCOLA ESTADUAL INSTITUTO SÃO JOSÉ,"RUA BENJAMIN CONSTANT, 1325",CENTRO,69970000,-8.1588164,-70.766684,ATIVO,ATIVO,Com acessibilidade,219,219,219,01473|5|81,01473|5|1449,URBANA OU NÃO IDENTIFICADA COMO RURAL,False,Ausência de marcador rural nos campos públicos,MÉDIA,True
03/08/2026,06:28:06,2026,AC,01473,TARAUACÁ,5,95,1449,ESCOLA ESTADUAL INSTITUTO SÃO JOSÉ,"RUA BENJAMIN CONSTANT, 1325",CENTRO,69970000,-8.1588164,-70.766684,ATIVO,ATIVO,Com acessibilidade,216,216,216,01473|5|95,01473|5|1449,URBANA OU NÃO IDENTIFICADA COMO RURAL,False,Ausência de marcador rural nos campos públicos,MÉDIA,True
03/08/2026,06:28:06,2026,AC,01473,TARAUACÁ,5,119,1449,ESCOLA ESTADUAL INSTITUTO SÃO JOSÉ,"RUA BENJAMIN CONSTANT, 1325",CENTRO,69970000,-8.1588164,-70.766684,ATIVO,ATIVO,Com acessibilidade,215,215,215,01473|5|119,01473|5|1449,URBANA OU NÃO IDENTIFICADA COMO RURAL,False,Ausência de marcador rural nos campos públicos,MÉDIA,True
03/08/2026,06:28:06,2026,AC,01473,TARAUACÁ,5,124,1449,ESCOLA ESTADUAL INSTITUTO SÃO JOSÉ,"RUA BENJAMIN CONSTANT, 1325",CENTRO,69970000,-8.1588164,-70.766684,ATIVO,ATIVO,Com acessibilidade,215,215,215,01473|5|124,01473|5|1449,URBANA OU NÃO IDENTIFICADA COMO RURAL,False,Ausência de marcador rural nos campos públicos,MÉDIA,True
03/08/2026,06:28:06,2026,AC,01473,TARAUACÁ,5,127,1449,ESCOLA ESTADUAL INSTITUTO SÃO JOSÉ,"RUA BENJAMIN CONSTANT, 1325",CENTRO,69970000,-8.1588164,-70.766684,ATIVO,ATIVO,Com acessibilidade,218,218,218,01473|5|127,01473|5|1449,URBANA OU NÃO IDENTIFICADA COMO RURAL,False,Ausência de marcador rural nos campos públicos,MÉDIA,True
03/08/2026,06:28:06,2026,AC,01473,TARAUACÁ,5,136,1449,ESCOLA ESTADUAL INSTITUTO SÃO JOSÉ,"RUA BENJAMIN CONSTANT, 1325",CENTRO,69970000,-8.1588164,-70.766684,ATIVO,ATIVO,Com acessibilidade,224,224,224,01473|5|136,01473|5|1449,URBANA OU NÃO IDENTIFICADA COMO RURAL,False,Ausência de marcador rural nos campos públicos,MÉDIA,True
03/08/2026,06:28:06,2026,AC,01473,TARAUACÁ,5,134,1465,ESCOLA  MUNICIPAL ALMIRANTE BARROSO,"RUA FRANCISCO SARAIVA, S/N",IPEPACONHA,69970000,-8.164477,-70.7841211,ATIVO,ATIVO,Com acessibilidade,327,327,327,01473|5|134,01473|5|1465,URBANA OU NÃO IDENTIFICADA COMO RURAL,False,Ausência de marcador rural nos campos públicos,MÉDIA,True
03/08/2026,06:28:06,2026,AC,01473,TARAUACÁ,5,146,1465,ESCOLA  MUNICIPAL ALMIRANTE BARROSO,"RUA FRANCISCO SARAIVA, S/N",IPEPACONHA,69970000,-8.164477,-70.7841211,ATIVO,ATIVO,Sem acessibilidade,175,175,175,01473|5|146,01473|5|1465,URBANA OU NÃO IDENTIFICADA COMO RURAL,False,Ausência de marcador rural nos campos públicos,MÉDIA,True
03/08/2026,06:28:06,2026,AC,01473,TARAUACÁ,5,29,1473,ESCOLA DE ENSINO INFANTIL MARIA AUCILENE CALIXTO ALVES,"RUA EPAMINONDAS JACOME, 1181",COHAB,69970000,-8.158389,-70.7753331,ATIVO,ATIVO,Com acessibilidade,147,258,258,01473|5|29,01473|5|1473,URBANA OU NÃO IDENTIFICADA COMO RURAL,False,Ausência de marcador rural nos campos públicos,MÉDIA,True
03/08/2026,06:28:06,2026,AC,01473,TARAUACÁ,5,48,1473,ESCOLA DE ENSINO INFANTIL MARIA AUCILENE CALIXTO ALVES,"RUA EPAMINONDAS JACOME, 1181",COHAB,69970000,-8.158389,-70.7753331,ATIVO,ATIVO,Com acessibilidade,217,217,217,01473|5|48,01473|5|1473,URBANA OU NÃO IDENTIFICADA COMO RURAL,False,Ausência de marcador rural nos campos públicos,MÉDIA,True
03/08/2026,06:28:06,2026,AC,01473,TARAUACÁ,5,93,1473,ESCOLA DE ENSINO INFANTIL MARIA AUCILENE CALIXTO ALVES,"RUA EPAMINONDAS JACOME, 1181",COHAB,69970000,-8.158389,-70.7753331,ATIVO,ATIVO,Com acessibilidade,226,226,226,01473|5|93,01473|5|1473,URBANA OU NÃO IDENTIFICADA COMO RURAL,False,Ausência de marcador rural nos campos públicos,MÉDIA,True
03/08/2026,06:28:06,2026,AC,01473,TARAUACÁ,5,97,1473,ESCOLA DE ENSINO INFANTIL MARIA AUCILENE CALIXTO ALVES,"RUA EPAMINONDAS JACOME, 1181",COHAB,69970000,-8.158389,-70.7753331,ATIVO,ATIVO,Com acessibilidade,128,243,243,01473|5|97,01473|5|1473,URBANA OU NÃO IDENTIFICADA COMO RURAL,False,Ausência de marcador rural nos campos públicos,MÉDIA,True
03/08/2026,06:28:06,2026,AC,01473,TARAUACÁ,5,132,1473,ESCOLA DE ENSINO INFANTIL MARIA AUCILENE CALIXTO ALVES,"RUA EPAMINONDAS JACOME, 1181",COHAB,69970000,-8.158389,-70.7753331,ATIVO,ATIVO,Com acessibilidade,111,0,0,01473|5|132,01473|5|1473,URBANA OU NÃO IDENTIFICADA COMO RURAL,False,Ausência de marcador rural nos campos públicos,MÉDIA,True
03/08/2026,06:28:06,2026,AC,01473,TARAUACÁ,5,140,1473,ESCOLA DE ENSINO INFANTIL MARIA AUCILENE CALIXTO ALVES,"RUA EPAMINONDAS JACOME, 1181",COHAB,69970000,-8.158389,-70.7753331,ATIVO,ATIVO,Com acessibilidade,115,0,0,01473|5|140,01473|5|1473,URBANA OU NÃO IDENTIFICADA COMO RURAL,False,Ausência de marcador rural nos campos públicos,MÉDIA,True
03/08/2026,06:28:06,2026,AC,01473,TARAUACÁ,5,133,1481,ESCOLA MUNICIPAL VALDINA TORQUATO DO NASCIMENTO,"TRAVESSA DO MATADOURO, S/N",TRIÂNGULO,69970000,-8.1507183,-70.7566817,ATIVO,ATIVO,Com acessibilidade,256,256,256,01473|5|133,01473|5|1481,URBANA OU NÃO IDENTIFICADA COMO RURAL,False,Ausência de marcador rural nos campos públicos,MÉDIA,True
03/08/2026,06:28:06,2026,AC,01473,TARAUACÁ,5,145,1481,ESCOLA MUNICIPAL VALDINA TORQUATO DO NASCIMENTO,"TRAVESSA DO MATADOURO, S/N",TRIÂNGULO,69970000,-8.1507183,-70.7566817,ATIVO,ATIVO,Sem acessibilidade,191,191,191,01473|5|145,01473|5|1481,URBANA OU NÃO IDENTIFICADA COMO RURAL,False,Ausência de marcador rural nos campos públicos,MÉDIA,True
03/08/2026,06:28:06,2026,AC,01473,TARAUACÁ,5,54,1538,ESCOLA FRANCISCO NAPOLEÃO DE ARAÚJO,BR 364 TK/CZS - VILA SAO VICENTE - COMUNIDADE GREGORIO,ZONA RURAL GREGORIO,69970000,-7.9513647,-71.4934789,ATIVO,ATIVO,Com acessibilidade,252,252,252,01473|5|54,01473|5|1538,RURAL IDENTIFICADA,True,Termo RURAL no bairro ou no nome do local no arquivo do TSE,ALTA,True
03/08/2026,06:28:06,2026,AC,01473,TARAUACÁ,5,61,1538,ESCOLA FRANCISCO NAPOLEÃO DE ARAÚJO,BR 364 TK/CZS - VILA SAO VICENTE - COMUNIDADE GREGORIO,ZONA RURAL GREGORIO,69970000,-7.9513647,-71.4934789,ATIVO,ATIVO,Com acessibilidade,250,250,250,01473|5|61,01473|5|1538,RURAL IDENTIFICADA,True,Termo RURAL no bairro ou no nome do local no arquivo do TSE,ALTA,True
03/08/2026,06:28:06,2026,AC,01473,TARAUACÁ,5,79,1538,ESCOLA FRANCISCO NAPOLEÃO DE ARAÚJO,BR 364 TK/CZS - VILA SAO VICENTE - COMUNIDADE GREGORIO,ZONA RURAL GREGORIO,69970000,-7.9513647,-71.4934789,ATIVO,ATIVO,Com acessibilidade,249,249,249,01473|5|79,01473|5|1538,RURAL IDENTIFICADA,True,Termo RURAL no bairro ou no nome do local no arquivo do TSE,ALTA,True
03/08/2026,06:28:06,2026,AC,01473,TARAUACÁ,5,115,1538,ESCOLA FRANCISCO NAPOLEÃO DE ARAÚJO,BR 364 TK/CZS - VILA SAO VICENTE - COMUNIDADE GREGORIO,ZONA RURAL GREGORIO,69970000,-7.9513647,-71.4934789,ATIVO,ATIVO,Com acessibilidade,247,247,247,01473|5|115,01473|5|1538,RURAL IDENTIFICADA,True,Termo RURAL no bairro ou no nome do local no arquivo do TSE,ALTA,True
03/08/2026,06:28:06,2026,AC,01473,TARAUACÁ,5,121,1538,ESCOLA FRANCISCO NAPOLEÃO DE ARAÚJO,BR 364 TK/CZS - VILA SAO VICENTE - COMUNIDADE GREGORIO,ZONA RURAL GREGORIO,69970000,-7.9513647,-71.4934789,ATIVO,ATIVO,Com acessibilidade,246,246,246,01473|5|121,01473|5|1538,RURAL IDENTIFICADA,True,Termo RURAL no bairro ou no nome do local no arquivo do TSE,ALTA,True
03/08/2026,06:28:06,2026,AC,01473,TARAUACÁ,5,129,1538,ESCOLA FRANCISCO NAPOLEÃO DE ARAÚJO,BR 364 TK/CZS - VILA SAO VICENTE - COMUNIDADE GREGORIO,ZONA RURAL GREGORIO,69970000,-7.9513647,-71.4934789,ATIVO,ATIVO,Com acessibilidade,248,248,248,01473|5|129,01473|5|1538,RURAL IDENTIFICADA,True,Termo RURAL no bairro ou no nome do local no arquivo do TSE,ALTA,True
03/08/2026,06:28:06,2026,AC,01473,TARAUACÁ,5,143,1538,ESCOLA FRANCISCO NAPOLEÃO DE ARAÚJO,BR 364 TK/CZS - VILA SAO VICENTE - COMUNIDADE GREGORIO,ZONA RURAL GREGORIO,69970000,-7.9513647,-71.4934789,ATIVO,ATIVO,Com acessibilidade,248,248,248,01473|5|143,01473|5|1538,RURAL IDENTIFICADA,True,Termo RURAL no bairro ou no nome do local no arquivo do TSE,ALTA,True
03/08/2026,06:28:06,2026,AC,01490,XAPURI,2,1,1015,GINASIO ANTHERO SOARES BEZERRA,RUA CORONEL BRANDÃO,CENTRO,69930000,-10.6539286,-68.5053529,ATIVO,ATIVO,Com acessibilidade,215,215,215,01490|2|1,01490|2|1015,URBANA OU NÃO IDENTIFICADA COMO RURAL,False,Ausência de marcador rural nos campos públicos,MÉDIA,True
03/08/2026,06:28:06,2026,AC,01490,XAPURI,2,2,1015,GINASIO ANTHERO SOARES BEZERRA,RUA CORONEL BRANDÃO,CENTRO,69930000,-10.6539286,-68.5053529,ATIVO,ATIVO,Com acessibilidade,217,217,217,01490|2|2,01490|2|1015,URBANA OU NÃO IDENTIFICADA COMO RURAL,False,Ausência de marcador rural nos campos públicos,MÉDIA,True
03/08/2026,06:28:06,2026,AC,01490,XAPURI,2,3,1015,GINASIO ANTHERO SOARES BEZERRA,RUA CORONEL BRANDÃO,CENTRO,69930000,-10.6539286,-68.5053529,ATIVO,ATIVO,Com acessibilidade,219,219,219,01490|2|3,01490|2|1015,URBANA OU NÃO IDENTIFICADA COMO RURAL,False,Ausência de marcador rural nos campos públicos,MÉDIA,True
03/08/2026,06:28:06,2026,AC,01490,XAPURI,2,4,1015,GINASIO ANTHERO SOARES BEZERRA,RUA CORONEL BRANDÃO,CENTRO,69930000,-10.6539286,-68.5053529,ATIVO,ATIVO,Com acessibilidade,216,216,216,01490|2|4,01490|2|1015,URBANA OU NÃO IDENTIFICADA COMO RURAL,False,Ausência de marcador rural nos campos públicos,MÉDIA,True
03/08/2026,06:28:06,2026,AC,01490,XAPURI,2,11,1015,GINASIO ANTHERO SOARES BEZERRA,RUA CORONEL BRANDÃO,CENTRO,69930000,-10.6539286,-68.5053529,ATIVO,ATIVO,Com acessibilidade,217,217,217,01490|2|11,01490|2|1015,URBANA OU NÃO IDENTIFICADA COMO RURAL,False,Ausência de marcador rural nos campos públicos,MÉDIA,True
03/08/2026,06:28:06,2026,AC,01490,XAPURI,2,17,1015,GINASIO ANTHERO SOARES BEZERRA,RUA CORONEL BRANDÃO,CENTRO,69930000,-10.6539286,-68.5053529,ATIVO,ATIVO,Com acessibilidade,219,219,219,01490|2|17,01490|2|1015,URBANA OU NÃO IDENTIFICADA COMO RURAL,False,Ausência de marcador rural nos campos públicos,MÉDIA,True
03/08/2026,06:28:06,2026,AC,01490,XAPURI,2,20,1015,GINASIO ANTHERO SOARES BEZERRA,RUA CORONEL BRANDÃO,CENTRO,69930000,-10.6539286,-68.5053529,ATIVO,ATIVO,Com acessibilidade,217,217,217,01490|2|20,01490|2|1015,URBANA OU NÃO IDENTIFICADA COMO RURAL,False,Ausência de marcador rural nos campos públicos,MÉDIA,True
03/08/2026,06:28:06,2026,AC,01490,XAPURI,2,6,1031,COLÉGIO DIVINA PROVIDÊNCIA,"RUA BENJAMIN CONSTANT, 154",CENTRO,69930000,-10.6531439,-68.5038331,ATIVO,ATIVO,Com acessibilidade,262,262,262,01490|2|6,01490|2|1031,URBANA OU NÃO IDENTIFICADA COMO RURAL,False,Ausência de marcador rural nos campos públicos,MÉDIA,True
03/08/2026,06:28:06,2026,AC,01490,XAPURI,2,7,1031,COLÉGIO DIVINA PROVIDÊNCIA,"RUA BENJAMIN CONSTANT, 154",CENTRO,69930000,-10.6531439,-68.5038331,ATIVO,ATIVO,Com acessibilidade,270,270,270,01490|2|7,01490|2|1031,URBANA OU NÃO IDENTIFICADA COMO RURAL,False,Ausência de marcador rural nos campos públicos,MÉDIA,True
03/08/2026,06:28:06,2026,AC,01490,XAPURI,2,8,1031,COLÉGIO DIVINA PROVIDÊNCIA,"RUA BENJAMIN CONSTANT, 154",CENTRO,69930000,-10.6531439,-68.5038331,ATIVO,ATIVO,Com acessibilidade,267,267,267,01490|2|8,01490|2|1031,URBANA OU NÃO IDENTIFICADA COMO RURAL,False,Ausência de marcador rural nos campos públicos,MÉDIA,True
03/08/2026,06:28:06,2026,AC,01490,XAPURI,2,9,1031,COLÉGIO DIVINA PROVIDÊNCIA,"RUA BENJAMIN CONSTANT, 154",CENTRO,69930000,-10.6531439,-68.5038331,ATIVO,ATIVO,Com acessibilidade,261,261,261,01490|2|9,01490|2|1031,URBANA OU NÃO IDENTIFICADA COMO RURAL,False,Ausência de marcador rural nos campos públicos,MÉDIA,True
03/08/2026,06:28:06,2026,AC,01490,XAPURI,2,18,1031,COLÉGIO DIVINA PROVIDÊNCIA,"RUA BENJAMIN CONSTANT, 154",CENTRO,69930000,-10.6531439,-68.5038331,ATIVO,ATIVO,Com acessibilidade,264,264,264,01490|2|18,01490|2|1031,URBANA OU NÃO IDENTIFICADA COMO RURAL,False,Ausência de marcador rural nos campos públicos,MÉDIA,True
03/08/2026,06:28:06,2026,AC,01490,XAPURI,2,42,1031,COLÉGIO DIVINA PROVIDÊNCIA,"RUA BENJAMIN CONSTANT, 154",CENTRO,69930000,-10.6531439,-68.5038331,ATIVO,ATIVO,Com acessibilidade,264,264,264,01490|2|42,01490|2|1031,URBANA OU NÃO IDENTIFICADA COMO RURAL,False,Ausência de marcador rural nos campos públicos,MÉDIA,True
03/08/2026,06:28:06,2026,AC,01490,XAPURI,2,62,1031,COLÉGIO DIVINA PROVIDÊNCIA,"RUA BENJAMIN CONSTANT, 154",CENTRO,69930000,-10.6531439,-68.5038331,ATIVO,ATIVO,Com acessibilidade,258,258,258,01490|2|62,01490|2|1031,URBANA OU NÃO IDENTIFICADA COMO RURAL,False,Ausência de marcador rural nos campos públicos,MÉDIA,True
03/08/2026,06:28:06,2026,AC,01490,XAPURI,2,13,1074,GRUPO ESCOLAR PLACIDO DE CASTRO,"RUA FLORIANO PEIXOTO, 273 - CENTRO ",CENTRO,69930000,-10.6519343,-68.5051252,ATIVO,ATIVO,Com acessibilidade,131,0,0,01490|2|13,01490|2|1074,URBANA OU NÃO IDENTIFICADA COMO RURAL,False,Ausência de marcador rural nos campos públicos,MÉDIA,True
03/08/2026,06:28:06,2026,AC,01490,XAPURI,2,14,1074,GRUPO ESCOLAR PLACIDO DE CASTRO,"RUA FLORIANO PEIXOTO, 273 - CENTRO ",CENTRO,69930000,-10.6519343,-68.5051252,ATIVO,ATIVO,Com acessibilidade,136,271,271,01490|2|14,01490|2|1074,URBANA OU NÃO IDENTIFICADA COMO RURAL,False,Ausência de marcador rural nos campos públicos,MÉDIA,True
03/08/2026,06:28:06,2026,AC,01490,XAPURI,2,15,1074,GRUPO ESCOLAR PLACIDO DE CASTRO,"RUA FLORIANO PEIXOTO, 273 - CENTRO ",CENTRO,69930000,-10.6519343,-68.5051252,ATIVO,ATIVO,Com acessibilidade,135,0,0,01490|2|15,01490|2|1074,URBANA OU NÃO IDENTIFICADA COMO RURAL,False,Ausência de marcador rural nos campos públicos,MÉDIA,True
03/08/2026,06:28:06,2026,AC,01490,XAPURI,2,30,1074,GRUPO ESCOLAR PLACIDO DE CASTRO,"RUA FLORIANO PEIXOTO, 273 - CENTRO ",CENTRO,69930000,-10.6519343,-68.5051252,ATIVO,ATIVO,Com acessibilidade,133,0,0,01490|2|30,01490|2|1074,URBANA OU NÃO IDENTIFICADA COMO RURAL,False,Ausência de marcador rural nos campos públicos,MÉDIA,True
03/08/2026,06:28:06,2026,AC,01490,XAPURI,2,43,1074,GRUPO ESCOLAR PLACIDO DE CASTRO,"RUA FLORIANO PEIXOTO, 273 - CENTRO ",CENTRO,69930000,-10.6519343,-68.5051252,ATIVO,ATIVO,Com acessibilidade,137,270,270,01490|2|43,01490|2|1074,URBANA OU NÃO IDENTIFICADA COMO RURAL,False,Ausência de marcador rural nos campos públicos,MÉDIA,True
03/08/2026,06:28:06,2026,AC,01490,XAPURI,2,63,1074,GRUPO ESCOLAR PLACIDO DE CASTRO,"RUA FLORIANO PEIXOTO, 273 - CENTRO ",CENTRO,69930000,-10.6519343,-68.5051252,ATIVO,ATIVO,Com acessibilidade,137,268,268,01490|2|63,01490|2|1074,URBANA OU NÃO IDENTIFICADA COMO RURAL,False,Ausência de marcador rural nos campos públicos,MÉDIA,True
03/08/2026,06:28:06,2026,AC,01490,XAPURI,2,25,1082,IFAC - CAMPUS XAPURI,RUA CORONEL BRANDAO 1622,CENTRO,69930000,-10.6606731,-68.4941421,ATIVO,ATIVO,Com acessibilidade,255,255,255,01490|2|25,01490|2|1082,URBANA OU NÃO IDENTIFICADA COMO RURAL,False,Ausência de marcador rural nos campos públicos,MÉDIA,True
03/08/2026,06:28:06,2026,AC,01490,XAPURI,2,26,1082,IFAC - CAMPUS XAPURI,RUA CORONEL BRANDAO 1622,CENTRO,69930000,-10.6606731,-68.4941421,ATIVO,ATIVO,Com acessibilidade,251,251,251,01490|2|26,01490|2|1082,URBANA OU NÃO IDENTIFICADA COMO RURAL,False,Ausência de marcador rural nos campos públicos,MÉDIA,True
03/08/2026,06:28:06,2026,AC,01490,XAPURI,2,27,1082,IFAC - CAMPUS XAPURI,RUA CORONEL BRANDAO 1622,CENTRO,69930000,-10.6606731,-68.4941421,ATIVO,ATIVO,Com acessibilidade,252,252,252,01490|2|27,01490|2|1082,URBANA OU NÃO IDENTIFICADA COMO RURAL,False,Ausência de marcador rural nos campos públicos,MÉDIA,True
03/08/2026,06:28:06,2026,AC,01490,XAPURI,2,29,1082,IFAC - CAMPUS XAPURI,RUA CORONEL BRANDAO 1622,CENTRO,69930000,-10.6606731,-68.4941421,ATIVO,ATIVO,Com acessibilidade,257,257,257,01490|2|29,01490|2|1082,URBANA OU NÃO IDENTIFICADA COMO RURAL,False,Ausência de marcador rural nos campos públicos,MÉDIA,True
03/08/2026,06:28:06,2026,AC,01490,XAPURI,2,31,1082,IFAC - CAMPUS XAPURI,RUA CORONEL BRANDAO 1622,CENTRO,69930000,-10.6606731,-68.4941421,ATIVO,ATIVO,Com acessibilidade,256,256,256,01490|2|31,01490|2|1082,URBANA OU NÃO IDENTIFICADA COMO RURAL,False,Ausência de marcador rural nos campos públicos,MÉDIA,True
03/08/2026,06:28:06,2026,AC,01490,XAPURI,2,41,1082,IFAC - CAMPUS XAPURI,RUA CORONEL BRANDAO 1622,CENTRO,69930000,-10.6606731,-68.4941421,ATIVO,ATIVO,Com acessibilidade,257,257,257,01490|2|41,01490|2|1082,URBANA OU NÃO IDENTIFICADA COMO RURAL,False,Ausência de marcador rural nos campos públicos,MÉDIA,True
03/08/2026,06:28:06,2026,AC,01490,XAPURI,2,53,1082,IFAC - CAMPUS XAPURI,RUA CORONEL BRANDAO 1622,CENTRO,69930000,-10.6606731,-68.4941421,ATIVO,ATIVO,Com acessibilidade,259,259,259,01490|2|53,01490|2|1082,URBANA OU NÃO IDENTIFICADA COMO RURAL,False,Ausência de marcador rural nos campos públicos,MÉDIA,True
03/08/2026,06:28:06,2026,AC,01490,XAPURI,2,54,1082,IFAC - CAMPUS XAPURI,RUA CORONEL BRANDAO 1622,CENTRO,69930000,-10.6606731,-68.4941421,ATIVO,ATIVO,Com acessibilidade,256,256,256,01490|2|54,01490|2|1082,URBANA OU NÃO IDENTIFICADA COMO RURAL,False,Ausência de marcador rural nos campos públicos,MÉDIA,True
03/08/2026,06:28:06,2026,AC,01490,XAPURI,2,61,1082,IFAC - CAMPUS XAPURI,RUA CORONEL BRANDAO 1622,CENTRO,69930000,-10.6606731,-68.4941421,ATIVO,ATIVO,Com acessibilidade,253,253,253,01490|2|61,01490|2|1082,URBANA OU NÃO IDENTIFICADA COMO RURAL,False,Ausência de marcador rural nos campos públicos,MÉDIA,True
03/08/2026,06:28:06,2026,AC,01490,XAPURI,2,16,1139,FÓRUM DE XAPURI,"RUA FLORIANO PEIXOTO, 62",CENTRO,69930000,-10.6534066,-68.5058243,ATIVO,ATIVO,Com acessibilidade,179,179,179,01490|2|16,01490|2|1139,URBANA OU NÃO IDENTIFICADA COMO RURAL,False,Ausência de marcador rural nos campos públicos,MÉDIA,True
03/08/2026,06:28:06,2026,AC,01490,XAPURI,2,19,1139,FÓRUM DE XAPURI,"RUA FLORIANO PEIXOTO, 62",CENTRO,69930000,-10.6534066,-68.5058243,ATIVO,ATIVO,Com acessibilidade,184,184,184,01490|2|19,01490|2|1139,URBANA OU NÃO IDENTIFICADA COMO RURAL,False,Ausência de marcador rural nos campos públicos,MÉDIA,True
03/08/2026,06:28:06,2026,AC,01490,XAPURI,2,23,1155,NÚCLEO DA UFAC,"RUA CORONEL BRANDÃO, 392",CENTRO,69930000,-10.6546231,-68.5029957,ATIVO,ATIVO,Com acessibilidade,120,324,324,01490|2|23,01490|2|1155,URBANA OU NÃO IDENTIFICADA COMO RURAL,False,Ausência de marcador rural nos campos públicos,MÉDIA,True
03/08/2026,06:28:06,2026,AC,01490,XAPURI,2,24,1155,NÚCLEO DA UFAC,"RUA CORONEL BRANDÃO, 392",CENTRO,69930000,-10.6546231,-68.5029957,ATIVO,ATIVO,Com acessibilidade,104,0,0,01490|2|24,01490|2|1155,URBANA OU NÃO IDENTIFICADA COMO RURAL,False,Ausência de marcador rural nos campos públicos,MÉDIA,True
03/08/2026,06:28:06,2026,AC,01490,XAPURI,2,47,1155,NÚCLEO DA UFAC,"RUA CORONEL BRANDÃO, 392",CENTRO,69930000,-10.6546231,-68.5029957,ATIVO,ATIVO,Com acessibilidade,100,0,0,01490|2|47,01490|2|1155,URBANA OU NÃO IDENTIFICADA COMO RURAL,False,Ausência de marcador rural nos campos públicos,MÉDIA,True
03/08/2026,06:28:06,2026,AC,01490,XAPURI,2,32,1171,ESCOLA ESTADUAL PADRE JÓSIMO - COMUNIDADE SÃO JOÃO DO GUARANI,RESERVA EXTRATIVISTA CHICO MENDES - SERINGAL FLORESTA,ZONA RURAL,69930000,-10.3954941,-68.6252362,ATIVO,ATIVO,Com acessibilidade,137,274,274,01490|2|32,01490|2|1171,RURAL IDENTIFICADA,True,Termo RURAL no bairro ou no nome do local no arquivo do TSE,ALTA,True
03/08/2026,06:28:06,2026,AC,01490,XAPURI,2,40,1171,ESCOLA ESTADUAL PADRE JÓSIMO - COMUNIDADE SÃO JOÃO DO GUARANI,RESERVA EXTRATIVISTA CHICO MENDES - SERINGAL FLORESTA,ZONA RURAL,69930000,-10.3954941,-68.6252362,ATIVO,ATIVO,Com acessibilidade,137,0,0,01490|2|40,01490|2|1171,RURAL IDENTIFICADA,True,Termo RURAL no bairro ou no nome do local no arquivo do TSE,ALTA,True
03/08/2026,06:28:06,2026,AC,01490,XAPURI,2,44,1180,ESCOLA 5 DE DEZEMBRO - COMUNIDADE NOVA VIDA,RESERVA EXTRATIVISTA CHICO MENDES - SERINGAL FLORESTA,ZONA RURAL,69930000,-10.4884967,-68.6834583,ATIVO,ATIVO,Com acessibilidade,100,0,0,01490|2|44,01490|2|1180,RURAL IDENTIFICADA,True,Termo RURAL no bairro ou no nome do local no arquivo do TSE,ALTA,True
03/08/2026,06:28:06,2026,AC,01490,XAPURI,2,34,1198,ESCOLA MUNICIPAL PROF. MARTA FERNANDES DE SOUZA,RESERVA EXTRATIVISTA SERINGAL DOIS IRMÃOS,ZONA RURAL,69930000,-10.5836383,-68.2640017,ATIVO,ATIVO,Com acessibilidade,168,168,168,01490|2|34,01490|2|1198,RURAL IDENTIFICADA,True,Termo RURAL no bairro ou no nome do local no arquivo do TSE,ALTA,True
03/08/2026,06:28:06,2026,AC,01490,XAPURI,2,35,1201,ESCOLA ESPERANÇA DO POVO - FAZENDINHA,SERINGAL CACHOEIRA - RESERVA EXTRATIVISTA,ZONA RURAL,69930000,-10.8394839,-68.3759025,ATIVO,ATIVO,Com acessibilidade,223,223,223,01490|2|35,01490|2|1201,RURAL IDENTIFICADA,True,Termo RURAL no bairro ou no nome do local no arquivo do TSE,ALTA,True
03/08/2026,06:28:06,2026,AC,01490,XAPURI,2,39,1201,ESCOLA ESPERANÇA DO POVO - FAZENDINHA,SERINGAL CACHOEIRA - RESERVA EXTRATIVISTA,ZONA RURAL,69930000,-10.8394839,-68.3759025,ATIVO,ATIVO,Com acessibilidade,224,224,224,01490|2|39,01490|2|1201,RURAL IDENTIFICADA,True,Termo RURAL no bairro ou no nome do local no arquivo do TSE,ALTA,True
03/08/2026,06:28:06,2026,AC,01490,XAPURI,2,36,1210,ESCOLA ESTADUAL BÁRBARA VIEIRA DE SANTANA - SGAL SÃO JOSÉ,SERINGAL SÃO JOSÉ - COLOCAÇÃO VAI QUEM QUER,ZONA RURAL,69930000,-10.8346926,-68.2464187,ATIVO,ATIVO,Com acessibilidade,152,152,152,01490|2|36,01490|2|1210,RURAL IDENTIFICADA,True,Termo RURAL no bairro ou no nome do local no arquivo do TSE,ALTA,True
03/08/2026,06:28:06,2026,AC,01490,XAPURI,2,33,1228,POSTO DE SAÚDE - ASSENTAMENTO TUPÁ,RESERVA EXTRATIVISTA CHICO MENDES - ASSENTAMENTO TUPÁ,ZONA RURAL,69930000,-10.5322083,-68.7273667,ATIVO,ATIVO,Com acessibilidade,101,201,201,01490|2|33,01490|2|1228,RURAL IDENTIFICADA,True,Termo RURAL no bairro ou no nome do local no arquivo do TSE,ALTA,True
03/08/2026,06:28:06,2026,AC,01490,XAPURI,2,37,1228,POSTO DE SAÚDE - ASSENTAMENTO TUPÁ,RESERVA EXTRATIVISTA CHICO MENDES - ASSENTAMENTO TUPÁ,ZONA RURAL,69930000,-10.5322083,-68.7273667,ATIVO,ATIVO,Com acessibilidade,100,0,0,01490|2|37,01490|2|1228,RURAL IDENTIFICADA,True,Termo RURAL no bairro ou no nome do local no arquivo do TSE,ALTA,True
03/08/2026,06:28:06,2026,AC,01490,XAPURI,2,38,1228,POSTO DE SAÚDE - ASSENTAMENTO TUPÁ,RESERVA EXTRATIVISTA CHICO MENDES - ASSENTAMENTO TUPÁ,ZONA RURAL,69930000,-10.5322083,-68.7273667,ATIVO,ATIVO,Com acessibilidade,109,209,209,01490|2|38,01490|2|1228,RURAL IDENTIFICADA,True,Termo RURAL no bairro ou no nome do local no arquivo do TSE,ALTA,True
03/08/2026,06:28:06,2026,AC,01490,XAPURI,2,46,1236,ESCOLA MUNICIPAL ALCIMAR NUNES LEITÃO,"RUA MARIA COSMA ROSA DE DEUS, 53",MUTIRAO,69930000,-10.6633285,-68.4895477,ATIVO,ATIVO,Com acessibilidade,264,264,264,01490|2|46,01490|2|1236,URBANA OU NÃO IDENTIFICADA COMO RURAL,False,Ausência de marcador rural nos campos públicos,MÉDIA,True
03/08/2026,06:28:06,2026,AC,01490,XAPURI,2,57,1236,ESCOLA MUNICIPAL ALCIMAR NUNES LEITÃO,"RUA MARIA COSMA ROSA DE DEUS, 53",MUTIRAO,69930000,-10.6633285,-68.4895477,ATIVO,ATIVO,Com acessibilidade,266,266,266,01490|2|57,01490|2|1236,URBANA OU NÃO IDENTIFICADA COMO RURAL,False,Ausência de marcador rural nos campos públicos,MÉDIA,True
03/08/2026,06:28:06,2026,AC,01490,XAPURI,2,51,1244,ESCOLA MUNICIPAL CAMINHO DO SABER,RUA MONTE LIBANO,CONSTANTINO MELO SARKIS,69930000,-10.6503014,-68.4944119,ATIVO,ATIVO,Com acessibilidade,242,242,242,01490|2|51,01490|2|1244,URBANA OU NÃO IDENTIFICADA COMO RURAL,False,Ausência de marcador rural nos campos públicos,MÉDIA,True
03/08/2026,06:28:06,2026,AC,01490,XAPURI,2,64,1244,ESCOLA MUNICIPAL CAMINHO DO SABER,RUA MONTE LIBANO,CONSTANTINO MELO SARKIS,69930000,-10.6503014,-68.4944119,ATIVO,ATIVO,Com acessibilidade,248,248,248,01490|2|64,01490|2|1244,URBANA OU NÃO IDENTIFICADA COMO RURAL,False,Ausência de marcador rural nos campos públicos,MÉDIA,True
03/08/2026,06:28:06,2026,AC,01490,XAPURI,2,5,1252,ESCOLA LATIFE ZAINE KALUME,"RUA FLORIANO PEIXOTO, 276 - CENTRO ",CENTRO,69930000,-10.6515342,-68.5055135,ATIVO,ATIVO,Com acessibilidade,116,0,0,01490|2|5,01490|2|1252,URBANA OU NÃO IDENTIFICADA COMO RURAL,False,Ausência de marcador rural nos campos públicos,MÉDIA,True
03/08/2026,06:28:06,2026,AC,01490,XAPURI,2,10,1252,ESCOLA LATIFE ZAINE KALUME,"RUA FLORIANO PEIXOTO, 276 - CENTRO ",CENTRO,69930000,-10.6515342,-68.5055135,ATIVO,ATIVO,Com acessibilidade,117,233,233,01490|2|10,01490|2|1252,URBANA OU NÃO IDENTIFICADA COMO RURAL,False,Ausência de marcador rural nos campos públicos,MÉDIA,True
03/08/2026,06:28:06,2026,AC,01490,XAPURI,2,21,1252,ESCOLA LATIFE ZAINE KALUME,"RUA FLORIANO PEIXOTO, 276 - CENTRO ",CENTRO,69930000,-10.6515342,-68.5055135,ATIVO,ATIVO,Com acessibilidade,116,230,230,01490|2|21,01490|2|1252,URBANA OU NÃO IDENTIFICADA COMO RURAL,False,Ausência de marcador rural nos campos públicos,MÉDIA,True
03/08/2026,06:28:06,2026,AC,01490,XAPURI,2,22,1252,ESCOLA LATIFE ZAINE KALUME,"RUA FLORIANO PEIXOTO, 276 - CENTRO ",CENTRO,69930000,-10.6515342,-68.5055135,ATIVO,ATIVO,Com acessibilidade,114,0,0,01490|2|22,01490|2|1252,URBANA OU NÃO IDENTIFICADA COMO RURAL,False,Ausência de marcador rural nos campos públicos,MÉDIA,True
03/08/2026,06:28:06,2026,AC,01490,XAPURI,2,49,1252,ESCOLA LATIFE ZAINE KALUME,"RUA FLORIANO PEIXOTO, 276 - CENTRO ",CENTRO,69930000,-10.6515342,-68.5055135,ATIVO,ATIVO,Com acessibilidade,117,0,0,01490|2|49,01490|2|1252,URBANA OU NÃO IDENTIFICADA COMO RURAL,False,Ausência de marcador rural nos campos públicos,MÉDIA,True
03/08/2026,06:28:06,2026,AC,01490,XAPURI,2,56,1252,ESCOLA LATIFE ZAINE KALUME,"RUA FLORIANO PEIXOTO, 276 - CENTRO ",CENTRO,69930000,-10.6515342,-68.5055135,ATIVO,ATIVO,Com acessibilidade,119,236,236,01490|2|56,01490|2|1252,URBANA OU NÃO IDENTIFICADA COMO RURAL,False,Ausência de marcador rural nos campos públicos,MÉDIA,True
03/08/2026,06:28:06,2026,AC,01490,XAPURI,2,50,1260,POLO DE APOIO PRESENCIAL DA UNIVERSIDADE ABERTA DO BRASIL - UAB,"RUA BENJAMIN CONSTANT, 139",CENTRO,69930000,-10.6529536,-68.5039699,ATIVO,ATIVO,Com acessibilidade,190,190,190,01490|2|50,01490|2|1260,URBANA OU NÃO IDENTIFICADA COMO RURAL,False,Ausência de marcador rural nos campos públicos,MÉDIA,True
03/08/2026,06:28:06,2026,AC,01490,XAPURI,2,52,1260,POLO DE APOIO PRESENCIAL DA UNIVERSIDADE ABERTA DO BRASIL - UAB,"RUA BENJAMIN CONSTANT, 139",CENTRO,69930000,-10.6529536,-68.5039699,ATIVO,ATIVO,Com acessibilidade,178,178,178,01490|2|52,01490|2|1260,URBANA OU NÃO IDENTIFICADA COMO RURAL,False,Ausência de marcador rural nos campos públicos,MÉDIA,True
03/08/2026,06:28:06,2026,AC,01490,XAPURI,2,45,1279,ESCOLA ESTADUAL MADRE GABRIELA NARDI,RUA PETROPOLIS 185,SIBERIA,69930000,-10.6483189,-68.5069788,ATIVO,ATIVO,Com acessibilidade,262,262,262,01490|2|45,01490|2|1279,URBANA OU NÃO IDENTIFICADA COMO RURAL,False,Ausência de marcador rural nos campos públicos,MÉDIA,True
03/08/2026,06:28:06,2026,AC,01490,XAPURI,2,55,1279,ESCOLA ESTADUAL MADRE GABRIELA NARDI,RUA PETROPOLIS 185,SIBERIA,69930000,-10.6483189,-68.5069788,ATIVO,ATIVO,Com acessibilidade,261,261,261,01490|2|55,01490|2|1279,URBANA OU NÃO IDENTIFICADA COMO RURAL,False,Ausência de marcador rural nos campos públicos,MÉDIA,True
03/08/2026,06:28:06,2026,AC,01490,XAPURI,2,58,1279,ESCOLA ESTADUAL MADRE GABRIELA NARDI,RUA PETROPOLIS 185,SIBERIA,69930000,-10.6483189,-68.5069788,ATIVO,ATIVO,Com acessibilidade,260,268,268,01490|2|58,01490|2|1279,URBANA OU NÃO IDENTIFICADA COMO RURAL,False,Ausência de marcador rural nos campos públicos,MÉDIA,True
03/08/2026,06:28:06,2026,AC,01490,XAPURI,2,60,1279,ESCOLA ESTADUAL MADRE GABRIELA NARDI,RUA PETROPOLIS 185,SIBERIA,69930000,-10.6483189,-68.5069788,ATIVO,ATIVO,Com acessibilidade,262,262,262,01490|2|60,01490|2|1279,URBANA OU NÃO IDENTIFICADA COMO RURAL,False,Ausência de marcador rural nos campos públicos,MÉDIA,True
03/08/2026,06:28:06,2026,AC,01490,XAPURI,2,108,1279,ESCOLA ESTADUAL MADRE GABRIELA NARDI,RUA PETROPOLIS 185,SIBERIA,69930000,-10.6483189,-68.5069788,ATIVO,ATIVO,Sem acessibilidade,267,267,267,01490|2|108,01490|2|1279,URBANA OU NÃO IDENTIFICADA COMO RURAL,False,Ausência de marcador rural nos campos públicos,MÉDIA,True
03/08/2026,06:28:06,2026,AC,01490,XAPURI,2,113,1279,ESCOLA ESTADUAL MADRE GABRIELA NARDI,RUA PETROPOLIS 185,SIBERIA,69930000,-10.6483189,-68.5069788,ATIVO,ATIVO,Sem acessibilidade,8,0,0,01490|2|113,01490|2|1279,URBANA OU NÃO IDENTIFICADA COMO RURAL,False,Ausência de marcador rural nos campos públicos,MÉDIA,True
03/08/2026,06:28:06,2026,AC,01490,XAPURI,2,12,1287,CENTRO EDUCACIONAL SESC XAPURI,RUA 24 DE JANEIRO / ESTRADA DA VARIANTE,VARIANTE,69930000,-10.6544953,-68.4926969,ATIVO,ATIVO,Com acessibilidade,162,321,321,01490|2|12,01490|2|1287,URBANA OU NÃO IDENTIFICADA COMO RURAL,False,Ausência de marcador rural nos campos públicos,MÉDIA,True
03/08/2026,06:28:06,2026,AC,01490,XAPURI,2,28,1287,CENTRO EDUCACIONAL SESC XAPURI,RUA 24 DE JANEIRO / ESTRADA DA VARIANTE,VARIANTE,69930000,-10.6544953,-68.4926969,ATIVO,ATIVO,Com acessibilidade,159,0,0,01490|2|28,01490|2|1287,URBANA OU NÃO IDENTIFICADA COMO RURAL,False,Ausência de marcador rural nos campos públicos,MÉDIA,True
03/08/2026,06:28:06,2026,AC,01490,XAPURI,2,48,1287,CENTRO EDUCACIONAL SESC XAPURI,RUA 24 DE JANEIRO / ESTRADA DA VARIANTE,VARIANTE,69930000,-10.6544953,-68.4926969,ATIVO,ATIVO,Com acessibilidade,159,0,0,01490|2|48,01490|2|1287,URBANA OU NÃO IDENTIFICADA COMO RURAL,False,Ausência de marcador rural nos campos públicos,MÉDIA,True
03/08/2026,06:28:06,2026,AC,01490,XAPURI,2,59,1287,CENTRO EDUCACIONAL SESC XAPURI,RUA 24 DE JANEIRO / ESTRADA DA VARIANTE,VARIANTE,69930000,-10.6544953,-68.4926969,ATIVO,ATIVO,Com acessibilidade,161,320,320,01490|2|59,01490|2|1287,URBANA OU NÃO IDENTIFICADA COMO RURAL,False,Ausência de marcador rural nos campos públicos,MÉDIA,True
03/08/2026,06:28:06,2026,AC,01490,XAPURI,2,110,1295,ESCOLA PROFESSORA RITA MAIA,RUA ROTARY,CERAMICA,69930000,-10.6638179,-68.496486,ATIVO,ATIVO,Sem acessibilidade,129,129,129,01490|2|110,01490|2|1295,URBANA OU NÃO IDENTIFICADA COMO RURAL,False,Ausência de marcador rural nos campos públicos,MÉDIA,True
